ISO-10303-21;
HEADER;
FILE_DESCRIPTION(('Open CASCADE Model'),'2;1');
FILE_NAME('case-right-frame-inserts','2026-10-02T13:44:01',('Author'),(
    'Open CASCADE'),'Open CASCADE STEP processor 8.0','build123d',
  'Unknown');
FILE_SCHEMA(('AUTOMOTIVE_DESIGN { 1 0 10303 214 1 1 1 1 }'));
ENDSEC;
DATA;
#1 = APPLICATION_PROTOCOL_DEFINITION('international standard',
  'automotive_design',2000,#2);
#2 = APPLICATION_CONTEXT(
  'core data for automotive mechanical design processes');
#3 = SHAPE_DEFINITION_REPRESENTATION(#4,#10);
#4 = PRODUCT_DEFINITION_SHAPE('','',#5);
#5 = PRODUCT_DEFINITION('design','',#6,#9);
#6 = PRODUCT_DEFINITION_FORMATION('','',#7);
#7 = PRODUCT('case-right-frame-inserts','case-right-frame-inserts','',(
    #8));
#8 = PRODUCT_CONTEXT('',#2,'mechanical');
#9 = PRODUCT_DEFINITION_CONTEXT('part definition',#2,'design');
#10 = ADVANCED_BREP_SHAPE_REPRESENTATION('',(#11,#15),#14840);
#11 = AXIS2_PLACEMENT_3D('',#12,#13,#14);
#12 = CARTESIAN_POINT('',(0.,0.,0.));
#13 = DIRECTION('',(0.,0.,1.));
#14 = DIRECTION('',(1.,0.,-0.));
#15 = MANIFOLD_SOLID_BREP('',#16);
#16 = CLOSED_SHELL('',(#17,#137,#223,#301,#4564,#6709,#6736,#6888,#6915,
    #6942,#6969,#7016,#7043,#7213,#7240,#7294,#7321,#7368,#7395,#7449,
    #7476,#7523,#7550,#7624,#7651,#7678,#7705,#7732,#7759,#7786,#7813,
    #7894,#7921,#7968,#7995,#8049,#8076,#8123,#8150,#8204,#8231,#8278,
    #8305,#8379,#8406,#8500,#8527,#8576,#8603,#8653,#8680,#8729,#8756,
    #8806,#8833,#8860,#8887,#8894,#8921,#8948,#8975,#9002,#9029,#9083,
    #9110,#9157,#9251,#9364,#9413,#9460,#9510,#9564,#9613,#9660,#9710,
    #9764,#9791,#9838,#9892,#9919,#9966,#10060,#10114,#10163,#10257,
    #10307,#10381,#10430,#10457,#10507,#10534,#10561,#10635,#10684,
    #10711,#10761,#10855,#10904,#10953,#11003,#11053,#11102,#11151,
    #11201,#11251,#11298,#11325,#11461,#11510,#11537,#11587,#11614,
    #11663,#11690,#11740,#11767,#11794,#11821,#11848,#11875,#11902,
    #11929,#12023,#12050,#12099,#12193,#12243,#12292,#12341,#12391,
    #12441,#12490,#12517,#12567,#12594,#12601,#12656,#12711,#12766,
    #12821,#12876,#12931,#12986,#13041,#13117,#13167,#13216,#13266,
    #13315,#13365,#13414,#13442,#13492,#13541,#13595,#13627,#13676,
    #13704,#13754,#13803,#13853,#13907,#13935,#13962,#13989,#13996,
    #14088,#14103,#14112,#14121,#14219,#14392,#14401,#14472,#14485,
    #14494,#14503,#14512,#14521,#14525,#14529,#14533,#14537,#14541,
    #14545,#14549,#14553,#14718,#14725,#14752,#14779,#14806,#14833));
#17 = ADVANCED_FACE('',(#18),#32,.F.);
#18 = FACE_BOUND('',#19,.F.);
#19 = EDGE_LOOP('',(#20,#55,#83,#111));
#20 = ORIENTED_EDGE('',*,*,#21,.T.);
#21 = EDGE_CURVE('',#22,#24,#26,.T.);
#22 = VERTEX_POINT('',#23);
#23 = CARTESIAN_POINT('',(218.41479122623,-22.12003896852,12.1));
#24 = VERTEX_POINT('',#25);
#25 = CARTESIAN_POINT('',(218.41479122623,-22.12003896852,18.6));
#26 = SURFACE_CURVE('',#27,(#31,#43),.PCURVE_S1.);
#27 = LINE('',#28,#29);
#28 = CARTESIAN_POINT('',(218.41479122623,-22.12003896852,12.1));
#29 = VECTOR('',#30,1.);
#30 = DIRECTION('',(0.,0.,1.));
#31 = PCURVE('',#32,#37);
#32 = PLANE('',#33);
#33 = AXIS2_PLACEMENT_3D('',#34,#35,#36);
#34 = CARTESIAN_POINT('',(218.41479122623,-22.12003896852,12.1));
#35 = DIRECTION('',(0.800964303668,-0.598712104646,0.));
#36 = DIRECTION('',(-0.598712104646,-0.800964303668,0.));
#37 = DEFINITIONAL_REPRESENTATION('',(#38),#42);
#38 = LINE('',#39,#40);
#39 = CARTESIAN_POINT('',(0.,0.));
#40 = VECTOR('',#41,1.);
#41 = DIRECTION('',(0.,-1.));
#42 = ( GEOMETRIC_REPRESENTATION_CONTEXT(2) 
PARAMETRIC_REPRESENTATION_CONTEXT() REPRESENTATION_CONTEXT('2D SPACE',''
  ) );
#43 = PCURVE('',#44,#49);
#44 = CYLINDRICAL_SURFACE('',#45,25.148389097436);
#45 = AXIS2_PLACEMENT_3D('',#46,#47,#48);
#46 = CARTESIAN_POINT('',(234.41522193199,-2.718294422578,12.1));
#47 = DIRECTION('',(0.,0.,-1.));
#48 = DIRECTION('',(-0.10803771928,-0.994146795606,-0.));
#49 = DEFINITIONAL_REPRESENTATION('',(#50),#54);
#50 = LINE('',#51,#52);
#51 = CARTESIAN_POINT('',(0.581366742434,0.));
#52 = VECTOR('',#53,1.);
#53 = DIRECTION('',(0.,-1.));
#54 = ( GEOMETRIC_REPRESENTATION_CONTEXT(2) 
PARAMETRIC_REPRESENTATION_CONTEXT() REPRESENTATION_CONTEXT('2D SPACE',''
  ) );
#55 = ORIENTED_EDGE('',*,*,#56,.T.);
#56 = EDGE_CURVE('',#24,#57,#59,.T.);
#57 = VERTEX_POINT('',#58);
#58 = CARTESIAN_POINT('',(218.41392569371,-22.12119688839,18.6));
#59 = SURFACE_CURVE('',#60,(#64,#71),.PCURVE_S1.);
#60 = LINE('',#61,#62);
#61 = CARTESIAN_POINT('',(218.41479122623,-22.12003896852,18.6));
#62 = VECTOR('',#63,1.);
#63 = DIRECTION('',(-0.598712104646,-0.800964303668,0.));
#64 = PCURVE('',#32,#65);
#65 = DEFINITIONAL_REPRESENTATION('',(#66),#70);
#66 = LINE('',#67,#68);
#67 = CARTESIAN_POINT('',(0.,-6.5));
#68 = VECTOR('',#69,1.);
#69 = DIRECTION('',(1.,0.));
#70 = ( GEOMETRIC_REPRESENTATION_CONTEXT(2) 
PARAMETRIC_REPRESENTATION_CONTEXT() REPRESENTATION_CONTEXT('2D SPACE',''
  ) );
#71 = PCURVE('',#72,#77);
#72 = PLANE('',#73);
#73 = AXIS2_PLACEMENT_3D('',#74,#75,#76);
#74 = CARTESIAN_POINT('',(196.73689882953,-72.74017147804,18.6));
#75 = DIRECTION('',(0.,0.,1.));
#76 = DIRECTION('',(1.,0.,-0.));
#77 = DEFINITIONAL_REPRESENTATION('',(#78),#82);
#78 = LINE('',#79,#80);
#79 = CARTESIAN_POINT('',(21.677892396692,50.620132509525));
#80 = VECTOR('',#81,1.);
#81 = DIRECTION('',(-0.598712104646,-0.800964303668));
#82 = ( GEOMETRIC_REPRESENTATION_CONTEXT(2) 
PARAMETRIC_REPRESENTATION_CONTEXT() REPRESENTATION_CONTEXT('2D SPACE',''
  ) );
#83 = ORIENTED_EDGE('',*,*,#84,.F.);
#84 = EDGE_CURVE('',#85,#57,#87,.T.);
#85 = VERTEX_POINT('',#86);
#86 = CARTESIAN_POINT('',(218.41392569371,-22.12119688839,12.1));
#87 = SURFACE_CURVE('',#88,(#92,#99),.PCURVE_S1.);
#88 = LINE('',#89,#90);
#89 = CARTESIAN_POINT('',(218.41392569371,-22.12119688839,12.1));
#90 = VECTOR('',#91,1.);
#91 = DIRECTION('',(0.,0.,1.));
#92 = PCURVE('',#32,#93);
#93 = DEFINITIONAL_REPRESENTATION('',(#94),#98);
#94 = LINE('',#95,#96);
#95 = CARTESIAN_POINT('',(1.445657281899E-03,0.));
#96 = VECTOR('',#97,1.);
#97 = DIRECTION('',(0.,-1.));
#98 = ( GEOMETRIC_REPRESENTATION_CONTEXT(2) 
PARAMETRIC_REPRESENTATION_CONTEXT() REPRESENTATION_CONTEXT('2D SPACE',''
  ) );
#99 = PCURVE('',#100,#105);
#100 = CYLINDRICAL_SURFACE('',#101,5.948810866878);
#101 = AXIS2_PLACEMENT_3D('',#102,#103,#104);
#102 = CARTESIAN_POINT('',(214.73855848621,-26.79880595926,12.1));
#103 = DIRECTION('',(-0.,-0.,-1.));
#104 = DIRECTION('',(0.617832250807,0.786309932446,-0.));
#105 = DEFINITIONAL_REPRESENTATION('',(#106),#110);
#106 = LINE('',#107,#108);
#107 = CARTESIAN_POINT('',(-0.,0.));
#108 = VECTOR('',#109,1.);
#109 = DIRECTION('',(-0.,-1.));
#110 = ( GEOMETRIC_REPRESENTATION_CONTEXT(2) 
PARAMETRIC_REPRESENTATION_CONTEXT() REPRESENTATION_CONTEXT('2D SPACE',''
  ) );
#111 = ORIENTED_EDGE('',*,*,#112,.F.);
#112 = EDGE_CURVE('',#22,#85,#113,.T.);
#113 = SURFACE_CURVE('',#114,(#118,#125),.PCURVE_S1.);
#114 = LINE('',#115,#116);
#115 = CARTESIAN_POINT('',(218.41479122623,-22.12003896852,12.1));
#116 = VECTOR('',#117,1.);
#117 = DIRECTION('',(-0.598712104646,-0.800964303668,0.));
#118 = PCURVE('',#32,#119);
#119 = DEFINITIONAL_REPRESENTATION('',(#120),#124);
#120 = LINE('',#121,#122);
#121 = CARTESIAN_POINT('',(0.,0.));
#122 = VECTOR('',#123,1.);
#123 = DIRECTION('',(1.,0.));
#124 = ( GEOMETRIC_REPRESENTATION_CONTEXT(2) 
PARAMETRIC_REPRESENTATION_CONTEXT() REPRESENTATION_CONTEXT('2D SPACE',''
  ) );
#125 = PCURVE('',#126,#131);
#126 = PLANE('',#127);
#127 = AXIS2_PLACEMENT_3D('',#128,#129,#130);
#128 = CARTESIAN_POINT('',(196.73689882953,-72.74017147804,12.1));
#129 = DIRECTION('',(0.,0.,1.));
#130 = DIRECTION('',(1.,0.,-0.));
#131 = DEFINITIONAL_REPRESENTATION('',(#132),#136);
#132 = LINE('',#133,#134);
#133 = CARTESIAN_POINT('',(21.677892396692,50.620132509525));
#134 = VECTOR('',#135,1.);
#135 = DIRECTION('',(-0.598712104646,-0.800964303668));
#136 = ( GEOMETRIC_REPRESENTATION_CONTEXT(2) 
PARAMETRIC_REPRESENTATION_CONTEXT() REPRESENTATION_CONTEXT('2D SPACE',''
  ) );
#137 = ADVANCED_FACE('',(#138),#44,.F.);
#138 = FACE_BOUND('',#139,.F.);
#139 = EDGE_LOOP('',(#140,#170,#196,#197));
#140 = ORIENTED_EDGE('',*,*,#141,.T.);
#141 = EDGE_CURVE('',#142,#144,#146,.T.);
#142 = VERTEX_POINT('',#143);
#143 = CARTESIAN_POINT('',(231.69824733035,-27.71948485843,12.1));
#144 = VERTEX_POINT('',#145);
#145 = CARTESIAN_POINT('',(231.69824733035,-27.71948485843,18.6));
#146 = SURFACE_CURVE('',#147,(#151,#158),.PCURVE_S1.);
#147 = LINE('',#148,#149);
#148 = CARTESIAN_POINT('',(231.69824733035,-27.71948485843,12.1));
#149 = VECTOR('',#150,1.);
#150 = DIRECTION('',(0.,0.,1.));
#151 = PCURVE('',#44,#152);
#152 = DEFINITIONAL_REPRESENTATION('',(#153),#157);
#153 = LINE('',#154,#155);
#154 = CARTESIAN_POINT('',(0.,0.));
#155 = VECTOR('',#156,1.);
#156 = DIRECTION('',(0.,-1.));
#157 = ( GEOMETRIC_REPRESENTATION_CONTEXT(2) 
PARAMETRIC_REPRESENTATION_CONTEXT() REPRESENTATION_CONTEXT('2D SPACE',''
  ) );
#158 = PCURVE('',#159,#164);
#159 = CYLINDRICAL_SURFACE('',#160,9.15823775267);
#160 = AXIS2_PLACEMENT_3D('',#161,#162,#163);
#161 = CARTESIAN_POINT('',(230.88317508921,-36.8413802742,12.1));
#162 = DIRECTION('',(-0.,-0.,-1.));
#163 = DIRECTION('',(0.35704988206,0.934085318224,-0.));
#164 = DEFINITIONAL_REPRESENTATION('',(#165),#169);
#165 = LINE('',#166,#167);
#166 = CARTESIAN_POINT('',(-0.275990964802,0.));
#167 = VECTOR('',#168,1.);
#168 = DIRECTION('',(-0.,-1.));
#169 = ( GEOMETRIC_REPRESENTATION_CONTEXT(2) 
PARAMETRIC_REPRESENTATION_CONTEXT() REPRESENTATION_CONTEXT('2D SPACE',''
  ) );
#170 = ORIENTED_EDGE('',*,*,#171,.T.);
#171 = EDGE_CURVE('',#144,#24,#172,.T.);
#172 = SURFACE_CURVE('',#173,(#178,#185),.PCURVE_S1.);
#173 = CIRCLE('',#174,25.148389097436);
#174 = AXIS2_PLACEMENT_3D('',#175,#176,#177);
#175 = CARTESIAN_POINT('',(234.41522193199,-2.718294422578,18.6));
#176 = DIRECTION('',(0.,0.,-1.));
#177 = DIRECTION('',(-0.10803771928,-0.994146795606,-0.));
#178 = PCURVE('',#44,#179);
#179 = DEFINITIONAL_REPRESENTATION('',(#180),#184);
#180 = LINE('',#181,#182);
#181 = CARTESIAN_POINT('',(0.,-6.5));
#182 = VECTOR('',#183,1.);
#183 = DIRECTION('',(1.,0.));
#184 = ( GEOMETRIC_REPRESENTATION_CONTEXT(2) 
PARAMETRIC_REPRESENTATION_CONTEXT() REPRESENTATION_CONTEXT('2D SPACE',''
  ) );
#185 = PCURVE('',#72,#186);
#186 = DEFINITIONAL_REPRESENTATION('',(#187),#195);
#187 = ( BOUNDED_CURVE() B_SPLINE_CURVE(2,(#188,#189,#190,#191,#192,#193
,#194),.UNSPECIFIED.,.T.,.F.) B_SPLINE_CURVE_WITH_KNOTS((1,2,2,2,2,1),(
    -2.094395102393,0.,2.094395102393,4.188790204786,6.28318530718,
8.377580409573),.UNSPECIFIED.) CURVE() GEOMETRIC_REPRESENTATION_ITEM() 
RATIONAL_B_SPLINE_CURVE((1.,0.5,1.,0.5,1.,0.5,1.)) REPRESENTATION_ITEM(
  '') );
#188 = CARTESIAN_POINT('',(34.961348500818,45.020686619607));
#189 = CARTESIAN_POINT('',(-8.341983583794,49.726624672524));
#190 = CARTESIAN_POINT('',(17.385144360974,84.875441299854));
#191 = CARTESIAN_POINT('',(43.112272305742,120.02425792718));
#192 = CARTESIAN_POINT('',(60.688476445586,80.169503246937));
#193 = CARTESIAN_POINT('',(78.264680585431,40.314748566691));
#194 = CARTESIAN_POINT('',(34.961348500818,45.020686619607));
#195 = ( GEOMETRIC_REPRESENTATION_CONTEXT(2) 
PARAMETRIC_REPRESENTATION_CONTEXT() REPRESENTATION_CONTEXT('2D SPACE',''
  ) );
#196 = ORIENTED_EDGE('',*,*,#21,.F.);
#197 = ORIENTED_EDGE('',*,*,#198,.F.);
#198 = EDGE_CURVE('',#142,#22,#199,.T.);
#199 = SURFACE_CURVE('',#200,(#205,#212),.PCURVE_S1.);
#200 = CIRCLE('',#201,25.148389097436);
#201 = AXIS2_PLACEMENT_3D('',#202,#203,#204);
#202 = CARTESIAN_POINT('',(234.41522193199,-2.718294422578,12.1));
#203 = DIRECTION('',(0.,0.,-1.));
#204 = DIRECTION('',(-0.10803771928,-0.994146795606,-0.));
#205 = PCURVE('',#44,#206);
#206 = DEFINITIONAL_REPRESENTATION('',(#207),#211);
#207 = LINE('',#208,#209);
#208 = CARTESIAN_POINT('',(0.,0.));
#209 = VECTOR('',#210,1.);
#210 = DIRECTION('',(1.,0.));
#211 = ( GEOMETRIC_REPRESENTATION_CONTEXT(2) 
PARAMETRIC_REPRESENTATION_CONTEXT() REPRESENTATION_CONTEXT('2D SPACE',''
  ) );
#212 = PCURVE('',#126,#213);
#213 = DEFINITIONAL_REPRESENTATION('',(#214),#222);
#214 = ( BOUNDED_CURVE() B_SPLINE_CURVE(2,(#215,#216,#217,#218,#219,#220
,#221),.UNSPECIFIED.,.T.,.F.) B_SPLINE_CURVE_WITH_KNOTS((1,2,2,2,2,1),(
    -2.094395102393,0.,2.094395102393,4.188790204786,6.28318530718,
8.377580409573),.UNSPECIFIED.) CURVE() GEOMETRIC_REPRESENTATION_ITEM() 
RATIONAL_B_SPLINE_CURVE((1.,0.5,1.,0.5,1.,0.5,1.)) REPRESENTATION_ITEM(
  '') );
#215 = CARTESIAN_POINT('',(34.961348500818,45.020686619607));
#216 = CARTESIAN_POINT('',(-8.341983583794,49.726624672524));
#217 = CARTESIAN_POINT('',(17.385144360974,84.875441299854));
#218 = CARTESIAN_POINT('',(43.112272305742,120.02425792718));
#219 = CARTESIAN_POINT('',(60.688476445586,80.169503246937));
#220 = CARTESIAN_POINT('',(78.264680585431,40.314748566691));
#221 = CARTESIAN_POINT('',(34.961348500818,45.020686619607));
#222 = ( GEOMETRIC_REPRESENTATION_CONTEXT(2) 
PARAMETRIC_REPRESENTATION_CONTEXT() REPRESENTATION_CONTEXT('2D SPACE',''
  ) );
#223 = ADVANCED_FACE('',(#224),#100,.T.);
#224 = FACE_BOUND('',#225,.F.);
#225 = EDGE_LOOP('',(#226,#227,#251,#279));
#226 = ORIENTED_EDGE('',*,*,#84,.T.);
#227 = ORIENTED_EDGE('',*,*,#228,.T.);
#228 = EDGE_CURVE('',#57,#229,#231,.T.);
#229 = VERTEX_POINT('',#230);
#230 = CARTESIAN_POINT('',(214.73091722502,-20.85,18.6));
#231 = SURFACE_CURVE('',#232,(#237,#244),.PCURVE_S1.);
#232 = CIRCLE('',#233,5.948810866878);
#233 = AXIS2_PLACEMENT_3D('',#234,#235,#236);
#234 = CARTESIAN_POINT('',(214.73855848621,-26.79880595926,18.6));
#235 = DIRECTION('',(0.,0.,1.));
#236 = DIRECTION('',(0.617832250807,0.786309932446,-0.));
#237 = PCURVE('',#100,#238);
#238 = DEFINITIONAL_REPRESENTATION('',(#239),#243);
#239 = LINE('',#240,#241);
#240 = CARTESIAN_POINT('',(-0.,-6.5));
#241 = VECTOR('',#242,1.);
#242 = DIRECTION('',(-1.,0.));
#243 = ( GEOMETRIC_REPRESENTATION_CONTEXT(2) 
PARAMETRIC_REPRESENTATION_CONTEXT() REPRESENTATION_CONTEXT('2D SPACE',''
  ) );
#244 = PCURVE('',#72,#245);
#245 = DEFINITIONAL_REPRESENTATION('',(#246),#250);
#246 = CIRCLE('',#247,5.948810866878);
#247 = AXIS2_PLACEMENT_2D('',#248,#249);
#248 = CARTESIAN_POINT('',(18.001659656673,45.941365518777));
#249 = DIRECTION('',(0.617832250807,0.786309932446));
#250 = ( GEOMETRIC_REPRESENTATION_CONTEXT(2) 
PARAMETRIC_REPRESENTATION_CONTEXT() REPRESENTATION_CONTEXT('2D SPACE',''
  ) );
#251 = ORIENTED_EDGE('',*,*,#252,.F.);
#252 = EDGE_CURVE('',#253,#229,#255,.T.);
#253 = VERTEX_POINT('',#254);
#254 = CARTESIAN_POINT('',(214.73091722502,-20.85,12.1));
#255 = SURFACE_CURVE('',#256,(#260,#267),.PCURVE_S1.);
#256 = LINE('',#257,#258);
#257 = CARTESIAN_POINT('',(214.73091722502,-20.85,12.1));
#258 = VECTOR('',#259,1.);
#259 = DIRECTION('',(0.,0.,1.));
#260 = PCURVE('',#100,#261);
#261 = DEFINITIONAL_REPRESENTATION('',(#262),#266);
#262 = LINE('',#263,#264);
#263 = CARTESIAN_POINT('',(-0.667267346385,0.));
#264 = VECTOR('',#265,1.);
#265 = DIRECTION('',(-0.,-1.));
#266 = ( GEOMETRIC_REPRESENTATION_CONTEXT(2) 
PARAMETRIC_REPRESENTATION_CONTEXT() REPRESENTATION_CONTEXT('2D SPACE',''
  ) );
#267 = PCURVE('',#268,#273);
#268 = PLANE('',#269);
#269 = AXIS2_PLACEMENT_3D('',#270,#271,#272);
#270 = CARTESIAN_POINT('',(214.73091722502,-20.85,12.1));
#271 = DIRECTION('',(0.,-1.,0.));
#272 = DIRECTION('',(-1.,0.,0.));
#273 = DEFINITIONAL_REPRESENTATION('',(#274),#278);
#274 = LINE('',#275,#276);
#275 = CARTESIAN_POINT('',(0.,-0.));
#276 = VECTOR('',#277,1.);
#277 = DIRECTION('',(0.,-1.));
#278 = ( GEOMETRIC_REPRESENTATION_CONTEXT(2) 
PARAMETRIC_REPRESENTATION_CONTEXT() REPRESENTATION_CONTEXT('2D SPACE',''
  ) );
#279 = ORIENTED_EDGE('',*,*,#280,.F.);
#280 = EDGE_CURVE('',#85,#253,#281,.T.);
#281 = SURFACE_CURVE('',#282,(#287,#294),.PCURVE_S1.);
#282 = CIRCLE('',#283,5.948810866878);
#283 = AXIS2_PLACEMENT_3D('',#284,#285,#286);
#284 = CARTESIAN_POINT('',(214.73855848621,-26.79880595926,12.1));
#285 = DIRECTION('',(0.,0.,1.));
#286 = DIRECTION('',(0.617832250807,0.786309932446,-0.));
#287 = PCURVE('',#100,#288);
#288 = DEFINITIONAL_REPRESENTATION('',(#289),#293);
#289 = LINE('',#290,#291);
#290 = CARTESIAN_POINT('',(-0.,0.));
#291 = VECTOR('',#292,1.);
#292 = DIRECTION('',(-1.,0.));
#293 = ( GEOMETRIC_REPRESENTATION_CONTEXT(2) 
PARAMETRIC_REPRESENTATION_CONTEXT() REPRESENTATION_CONTEXT('2D SPACE',''
  ) );
#294 = PCURVE('',#126,#295);
#295 = DEFINITIONAL_REPRESENTATION('',(#296),#300);
#296 = CIRCLE('',#297,5.948810866878);
#297 = AXIS2_PLACEMENT_2D('',#298,#299);
#298 = CARTESIAN_POINT('',(18.001659656673,45.941365518777));
#299 = DIRECTION('',(0.617832250807,0.786309932446));
#300 = ( GEOMETRIC_REPRESENTATION_CONTEXT(2) 
PARAMETRIC_REPRESENTATION_CONTEXT() REPRESENTATION_CONTEXT('2D SPACE',''
  ) );
#301 = ADVANCED_FACE('',(#302,#4316,#4347,#4378,#4409,#4440,#4471,#4502,
    #4533),#126,.F.);
#302 = FACE_BOUND('',#303,.F.);
#303 = EDGE_LOOP('',(#304,#305,#306,#307,#330,#356,#384,#417,#445,#478,
    #506,#535,#563,#592,#625,#654,#682,#715,#743,#776,#804,#833,#861,
    #887,#920,#946,#979,#1005,#1028,#1061,#1090,#1118,#1151,#1180,#1208,
    #1234,#1267,#1293,#1326,#1352,#1375,#1408,#1436,#1462,#1495,#1521,
    #1554,#1580,#1603,#1636,#1664,#1690,#1723,#1749,#1782,#1808,#1831,
    #1864,#1893,#1921,#1954,#1983,#2011,#2044,#2072,#2098,#2131,#2157,
    #2190,#2216,#2239,#2268,#2296,#2322,#2355,#2381,#2414,#2440,#2463,
    #2492,#2520,#2553,#2581,#2607,#2640,#2666,#2699,#2725,#2748,#2774,
    #2807,#2833,#2866,#2892,#2925,#2951,#2979,#3008,#3036,#3065,#3093,
    #3126,#3154,#3183,#3211,#3244,#3272,#3305,#3333,#3362,#3390,#3423,
    #3446,#3472,#3495,#3524,#3557,#3585,#3614,#3642,#3671,#3699,#3732,
    #3760,#3789,#3817,#3850,#3878,#3911,#3939,#3968,#3996,#4029,#4057,
    #4086,#4114,#4143,#4171,#4204,#4233,#4261,#4294));
#304 = ORIENTED_EDGE('',*,*,#198,.T.);
#305 = ORIENTED_EDGE('',*,*,#112,.T.);
#306 = ORIENTED_EDGE('',*,*,#280,.T.);
#307 = ORIENTED_EDGE('',*,*,#308,.T.);
#308 = EDGE_CURVE('',#253,#309,#311,.T.);
#309 = VERTEX_POINT('',#310);
#310 = CARTESIAN_POINT('',(182.5125,-20.85,12.1));
#311 = SURFACE_CURVE('',#312,(#316,#323),.PCURVE_S1.);
#312 = LINE('',#313,#314);
#313 = CARTESIAN_POINT('',(214.73091722502,-20.85,12.1));
#314 = VECTOR('',#315,1.);
#315 = DIRECTION('',(-1.,0.,0.));
#316 = PCURVE('',#126,#317);
#317 = DEFINITIONAL_REPRESENTATION('',(#318),#322);
#318 = LINE('',#319,#320);
#319 = CARTESIAN_POINT('',(17.994018395484,51.890171478044));
#320 = VECTOR('',#321,1.);
#321 = DIRECTION('',(-1.,0.));
#322 = ( GEOMETRIC_REPRESENTATION_CONTEXT(2) 
PARAMETRIC_REPRESENTATION_CONTEXT() REPRESENTATION_CONTEXT('2D SPACE',''
  ) );
#323 = PCURVE('',#268,#324);
#324 = DEFINITIONAL_REPRESENTATION('',(#325),#329);
#325 = LINE('',#326,#327);
#326 = CARTESIAN_POINT('',(0.,-0.));
#327 = VECTOR('',#328,1.);
#328 = DIRECTION('',(1.,0.));
#329 = ( GEOMETRIC_REPRESENTATION_CONTEXT(2) 
PARAMETRIC_REPRESENTATION_CONTEXT() REPRESENTATION_CONTEXT('2D SPACE',''
  ) );
#330 = ORIENTED_EDGE('',*,*,#331,.F.);
#331 = EDGE_CURVE('',#332,#309,#334,.T.);
#332 = VERTEX_POINT('',#333);
#333 = CARTESIAN_POINT('',(182.5125,-22.45573296035,12.1));
#334 = SURFACE_CURVE('',#335,(#339,#345),.PCURVE_S1.);
#335 = LINE('',#336,#337);
#336 = CARTESIAN_POINT('',(182.5125,-47.07008573902,12.1));
#337 = VECTOR('',#338,1.);
#338 = DIRECTION('',(-0.,1.,0.));
#339 = PCURVE('',#126,#340);
#340 = DEFINITIONAL_REPRESENTATION('',(#341),#344);
#341 = B_SPLINE_CURVE_WITH_KNOTS('',1,(#342,#343),.UNSPECIFIED.,.F.,.F.,
  (2,2),(24.120085739022,26.220090646633),.PIECEWISE_BEZIER_KNOTS.);
#342 = CARTESIAN_POINT('',(-14.22439882953,49.790171478044));
#343 = CARTESIAN_POINT('',(-14.22439882953,51.890176385655));
#344 = ( GEOMETRIC_REPRESENTATION_CONTEXT(2) 
PARAMETRIC_REPRESENTATION_CONTEXT() REPRESENTATION_CONTEXT('2D SPACE',''
  ) );
#345 = PCURVE('',#346,#351);
#346 = PLANE('',#347);
#347 = AXIS2_PLACEMENT_3D('',#348,#349,#350);
#348 = CARTESIAN_POINT('',(182.5125,-21.4,5.3));
#349 = DIRECTION('',(1.,0.,-0.));
#350 = DIRECTION('',(0.,0.,1.));
#351 = DEFINITIONAL_REPRESENTATION('',(#352),#355);
#352 = B_SPLINE_CURVE_WITH_KNOTS('',1,(#353,#354),.UNSPECIFIED.,.F.,.F.,
  (2,2),(24.120085739022,26.220090646633),.PIECEWISE_BEZIER_KNOTS.);
#353 = CARTESIAN_POINT('',(6.8,1.55));
#354 = CARTESIAN_POINT('',(6.8,-0.550004907611));
#355 = ( GEOMETRIC_REPRESENTATION_CONTEXT(2) 
PARAMETRIC_REPRESENTATION_CONTEXT() REPRESENTATION_CONTEXT('2D SPACE',''
  ) );
#356 = ORIENTED_EDGE('',*,*,#357,.T.);
#357 = EDGE_CURVE('',#332,#358,#360,.T.);
#358 = VERTEX_POINT('',#359);
#359 = CARTESIAN_POINT('',(189.65952571049,-22.45722290999,12.1));
#360 = SURFACE_CURVE('',#361,(#365,#372),.PCURVE_S1.);
#361 = LINE('',#362,#363);
#362 = CARTESIAN_POINT('',(155.0125,-22.45,12.1));
#363 = VECTOR('',#364,1.);
#364 = DIRECTION('',(0.99999997827,-2.084712810589E-04,0.));
#365 = PCURVE('',#126,#366);
#366 = DEFINITIONAL_REPRESENTATION('',(#367),#371);
#367 = LINE('',#368,#369);
#368 = CARTESIAN_POINT('',(-41.72439882953,50.290171478044));
#369 = VECTOR('',#370,1.);
#370 = DIRECTION('',(0.99999997827,-2.084712810589E-04));
#371 = ( GEOMETRIC_REPRESENTATION_CONTEXT(2) 
PARAMETRIC_REPRESENTATION_CONTEXT() REPRESENTATION_CONTEXT('2D SPACE',''
  ) );
#372 = PCURVE('',#373,#378);
#373 = PLANE('',#374);
#374 = AXIS2_PLACEMENT_3D('',#375,#376,#377);
#375 = CARTESIAN_POINT('',(155.0125,-22.45,12.1));
#376 = DIRECTION('',(2.084712810589E-04,0.99999997827,-0.));
#377 = DIRECTION('',(0.99999997827,-2.084712810589E-04,0.));
#378 = DEFINITIONAL_REPRESENTATION('',(#379),#383);
#379 = LINE('',#380,#381);
#380 = CARTESIAN_POINT('',(0.,0.));
#381 = VECTOR('',#382,1.);
#382 = DIRECTION('',(1.,0.));
#383 = ( GEOMETRIC_REPRESENTATION_CONTEXT(2) 
PARAMETRIC_REPRESENTATION_CONTEXT() REPRESENTATION_CONTEXT('2D SPACE',''
  ) );
#384 = ORIENTED_EDGE('',*,*,#385,.T.);
#385 = EDGE_CURVE('',#358,#386,#388,.T.);
#386 = VERTEX_POINT('',#387);
#387 = CARTESIAN_POINT('',(191.0125,-23.95,12.1));
#388 = SURFACE_CURVE('',#389,(#394,#405),.PCURVE_S1.);
#389 = CIRCLE('',#390,1.5);
#390 = AXIS2_PLACEMENT_3D('',#391,#392,#393);
#391 = CARTESIAN_POINT('',(189.5125,-23.95,12.1));
#392 = DIRECTION('',(0.,0.,-1.));
#393 = DIRECTION('',(9.801714032955E-02,0.995184726672,0.));
#394 = PCURVE('',#126,#395);
#395 = DEFINITIONAL_REPRESENTATION('',(#396),#404);
#396 = ( BOUNDED_CURVE() B_SPLINE_CURVE(2,(#397,#398,#399,#400,#401,#402
,#403),.UNSPECIFIED.,.T.,.F.) B_SPLINE_CURVE_WITH_KNOTS((1,2,2,2,2,1),(
    -2.094395102393,0.,2.094395102393,4.188790204786,6.28318530718,
8.377580409573),.UNSPECIFIED.) CURVE() GEOMETRIC_REPRESENTATION_ITEM() 
RATIONAL_B_SPLINE_CURVE((1.,0.5,1.,0.5,1.,0.5,1.)) REPRESENTATION_ITEM(
  '') );
#397 = CARTESIAN_POINT('',(-7.077373119044,50.282948568052));
#398 = CARTESIAN_POINT('',(-4.491807354775,50.028292567457));
#399 = CARTESIAN_POINT('',(-6.005128802651,47.916454932743));
#400 = CARTESIAN_POINT('',(-7.518450250527,45.804617298028));
#401 = CARTESIAN_POINT('',(-8.590694566921,48.171110933338));
#402 = CARTESIAN_POINT('',(-9.662938883314,50.537604568648));
#403 = CARTESIAN_POINT('',(-7.077373119044,50.282948568052));
#404 = ( GEOMETRIC_REPRESENTATION_CONTEXT(2) 
PARAMETRIC_REPRESENTATION_CONTEXT() REPRESENTATION_CONTEXT('2D SPACE',''
  ) );
#405 = PCURVE('',#406,#411);
#406 = CYLINDRICAL_SURFACE('',#407,1.5);
#407 = AXIS2_PLACEMENT_3D('',#408,#409,#410);
#408 = CARTESIAN_POINT('',(189.5125,-23.95,12.1));
#409 = DIRECTION('',(0.,0.,-1.));
#410 = DIRECTION('',(9.801714032955E-02,0.995184726672,0.));
#411 = DEFINITIONAL_REPRESENTATION('',(#412),#416);
#412 = LINE('',#413,#414);
#413 = CARTESIAN_POINT('',(0.,0.));
#414 = VECTOR('',#415,1.);
#415 = DIRECTION('',(1.,0.));
#416 = ( GEOMETRIC_REPRESENTATION_CONTEXT(2) 
PARAMETRIC_REPRESENTATION_CONTEXT() REPRESENTATION_CONTEXT('2D SPACE',''
  ) );
#417 = ORIENTED_EDGE('',*,*,#418,.T.);
#418 = EDGE_CURVE('',#386,#419,#421,.T.);
#419 = VERTEX_POINT('',#420);
#420 = CARTESIAN_POINT('',(191.00527709,-34.84702571049,12.1));
#421 = SURFACE_CURVE('',#422,(#426,#433),.PCURVE_S1.);
#422 = LINE('',#423,#424);
#423 = CARTESIAN_POINT('',(191.0125,-23.95,12.1));
#424 = VECTOR('',#425,1.);
#425 = DIRECTION('',(-6.628330148892E-04,-0.999999780326,0.));
#426 = PCURVE('',#126,#427);
#427 = DEFINITIONAL_REPRESENTATION('',(#428),#432);
#428 = LINE('',#429,#430);
#429 = CARTESIAN_POINT('',(-5.724398829539,48.790171478044));
#430 = VECTOR('',#431,1.);
#431 = DIRECTION('',(-6.628330148892E-04,-0.999999780326));
#432 = ( GEOMETRIC_REPRESENTATION_CONTEXT(2) 
PARAMETRIC_REPRESENTATION_CONTEXT() REPRESENTATION_CONTEXT('2D SPACE',''
  ) );
#433 = PCURVE('',#434,#439);
#434 = PLANE('',#435);
#435 = AXIS2_PLACEMENT_3D('',#436,#437,#438);
#436 = CARTESIAN_POINT('',(191.0125,-23.95,12.1));
#437 = DIRECTION('',(0.999999780326,-6.628330148892E-04,0.));
#438 = DIRECTION('',(-6.628330148892E-04,-0.999999780326,0.));
#439 = DEFINITIONAL_REPRESENTATION('',(#440),#444);
#440 = LINE('',#441,#442);
#441 = CARTESIAN_POINT('',(0.,0.));
#442 = VECTOR('',#443,1.);
#443 = DIRECTION('',(1.,0.));
#444 = ( GEOMETRIC_REPRESENTATION_CONTEXT(2) 
PARAMETRIC_REPRESENTATION_CONTEXT() REPRESENTATION_CONTEXT('2D SPACE',''
  ) );
#445 = ORIENTED_EDGE('',*,*,#446,.T.);
#446 = EDGE_CURVE('',#419,#447,#449,.T.);
#447 = VERTEX_POINT('',#448);
#448 = CARTESIAN_POINT('',(189.5125,-36.2,12.1));
#449 = SURFACE_CURVE('',#450,(#455,#466),.PCURVE_S1.);
#450 = CIRCLE('',#451,1.5);
#451 = AXIS2_PLACEMENT_3D('',#452,#453,#454);
#452 = CARTESIAN_POINT('',(189.5125,-34.7,12.1));
#453 = DIRECTION('',(0.,0.,-1.));
#454 = DIRECTION('',(0.995184726672,-9.801714032955E-02,0.));
#455 = PCURVE('',#126,#456);
#456 = DEFINITIONAL_REPRESENTATION('',(#457),#465);
#457 = ( BOUNDED_CURVE() B_SPLINE_CURVE(2,(#458,#459,#460,#461,#462,#463
,#464),.UNSPECIFIED.,.T.,.F.) B_SPLINE_CURVE_WITH_KNOTS((1,2,2,2,2,1),(
    -2.094395102393,0.,2.094395102393,4.188790204786,6.28318530718,
8.377580409573),.UNSPECIFIED.) CURVE() GEOMETRIC_REPRESENTATION_ITEM() 
RATIONAL_B_SPLINE_CURVE((1.,0.5,1.,0.5,1.,0.5,1.)) REPRESENTATION_ITEM(
  '') );
#458 = CARTESIAN_POINT('',(-5.731621739531,37.89314576755));
#459 = CARTESIAN_POINT('',(-5.986277740126,35.307580003281));
#460 = CARTESIAN_POINT('',(-8.098115374841,36.820901451157));
#461 = CARTESIAN_POINT('',(-10.20995300955,38.334222899033));
#462 = CARTESIAN_POINT('',(-7.843459374245,39.406467215426));
#463 = CARTESIAN_POINT('',(-5.476965738935,40.478711531819));
#464 = CARTESIAN_POINT('',(-5.731621739531,37.89314576755));
#465 = ( GEOMETRIC_REPRESENTATION_CONTEXT(2) 
PARAMETRIC_REPRESENTATION_CONTEXT() REPRESENTATION_CONTEXT('2D SPACE',''
  ) );
#466 = PCURVE('',#467,#472);
#467 = CYLINDRICAL_SURFACE('',#468,1.5);
#468 = AXIS2_PLACEMENT_3D('',#469,#470,#471);
#469 = CARTESIAN_POINT('',(189.5125,-34.7,12.1));
#470 = DIRECTION('',(0.,0.,-1.));
#471 = DIRECTION('',(0.995184726672,-9.801714032955E-02,0.));
#472 = DEFINITIONAL_REPRESENTATION('',(#473),#477);
#473 = LINE('',#474,#475);
#474 = CARTESIAN_POINT('',(0.,0.));
#475 = VECTOR('',#476,1.);
#476 = DIRECTION('',(1.,0.));
#477 = ( GEOMETRIC_REPRESENTATION_CONTEXT(2) 
PARAMETRIC_REPRESENTATION_CONTEXT() REPRESENTATION_CONTEXT('2D SPACE',''
  ) );
#478 = ORIENTED_EDGE('',*,*,#479,.T.);
#479 = EDGE_CURVE('',#447,#480,#482,.T.);
#480 = VERTEX_POINT('',#481);
#481 = CARTESIAN_POINT('',(175.63657212575,-36.20169863318,12.1));
#482 = SURFACE_CURVE('',#483,(#487,#494),.PCURVE_S1.);
#483 = LINE('',#484,#485);
#484 = CARTESIAN_POINT('',(189.5125,-36.2,12.1));
#485 = VECTOR('',#486,1.);
#486 = DIRECTION('',(-0.999999992507,-1.224158258184E-04,0.));
#487 = PCURVE('',#126,#488);
#488 = DEFINITIONAL_REPRESENTATION('',(#489),#493);
#489 = LINE('',#490,#491);
#490 = CARTESIAN_POINT('',(-7.224398829539,36.540171478044));
#491 = VECTOR('',#492,1.);
#492 = DIRECTION('',(-0.999999992507,-1.224158258184E-04));
#493 = ( GEOMETRIC_REPRESENTATION_CONTEXT(2) 
PARAMETRIC_REPRESENTATION_CONTEXT() REPRESENTATION_CONTEXT('2D SPACE',''
  ) );
#494 = PCURVE('',#495,#500);
#495 = PLANE('',#496);
#496 = AXIS2_PLACEMENT_3D('',#497,#498,#499);
#497 = CARTESIAN_POINT('',(189.5125,-36.2,12.1));
#498 = DIRECTION('',(1.224158258184E-04,-0.999999992507,0.));
#499 = DIRECTION('',(-0.999999992507,-1.224158258184E-04,0.));
#500 = DEFINITIONAL_REPRESENTATION('',(#501),#505);
#501 = LINE('',#502,#503);
#502 = CARTESIAN_POINT('',(0.,0.));
#503 = VECTOR('',#504,1.);
#504 = DIRECTION('',(1.,0.));
#505 = ( GEOMETRIC_REPRESENTATION_CONTEXT(2) 
PARAMETRIC_REPRESENTATION_CONTEXT() REPRESENTATION_CONTEXT('2D SPACE',''
  ) );
#506 = ORIENTED_EDGE('',*,*,#507,.T.);
#507 = EDGE_CURVE('',#480,#508,#510,.T.);
#508 = VERTEX_POINT('',#509);
#509 = CARTESIAN_POINT('',(179.84459773336,-39.7,12.1));
#510 = SURFACE_CURVE('',#511,(#516,#523),.PCURVE_S1.);
#511 = CIRCLE('',#512,4.242224518081);
#512 = AXIS2_PLACEMENT_3D('',#513,#514,#515);
#513 = CARTESIAN_POINT('',(179.81308040296,-35.45789256151,12.1));
#514 = DIRECTION('',(0.,0.,1.));
#515 = DIRECTION('',(-0.984509013939,-0.175333971246,0.));
#516 = PCURVE('',#126,#517);
#517 = DEFINITIONAL_REPRESENTATION('',(#518),#522);
#518 = CIRCLE('',#519,4.242224518081);
#519 = AXIS2_PLACEMENT_2D('',#520,#521);
#520 = CARTESIAN_POINT('',(-16.92381842657,37.282278916534));
#521 = DIRECTION('',(-0.984509013939,-0.175333971246));
#522 = ( GEOMETRIC_REPRESENTATION_CONTEXT(2) 
PARAMETRIC_REPRESENTATION_CONTEXT() REPRESENTATION_CONTEXT('2D SPACE',''
  ) );
#523 = PCURVE('',#524,#529);
#524 = CYLINDRICAL_SURFACE('',#525,4.242224518081);
#525 = AXIS2_PLACEMENT_3D('',#526,#527,#528);
#526 = CARTESIAN_POINT('',(179.81308040296,-35.45789256151,12.1));
#527 = DIRECTION('',(-0.,-0.,-1.));
#528 = DIRECTION('',(-0.984509013939,-0.175333971246,0.));
#529 = DEFINITIONAL_REPRESENTATION('',(#530),#534);
#530 = LINE('',#531,#532);
#531 = CARTESIAN_POINT('',(-0.,0.));
#532 = VECTOR('',#533,1.);
#533 = DIRECTION('',(-1.,0.));
#534 = ( GEOMETRIC_REPRESENTATION_CONTEXT(2) 
PARAMETRIC_REPRESENTATION_CONTEXT() REPRESENTATION_CONTEXT('2D SPACE',''
  ) );
#535 = ORIENTED_EDGE('',*,*,#536,.T.);
#536 = EDGE_CURVE('',#508,#537,#539,.T.);
#537 = VERTEX_POINT('',#538);
#538 = CARTESIAN_POINT('',(188.10589461415,-39.69920366102,12.1));
#539 = SURFACE_CURVE('',#540,(#544,#551),.PCURVE_S1.);
#540 = LINE('',#541,#542);
#541 = CARTESIAN_POINT('',(179.84459773336,-39.7,12.1));
#542 = VECTOR('',#543,1.);
#543 = DIRECTION('',(0.999999995354,9.639394173194E-05,0.));
#544 = PCURVE('',#126,#545);
#545 = DEFINITIONAL_REPRESENTATION('',(#546),#550);
#546 = LINE('',#547,#548);
#547 = CARTESIAN_POINT('',(-16.89230109617,33.040171478044));
#548 = VECTOR('',#549,1.);
#549 = DIRECTION('',(0.999999995354,9.639394173194E-05));
#550 = ( GEOMETRIC_REPRESENTATION_CONTEXT(2) 
PARAMETRIC_REPRESENTATION_CONTEXT() REPRESENTATION_CONTEXT('2D SPACE',''
  ) );
#551 = PCURVE('',#552,#557);
#552 = PLANE('',#553);
#553 = AXIS2_PLACEMENT_3D('',#554,#555,#556);
#554 = CARTESIAN_POINT('',(179.84459773336,-39.7,12.1));
#555 = DIRECTION('',(-9.639394173194E-05,0.999999995354,0.));
#556 = DIRECTION('',(0.999999995354,9.639394173194E-05,0.));
#557 = DEFINITIONAL_REPRESENTATION('',(#558),#562);
#558 = LINE('',#559,#560);
#559 = CARTESIAN_POINT('',(0.,0.));
#560 = VECTOR('',#561,1.);
#561 = DIRECTION('',(1.,0.));
#562 = ( GEOMETRIC_REPRESENTATION_CONTEXT(2) 
PARAMETRIC_REPRESENTATION_CONTEXT() REPRESENTATION_CONTEXT('2D SPACE',''
  ) );
#563 = ORIENTED_EDGE('',*,*,#564,.T.);
#564 = EDGE_CURVE('',#537,#565,#567,.T.);
#565 = VERTEX_POINT('',#566);
#566 = CARTESIAN_POINT('',(191.5490644249,-37.93992718165,12.1));
#567 = SURFACE_CURVE('',#568,(#573,#580),.PCURVE_S1.);
#568 = CIRCLE('',#569,4.245664735109);
#569 = AXIS2_PLACEMENT_3D('',#570,#571,#572);
#570 = CARTESIAN_POINT('',(188.10761934663,-35.45353927623,12.1));
#571 = DIRECTION('',(0.,0.,1.));
#572 = DIRECTION('',(-4.062337926255E-04,-0.999999917487,0.));
#573 = PCURVE('',#126,#574);
#574 = DEFINITIONAL_REPRESENTATION('',(#575),#579);
#575 = CIRCLE('',#576,4.245664735109);
#576 = AXIS2_PLACEMENT_2D('',#577,#578);
#577 = CARTESIAN_POINT('',(-8.629279482901,37.286632201805));
#578 = DIRECTION('',(-4.062337926255E-04,-0.999999917487));
#579 = ( GEOMETRIC_REPRESENTATION_CONTEXT(2) 
PARAMETRIC_REPRESENTATION_CONTEXT() REPRESENTATION_CONTEXT('2D SPACE',''
  ) );
#580 = PCURVE('',#581,#586);
#581 = CYLINDRICAL_SURFACE('',#582,4.245664735109);
#582 = AXIS2_PLACEMENT_3D('',#583,#584,#585);
#583 = CARTESIAN_POINT('',(188.10761934663,-35.45353927623,12.1));
#584 = DIRECTION('',(-0.,-0.,-1.));
#585 = DIRECTION('',(-4.062337926255E-04,-0.999999917487,0.));
#586 = DEFINITIONAL_REPRESENTATION('',(#587),#591);
#587 = LINE('',#588,#589);
#588 = CARTESIAN_POINT('',(-0.,0.));
#589 = VECTOR('',#590,1.);
#590 = DIRECTION('',(-1.,0.));
#591 = ( GEOMETRIC_REPRESENTATION_CONTEXT(2) 
PARAMETRIC_REPRESENTATION_CONTEXT() REPRESENTATION_CONTEXT('2D SPACE',''
  ) );
#592 = ORIENTED_EDGE('',*,*,#593,.T.);
#593 = EDGE_CURVE('',#565,#594,#596,.T.);
#594 = VERTEX_POINT('',#595);
#595 = CARTESIAN_POINT('',(192.69512742754,-37.13640283526,12.1));
#596 = SURFACE_CURVE('',#597,(#602,#613),.PCURVE_S1.);
#597 = CIRCLE('',#598,2.060483101872);
#598 = AXIS2_PLACEMENT_3D('',#599,#600,#601);
#599 = CARTESIAN_POINT('',(193.23465067879,-39.12499662849,12.1));
#600 = DIRECTION('',(0.,0.,-1.));
#601 = DIRECTION('',(-0.818053908014,0.57514155091,0.));
#602 = PCURVE('',#126,#603);
#603 = DEFINITIONAL_REPRESENTATION('',(#604),#612);
#604 = ( BOUNDED_CURVE() B_SPLINE_CURVE(2,(#605,#606,#607,#608,#609,#610
,#611),.UNSPECIFIED.,.T.,.F.) B_SPLINE_CURVE_WITH_KNOTS((1,2,2,2,2,1),(
    -2.094395102393,0.,2.094395102393,4.188790204786,6.28318530718,
8.377580409573),.UNSPECIFIED.) CURVE() GEOMETRIC_REPRESENTATION_ITEM() 
RATIONAL_B_SPLINE_CURVE((1.,0.5,1.,0.5,1.,0.5,1.)) REPRESENTATION_ITEM(
  '') );
#605 = CARTESIAN_POINT('',(-5.18783440463,34.800244296389));
#606 = CARTESIAN_POINT('',(-3.135233912215,37.719765328655));
#607 = CARTESIAN_POINT('',(-1.633154777598,34.48240064227));
#608 = CARTESIAN_POINT('',(-0.131075642981,31.245035955885));
#609 = CARTESIAN_POINT('',(-3.685755270013,31.562879610005));
#610 = CARTESIAN_POINT('',(-7.240434897046,31.880723264124));
#611 = CARTESIAN_POINT('',(-5.18783440463,34.800244296389));
#612 = ( GEOMETRIC_REPRESENTATION_CONTEXT(2) 
PARAMETRIC_REPRESENTATION_CONTEXT() REPRESENTATION_CONTEXT('2D SPACE',''
  ) );
#613 = PCURVE('',#614,#619);
#614 = CYLINDRICAL_SURFACE('',#615,2.060483101872);
#615 = AXIS2_PLACEMENT_3D('',#616,#617,#618);
#616 = CARTESIAN_POINT('',(193.23465067879,-39.12499662849,12.1));
#617 = DIRECTION('',(0.,0.,-1.));
#618 = DIRECTION('',(-0.818053908014,0.57514155091,0.));
#619 = DEFINITIONAL_REPRESENTATION('',(#620),#624);
#620 = LINE('',#621,#622);
#621 = CARTESIAN_POINT('',(0.,0.));
#622 = VECTOR('',#623,1.);
#623 = DIRECTION('',(1.,0.));
#624 = ( GEOMETRIC_REPRESENTATION_CONTEXT(2) 
PARAMETRIC_REPRESENTATION_CONTEXT() REPRESENTATION_CONTEXT('2D SPACE',''
  ) );
#625 = ORIENTED_EDGE('',*,*,#626,.T.);
#626 = EDGE_CURVE('',#594,#627,#629,.T.);
#627 = VERTEX_POINT('',#628);
#628 = CARTESIAN_POINT('',(195.13749999999,-33.25797061446,12.1));
#629 = SURFACE_CURVE('',#630,(#635,#642),.PCURVE_S1.);
#630 = CIRCLE('',#631,4.255935851755);
#631 = AXIS2_PLACEMENT_3D('',#632,#633,#634);
#632 = CARTESIAN_POINT('',(190.88165755161,-33.28616687062,12.1));
#633 = DIRECTION('',(0.,0.,1.));
#634 = DIRECTION('',(0.4261036677,-0.904674341613,0.));
#635 = PCURVE('',#126,#636);
#636 = DEFINITIONAL_REPRESENTATION('',(#637),#641);
#637 = CIRCLE('',#638,4.255935851755);
#638 = AXIS2_PLACEMENT_2D('',#639,#640);
#639 = CARTESIAN_POINT('',(-5.855241277919,39.454004607416));
#640 = DIRECTION('',(0.4261036677,-0.904674341613));
#641 = ( GEOMETRIC_REPRESENTATION_CONTEXT(2) 
PARAMETRIC_REPRESENTATION_CONTEXT() REPRESENTATION_CONTEXT('2D SPACE',''
  ) );
#642 = PCURVE('',#643,#648);
#643 = CYLINDRICAL_SURFACE('',#644,4.255935851755);
#644 = AXIS2_PLACEMENT_3D('',#645,#646,#647);
#645 = CARTESIAN_POINT('',(190.88165755161,-33.28616687062,12.1));
#646 = DIRECTION('',(-0.,-0.,-1.));
#647 = DIRECTION('',(0.4261036677,-0.904674341613,0.));
#648 = DEFINITIONAL_REPRESENTATION('',(#649),#653);
#649 = LINE('',#650,#651);
#650 = CARTESIAN_POINT('',(-0.,0.));
#651 = VECTOR('',#652,1.);
#652 = DIRECTION('',(-1.,0.));
#653 = ( GEOMETRIC_REPRESENTATION_CONTEXT(2) 
PARAMETRIC_REPRESENTATION_CONTEXT() REPRESENTATION_CONTEXT('2D SPACE',''
  ) );
#654 = ORIENTED_EDGE('',*,*,#655,.T.);
#655 = EDGE_CURVE('',#627,#656,#658,.T.);
#656 = VERTEX_POINT('',#657);
#657 = CARTESIAN_POINT('',(195.15601427289,-23.95430838265,12.1));
#658 = SURFACE_CURVE('',#659,(#663,#670),.PCURVE_S1.);
#659 = LINE('',#660,#661);
#660 = CARTESIAN_POINT('',(195.13749999999,-33.25797061446,12.1));
#661 = VECTOR('',#662,1.);
#662 = DIRECTION('',(1.989994453634E-03,0.999998019959,0.));
#663 = PCURVE('',#126,#664);
#664 = DEFINITIONAL_REPRESENTATION('',(#665),#669);
#665 = LINE('',#666,#667);
#666 = CARTESIAN_POINT('',(-1.599398829544,39.482200863579));
#667 = VECTOR('',#668,1.);
#668 = DIRECTION('',(1.989994453634E-03,0.999998019959));
#669 = ( GEOMETRIC_REPRESENTATION_CONTEXT(2) 
PARAMETRIC_REPRESENTATION_CONTEXT() REPRESENTATION_CONTEXT('2D SPACE',''
  ) );
#670 = PCURVE('',#671,#676);
#671 = PLANE('',#672);
#672 = AXIS2_PLACEMENT_3D('',#673,#674,#675);
#673 = CARTESIAN_POINT('',(195.13749999999,-33.25797061446,12.1));
#674 = DIRECTION('',(-0.999998019959,1.989994453634E-03,0.));
#675 = DIRECTION('',(1.989994453634E-03,0.999998019959,0.));
#676 = DEFINITIONAL_REPRESENTATION('',(#677),#681);
#677 = LINE('',#678,#679);
#678 = CARTESIAN_POINT('',(0.,0.));
#679 = VECTOR('',#680,1.);
#680 = DIRECTION('',(1.,0.));
#681 = ( GEOMETRIC_REPRESENTATION_CONTEXT(2) 
PARAMETRIC_REPRESENTATION_CONTEXT() REPRESENTATION_CONTEXT('2D SPACE',''
  ) );
#682 = ORIENTED_EDGE('',*,*,#683,.T.);
#683 = EDGE_CURVE('',#656,#684,#686,.T.);
#684 = VERTEX_POINT('',#685);
#685 = CARTESIAN_POINT('',(196.90652196897,-22.45,12.1));
#686 = SURFACE_CURVE('',#687,(#692,#703),.PCURVE_S1.);
#687 = CIRCLE('',#688,1.751337237098);
#688 = AXIS2_PLACEMENT_3D('',#689,#690,#691);
#689 = CARTESIAN_POINT('',(196.88985337954,-24.20125791252,12.1));
#690 = DIRECTION('',(0.,0.,-1.));
#691 = DIRECTION('',(-0.990008703019,0.141006269176,0.));
#692 = PCURVE('',#126,#693);
#693 = DEFINITIONAL_REPRESENTATION('',(#694),#702);
#694 = ( BOUNDED_CURVE() B_SPLINE_CURVE(2,(#695,#696,#697,#698,#699,#700
,#701),.UNSPECIFIED.,.T.,.F.) B_SPLINE_CURVE_WITH_KNOTS((1,2,2,2,2,1),(
    -2.094395102393,0.,2.094395102393,4.188790204786,6.28318530718,
8.377580409573),.UNSPECIFIED.) CURVE() GEOMETRIC_REPRESENTATION_ITEM() 
RATIONAL_B_SPLINE_CURVE((1.,0.5,1.,0.5,1.,0.5,1.)) REPRESENTATION_ITEM(
  '') );
#695 = CARTESIAN_POINT('',(-1.580884556645,48.785863095394));
#696 = CARTESIAN_POINT('',(-1.153155424003,51.788960520257));
#697 = CARTESIAN_POINT('',(1.233738669647,49.916987513018));
#698 = CARTESIAN_POINT('',(3.620632763297,48.045014505779));
#699 = CARTESIAN_POINT('',(0.806009537005,46.913890088155));
#700 = CARTESIAN_POINT('',(-2.008613689288,45.78276567053));
#701 = CARTESIAN_POINT('',(-1.580884556645,48.785863095394));
#702 = ( GEOMETRIC_REPRESENTATION_CONTEXT(2) 
PARAMETRIC_REPRESENTATION_CONTEXT() REPRESENTATION_CONTEXT('2D SPACE',''
  ) );
#703 = PCURVE('',#704,#709);
#704 = CYLINDRICAL_SURFACE('',#705,1.751337237098);
#705 = AXIS2_PLACEMENT_3D('',#706,#707,#708);
#706 = CARTESIAN_POINT('',(196.88985337954,-24.20125791252,12.1));
#707 = DIRECTION('',(0.,0.,-1.));
#708 = DIRECTION('',(-0.990008703019,0.141006269176,0.));
#709 = DEFINITIONAL_REPRESENTATION('',(#710),#714);
#710 = LINE('',#711,#712);
#711 = CARTESIAN_POINT('',(0.,0.));
#712 = VECTOR('',#713,1.);
#713 = DIRECTION('',(1.,0.));
#714 = ( GEOMETRIC_REPRESENTATION_CONTEXT(2) 
PARAMETRIC_REPRESENTATION_CONTEXT() REPRESENTATION_CONTEXT('2D SPACE',''
  ) );
#715 = ORIENTED_EDGE('',*,*,#716,.T.);
#716 = EDGE_CURVE('',#684,#717,#719,.T.);
#717 = VERTEX_POINT('',#718);
#718 = CARTESIAN_POINT('',(208.13319161735,-22.46851427289,12.1));
#719 = SURFACE_CURVE('',#720,(#724,#731),.PCURVE_S1.);
#720 = LINE('',#721,#722);
#721 = CARTESIAN_POINT('',(196.90652196897,-22.45,12.1));
#722 = VECTOR('',#723,1.);
#723 = DIRECTION('',(0.999998640183,-1.649130890783E-03,0.));
#724 = PCURVE('',#126,#725);
#725 = DEFINITIONAL_REPRESENTATION('',(#726),#730);
#726 = LINE('',#727,#728);
#727 = CARTESIAN_POINT('',(0.169623139437,50.290171478044));
#728 = VECTOR('',#729,1.);
#729 = DIRECTION('',(0.999998640183,-1.649130890783E-03));
#730 = ( GEOMETRIC_REPRESENTATION_CONTEXT(2) 
PARAMETRIC_REPRESENTATION_CONTEXT() REPRESENTATION_CONTEXT('2D SPACE',''
  ) );
#731 = PCURVE('',#732,#737);
#732 = PLANE('',#733);
#733 = AXIS2_PLACEMENT_3D('',#734,#735,#736);
#734 = CARTESIAN_POINT('',(196.90652196897,-22.45,12.1));
#735 = DIRECTION('',(1.649130890783E-03,0.999998640183,-0.));
#736 = DIRECTION('',(0.999998640183,-1.649130890783E-03,0.));
#737 = DEFINITIONAL_REPRESENTATION('',(#738),#742);
#738 = LINE('',#739,#740);
#739 = CARTESIAN_POINT('',(0.,0.));
#740 = VECTOR('',#741,1.);
#741 = DIRECTION('',(1.,0.));
#742 = ( GEOMETRIC_REPRESENTATION_CONTEXT(2) 
PARAMETRIC_REPRESENTATION_CONTEXT() REPRESENTATION_CONTEXT('2D SPACE',''
  ) );
#743 = ORIENTED_EDGE('',*,*,#744,.T.);
#744 = EDGE_CURVE('',#717,#745,#747,.T.);
#745 = VERTEX_POINT('',#746);
#746 = CARTESIAN_POINT('',(209.6375,-24.21902197013,12.1));
#747 = SURFACE_CURVE('',#748,(#753,#764),.PCURVE_S1.);
#748 = CIRCLE('',#749,1.751337237119);
#749 = AXIS2_PLACEMENT_3D('',#750,#751,#752);
#750 = CARTESIAN_POINT('',(207.88624208746,-24.20235337956,12.1));
#751 = DIRECTION('',(0.,0.,-1.));
#752 = DIRECTION('',(0.141006269182,0.990008703018,0.));
#753 = PCURVE('',#126,#754);
#754 = DEFINITIONAL_REPRESENTATION('',(#755),#763);
#755 = ( BOUNDED_CURVE() B_SPLINE_CURVE(2,(#756,#757,#758,#759,#760,#761
,#762),.UNSPECIFIED.,.T.,.F.) B_SPLINE_CURVE_WITH_KNOTS((1,2,2,2,2,1),(
    -2.094395102393,0.,2.094395102393,4.188790204786,6.28318530718,
8.377580409573),.UNSPECIFIED.) CURVE() GEOMETRIC_REPRESENTATION_ITEM() 
RATIONAL_B_SPLINE_CURVE((1.,0.5,1.,0.5,1.,0.5,1.)) REPRESENTATION_ITEM(
  '') );
#756 = CARTESIAN_POINT('',(11.396292787814,50.27165720515));
#757 = CARTESIAN_POINT('',(14.399390212712,49.843928072484));
#758 = CARTESIAN_POINT('',(12.527417205435,47.457033978816));
#759 = CARTESIAN_POINT('',(10.655444198158,45.070139885147));
#760 = CARTESIAN_POINT('',(9.524319780537,47.884763111482));
#761 = CARTESIAN_POINT('',(8.393195362915,50.699386337817));
#762 = CARTESIAN_POINT('',(11.396292787814,50.27165720515));
#763 = ( GEOMETRIC_REPRESENTATION_CONTEXT(2) 
PARAMETRIC_REPRESENTATION_CONTEXT() REPRESENTATION_CONTEXT('2D SPACE',''
  ) );
#764 = PCURVE('',#765,#770);
#765 = CYLINDRICAL_SURFACE('',#766,1.751337237119);
#766 = AXIS2_PLACEMENT_3D('',#767,#768,#769);
#767 = CARTESIAN_POINT('',(207.88624208746,-24.20235337956,12.1));
#768 = DIRECTION('',(0.,0.,-1.));
#769 = DIRECTION('',(0.141006269182,0.990008703018,0.));
#770 = DEFINITIONAL_REPRESENTATION('',(#771),#775);
#771 = LINE('',#772,#773);
#772 = CARTESIAN_POINT('',(0.,0.));
#773 = VECTOR('',#774,1.);
#774 = DIRECTION('',(1.,0.));
#775 = ( GEOMETRIC_REPRESENTATION_CONTEXT(2) 
PARAMETRIC_REPRESENTATION_CONTEXT() REPRESENTATION_CONTEXT('2D SPACE',''
  ) );
#776 = ORIENTED_EDGE('',*,*,#777,.T.);
#777 = EDGE_CURVE('',#745,#778,#780,.T.);
#778 = VERTEX_POINT('',#779);
#779 = CARTESIAN_POINT('',(209.65827718215,-31.08926215248,12.1));
#780 = SURFACE_CURVE('',#781,(#785,#792),.PCURVE_S1.);
#781 = LINE('',#782,#783);
#782 = CARTESIAN_POINT('',(209.6375,-24.21902197013,12.1));
#783 = VECTOR('',#784,1.);
#784 = DIRECTION('',(3.024215543397E-03,-0.99999542705,0.));
#785 = PCURVE('',#126,#786);
#786 = DEFINITIONAL_REPRESENTATION('',(#787),#791);
#787 = LINE('',#788,#789);
#788 = CARTESIAN_POINT('',(12.900601170461,48.521149507905));
#789 = VECTOR('',#790,1.);
#790 = DIRECTION('',(3.024215543397E-03,-0.99999542705));
#791 = ( GEOMETRIC_REPRESENTATION_CONTEXT(2) 
PARAMETRIC_REPRESENTATION_CONTEXT() REPRESENTATION_CONTEXT('2D SPACE',''
  ) );
#792 = PCURVE('',#793,#798);
#793 = PLANE('',#794);
#794 = AXIS2_PLACEMENT_3D('',#795,#796,#797);
#795 = CARTESIAN_POINT('',(209.6375,-24.21902197013,12.1));
#796 = DIRECTION('',(0.99999542705,3.024215543397E-03,-0.));
#797 = DIRECTION('',(3.024215543397E-03,-0.99999542705,0.));
#798 = DEFINITIONAL_REPRESENTATION('',(#799),#803);
#799 = LINE('',#800,#801);
#800 = CARTESIAN_POINT('',(0.,0.));
#801 = VECTOR('',#802,1.);
#802 = DIRECTION('',(1.,0.));
#803 = ( GEOMETRIC_REPRESENTATION_CONTEXT(2) 
PARAMETRIC_REPRESENTATION_CONTEXT() REPRESENTATION_CONTEXT('2D SPACE',''
  ) );
#804 = ORIENTED_EDGE('',*,*,#805,.T.);
#805 = EDGE_CURVE('',#778,#806,#808,.T.);
#806 = VERTEX_POINT('',#807);
#807 = CARTESIAN_POINT('',(213.92063308849,-34.93749999999,12.1));
#808 = SURFACE_CURVE('',#809,(#814,#821),.PCURVE_S1.);
#809 = CIRCLE('',#810,4.252978802815);
#810 = AXIS2_PLACEMENT_3D('',#811,#812,#813);
#811 = CARTESIAN_POINT('',(213.89196253593,-30.68461783649,12.1));
#812 = DIRECTION('',(0.,0.,1.));
#813 = DIRECTION('',(-0.995463544509,-9.514374153984E-02,0.));
#814 = PCURVE('',#126,#815);
#815 = DEFINITIONAL_REPRESENTATION('',(#816),#820);
#816 = CIRCLE('',#817,4.252978802815);
#817 = AXIS2_PLACEMENT_2D('',#818,#819);
#818 = CARTESIAN_POINT('',(17.155063706391,42.055553641547));
#819 = DIRECTION('',(-0.995463544509,-9.514374153984E-02));
#820 = ( GEOMETRIC_REPRESENTATION_CONTEXT(2) 
PARAMETRIC_REPRESENTATION_CONTEXT() REPRESENTATION_CONTEXT('2D SPACE',''
  ) );
#821 = PCURVE('',#822,#827);
#822 = CYLINDRICAL_SURFACE('',#823,4.252978802815);
#823 = AXIS2_PLACEMENT_3D('',#824,#825,#826);
#824 = CARTESIAN_POINT('',(213.89196253593,-30.68461783649,12.1));
#825 = DIRECTION('',(-0.,-0.,-1.));
#826 = DIRECTION('',(-0.995463544509,-9.514374153984E-02,0.));
#827 = DEFINITIONAL_REPRESENTATION('',(#828),#832);
#828 = LINE('',#829,#830);
#829 = CARTESIAN_POINT('',(-0.,0.));
#830 = VECTOR('',#831,1.);
#831 = DIRECTION('',(-1.,0.));
#832 = ( GEOMETRIC_REPRESENTATION_CONTEXT(2) 
PARAMETRIC_REPRESENTATION_CONTEXT() REPRESENTATION_CONTEXT('2D SPACE',''
  ) );
#833 = ORIENTED_EDGE('',*,*,#834,.T.);
#834 = EDGE_CURVE('',#806,#835,#837,.T.);
#835 = VERTEX_POINT('',#836);
#836 = CARTESIAN_POINT('',(215.90766378128,-34.93870964832,12.1));
#837 = SURFACE_CURVE('',#838,(#842,#849),.PCURVE_S1.);
#838 = LINE('',#839,#840);
#839 = CARTESIAN_POINT('',(213.92063308849,-34.93749999999,12.1));
#840 = VECTOR('',#841,1.);
#841 = DIRECTION('',(0.999999814698,-6.087717249787E-04,0.));
#842 = PCURVE('',#126,#843);
#843 = DEFINITIONAL_REPRESENTATION('',(#844),#848);
#844 = LINE('',#845,#846);
#845 = CARTESIAN_POINT('',(17.183734258958,37.802671478048));
#846 = VECTOR('',#847,1.);
#847 = DIRECTION('',(0.999999814698,-6.087717249787E-04));
#848 = ( GEOMETRIC_REPRESENTATION_CONTEXT(2) 
PARAMETRIC_REPRESENTATION_CONTEXT() REPRESENTATION_CONTEXT('2D SPACE',''
  ) );
#849 = PCURVE('',#850,#855);
#850 = PLANE('',#851);
#851 = AXIS2_PLACEMENT_3D('',#852,#853,#854);
#852 = CARTESIAN_POINT('',(213.92063308849,-34.93749999999,12.1));
#853 = DIRECTION('',(6.087717249787E-04,0.999999814698,-0.));
#854 = DIRECTION('',(0.999999814698,-6.087717249787E-04,0.));
#855 = DEFINITIONAL_REPRESENTATION('',(#856),#860);
#856 = LINE('',#857,#858);
#857 = CARTESIAN_POINT('',(0.,0.));
#858 = VECTOR('',#859,1.);
#859 = DIRECTION('',(1.,0.));
#860 = ( GEOMETRIC_REPRESENTATION_CONTEXT(2) 
PARAMETRIC_REPRESENTATION_CONTEXT() REPRESENTATION_CONTEXT('2D SPACE',''
  ) );
#861 = ORIENTED_EDGE('',*,*,#862,.T.);
#862 = EDGE_CURVE('',#835,#863,#865,.T.);
#863 = VERTEX_POINT('',#864);
#864 = CARTESIAN_POINT('',(215.9,-32.1875,12.1));
#865 = SURFACE_CURVE('',#866,(#870,#876),.PCURVE_S1.);
#866 = LINE('',#867,#868);
#867 = CARTESIAN_POINT('',(215.95640706035,-52.43698820326,12.1));
#868 = VECTOR('',#869,1.);
#869 = DIRECTION('',(-2.785593440065E-03,0.999996120227,0.));
#870 = PCURVE('',#126,#871);
#871 = DEFINITIONAL_REPRESENTATION('',(#872),#875);
#872 = B_SPLINE_CURVE_WITH_KNOTS('',1,(#873,#874),.UNSPECIFIED.,.F.,.F.,
  (2,2),(16.578170145245,20.249566766988),.PIECEWISE_BEZIER_KNOTS.);
#873 = CARTESIAN_POINT('',(19.173328188807,36.881289100487));
#874 = CARTESIAN_POINT('',(19.163101170461,40.552671478044));
#875 = ( GEOMETRIC_REPRESENTATION_CONTEXT(2) 
PARAMETRIC_REPRESENTATION_CONTEXT() REPRESENTATION_CONTEXT('2D SPACE',''
  ) );
#876 = PCURVE('',#877,#882);
#877 = PLANE('',#878);
#878 = AXIS2_PLACEMENT_3D('',#879,#880,#881);
#879 = CARTESIAN_POINT('',(215.9,-32.1875,11.1));
#880 = DIRECTION('',(0.999996120227,2.785593440065E-03,-0.));
#881 = DIRECTION('',(2.785593440065E-03,-0.999996120227,0.));
#882 = DEFINITIONAL_REPRESENTATION('',(#883),#886);
#883 = B_SPLINE_CURVE_WITH_KNOTS('',1,(#884,#885),.UNSPECIFIED.,.F.,.F.,
  (2,2),(16.578170145245,20.249566766988),.PIECEWISE_BEZIER_KNOTS.);
#884 = CARTESIAN_POINT('',(3.671396621742,-1.));
#885 = CARTESIAN_POINT('',(0.,-1.));
#886 = ( GEOMETRIC_REPRESENTATION_CONTEXT(2) 
PARAMETRIC_REPRESENTATION_CONTEXT() REPRESENTATION_CONTEXT('2D SPACE',''
  ) );
#887 = ORIENTED_EDGE('',*,*,#888,.T.);
#888 = EDGE_CURVE('',#863,#889,#891,.T.);
#889 = VERTEX_POINT('',#890);
#890 = CARTESIAN_POINT('',(217.2774490225,-30.69291754522,12.1));
#891 = SURFACE_CURVE('',#892,(#897,#908),.PCURVE_S1.);
#892 = CIRCLE('',#893,1.500338035332);
#893 = AXIS2_PLACEMENT_3D('',#894,#895,#896);
#894 = CARTESIAN_POINT('',(217.40033786526,-32.18821435609,12.1));
#895 = DIRECTION('',(-0.,0.,-1.));
#896 = DIRECTION('',(-8.190743676987E-02,0.996639940902,0.));
#897 = PCURVE('',#126,#898);
#898 = DEFINITIONAL_REPRESENTATION('',(#899),#907);
#899 = ( BOUNDED_CURVE() B_SPLINE_CURVE(2,(#900,#901,#902,#903,#904,#905
,#906),.UNSPECIFIED.,.T.,.F.) B_SPLINE_CURVE_WITH_KNOTS((1,2,2,2,2,1),(
    -2.094395102393,0.,2.094395102393,4.188790204786,6.28318530718,
8.377580409573),.UNSPECIFIED.) CURVE() GEOMETRIC_REPRESENTATION_ITEM() 
RATIONAL_B_SPLINE_CURVE((1.,0.5,1.,0.5,1.,0.5,1.)) REPRESENTATION_ITEM(
  '') );
#900 = CARTESIAN_POINT('',(20.540550192968,42.047253932819));
#901 = CARTESIAN_POINT('',(23.130480241786,42.260103652167));
#902 = CARTESIAN_POINT('',(22.01984848152,39.910733576192));
#903 = CARTESIAN_POINT('',(20.909216721255,37.561363500218));
#904 = CARTESIAN_POINT('',(19.429918432703,39.697883856844));
#905 = CARTESIAN_POINT('',(17.95062014415,41.834404213471));
#906 = CARTESIAN_POINT('',(20.540550192968,42.047253932819));
#907 = ( GEOMETRIC_REPRESENTATION_CONTEXT(2) 
PARAMETRIC_REPRESENTATION_CONTEXT() REPRESENTATION_CONTEXT('2D SPACE',''
  ) );
#908 = PCURVE('',#909,#914);
#909 = CYLINDRICAL_SURFACE('',#910,1.500338035332);
#910 = AXIS2_PLACEMENT_3D('',#911,#912,#913);
#911 = CARTESIAN_POINT('',(217.40033786526,-32.18821435609,11.1));
#912 = DIRECTION('',(-0.,-0.,-1.));
#913 = DIRECTION('',(-8.190743676987E-02,0.996639940902,0.));
#914 = DEFINITIONAL_REPRESENTATION('',(#915),#919);
#915 = LINE('',#916,#917);
#916 = CARTESIAN_POINT('',(-6.28318530718,-1.));
#917 = VECTOR('',#918,1.);
#918 = DIRECTION('',(1.,-0.));
#919 = ( GEOMETRIC_REPRESENTATION_CONTEXT(2) 
PARAMETRIC_REPRESENTATION_CONTEXT() REPRESENTATION_CONTEXT('2D SPACE',''
  ) );
#920 = ORIENTED_EDGE('',*,*,#921,.T.);
#921 = EDGE_CURVE('',#889,#922,#924,.T.);
#922 = VERTEX_POINT('',#923);
#923 = CARTESIAN_POINT('',(225.4,-30.6875,12.1));
#924 = SURFACE_CURVE('',#925,(#929,#935),.PCURVE_S1.);
#925 = LINE('',#926,#927);
#926 = CARTESIAN_POINT('',(211.05443173864,-30.69706814737,12.1));
#927 = VECTOR('',#928,1.);
#928 = DIRECTION('',(0.999999777572,6.669756872211E-04,-0.));
#929 = PCURVE('',#126,#930);
#930 = DEFINITIONAL_REPRESENTATION('',(#931),#934);
#931 = B_SPLINE_CURVE_WITH_KNOTS('',1,(#932,#933),.UNSPECIFIED.,.F.,.F.,
  (2,2),(6.223018668038,14.345571452217),.PIECEWISE_BEZIER_KNOTS.);
#932 = CARTESIAN_POINT('',(20.540550192968,42.047253932819));
#933 = CARTESIAN_POINT('',(28.663101170461,42.052671478044));
#934 = ( GEOMETRIC_REPRESENTATION_CONTEXT(2) 
PARAMETRIC_REPRESENTATION_CONTEXT() REPRESENTATION_CONTEXT('2D SPACE',''
  ) );
#935 = PCURVE('',#936,#941);
#936 = PLANE('',#937);
#937 = AXIS2_PLACEMENT_3D('',#938,#939,#940);
#938 = CARTESIAN_POINT('',(225.4,-30.6875,11.1));
#939 = DIRECTION('',(6.669756872211E-04,-0.999999777572,0.));
#940 = DIRECTION('',(-0.999999777572,-6.669756872211E-04,0.));
#941 = DEFINITIONAL_REPRESENTATION('',(#942),#945);
#942 = B_SPLINE_CURVE_WITH_KNOTS('',1,(#943,#944),.UNSPECIFIED.,.F.,.F.,
  (2,2),(6.223018668038,14.345571452217),.PIECEWISE_BEZIER_KNOTS.);
#943 = CARTESIAN_POINT('',(8.122552784179,-1.));
#944 = CARTESIAN_POINT('',(0.,-1.));
#945 = ( GEOMETRIC_REPRESENTATION_CONTEXT(2) 
PARAMETRIC_REPRESENTATION_CONTEXT() REPRESENTATION_CONTEXT('2D SPACE',''
  ) );
#946 = ORIENTED_EDGE('',*,*,#947,.T.);
#947 = EDGE_CURVE('',#922,#948,#950,.T.);
#948 = VERTEX_POINT('',#949);
#949 = CARTESIAN_POINT('',(226.88977298165,-32.01611762244,12.1));
#950 = SURFACE_CURVE('',#951,(#956,#967),.PCURVE_S1.);
#951 = CIRCLE('',#952,1.500413123523);
#952 = AXIS2_PLACEMENT_3D('',#953,#954,#955);
#953 = CARTESIAN_POINT('',(225.39922747232,-32.18791292464,12.1));
#954 = DIRECTION('',(0.,-0.,-1.));
#955 = DIRECTION('',(0.993423401836,0.11449866674,-0.));
#956 = PCURVE('',#126,#957);
#957 = DEFINITIONAL_REPRESENTATION('',(#958),#966);
#958 = ( BOUNDED_CURVE() B_SPLINE_CURVE(2,(#959,#960,#961,#962,#963,#964
,#965),.UNSPECIFIED.,.T.,.F.) B_SPLINE_CURVE_WITH_KNOTS((1,2,2,2,2,1),(
    -2.094395102393,0.,2.094395102393,4.188790204786,6.28318530718,
8.377580409573),.UNSPECIFIED.) CURVE() GEOMETRIC_REPRESENTATION_ITEM() 
RATIONAL_B_SPLINE_CURVE((1.,0.5,1.,0.5,1.,0.5,1.)) REPRESENTATION_ITEM(
  '') );
#959 = CARTESIAN_POINT('',(30.152874152116,40.724053855601));
#960 = CARTESIAN_POINT('',(30.450432344032,38.142353302449));
#961 = CARTESIAN_POINT('',(28.06583498408,39.175510625722));
#962 = CARTESIAN_POINT('',(25.681237624127,40.208667948995));
#963 = CARTESIAN_POINT('',(27.768276792164,41.757211178874));
#964 = CARTESIAN_POINT('',(29.8553159602,43.305754408754));
#965 = CARTESIAN_POINT('',(30.152874152116,40.724053855601));
#966 = ( GEOMETRIC_REPRESENTATION_CONTEXT(2) 
PARAMETRIC_REPRESENTATION_CONTEXT() REPRESENTATION_CONTEXT('2D SPACE',''
  ) );
#967 = PCURVE('',#968,#973);
#968 = CYLINDRICAL_SURFACE('',#969,1.500413123523);
#969 = AXIS2_PLACEMENT_3D('',#970,#971,#972);
#970 = CARTESIAN_POINT('',(225.39922747232,-32.18791292464,11.1));
#971 = DIRECTION('',(-0.,-0.,-1.));
#972 = DIRECTION('',(0.993423401836,0.11449866674,-0.));
#973 = DEFINITIONAL_REPRESENTATION('',(#974),#978);
#974 = LINE('',#975,#976);
#975 = CARTESIAN_POINT('',(-6.28318530718,-1.));
#976 = VECTOR('',#977,1.);
#977 = DIRECTION('',(1.,-0.));
#978 = ( GEOMETRIC_REPRESENTATION_CONTEXT(2) 
PARAMETRIC_REPRESENTATION_CONTEXT() REPRESENTATION_CONTEXT('2D SPACE',''
  ) );
#979 = ORIENTED_EDGE('',*,*,#980,.T.);
#980 = EDGE_CURVE('',#948,#981,#983,.T.);
#981 = VERTEX_POINT('',#982);
#982 = CARTESIAN_POINT('',(226.89793280368,-34.94540021459,12.1));
#983 = SURFACE_CURVE('',#984,(#988,#994),.PCURVE_S1.);
#984 = LINE('',#985,#986);
#985 = CARTESIAN_POINT('',(226.95148961332,-54.17168107796,12.1));
#986 = VECTOR('',#987,1.);
#987 = DIRECTION('',(2.785593440065E-03,-0.999996120227,0.));
#988 = PCURVE('',#126,#989);
#989 = DEFINITIONAL_REPRESENTATION('',(#990),#993);
#990 = B_SPLINE_CURVE_WITH_KNOTS('',1,(#991,#992),.UNSPECIFIED.,.F.,.F.,
  (2,2),(-22.15564941441,-18.48425279267),.PIECEWISE_BEZIER_KNOTS.);
#991 = CARTESIAN_POINT('',(30.152874152116,40.724053855601));
#992 = CARTESIAN_POINT('',(30.163101170461,37.052671478044));
#993 = ( GEOMETRIC_REPRESENTATION_CONTEXT(2) 
PARAMETRIC_REPRESENTATION_CONTEXT() REPRESENTATION_CONTEXT('2D SPACE',''
  ) );
#994 = PCURVE('',#995,#1000);
#995 = PLANE('',#996);
#996 = AXIS2_PLACEMENT_3D('',#997,#998,#999);
#997 = CARTESIAN_POINT('',(226.9,-35.6875,11.1));
#998 = DIRECTION('',(-0.999996120227,-2.785593440065E-03,0.));
#999 = DIRECTION('',(-2.785593440065E-03,0.999996120227,0.));
#1000 = DEFINITIONAL_REPRESENTATION('',(#1001),#1004);
#1001 = B_SPLINE_CURVE_WITH_KNOTS('',1,(#1002,#1003),.UNSPECIFIED.,.F.,
  .F.,(2,2),(-22.15564941441,-18.48425279267),.PIECEWISE_BEZIER_KNOTS.);
#1002 = CARTESIAN_POINT('',(3.671396621742,-1.));
#1003 = CARTESIAN_POINT('',(0.,-1.));
#1004 = ( GEOMETRIC_REPRESENTATION_CONTEXT(2) 
PARAMETRIC_REPRESENTATION_CONTEXT() REPRESENTATION_CONTEXT('2D SPACE',''
  ) );
#1005 = ORIENTED_EDGE('',*,*,#1006,.T.);
#1006 = EDGE_CURVE('',#981,#1007,#1009,.T.);
#1007 = VERTEX_POINT('',#1008);
#1008 = CARTESIAN_POINT('',(231.11203866224,-34.94796564356,12.1));
#1009 = SURFACE_CURVE('',#1010,(#1014,#1021),.PCURVE_S1.);
#1010 = LINE('',#1011,#1012);
#1011 = CARTESIAN_POINT('',(213.92063308849,-34.93749999999,12.1));
#1012 = VECTOR('',#1013,1.);
#1013 = DIRECTION('',(0.999999814698,-6.087717249787E-04,0.));
#1014 = PCURVE('',#126,#1015);
#1015 = DEFINITIONAL_REPRESENTATION('',(#1016),#1020);
#1016 = LINE('',#1017,#1018);
#1017 = CARTESIAN_POINT('',(17.183734258958,37.802671478048));
#1018 = VECTOR('',#1019,1.);
#1019 = DIRECTION('',(0.999999814698,-6.087717249787E-04));
#1020 = ( GEOMETRIC_REPRESENTATION_CONTEXT(2) 
PARAMETRIC_REPRESENTATION_CONTEXT() REPRESENTATION_CONTEXT('2D SPACE',''
  ) );
#1021 = PCURVE('',#850,#1022);
#1022 = DEFINITIONAL_REPRESENTATION('',(#1023),#1027);
#1023 = LINE('',#1024,#1025);
#1024 = CARTESIAN_POINT('',(0.,0.));
#1025 = VECTOR('',#1026,1.);
#1026 = DIRECTION('',(1.,0.));
#1027 = ( GEOMETRIC_REPRESENTATION_CONTEXT(2) 
PARAMETRIC_REPRESENTATION_CONTEXT() REPRESENTATION_CONTEXT('2D SPACE',''
  ) );
#1028 = ORIENTED_EDGE('',*,*,#1029,.T.);
#1029 = EDGE_CURVE('',#1007,#1030,#1032,.T.);
#1030 = VERTEX_POINT('',#1031);
#1031 = CARTESIAN_POINT('',(232.2891076049,-35.58582067205,12.1));
#1032 = SURFACE_CURVE('',#1033,(#1038,#1049),.PCURVE_S1.);
#1033 = CIRCLE('',#1034,1.7481403103);
#1034 = AXIS2_PLACEMENT_3D('',#1035,#1036,#1037);
#1035 = CARTESIAN_POINT('',(230.93116534202,-36.6867236447,12.1));
#1036 = DIRECTION('',(0.,0.,-1.));
#1037 = DIRECTION('',(0.103466134357,0.994632977053,0.));
#1038 = PCURVE('',#126,#1039);
#1039 = DEFINITIONAL_REPRESENTATION('',(#1040),#1048);
#1040 = ( BOUNDED_CURVE() B_SPLINE_CURVE(2,(#1041,#1042,#1043,#1044,
#1045,#1046,#1047),.UNSPECIFIED.,.T.,.F.) B_SPLINE_CURVE_WITH_KNOTS((1,2
    ,2,2,2,1),(-2.094395102393,0.,2.094395102393,4.188790204786,
6.28318530718,8.377580409573),.UNSPECIFIED.) CURVE() 
GEOMETRIC_REPRESENTATION_ITEM() RATIONAL_B_SPLINE_CURVE((1.,0.5,1.,0.5,
1.,0.5,1.)) REPRESENTATION_ITEM('') );
#1041 = CARTESIAN_POINT('',(34.375139832709,37.792205834482));
#1042 = CARTESIAN_POINT('',(37.386757032751,37.478924054128));
#1043 = CARTESIAN_POINT('',(35.6096384524,35.027427942595));
#1044 = CARTESIAN_POINT('',(33.832519872049,32.575931831062));
#1045 = CARTESIAN_POINT('',(32.598021252358,35.340709722949));
#1046 = CARTESIAN_POINT('',(31.363522632667,38.105487614837));
#1047 = CARTESIAN_POINT('',(34.375139832709,37.792205834482));
#1048 = ( GEOMETRIC_REPRESENTATION_CONTEXT(2) 
PARAMETRIC_REPRESENTATION_CONTEXT() REPRESENTATION_CONTEXT('2D SPACE',''
  ) );
#1049 = PCURVE('',#1050,#1055);
#1050 = CYLINDRICAL_SURFACE('',#1051,1.7481403103);
#1051 = AXIS2_PLACEMENT_3D('',#1052,#1053,#1054);
#1052 = CARTESIAN_POINT('',(230.93116534202,-36.6867236447,12.1));
#1053 = DIRECTION('',(0.,0.,-1.));
#1054 = DIRECTION('',(0.103466134357,0.994632977053,0.));
#1055 = DEFINITIONAL_REPRESENTATION('',(#1056),#1060);
#1056 = LINE('',#1057,#1058);
#1057 = CARTESIAN_POINT('',(0.,0.));
#1058 = VECTOR('',#1059,1.);
#1059 = DIRECTION('',(1.,0.));
#1060 = ( GEOMETRIC_REPRESENTATION_CONTEXT(2) 
PARAMETRIC_REPRESENTATION_CONTEXT() REPRESENTATION_CONTEXT('2D SPACE',''
  ) );
#1061 = ORIENTED_EDGE('',*,*,#1062,.T.);
#1062 = EDGE_CURVE('',#1030,#1063,#1065,.T.);
#1063 = VERTEX_POINT('',#1064);
#1064 = CARTESIAN_POINT('',(235.74999927641,-37.31874999999,12.1));
#1065 = SURFACE_CURVE('',#1066,(#1071,#1078),.PCURVE_S1.);
#1066 = CIRCLE('',#1067,4.276316587267);
#1067 = AXIS2_PLACEMENT_3D('',#1068,#1069,#1070);
#1068 = CARTESIAN_POINT('',(235.72689501684,-33.0424958275,12.1));
#1069 = DIRECTION('',(0.,0.,1.));
#1070 = DIRECTION('',(-0.803913214043,-0.594746621922,0.));
#1071 = PCURVE('',#126,#1072);
#1072 = DEFINITIONAL_REPRESENTATION('',(#1073),#1077);
#1073 = CIRCLE('',#1074,4.276316587267);
#1074 = AXIS2_PLACEMENT_2D('',#1075,#1076);
#1075 = CARTESIAN_POINT('',(38.989996187301,39.697675650536));
#1076 = DIRECTION('',(-0.803913214043,-0.594746621922));
#1077 = ( GEOMETRIC_REPRESENTATION_CONTEXT(2) 
PARAMETRIC_REPRESENTATION_CONTEXT() REPRESENTATION_CONTEXT('2D SPACE',''
  ) );
#1078 = PCURVE('',#1079,#1084);
#1079 = CYLINDRICAL_SURFACE('',#1080,4.276316587267);
#1080 = AXIS2_PLACEMENT_3D('',#1081,#1082,#1083);
#1081 = CARTESIAN_POINT('',(235.72689501684,-33.0424958275,12.1));
#1082 = DIRECTION('',(-0.,-0.,-1.));
#1083 = DIRECTION('',(-0.803913214043,-0.594746621922,0.));
#1084 = DEFINITIONAL_REPRESENTATION('',(#1085),#1089);
#1085 = LINE('',#1086,#1087);
#1086 = CARTESIAN_POINT('',(-0.,0.));
#1087 = VECTOR('',#1088,1.);
#1088 = DIRECTION('',(-1.,0.));
#1089 = ( GEOMETRIC_REPRESENTATION_CONTEXT(2) 
PARAMETRIC_REPRESENTATION_CONTEXT() REPRESENTATION_CONTEXT('2D SPACE',''
  ) );
#1090 = ORIENTED_EDGE('',*,*,#1091,.T.);
#1091 = EDGE_CURVE('',#1063,#1092,#1094,.T.);
#1092 = VERTEX_POINT('',#1093);
#1093 = CARTESIAN_POINT('',(249.88132020485,-37.33738819394,12.1));
#1094 = SURFACE_CURVE('',#1095,(#1099,#1106),.PCURVE_S1.);
#1095 = LINE('',#1096,#1097);
#1096 = CARTESIAN_POINT('',(235.74999927641,-37.31874999999,12.1));
#1097 = VECTOR('',#1098,1.);
#1098 = DIRECTION('',(0.999999130216,-1.318926789066E-03,0.));
#1099 = PCURVE('',#126,#1100);
#1100 = DEFINITIONAL_REPRESENTATION('',(#1101),#1105);
#1101 = LINE('',#1102,#1103);
#1102 = CARTESIAN_POINT('',(39.013100446873,35.421421478048));
#1103 = VECTOR('',#1104,1.);
#1104 = DIRECTION('',(0.999999130216,-1.318926789066E-03));
#1105 = ( GEOMETRIC_REPRESENTATION_CONTEXT(2) 
PARAMETRIC_REPRESENTATION_CONTEXT() REPRESENTATION_CONTEXT('2D SPACE',''
  ) );
#1106 = PCURVE('',#1107,#1112);
#1107 = PLANE('',#1108);
#1108 = AXIS2_PLACEMENT_3D('',#1109,#1110,#1111);
#1109 = CARTESIAN_POINT('',(235.74999927641,-37.31874999999,12.1));
#1110 = DIRECTION('',(1.318926789066E-03,0.999999130216,-0.));
#1111 = DIRECTION('',(0.999999130216,-1.318926789066E-03,0.));
#1112 = DEFINITIONAL_REPRESENTATION('',(#1113),#1117);
#1113 = LINE('',#1114,#1115);
#1114 = CARTESIAN_POINT('',(0.,0.));
#1115 = VECTOR('',#1116,1.);
#1116 = DIRECTION('',(1.,0.));
#1117 = ( GEOMETRIC_REPRESENTATION_CONTEXT(2) 
PARAMETRIC_REPRESENTATION_CONTEXT() REPRESENTATION_CONTEXT('2D SPACE',''
  ) );
#1118 = ORIENTED_EDGE('',*,*,#1119,.T.);
#1119 = EDGE_CURVE('',#1092,#1120,#1122,.T.);
#1120 = VERTEX_POINT('',#1121);
#1121 = CARTESIAN_POINT('',(251.36801113554,-38.81390913459,12.1));
#1122 = SURFACE_CURVE('',#1123,(#1128,#1139),.PCURVE_S1.);
#1123 = CIRCLE('',#1124,1.755617466272);
#1124 = AXIS2_PLACEMENT_3D('',#1125,#1126,#1127);
#1125 = CARTESIAN_POINT('',(249.63194737965,-39.07520460597,12.1));
#1126 = DIRECTION('',(0.,0.,-1.));
#1127 = DIRECTION('',(0.142042802601,0.989860516552,0.));
#1128 = PCURVE('',#126,#1129);
#1129 = DEFINITIONAL_REPRESENTATION('',(#1130),#1138);
#1130 = ( BOUNDED_CURVE() B_SPLINE_CURVE(2,(#1131,#1132,#1133,#1134,
#1135,#1136,#1137),.UNSPECIFIED.,.T.,.F.) B_SPLINE_CURVE_WITH_KNOTS((1,2
    ,2,2,2,1),(-2.094395102393,0.,2.094395102393,4.188790204786,
6.28318530718,8.377580409573),.UNSPECIFIED.) CURVE() 
GEOMETRIC_REPRESENTATION_ITEM() RATIONAL_B_SPLINE_CURVE((1.,0.5,1.,0.5,
1.,0.5,1.)) REPRESENTATION_ITEM('') );
#1131 = CARTESIAN_POINT('',(53.144421375318,35.402783284099));
#1132 = CARTESIAN_POINT('',(56.154407695185,34.970856880817));
#1133 = CARTESIAN_POINT('',(54.275355297444,32.580095464409));
#1134 = CARTESIAN_POINT('',(52.396302899702,30.189334048001));
#1135 = CARTESIAN_POINT('',(51.265368977576,33.012021867691));
#1136 = CARTESIAN_POINT('',(50.13443505545,35.834709687382));
#1137 = CARTESIAN_POINT('',(53.144421375318,35.402783284099));
#1138 = ( GEOMETRIC_REPRESENTATION_CONTEXT(2) 
PARAMETRIC_REPRESENTATION_CONTEXT() REPRESENTATION_CONTEXT('2D SPACE',''
  ) );
#1139 = PCURVE('',#1140,#1145);
#1140 = CYLINDRICAL_SURFACE('',#1141,1.755617466272);
#1141 = AXIS2_PLACEMENT_3D('',#1142,#1143,#1144);
#1142 = CARTESIAN_POINT('',(249.63194737965,-39.07520460597,12.1));
#1143 = DIRECTION('',(0.,0.,-1.));
#1144 = DIRECTION('',(0.142042802601,0.989860516552,0.));
#1145 = DEFINITIONAL_REPRESENTATION('',(#1146),#1150);
#1146 = LINE('',#1147,#1148);
#1147 = CARTESIAN_POINT('',(0.,0.));
#1148 = VECTOR('',#1149,1.);
#1149 = DIRECTION('',(1.,0.));
#1150 = ( GEOMETRIC_REPRESENTATION_CONTEXT(2) 
PARAMETRIC_REPRESENTATION_CONTEXT() REPRESENTATION_CONTEXT('2D SPACE',''
  ) );
#1151 = ORIENTED_EDGE('',*,*,#1152,.T.);
#1152 = EDGE_CURVE('',#1120,#1153,#1155,.T.);
#1153 = VERTEX_POINT('',#1154);
#1154 = CARTESIAN_POINT('',(255.53293010634,-42.08124999999,12.1));
#1155 = SURFACE_CURVE('',#1156,(#1161,#1168),.PCURVE_S1.);
#1156 = CIRCLE('',#1157,4.25164791008);
#1157 = AXIS2_PLACEMENT_3D('',#1158,#1159,#1160);
#1158 = CARTESIAN_POINT('',(255.50417373265,-37.82969933909,12.1));
#1159 = DIRECTION('',(0.,0.,1.));
#1160 = DIRECTION('',(-0.972837517261,-0.23148901704,0.));
#1161 = PCURVE('',#126,#1162);
#1162 = DEFINITIONAL_REPRESENTATION('',(#1163),#1167);
#1163 = CIRCLE('',#1164,4.25164791008);
#1164 = AXIS2_PLACEMENT_2D('',#1165,#1166);
#1165 = CARTESIAN_POINT('',(58.767274903112,34.910472138953));
#1166 = DIRECTION('',(-0.972837517261,-0.23148901704));
#1167 = ( GEOMETRIC_REPRESENTATION_CONTEXT(2) 
PARAMETRIC_REPRESENTATION_CONTEXT() REPRESENTATION_CONTEXT('2D SPACE',''
  ) );
#1168 = PCURVE('',#1169,#1174);
#1169 = CYLINDRICAL_SURFACE('',#1170,4.25164791008);
#1170 = AXIS2_PLACEMENT_3D('',#1171,#1172,#1173);
#1171 = CARTESIAN_POINT('',(255.50417373265,-37.82969933909,12.1));
#1172 = DIRECTION('',(-0.,-0.,-1.));
#1173 = DIRECTION('',(-0.972837517261,-0.23148901704,0.));
#1174 = DEFINITIONAL_REPRESENTATION('',(#1175),#1179);
#1175 = LINE('',#1176,#1177);
#1176 = CARTESIAN_POINT('',(-0.,0.));
#1177 = VECTOR('',#1178,1.);
#1178 = DIRECTION('',(-1.,0.));
#1179 = ( GEOMETRIC_REPRESENTATION_CONTEXT(2) 
PARAMETRIC_REPRESENTATION_CONTEXT() REPRESENTATION_CONTEXT('2D SPACE',''
  ) );
#1180 = ORIENTED_EDGE('',*,*,#1181,.T.);
#1181 = EDGE_CURVE('',#1153,#1182,#1184,.T.);
#1182 = VERTEX_POINT('',#1183);
#1183 = CARTESIAN_POINT('',(263.507673135,-42.08581752897,12.1));
#1184 = SURFACE_CURVE('',#1185,(#1189,#1196),.PCURVE_S1.);
#1185 = LINE('',#1186,#1187);
#1186 = CARTESIAN_POINT('',(255.53293010634,-42.08124999999,12.1));
#1187 = VECTOR('',#1188,1.);
#1188 = DIRECTION('',(0.999999835979,-5.727492677011E-04,0.));
#1189 = PCURVE('',#126,#1190);
#1190 = DEFINITIONAL_REPRESENTATION('',(#1191),#1195);
#1191 = LINE('',#1192,#1193);
#1192 = CARTESIAN_POINT('',(58.796031276807,30.658921478046));
#1193 = VECTOR('',#1194,1.);
#1194 = DIRECTION('',(0.999999835979,-5.727492677011E-04));
#1195 = ( GEOMETRIC_REPRESENTATION_CONTEXT(2) 
PARAMETRIC_REPRESENTATION_CONTEXT() REPRESENTATION_CONTEXT('2D SPACE',''
  ) );
#1196 = PCURVE('',#1197,#1202);
#1197 = PLANE('',#1198);
#1198 = AXIS2_PLACEMENT_3D('',#1199,#1200,#1201);
#1199 = CARTESIAN_POINT('',(255.53293010634,-42.08124999999,12.1));
#1200 = DIRECTION('',(5.727492677011E-04,0.999999835979,-0.));
#1201 = DIRECTION('',(0.999999835979,-5.727492677011E-04,0.));
#1202 = DEFINITIONAL_REPRESENTATION('',(#1203),#1207);
#1203 = LINE('',#1204,#1205);
#1204 = CARTESIAN_POINT('',(0.,0.));
#1205 = VECTOR('',#1206,1.);
#1206 = DIRECTION('',(1.,0.));
#1207 = ( GEOMETRIC_REPRESENTATION_CONTEXT(2) 
PARAMETRIC_REPRESENTATION_CONTEXT() REPRESENTATION_CONTEXT('2D SPACE',''
  ) );
#1208 = ORIENTED_EDGE('',*,*,#1209,.T.);
#1209 = EDGE_CURVE('',#1182,#1210,#1212,.T.);
#1210 = VERTEX_POINT('',#1211);
#1211 = CARTESIAN_POINT('',(263.5,-39.33125,12.1));
#1212 = SURFACE_CURVE('',#1213,(#1217,#1223),.PCURVE_S1.);
#1213 = LINE('',#1214,#1215);
#1214 = CARTESIAN_POINT('',(263.54627263055,-55.94259405268,12.1));
#1215 = VECTOR('',#1216,1.);
#1216 = DIRECTION('',(-2.785593440065E-03,0.999996120227,0.));
#1217 = PCURVE('',#126,#1218);
#1218 = DEFINITIONAL_REPRESENTATION('',(#1219),#1222);
#1219 = B_SPLINE_CURVE_WITH_KNOTS('',1,(#1220,#1221),.UNSPECIFIED.,.F.,
  .F.,(2,2),(12.940011879435,16.611408501178),.PIECEWISE_BEZIER_KNOTS.);
#1220 = CARTESIAN_POINT('',(66.773328188807,29.737539100487));
#1221 = CARTESIAN_POINT('',(66.763101170461,33.408921478044));
#1222 = ( GEOMETRIC_REPRESENTATION_CONTEXT(2) 
PARAMETRIC_REPRESENTATION_CONTEXT() REPRESENTATION_CONTEXT('2D SPACE',''
  ) );
#1223 = PCURVE('',#1224,#1229);
#1224 = PLANE('',#1225);
#1225 = AXIS2_PLACEMENT_3D('',#1226,#1227,#1228);
#1226 = CARTESIAN_POINT('',(263.5,-39.33125,11.1));
#1227 = DIRECTION('',(0.999996120227,2.785593440065E-03,-0.));
#1228 = DIRECTION('',(2.785593440065E-03,-0.999996120227,0.));
#1229 = DEFINITIONAL_REPRESENTATION('',(#1230),#1233);
#1230 = B_SPLINE_CURVE_WITH_KNOTS('',1,(#1231,#1232),.UNSPECIFIED.,.F.,
  .F.,(2,2),(12.940011879435,16.611408501178),.PIECEWISE_BEZIER_KNOTS.);
#1231 = CARTESIAN_POINT('',(3.671396621743,-1.));
#1232 = CARTESIAN_POINT('',(0.,-1.));
#1233 = ( GEOMETRIC_REPRESENTATION_CONTEXT(2) 
PARAMETRIC_REPRESENTATION_CONTEXT() REPRESENTATION_CONTEXT('2D SPACE',''
  ) );
#1234 = ORIENTED_EDGE('',*,*,#1235,.T.);
#1235 = EDGE_CURVE('',#1210,#1236,#1238,.T.);
#1236 = VERTEX_POINT('',#1237);
#1237 = CARTESIAN_POINT('',(264.8774490225,-37.83666754522,12.1));
#1238 = SURFACE_CURVE('',#1239,(#1244,#1255),.PCURVE_S1.);
#1239 = CIRCLE('',#1240,1.500338035332);
#1240 = AXIS2_PLACEMENT_3D('',#1241,#1242,#1243);
#1241 = CARTESIAN_POINT('',(265.00033786526,-39.33196435609,12.1));
#1242 = DIRECTION('',(-0.,0.,-1.));
#1243 = DIRECTION('',(-8.190743676982E-02,0.996639940902,0.));
#1244 = PCURVE('',#126,#1245);
#1245 = DEFINITIONAL_REPRESENTATION('',(#1246),#1254);
#1246 = ( BOUNDED_CURVE() B_SPLINE_CURVE(2,(#1247,#1248,#1249,#1250,
#1251,#1252,#1253),.UNSPECIFIED.,.T.,.F.) B_SPLINE_CURVE_WITH_KNOTS((1,2
    ,2,2,2,1),(-2.094395102393,0.,2.094395102393,4.188790204786,
6.28318530718,8.377580409573),.UNSPECIFIED.) CURVE() 
GEOMETRIC_REPRESENTATION_ITEM() RATIONAL_B_SPLINE_CURVE((1.,0.5,1.,0.5,
1.,0.5,1.)) REPRESENTATION_ITEM('') );
#1247 = CARTESIAN_POINT('',(68.140550192968,34.903503932819));
#1248 = CARTESIAN_POINT('',(70.730480241786,35.116353652167));
#1249 = CARTESIAN_POINT('',(69.61984848152,32.766983576192));
#1250 = CARTESIAN_POINT('',(68.509216721255,30.417613500218));
#1251 = CARTESIAN_POINT('',(67.029918432703,32.554133856844));
#1252 = CARTESIAN_POINT('',(65.55062014415,34.690654213471));
#1253 = CARTESIAN_POINT('',(68.140550192968,34.903503932819));
#1254 = ( GEOMETRIC_REPRESENTATION_CONTEXT(2) 
PARAMETRIC_REPRESENTATION_CONTEXT() REPRESENTATION_CONTEXT('2D SPACE',''
  ) );
#1255 = PCURVE('',#1256,#1261);
#1256 = CYLINDRICAL_SURFACE('',#1257,1.500338035332);
#1257 = AXIS2_PLACEMENT_3D('',#1258,#1259,#1260);
#1258 = CARTESIAN_POINT('',(265.00033786526,-39.33196435609,11.1));
#1259 = DIRECTION('',(-0.,-0.,-1.));
#1260 = DIRECTION('',(-8.190743676982E-02,0.996639940902,0.));
#1261 = DEFINITIONAL_REPRESENTATION('',(#1262),#1266);
#1262 = LINE('',#1263,#1264);
#1263 = CARTESIAN_POINT('',(-6.28318530718,-1.));
#1264 = VECTOR('',#1265,1.);
#1265 = DIRECTION('',(1.,-0.));
#1266 = ( GEOMETRIC_REPRESENTATION_CONTEXT(2) 
PARAMETRIC_REPRESENTATION_CONTEXT() REPRESENTATION_CONTEXT('2D SPACE',''
  ) );
#1267 = ORIENTED_EDGE('',*,*,#1268,.T.);
#1268 = EDGE_CURVE('',#1236,#1269,#1271,.T.);
#1269 = VERTEX_POINT('',#1270);
#1270 = CARTESIAN_POINT('',(273.,-37.83125,12.1));
#1271 = SURFACE_CURVE('',#1272,(#1276,#1282),.PCURVE_S1.);
#1272 = LINE('',#1273,#1274);
#1273 = CARTESIAN_POINT('',(234.85682467948,-37.85669057623,12.1));
#1274 = VECTOR('',#1275,1.);
#1275 = DIRECTION('',(0.999999777572,6.669756872207E-04,-0.));
#1276 = PCURVE('',#126,#1277);
#1277 = DEFINITIONAL_REPRESENTATION('',(#1278),#1281);
#1278 = B_SPLINE_CURVE_WITH_KNOTS('',1,(#1279,#1280),.UNSPECIFIED.,.F.,
  .F.,(2,2),(30.020631020462,38.143183804641),.PIECEWISE_BEZIER_KNOTS.);
#1279 = CARTESIAN_POINT('',(68.140550192968,34.903503932819));
#1280 = CARTESIAN_POINT('',(76.263101170461,34.908921478044));
#1281 = ( GEOMETRIC_REPRESENTATION_CONTEXT(2) 
PARAMETRIC_REPRESENTATION_CONTEXT() REPRESENTATION_CONTEXT('2D SPACE',''
  ) );
#1282 = PCURVE('',#1283,#1288);
#1283 = PLANE('',#1284);
#1284 = AXIS2_PLACEMENT_3D('',#1285,#1286,#1287);
#1285 = CARTESIAN_POINT('',(273.,-37.83125,11.1));
#1286 = DIRECTION('',(6.669756872207E-04,-0.999999777572,0.));
#1287 = DIRECTION('',(-0.999999777572,-6.669756872207E-04,0.));
#1288 = DEFINITIONAL_REPRESENTATION('',(#1289),#1292);
#1289 = B_SPLINE_CURVE_WITH_KNOTS('',1,(#1290,#1291),.UNSPECIFIED.,.F.,
  .F.,(2,2),(30.020631020462,38.143183804641),.PIECEWISE_BEZIER_KNOTS.);
#1290 = CARTESIAN_POINT('',(8.122552784179,-1.));
#1291 = CARTESIAN_POINT('',(0.,-1.));
#1292 = ( GEOMETRIC_REPRESENTATION_CONTEXT(2) 
PARAMETRIC_REPRESENTATION_CONTEXT() REPRESENTATION_CONTEXT('2D SPACE',''
  ) );
#1293 = ORIENTED_EDGE('',*,*,#1294,.T.);
#1294 = EDGE_CURVE('',#1269,#1295,#1297,.T.);
#1295 = VERTEX_POINT('',#1296);
#1296 = CARTESIAN_POINT('',(274.48977298165,-39.15986762244,12.1));
#1297 = SURFACE_CURVE('',#1298,(#1303,#1314),.PCURVE_S1.);
#1298 = CIRCLE('',#1299,1.500413123523);
#1299 = AXIS2_PLACEMENT_3D('',#1300,#1301,#1302);
#1300 = CARTESIAN_POINT('',(272.99922747232,-39.33166292464,12.1));
#1301 = DIRECTION('',(0.,-0.,-1.));
#1302 = DIRECTION('',(0.993423401836,0.11449866674,-0.));
#1303 = PCURVE('',#126,#1304);
#1304 = DEFINITIONAL_REPRESENTATION('',(#1305),#1313);
#1305 = ( BOUNDED_CURVE() B_SPLINE_CURVE(2,(#1306,#1307,#1308,#1309,
#1310,#1311,#1312),.UNSPECIFIED.,.T.,.F.) B_SPLINE_CURVE_WITH_KNOTS((1,2
    ,2,2,2,1),(-2.094395102393,0.,2.094395102393,4.188790204786,
6.28318530718,8.377580409573),.UNSPECIFIED.) CURVE() 
GEOMETRIC_REPRESENTATION_ITEM() RATIONAL_B_SPLINE_CURVE((1.,0.5,1.,0.5,
1.,0.5,1.)) REPRESENTATION_ITEM('') );
#1306 = CARTESIAN_POINT('',(77.752874152116,33.580303855602));
#1307 = CARTESIAN_POINT('',(78.050432344032,30.998603302449));
#1308 = CARTESIAN_POINT('',(75.66583498408,32.031760625722));
#1309 = CARTESIAN_POINT('',(73.281237624127,33.064917948994));
#1310 = CARTESIAN_POINT('',(75.368276792163,34.613461178874));
#1311 = CARTESIAN_POINT('',(77.455315960199,36.162004408754));
#1312 = CARTESIAN_POINT('',(77.752874152116,33.580303855602));
#1313 = ( GEOMETRIC_REPRESENTATION_CONTEXT(2) 
PARAMETRIC_REPRESENTATION_CONTEXT() REPRESENTATION_CONTEXT('2D SPACE',''
  ) );
#1314 = PCURVE('',#1315,#1320);
#1315 = CYLINDRICAL_SURFACE('',#1316,1.500413123523);
#1316 = AXIS2_PLACEMENT_3D('',#1317,#1318,#1319);
#1317 = CARTESIAN_POINT('',(272.99922747232,-39.33166292464,11.1));
#1318 = DIRECTION('',(-0.,-0.,-1.));
#1319 = DIRECTION('',(0.993423401836,0.11449866674,-0.));
#1320 = DEFINITIONAL_REPRESENTATION('',(#1321),#1325);
#1321 = LINE('',#1322,#1323);
#1322 = CARTESIAN_POINT('',(-6.28318530718,-1.));
#1323 = VECTOR('',#1324,1.);
#1324 = DIRECTION('',(1.,-0.));
#1325 = ( GEOMETRIC_REPRESENTATION_CONTEXT(2) 
PARAMETRIC_REPRESENTATION_CONTEXT() REPRESENTATION_CONTEXT('2D SPACE',''
  ) );
#1326 = ORIENTED_EDGE('',*,*,#1327,.T.);
#1327 = EDGE_CURVE('',#1295,#1328,#1330,.T.);
#1328 = VERTEX_POINT('',#1329);
#1329 = CARTESIAN_POINT('',(274.49794105459,-42.09211219791,12.1));
#1330 = SURFACE_CURVE('',#1331,(#1335,#1341),.PCURVE_S1.);
#1331 = LINE('',#1332,#1333);
#1332 = CARTESIAN_POINT('',(274.54135518352,-57.67728692738,12.1));
#1333 = VECTOR('',#1334,1.);
#1334 = DIRECTION('',(2.785593440065E-03,-0.999996120227,0.));
#1335 = PCURVE('',#126,#1336);
#1336 = DEFINITIONAL_REPRESENTATION('',(#1337),#1340);
#1337 = B_SPLINE_CURVE_WITH_KNOTS('',1,(#1338,#1339),.UNSPECIFIED.,.F.,
  .F.,(2,2),(-18.5174911486,-14.84609452686),.PIECEWISE_BEZIER_KNOTS.);
#1338 = CARTESIAN_POINT('',(77.752874152116,33.580303855602));
#1339 = CARTESIAN_POINT('',(77.763101170461,29.908921478044));
#1340 = ( GEOMETRIC_REPRESENTATION_CONTEXT(2) 
PARAMETRIC_REPRESENTATION_CONTEXT() REPRESENTATION_CONTEXT('2D SPACE',''
  ) );
#1341 = PCURVE('',#1342,#1347);
#1342 = PLANE('',#1343);
#1343 = AXIS2_PLACEMENT_3D('',#1344,#1345,#1346);
#1344 = CARTESIAN_POINT('',(274.5,-42.83125,11.1));
#1345 = DIRECTION('',(-0.999996120227,-2.785593440065E-03,0.));
#1346 = DIRECTION('',(-2.785593440065E-03,0.999996120227,0.));
#1347 = DEFINITIONAL_REPRESENTATION('',(#1348),#1351);
#1348 = B_SPLINE_CURVE_WITH_KNOTS('',1,(#1349,#1350),.UNSPECIFIED.,.F.,
  .F.,(2,2),(-18.5174911486,-14.84609452686),.PIECEWISE_BEZIER_KNOTS.);
#1349 = CARTESIAN_POINT('',(3.671396621743,-1.));
#1350 = CARTESIAN_POINT('',(0.,-1.));
#1351 = ( GEOMETRIC_REPRESENTATION_CONTEXT(2) 
PARAMETRIC_REPRESENTATION_CONTEXT() REPRESENTATION_CONTEXT('2D SPACE',''
  ) );
#1352 = ORIENTED_EDGE('',*,*,#1353,.T.);
#1353 = EDGE_CURVE('',#1328,#1354,#1356,.T.);
#1354 = VERTEX_POINT('',#1355);
#1355 = CARTESIAN_POINT('',(287.85819161735,-42.09976427289,12.1));
#1356 = SURFACE_CURVE('',#1357,(#1361,#1368),.PCURVE_S1.);
#1357 = LINE('',#1358,#1359);
#1358 = CARTESIAN_POINT('',(255.53293010634,-42.08124999999,12.1));
#1359 = VECTOR('',#1360,1.);
#1360 = DIRECTION('',(0.999999835979,-5.727492677011E-04,0.));
#1361 = PCURVE('',#126,#1362);
#1362 = DEFINITIONAL_REPRESENTATION('',(#1363),#1367);
#1363 = LINE('',#1364,#1365);
#1364 = CARTESIAN_POINT('',(58.796031276807,30.658921478046));
#1365 = VECTOR('',#1366,1.);
#1366 = DIRECTION('',(0.999999835979,-5.727492677011E-04));
#1367 = ( GEOMETRIC_REPRESENTATION_CONTEXT(2) 
PARAMETRIC_REPRESENTATION_CONTEXT() REPRESENTATION_CONTEXT('2D SPACE',''
  ) );
#1368 = PCURVE('',#1197,#1369);
#1369 = DEFINITIONAL_REPRESENTATION('',(#1370),#1374);
#1370 = LINE('',#1371,#1372);
#1371 = CARTESIAN_POINT('',(0.,0.));
#1372 = VECTOR('',#1373,1.);
#1373 = DIRECTION('',(1.,0.));
#1374 = ( GEOMETRIC_REPRESENTATION_CONTEXT(2) 
PARAMETRIC_REPRESENTATION_CONTEXT() REPRESENTATION_CONTEXT('2D SPACE',''
  ) );
#1375 = ORIENTED_EDGE('',*,*,#1376,.T.);
#1376 = EDGE_CURVE('',#1354,#1377,#1379,.T.);
#1377 = VERTEX_POINT('',#1378);
#1378 = CARTESIAN_POINT('',(289.3625,-43.85027196991,12.1));
#1379 = SURFACE_CURVE('',#1380,(#1385,#1396),.PCURVE_S1.);
#1380 = CIRCLE('',#1381,1.751337237115);
#1381 = AXIS2_PLACEMENT_3D('',#1382,#1383,#1384);
#1382 = CARTESIAN_POINT('',(287.61124208746,-43.83360337955,12.1));
#1383 = DIRECTION('',(0.,0.,-1.));
#1384 = DIRECTION('',(0.141006269182,0.990008703018,0.));
#1385 = PCURVE('',#126,#1386);
#1386 = DEFINITIONAL_REPRESENTATION('',(#1387),#1395);
#1387 = ( BOUNDED_CURVE() B_SPLINE_CURVE(2,(#1388,#1389,#1390,#1391,
#1392,#1393,#1394),.UNSPECIFIED.,.T.,.F.) B_SPLINE_CURVE_WITH_KNOTS((1,2
    ,2,2,2,1),(-2.094395102393,0.,2.094395102393,4.188790204786,
6.28318530718,8.377580409573),.UNSPECIFIED.) CURVE() 
GEOMETRIC_REPRESENTATION_ITEM() RATIONAL_B_SPLINE_CURVE((1.,0.5,1.,0.5,
1.,0.5,1.)) REPRESENTATION_ITEM('') );
#1388 = CARTESIAN_POINT('',(91.121292787815,30.64040720515));
#1389 = CARTESIAN_POINT('',(94.124390212706,30.212678072485));
#1390 = CARTESIAN_POINT('',(92.252417205434,27.825783978822));
#1391 = CARTESIAN_POINT('',(90.380444198161,25.438889885159));
#1392 = CARTESIAN_POINT('',(89.249319780542,28.253513111488));
#1393 = CARTESIAN_POINT('',(88.118195362924,31.068136337816));
#1394 = CARTESIAN_POINT('',(91.121292787815,30.64040720515));
#1395 = ( GEOMETRIC_REPRESENTATION_CONTEXT(2) 
PARAMETRIC_REPRESENTATION_CONTEXT() REPRESENTATION_CONTEXT('2D SPACE',''
  ) );
#1396 = PCURVE('',#1397,#1402);
#1397 = CYLINDRICAL_SURFACE('',#1398,1.751337237115);
#1398 = AXIS2_PLACEMENT_3D('',#1399,#1400,#1401);
#1399 = CARTESIAN_POINT('',(287.61124208746,-43.83360337955,12.1));
#1400 = DIRECTION('',(0.,0.,-1.));
#1401 = DIRECTION('',(0.141006269182,0.990008703018,0.));
#1402 = DEFINITIONAL_REPRESENTATION('',(#1403),#1407);
#1403 = LINE('',#1404,#1405);
#1404 = CARTESIAN_POINT('',(0.,0.));
#1405 = VECTOR('',#1406,1.);
#1406 = DIRECTION('',(1.,0.));
#1407 = ( GEOMETRIC_REPRESENTATION_CONTEXT(2) 
PARAMETRIC_REPRESENTATION_CONTEXT() REPRESENTATION_CONTEXT('2D SPACE',''
  ) );
#1408 = ORIENTED_EDGE('',*,*,#1409,.T.);
#1409 = EDGE_CURVE('',#1377,#1410,#1412,.T.);
#1410 = VERTEX_POINT('',#1411);
#1411 = CARTESIAN_POINT('',(289.355092077,-66.40768104722,12.1));
#1412 = SURFACE_CURVE('',#1413,(#1417,#1424),.PCURVE_S1.);
#1413 = LINE('',#1414,#1415);
#1414 = CARTESIAN_POINT('',(289.3625,-43.85027196991,12.1));
#1415 = VECTOR('',#1416,1.);
#1416 = DIRECTION('',(-3.284030789964E-04,-0.999999946076,0.));
#1417 = PCURVE('',#126,#1418);
#1418 = DEFINITIONAL_REPRESENTATION('',(#1419),#1423);
#1419 = LINE('',#1420,#1421);
#1420 = CARTESIAN_POINT('',(92.625601170461,28.889899508134));
#1421 = VECTOR('',#1422,1.);
#1422 = DIRECTION('',(-3.284030789964E-04,-0.999999946076));
#1423 = ( GEOMETRIC_REPRESENTATION_CONTEXT(2) 
PARAMETRIC_REPRESENTATION_CONTEXT() REPRESENTATION_CONTEXT('2D SPACE',''
  ) );
#1424 = PCURVE('',#1425,#1430);
#1425 = PLANE('',#1426);
#1426 = AXIS2_PLACEMENT_3D('',#1427,#1428,#1429);
#1427 = CARTESIAN_POINT('',(289.3625,-43.85027196991,12.1));
#1428 = DIRECTION('',(0.999999946076,-3.284030789964E-04,0.));
#1429 = DIRECTION('',(-3.284030789964E-04,-0.999999946076,0.));
#1430 = DEFINITIONAL_REPRESENTATION('',(#1431),#1435);
#1431 = LINE('',#1432,#1433);
#1432 = CARTESIAN_POINT('',(0.,0.));
#1433 = VECTOR('',#1434,1.);
#1434 = DIRECTION('',(1.,0.));
#1435 = ( GEOMETRIC_REPRESENTATION_CONTEXT(2) 
PARAMETRIC_REPRESENTATION_CONTEXT() REPRESENTATION_CONTEXT('2D SPACE',''
  ) );
#1436 = ORIENTED_EDGE('',*,*,#1437,.T.);
#1437 = EDGE_CURVE('',#1410,#1438,#1440,.T.);
#1438 = VERTEX_POINT('',#1439);
#1439 = CARTESIAN_POINT('',(292.1125,-66.4,12.1));
#1440 = SURFACE_CURVE('',#1441,(#1445,#1451),.PCURVE_S1.);
#1441 = LINE('',#1442,#1443);
#1442 = CARTESIAN_POINT('',(244.41623891394,-66.53286290747,12.1));
#1443 = VECTOR('',#1444,1.);
#1444 = DIRECTION('',(0.999996120227,2.785593440069E-03,-0.));
#1445 = PCURVE('',#126,#1446);
#1446 = DEFINITIONAL_REPRESENTATION('',(#1447),#1450);
#1447 = B_SPLINE_CURVE_WITH_KNOTS('',1,(#1448,#1449),.UNSPECIFIED.,.F.,
  .F.,(2,2),(44.025049515689,47.696446137432),.PIECEWISE_BEZIER_KNOTS.);
#1448 = CARTESIAN_POINT('',(91.704218792904,6.329944459699));
#1449 = CARTESIAN_POINT('',(95.375601170461,6.340171478044));
#1450 = ( GEOMETRIC_REPRESENTATION_CONTEXT(2) 
PARAMETRIC_REPRESENTATION_CONTEXT() REPRESENTATION_CONTEXT('2D SPACE',''
  ) );
#1451 = PCURVE('',#1452,#1457);
#1452 = PLANE('',#1453);
#1453 = AXIS2_PLACEMENT_3D('',#1454,#1455,#1456);
#1454 = CARTESIAN_POINT('',(292.1125,-66.4,11.1));
#1455 = DIRECTION('',(2.785593440069E-03,-0.999996120227,0.));
#1456 = DIRECTION('',(-0.999996120227,-2.785593440069E-03,0.));
#1457 = DEFINITIONAL_REPRESENTATION('',(#1458),#1461);
#1458 = B_SPLINE_CURVE_WITH_KNOTS('',1,(#1459,#1460),.UNSPECIFIED.,.F.,
  .F.,(2,2),(44.025049515689,47.696446137432),.PIECEWISE_BEZIER_KNOTS.);
#1459 = CARTESIAN_POINT('',(3.671396621742,-1.));
#1460 = CARTESIAN_POINT('',(0.,-1.));
#1461 = ( GEOMETRIC_REPRESENTATION_CONTEXT(2) 
PARAMETRIC_REPRESENTATION_CONTEXT() REPRESENTATION_CONTEXT('2D SPACE',''
  ) );
#1462 = ORIENTED_EDGE('',*,*,#1463,.T.);
#1463 = EDGE_CURVE('',#1438,#1464,#1466,.T.);
#1464 = VERTEX_POINT('',#1465);
#1465 = CARTESIAN_POINT('',(293.60708245477,-67.7774490225,12.1));
#1466 = SURFACE_CURVE('',#1467,(#1472,#1483),.PCURVE_S1.);
#1467 = CIRCLE('',#1468,1.500338035332);
#1468 = AXIS2_PLACEMENT_3D('',#1469,#1470,#1471);
#1469 = CARTESIAN_POINT('',(292.1117856439,-67.90033786526,12.1));
#1470 = DIRECTION('',(0.,-0.,-1.));
#1471 = DIRECTION('',(0.996639940902,8.190743676996E-02,-0.));
#1472 = PCURVE('',#126,#1473);
#1473 = DEFINITIONAL_REPRESENTATION('',(#1474),#1482);
#1474 = ( BOUNDED_CURVE() B_SPLINE_CURVE(2,(#1475,#1476,#1477,#1478,
#1479,#1480,#1481),.UNSPECIFIED.,.T.,.F.) B_SPLINE_CURVE_WITH_KNOTS((1,2
    ,2,2,2,1),(-2.094395102393,0.,2.094395102393,4.188790204786,
6.28318530718,8.377580409573),.UNSPECIFIED.) CURVE() 
GEOMETRIC_REPRESENTATION_ITEM() RATIONAL_B_SPLINE_CURVE((1.,0.5,1.,0.5,
1.,0.5,1.)) REPRESENTATION_ITEM('') );
#1475 = CARTESIAN_POINT('',(96.870183625236,4.962722455538));
#1476 = CARTESIAN_POINT('',(97.083033344584,2.37279240672));
#1477 = CARTESIAN_POINT('',(94.733663268609,3.483424166985));
#1478 = CARTESIAN_POINT('',(92.384293192635,4.59405592725));
#1479 = CARTESIAN_POINT('',(94.520813549261,6.073354215803));
#1480 = CARTESIAN_POINT('',(96.657333905888,7.552652504355));
#1481 = CARTESIAN_POINT('',(96.870183625236,4.962722455538));
#1482 = ( GEOMETRIC_REPRESENTATION_CONTEXT(2) 
PARAMETRIC_REPRESENTATION_CONTEXT() REPRESENTATION_CONTEXT('2D SPACE',''
  ) );
#1483 = PCURVE('',#1484,#1489);
#1484 = CYLINDRICAL_SURFACE('',#1485,1.500338035332);
#1485 = AXIS2_PLACEMENT_3D('',#1486,#1487,#1488);
#1486 = CARTESIAN_POINT('',(292.1117856439,-67.90033786526,11.1));
#1487 = DIRECTION('',(-0.,-0.,-1.));
#1488 = DIRECTION('',(0.996639940902,8.190743676996E-02,-0.));
#1489 = DEFINITIONAL_REPRESENTATION('',(#1490),#1494);
#1490 = LINE('',#1491,#1492);
#1491 = CARTESIAN_POINT('',(-6.28318530718,-1.));
#1492 = VECTOR('',#1493,1.);
#1493 = DIRECTION('',(1.,-0.));
#1494 = ( GEOMETRIC_REPRESENTATION_CONTEXT(2) 
PARAMETRIC_REPRESENTATION_CONTEXT() REPRESENTATION_CONTEXT('2D SPACE',''
  ) );
#1495 = ORIENTED_EDGE('',*,*,#1496,.T.);
#1496 = EDGE_CURVE('',#1464,#1497,#1499,.T.);
#1497 = VERTEX_POINT('',#1498);
#1498 = CARTESIAN_POINT('',(293.6125,-75.9,12.1));
#1499 = SURFACE_CURVE('',#1500,(#1504,#1510),.PCURVE_S1.);
#1500 = LINE('',#1501,#1502);
#1501 = CARTESIAN_POINT('',(293.61142468796,-74.28777961371,12.1));
#1502 = VECTOR('',#1503,1.);
#1503 = DIRECTION('',(6.669756872276E-04,-0.999999777572,0.));
#1504 = PCURVE('',#126,#1505);
#1505 = DEFINITIONAL_REPRESENTATION('',(#1506),#1509);
#1506 = B_SPLINE_CURVE_WITH_KNOTS('',1,(#1507,#1508),.UNSPECIFIED.,.F.,
  .F.,(2,2),(-6.510332039286,1.612220744893),.PIECEWISE_BEZIER_KNOTS.);
#1507 = CARTESIAN_POINT('',(96.870183625236,4.962722455538));
#1508 = CARTESIAN_POINT('',(96.875601170461,-3.159828521956));
#1509 = ( GEOMETRIC_REPRESENTATION_CONTEXT(2) 
PARAMETRIC_REPRESENTATION_CONTEXT() REPRESENTATION_CONTEXT('2D SPACE',''
  ) );
#1510 = PCURVE('',#1511,#1516);
#1511 = PLANE('',#1512);
#1512 = AXIS2_PLACEMENT_3D('',#1513,#1514,#1515);
#1513 = CARTESIAN_POINT('',(293.6125,-75.9,11.1));
#1514 = DIRECTION('',(-0.999999777572,-6.669756872276E-04,0.));
#1515 = DIRECTION('',(-6.669756872276E-04,0.999999777572,0.));
#1516 = DEFINITIONAL_REPRESENTATION('',(#1517),#1520);
#1517 = B_SPLINE_CURVE_WITH_KNOTS('',1,(#1518,#1519),.UNSPECIFIED.,.F.,
  .F.,(2,2),(-6.510332039286,1.612220744893),.PIECEWISE_BEZIER_KNOTS.);
#1518 = CARTESIAN_POINT('',(8.122552784179,-1.));
#1519 = CARTESIAN_POINT('',(0.,-1.));
#1520 = ( GEOMETRIC_REPRESENTATION_CONTEXT(2) 
PARAMETRIC_REPRESENTATION_CONTEXT() REPRESENTATION_CONTEXT('2D SPACE',''
  ) );
#1521 = ORIENTED_EDGE('',*,*,#1522,.T.);
#1522 = EDGE_CURVE('',#1497,#1523,#1525,.T.);
#1523 = VERTEX_POINT('',#1524);
#1524 = CARTESIAN_POINT('',(292.28388237755,-77.38977298165,12.1));
#1525 = SURFACE_CURVE('',#1526,(#1531,#1542),.PCURVE_S1.);
#1526 = CIRCLE('',#1527,1.500413123523);
#1527 = AXIS2_PLACEMENT_3D('',#1528,#1529,#1530);
#1528 = CARTESIAN_POINT('',(292.11208707535,-75.89922747232,12.1));
#1529 = DIRECTION('',(0.,-0.,-1.));
#1530 = DIRECTION('',(0.11449866674,-0.993423401836,0.));
#1531 = PCURVE('',#126,#1532);
#1532 = DEFINITIONAL_REPRESENTATION('',(#1533),#1541);
#1533 = ( BOUNDED_CURVE() B_SPLINE_CURVE(2,(#1534,#1535,#1536,#1537,
#1538,#1539,#1540),.UNSPECIFIED.,.T.,.F.) B_SPLINE_CURVE_WITH_KNOTS((1,2
    ,2,2,2,1),(-2.094395102393,0.,2.094395102393,4.188790204786,
6.28318530718,8.377580409573),.UNSPECIFIED.) CURVE() 
GEOMETRIC_REPRESENTATION_ITEM() RATIONAL_B_SPLINE_CURVE((1.,0.5,1.,0.5,
1.,0.5,1.)) REPRESENTATION_ITEM('') );
#1534 = CARTESIAN_POINT('',(95.546983548018,-4.64960150361));
#1535 = CARTESIAN_POINT('',(92.965282994866,-4.947159695526));
#1536 = CARTESIAN_POINT('',(93.998440318139,-2.562562335574));
#1537 = CARTESIAN_POINT('',(95.031597641412,-0.177964975622));
#1538 = CARTESIAN_POINT('',(96.580140871291,-2.265004143658));
#1539 = CARTESIAN_POINT('',(98.128684101171,-4.352043311694));
#1540 = CARTESIAN_POINT('',(95.546983548018,-4.64960150361));
#1541 = ( GEOMETRIC_REPRESENTATION_CONTEXT(2) 
PARAMETRIC_REPRESENTATION_CONTEXT() REPRESENTATION_CONTEXT('2D SPACE',''
  ) );
#1542 = PCURVE('',#1543,#1548);
#1543 = CYLINDRICAL_SURFACE('',#1544,1.500413123523);
#1544 = AXIS2_PLACEMENT_3D('',#1545,#1546,#1547);
#1545 = CARTESIAN_POINT('',(292.11208707535,-75.89922747232,11.1));
#1546 = DIRECTION('',(-0.,-0.,-1.));
#1547 = DIRECTION('',(0.11449866674,-0.993423401836,0.));
#1548 = DEFINITIONAL_REPRESENTATION('',(#1549),#1553);
#1549 = LINE('',#1550,#1551);
#1550 = CARTESIAN_POINT('',(-6.28318530718,-1.));
#1551 = VECTOR('',#1552,1.);
#1552 = DIRECTION('',(1.,-0.));
#1553 = ( GEOMETRIC_REPRESENTATION_CONTEXT(2) 
PARAMETRIC_REPRESENTATION_CONTEXT() REPRESENTATION_CONTEXT('2D SPACE',''
  ) );
#1554 = ORIENTED_EDGE('',*,*,#1555,.T.);
#1555 = EDGE_CURVE('',#1523,#1556,#1558,.T.);
#1556 = VERTEX_POINT('',#1557);
#1557 = CARTESIAN_POINT('',(289.35148284144,-77.39794148625,12.1));
#1558 = SURFACE_CURVE('',#1559,(#1563,#1569),.PCURVE_S1.);
#1559 = LINE('',#1560,#1561);
#1560 = CARTESIAN_POINT('',(242.68154603924,-77.52794546044,12.1));
#1561 = VECTOR('',#1562,1.);
#1562 = DIRECTION('',(-0.999996120227,-2.785593440069E-03,0.));
#1563 = PCURVE('',#126,#1564);
#1564 = DEFINITIONAL_REPRESENTATION('',(#1565),#1568);
#1565 = B_SPLINE_CURVE_WITH_KNOTS('',1,(#1566,#1567),.UNSPECIFIED.,.F.,
  .F.,(2,2),(-49.60252878485,-45.93113216311),.PIECEWISE_BEZIER_KNOTS.);
#1566 = CARTESIAN_POINT('',(95.546983548018,-4.64960150361));
#1567 = CARTESIAN_POINT('',(91.875601170461,-4.659828521956));
#1568 = ( GEOMETRIC_REPRESENTATION_CONTEXT(2) 
PARAMETRIC_REPRESENTATION_CONTEXT() REPRESENTATION_CONTEXT('2D SPACE',''
  ) );
#1569 = PCURVE('',#1570,#1575);
#1570 = PLANE('',#1571);
#1571 = AXIS2_PLACEMENT_3D('',#1572,#1573,#1574);
#1572 = CARTESIAN_POINT('',(288.6125,-77.4,11.1));
#1573 = DIRECTION('',(-2.785593440069E-03,0.999996120227,0.));
#1574 = DIRECTION('',(0.999996120227,2.785593440069E-03,0.));
#1575 = DEFINITIONAL_REPRESENTATION('',(#1576),#1579);
#1576 = B_SPLINE_CURVE_WITH_KNOTS('',1,(#1577,#1578),.UNSPECIFIED.,.F.,
  .F.,(2,2),(-49.60252878485,-45.93113216311),.PIECEWISE_BEZIER_KNOTS.);
#1577 = CARTESIAN_POINT('',(3.671396621742,-1.));
#1578 = CARTESIAN_POINT('',(0.,-1.));
#1579 = ( GEOMETRIC_REPRESENTATION_CONTEXT(2) 
PARAMETRIC_REPRESENTATION_CONTEXT() REPRESENTATION_CONTEXT('2D SPACE',''
  ) );
#1580 = ORIENTED_EDGE('',*,*,#1581,.T.);
#1581 = EDGE_CURVE('',#1556,#1582,#1584,.T.);
#1582 = VERTEX_POINT('',#1583);
#1583 = CARTESIAN_POINT('',(289.3439857271,-100.2269416173,12.1));
#1584 = SURFACE_CURVE('',#1585,(#1589,#1596),.PCURVE_S1.);
#1585 = LINE('',#1586,#1587);
#1586 = CARTESIAN_POINT('',(289.3625,-43.85027196991,12.1));
#1587 = VECTOR('',#1588,1.);
#1588 = DIRECTION('',(-3.284030789964E-04,-0.999999946076,0.));
#1589 = PCURVE('',#126,#1590);
#1590 = DEFINITIONAL_REPRESENTATION('',(#1591),#1595);
#1591 = LINE('',#1592,#1593);
#1592 = CARTESIAN_POINT('',(92.625601170461,28.889899508134));
#1593 = VECTOR('',#1594,1.);
#1594 = DIRECTION('',(-3.284030789964E-04,-0.999999946076));
#1595 = ( GEOMETRIC_REPRESENTATION_CONTEXT(2) 
PARAMETRIC_REPRESENTATION_CONTEXT() REPRESENTATION_CONTEXT('2D SPACE',''
  ) );
#1596 = PCURVE('',#1425,#1597);
#1597 = DEFINITIONAL_REPRESENTATION('',(#1598),#1602);
#1598 = LINE('',#1599,#1600);
#1599 = CARTESIAN_POINT('',(0.,0.));
#1600 = VECTOR('',#1601,1.);
#1601 = DIRECTION('',(1.,0.));
#1602 = ( GEOMETRIC_REPRESENTATION_CONTEXT(2) 
PARAMETRIC_REPRESENTATION_CONTEXT() REPRESENTATION_CONTEXT('2D SPACE',''
  ) );
#1603 = ORIENTED_EDGE('',*,*,#1604,.T.);
#1604 = EDGE_CURVE('',#1582,#1605,#1607,.T.);
#1605 = VERTEX_POINT('',#1606);
#1606 = CARTESIAN_POINT('',(287.5934780302,-101.73125,12.1));
#1607 = SURFACE_CURVE('',#1608,(#1613,#1624),.PCURVE_S1.);
#1608 = CIRCLE('',#1609,1.751337237113);
#1609 = AXIS2_PLACEMENT_3D('',#1610,#1611,#1612);
#1610 = CARTESIAN_POINT('',(287.61014662044,-99.97999208747,12.1));
#1611 = DIRECTION('',(0.,0.,-1.));
#1612 = DIRECTION('',(0.990008703018,-0.141006269182,0.));
#1613 = PCURVE('',#126,#1614);
#1614 = DEFINITIONAL_REPRESENTATION('',(#1615),#1623);
#1615 = ( BOUNDED_CURVE() B_SPLINE_CURVE(2,(#1616,#1617,#1618,#1619,
#1620,#1621,#1622),.UNSPECIFIED.,.T.,.F.) B_SPLINE_CURVE_WITH_KNOTS((1,2
    ,2,2,2,1),(-2.094395102393,0.,2.094395102393,4.188790204786,
6.28318530718,8.377580409573),.UNSPECIFIED.) CURVE() 
GEOMETRIC_REPRESENTATION_ITEM() RATIONAL_B_SPLINE_CURVE((1.,0.5,1.,0.5,
1.,0.5,1.)) REPRESENTATION_ITEM('') );
#1616 = CARTESIAN_POINT('',(92.607086897567,-27.48677013931));
#1617 = CARTESIAN_POINT('',(92.179357764902,-30.48986756419));
#1618 = CARTESIAN_POINT('',(89.792463671243,-28.61789455692));
#1619 = CARTESIAN_POINT('',(87.405569577584,-26.74592154965));
#1620 = CARTESIAN_POINT('',(90.220192803908,-25.61479713204));
#1621 = CARTESIAN_POINT('',(93.034816030232,-24.48367271442));
#1622 = CARTESIAN_POINT('',(92.607086897567,-27.48677013931));
#1623 = ( GEOMETRIC_REPRESENTATION_CONTEXT(2) 
PARAMETRIC_REPRESENTATION_CONTEXT() REPRESENTATION_CONTEXT('2D SPACE',''
  ) );
#1624 = PCURVE('',#1625,#1630);
#1625 = CYLINDRICAL_SURFACE('',#1626,1.751337237113);
#1626 = AXIS2_PLACEMENT_3D('',#1627,#1628,#1629);
#1627 = CARTESIAN_POINT('',(287.61014662044,-99.97999208747,12.1));
#1628 = DIRECTION('',(0.,0.,-1.));
#1629 = DIRECTION('',(0.990008703018,-0.141006269182,0.));
#1630 = DEFINITIONAL_REPRESENTATION('',(#1631),#1635);
#1631 = LINE('',#1632,#1633);
#1632 = CARTESIAN_POINT('',(0.,0.));
#1633 = VECTOR('',#1634,1.);
#1634 = DIRECTION('',(1.,0.));
#1635 = ( GEOMETRIC_REPRESENTATION_CONTEXT(2) 
PARAMETRIC_REPRESENTATION_CONTEXT() REPRESENTATION_CONTEXT('2D SPACE',''
  ) );
#1636 = ORIENTED_EDGE('',*,*,#1637,.T.);
#1637 = EDGE_CURVE('',#1605,#1638,#1640,.T.);
#1638 = VERTEX_POINT('',#1639);
#1639 = CARTESIAN_POINT('',(274.49232142549,-101.7247297539,12.1));
#1640 = SURFACE_CURVE('',#1641,(#1645,#1652),.PCURVE_S1.);
#1641 = LINE('',#1642,#1643);
#1642 = CARTESIAN_POINT('',(287.5934780302,-101.73125,12.1));
#1643 = VECTOR('',#1644,1.);
#1644 = DIRECTION('',(-0.999999876155,4.976847009857E-04,0.));
#1645 = PCURVE('',#126,#1646);
#1646 = DEFINITIONAL_REPRESENTATION('',(#1647),#1651);
#1647 = LINE('',#1648,#1649);
#1648 = CARTESIAN_POINT('',(90.856579200669,-28.99107852195));
#1649 = VECTOR('',#1650,1.);
#1650 = DIRECTION('',(-0.999999876155,4.976847009857E-04));
#1651 = ( GEOMETRIC_REPRESENTATION_CONTEXT(2) 
PARAMETRIC_REPRESENTATION_CONTEXT() REPRESENTATION_CONTEXT('2D SPACE',''
  ) );
#1652 = PCURVE('',#1653,#1658);
#1653 = PLANE('',#1654);
#1654 = AXIS2_PLACEMENT_3D('',#1655,#1656,#1657);
#1655 = CARTESIAN_POINT('',(287.5934780302,-101.73125,12.1));
#1656 = DIRECTION('',(-4.976847009857E-04,-0.999999876155,0.));
#1657 = DIRECTION('',(-0.999999876155,4.976847009857E-04,0.));
#1658 = DEFINITIONAL_REPRESENTATION('',(#1659),#1663);
#1659 = LINE('',#1660,#1661);
#1660 = CARTESIAN_POINT('',(0.,0.));
#1661 = VECTOR('',#1662,1.);
#1662 = DIRECTION('',(1.,0.));
#1663 = ( GEOMETRIC_REPRESENTATION_CONTEXT(2) 
PARAMETRIC_REPRESENTATION_CONTEXT() REPRESENTATION_CONTEXT('2D SPACE',''
  ) );
#1664 = ORIENTED_EDGE('',*,*,#1665,.T.);
#1665 = EDGE_CURVE('',#1638,#1666,#1668,.T.);
#1666 = VERTEX_POINT('',#1667);
#1667 = CARTESIAN_POINT('',(274.5,-104.48125,12.1));
#1668 = SURFACE_CURVE('',#1669,(#1673,#1679),.PCURVE_S1.);
#1669 = LINE('',#1670,#1671);
#1670 = CARTESIAN_POINT('',(274.45548959887,-88.50252611492,12.1));
#1671 = VECTOR('',#1672,1.);
#1672 = DIRECTION('',(2.785593440065E-03,-0.999996120227,0.));
#1673 = PCURVE('',#126,#1674);
#1674 = DEFINITIONAL_REPRESENTATION('',(#1675),#1678);
#1675 = B_SPLINE_CURVE_WITH_KNOTS('',1,(#1676,#1677),.UNSPECIFIED.,.F.,
  .F.,(2,2),(12.307389257396,15.978785879139),.PIECEWISE_BEZIER_KNOTS.);
#1676 = CARTESIAN_POINT('',(77.752874152116,-28.06969614439));
#1677 = CARTESIAN_POINT('',(77.763101170461,-31.74107852195));
#1678 = ( GEOMETRIC_REPRESENTATION_CONTEXT(2) 
PARAMETRIC_REPRESENTATION_CONTEXT() REPRESENTATION_CONTEXT('2D SPACE',''
  ) );
#1679 = PCURVE('',#1680,#1685);
#1680 = PLANE('',#1681);
#1681 = AXIS2_PLACEMENT_3D('',#1682,#1683,#1684);
#1682 = CARTESIAN_POINT('',(274.5,-104.48125,11.1));
#1683 = DIRECTION('',(-0.999996120227,-2.785593440065E-03,0.));
#1684 = DIRECTION('',(-2.785593440065E-03,0.999996120227,0.));
#1685 = DEFINITIONAL_REPRESENTATION('',(#1686),#1689);
#1686 = B_SPLINE_CURVE_WITH_KNOTS('',1,(#1687,#1688),.UNSPECIFIED.,.F.,
  .F.,(2,2),(12.307389257396,15.978785879139),.PIECEWISE_BEZIER_KNOTS.);
#1687 = CARTESIAN_POINT('',(3.671396621743,-1.));
#1688 = CARTESIAN_POINT('',(0.,-1.));
#1689 = ( GEOMETRIC_REPRESENTATION_CONTEXT(2) 
PARAMETRIC_REPRESENTATION_CONTEXT() REPRESENTATION_CONTEXT('2D SPACE',''
  ) );
#1690 = ORIENTED_EDGE('',*,*,#1691,.T.);
#1691 = EDGE_CURVE('',#1666,#1692,#1694,.T.);
#1692 = VERTEX_POINT('',#1693);
#1693 = CARTESIAN_POINT('',(273.12255097749,-105.9758324547,12.1));
#1694 = SURFACE_CURVE('',#1695,(#1700,#1711),.PCURVE_S1.);
#1695 = CIRCLE('',#1696,1.500338035332);
#1696 = AXIS2_PLACEMENT_3D('',#1697,#1698,#1699);
#1697 = CARTESIAN_POINT('',(272.99966213473,-104.4805356439,12.1));
#1698 = DIRECTION('',(0.,-0.,-1.));
#1699 = DIRECTION('',(8.190743676989E-02,-0.996639940902,0.));
#1700 = PCURVE('',#126,#1701);
#1701 = DEFINITIONAL_REPRESENTATION('',(#1702),#1710);
#1702 = ( BOUNDED_CURVE() B_SPLINE_CURVE(2,(#1703,#1704,#1705,#1706,
#1707,#1708,#1709),.UNSPECIFIED.,.T.,.F.) B_SPLINE_CURVE_WITH_KNOTS((1,2
    ,2,2,2,1),(-2.094395102393,0.,2.094395102393,4.188790204786,
6.28318530718,8.377580409573),.UNSPECIFIED.) CURVE() 
GEOMETRIC_REPRESENTATION_ITEM() RATIONAL_B_SPLINE_CURVE((1.,0.5,1.,0.5,
1.,0.5,1.)) REPRESENTATION_ITEM('') );
#1703 = CARTESIAN_POINT('',(76.385652147954,-33.23566097673));
#1704 = CARTESIAN_POINT('',(73.795722099137,-33.44851069607));
#1705 = CARTESIAN_POINT('',(74.906353859402,-31.0991406201));
#1706 = CARTESIAN_POINT('',(76.016985619667,-28.74977054412));
#1707 = CARTESIAN_POINT('',(77.49628390822,-30.88629090075));
#1708 = CARTESIAN_POINT('',(78.975582196772,-33.02281125738));
#1709 = CARTESIAN_POINT('',(76.385652147954,-33.23566097673));
#1710 = ( GEOMETRIC_REPRESENTATION_CONTEXT(2) 
PARAMETRIC_REPRESENTATION_CONTEXT() REPRESENTATION_CONTEXT('2D SPACE',''
  ) );
#1711 = PCURVE('',#1712,#1717);
#1712 = CYLINDRICAL_SURFACE('',#1713,1.500338035332);
#1713 = AXIS2_PLACEMENT_3D('',#1714,#1715,#1716);
#1714 = CARTESIAN_POINT('',(272.99966213473,-104.4805356439,11.1));
#1715 = DIRECTION('',(-0.,-0.,-1.));
#1716 = DIRECTION('',(8.190743676989E-02,-0.996639940902,0.));
#1717 = DEFINITIONAL_REPRESENTATION('',(#1718),#1722);
#1718 = LINE('',#1719,#1720);
#1719 = CARTESIAN_POINT('',(-6.28318530718,-1.));
#1720 = VECTOR('',#1721,1.);
#1721 = DIRECTION('',(1.,-0.));
#1722 = ( GEOMETRIC_REPRESENTATION_CONTEXT(2) 
PARAMETRIC_REPRESENTATION_CONTEXT() REPRESENTATION_CONTEXT('2D SPACE',''
  ) );
#1723 = ORIENTED_EDGE('',*,*,#1724,.T.);
#1724 = EDGE_CURVE('',#1692,#1725,#1727,.T.);
#1725 = VERTEX_POINT('',#1726);
#1726 = CARTESIAN_POINT('',(265.,-105.98125,12.1));
#1727 = SURFACE_CURVE('',#1728,(#1732,#1738),.PCURVE_S1.);
#1728 = LINE('',#1729,#1730);
#1729 = CARTESIAN_POINT('',(230.87955009154,-106.0040075155,12.1));
#1730 = VECTOR('',#1731,1.);
#1731 = DIRECTION('',(-0.999999777572,-6.669756872224E-04,0.));
#1732 = PCURVE('',#126,#1733);
#1733 = DEFINITIONAL_REPRESENTATION('',(#1734),#1737);
#1734 = B_SPLINE_CURVE_WITH_KNOTS('',1,(#1735,#1736),.UNSPECIFIED.,.F.,
  .F.,(2,2),(-42.24301028199,-34.12045749781),.PIECEWISE_BEZIER_KNOTS.);
#1735 = CARTESIAN_POINT('',(76.385652147954,-33.23566097673));
#1736 = CARTESIAN_POINT('',(68.263101170461,-33.24107852195));
#1737 = ( GEOMETRIC_REPRESENTATION_CONTEXT(2) 
PARAMETRIC_REPRESENTATION_CONTEXT() REPRESENTATION_CONTEXT('2D SPACE',''
  ) );
#1738 = PCURVE('',#1739,#1744);
#1739 = PLANE('',#1740);
#1740 = AXIS2_PLACEMENT_3D('',#1741,#1742,#1743);
#1741 = CARTESIAN_POINT('',(265.,-105.98125,11.1));
#1742 = DIRECTION('',(-6.669756872224E-04,0.999999777572,0.));
#1743 = DIRECTION('',(0.999999777572,6.669756872224E-04,0.));
#1744 = DEFINITIONAL_REPRESENTATION('',(#1745),#1748);
#1745 = B_SPLINE_CURVE_WITH_KNOTS('',1,(#1746,#1747),.UNSPECIFIED.,.F.,
  .F.,(2,2),(-42.24301028199,-34.12045749781),.PIECEWISE_BEZIER_KNOTS.);
#1746 = CARTESIAN_POINT('',(8.122552784179,-1.));
#1747 = CARTESIAN_POINT('',(0.,-1.));
#1748 = ( GEOMETRIC_REPRESENTATION_CONTEXT(2) 
PARAMETRIC_REPRESENTATION_CONTEXT() REPRESENTATION_CONTEXT('2D SPACE',''
  ) );
#1749 = ORIENTED_EDGE('',*,*,#1750,.T.);
#1750 = EDGE_CURVE('',#1725,#1751,#1753,.T.);
#1751 = VERTEX_POINT('',#1752);
#1752 = CARTESIAN_POINT('',(263.51022701834,-104.6526323775,12.1));
#1753 = SURFACE_CURVE('',#1754,(#1759,#1770),.PCURVE_S1.);
#1754 = CIRCLE('',#1755,1.500413123523);
#1755 = AXIS2_PLACEMENT_3D('',#1756,#1757,#1758);
#1756 = CARTESIAN_POINT('',(265.00077252767,-104.4808370753,12.1));
#1757 = DIRECTION('',(-0.,0.,-1.));
#1758 = DIRECTION('',(-0.993423401836,-0.11449866674,0.));
#1759 = PCURVE('',#126,#1760);
#1760 = DEFINITIONAL_REPRESENTATION('',(#1761),#1769);
#1761 = ( BOUNDED_CURVE() B_SPLINE_CURVE(2,(#1762,#1763,#1764,#1765,
#1766,#1767,#1768),.UNSPECIFIED.,.T.,.F.) B_SPLINE_CURVE_WITH_KNOTS((1,2
    ,2,2,2,1),(-2.094395102393,0.,2.094395102393,4.188790204786,
6.28318530718,8.377580409573),.UNSPECIFIED.) CURVE() 
GEOMETRIC_REPRESENTATION_ITEM() RATIONAL_B_SPLINE_CURVE((1.,0.5,1.,0.5,
1.,0.5,1.)) REPRESENTATION_ITEM('') );
#1762 = CARTESIAN_POINT('',(66.773328188807,-31.91246089951));
#1763 = CARTESIAN_POINT('',(66.47576999689,-29.33076034636));
#1764 = CARTESIAN_POINT('',(68.860367356842,-30.36391766963));
#1765 = CARTESIAN_POINT('',(71.244964716795,-31.3970749929));
#1766 = CARTESIAN_POINT('',(69.157925548759,-32.94561822278));
#1767 = CARTESIAN_POINT('',(67.070886380723,-34.49416145266));
#1768 = CARTESIAN_POINT('',(66.773328188807,-31.91246089951));
#1769 = ( GEOMETRIC_REPRESENTATION_CONTEXT(2) 
PARAMETRIC_REPRESENTATION_CONTEXT() REPRESENTATION_CONTEXT('2D SPACE',''
  ) );
#1770 = PCURVE('',#1771,#1776);
#1771 = CYLINDRICAL_SURFACE('',#1772,1.500413123523);
#1772 = AXIS2_PLACEMENT_3D('',#1773,#1774,#1775);
#1773 = CARTESIAN_POINT('',(265.00077252767,-104.4808370753,11.1));
#1774 = DIRECTION('',(-0.,-0.,-1.));
#1775 = DIRECTION('',(-0.993423401836,-0.11449866674,0.));
#1776 = DEFINITIONAL_REPRESENTATION('',(#1777),#1781);
#1777 = LINE('',#1778,#1779);
#1778 = CARTESIAN_POINT('',(-6.28318530718,-1.));
#1779 = VECTOR('',#1780,1.);
#1780 = DIRECTION('',(1.,-0.));
#1781 = ( GEOMETRIC_REPRESENTATION_CONTEXT(2) 
PARAMETRIC_REPRESENTATION_CONTEXT() REPRESENTATION_CONTEXT('2D SPACE',''
  ) );
#1782 = ORIENTED_EDGE('',*,*,#1783,.T.);
#1783 = EDGE_CURVE('',#1751,#1784,#1786,.T.);
#1784 = VERTEX_POINT('',#1785);
#1785 = CARTESIAN_POINT('',(263.50205580397,-101.7192600662,12.1));
#1786 = SURFACE_CURVE('',#1787,(#1791,#1797),.PCURVE_S1.);
#1787 = LINE('',#1788,#1789);
#1788 = CARTESIAN_POINT('',(263.4604070459,-86.76783324022,12.1));
#1789 = VECTOR('',#1790,1.);
#1790 = DIRECTION('',(-2.785593440065E-03,0.999996120227,0.));
#1791 = PCURVE('',#126,#1792);
#1792 = DEFINITIONAL_REPRESENTATION('',(#1793),#1796);
#1793 = B_SPLINE_CURVE_WITH_KNOTS('',1,(#1794,#1795),.UNSPECIFIED.,.F.,
  .F.,(2,2),(-17.88486852656,-14.21347190482),.PIECEWISE_BEZIER_KNOTS.);
#1794 = CARTESIAN_POINT('',(66.773328188807,-31.91246089951));
#1795 = CARTESIAN_POINT('',(66.763101170461,-28.24107852195));
#1796 = ( GEOMETRIC_REPRESENTATION_CONTEXT(2) 
PARAMETRIC_REPRESENTATION_CONTEXT() REPRESENTATION_CONTEXT('2D SPACE',''
  ) );
#1797 = PCURVE('',#1798,#1803);
#1798 = PLANE('',#1799);
#1799 = AXIS2_PLACEMENT_3D('',#1800,#1801,#1802);
#1800 = CARTESIAN_POINT('',(263.5,-100.98125,11.1));
#1801 = DIRECTION('',(0.999996120227,2.785593440065E-03,-0.));
#1802 = DIRECTION('',(2.785593440065E-03,-0.999996120227,0.));
#1803 = DEFINITIONAL_REPRESENTATION('',(#1804),#1807);
#1804 = B_SPLINE_CURVE_WITH_KNOTS('',1,(#1805,#1806),.UNSPECIFIED.,.F.,
  .F.,(2,2),(-17.88486852656,-14.21347190482),.PIECEWISE_BEZIER_KNOTS.);
#1805 = CARTESIAN_POINT('',(3.671396621743,-1.));
#1806 = CARTESIAN_POINT('',(0.,-1.));
#1807 = ( GEOMETRIC_REPRESENTATION_CONTEXT(2) 
PARAMETRIC_REPRESENTATION_CONTEXT() REPRESENTATION_CONTEXT('2D SPACE',''
  ) );
#1808 = ORIENTED_EDGE('',*,*,#1809,.T.);
#1809 = EDGE_CURVE('',#1784,#1810,#1812,.T.);
#1810 = VERTEX_POINT('',#1811);
#1811 = CARTESIAN_POINT('',(250.14367979514,-101.712611806,12.1));
#1812 = SURFACE_CURVE('',#1813,(#1817,#1824),.PCURVE_S1.);
#1813 = LINE('',#1814,#1815);
#1814 = CARTESIAN_POINT('',(287.5934780302,-101.73125,12.1));
#1815 = VECTOR('',#1816,1.);
#1816 = DIRECTION('',(-0.999999876155,4.976847009857E-04,0.));
#1817 = PCURVE('',#126,#1818);
#1818 = DEFINITIONAL_REPRESENTATION('',(#1819),#1823);
#1819 = LINE('',#1820,#1821);
#1820 = CARTESIAN_POINT('',(90.856579200669,-28.99107852195));
#1821 = VECTOR('',#1822,1.);
#1822 = DIRECTION('',(-0.999999876155,4.976847009857E-04));
#1823 = ( GEOMETRIC_REPRESENTATION_CONTEXT(2) 
PARAMETRIC_REPRESENTATION_CONTEXT() REPRESENTATION_CONTEXT('2D SPACE',''
  ) );
#1824 = PCURVE('',#1653,#1825);
#1825 = DEFINITIONAL_REPRESENTATION('',(#1826),#1830);
#1826 = LINE('',#1827,#1828);
#1827 = CARTESIAN_POINT('',(0.,0.));
#1828 = VECTOR('',#1829,1.);
#1829 = DIRECTION('',(1.,0.));
#1830 = ( GEOMETRIC_REPRESENTATION_CONTEXT(2) 
PARAMETRIC_REPRESENTATION_CONTEXT() REPRESENTATION_CONTEXT('2D SPACE',''
  ) );
#1831 = ORIENTED_EDGE('',*,*,#1832,.T.);
#1832 = EDGE_CURVE('',#1810,#1833,#1835,.T.);
#1833 = VERTEX_POINT('',#1834);
#1834 = CARTESIAN_POINT('',(248.65698886445,-100.2360908654,12.1));
#1835 = SURFACE_CURVE('',#1836,(#1841,#1852),.PCURVE_S1.);
#1836 = CIRCLE('',#1837,1.755617466273);
#1837 = AXIS2_PLACEMENT_3D('',#1838,#1839,#1840);
#1838 = CARTESIAN_POINT('',(250.39305262034,-99.97479539402,12.1));
#1839 = DIRECTION('',(0.,0.,-1.));
#1840 = DIRECTION('',(-0.142042802601,-0.989860516552,-0.));
#1841 = PCURVE('',#126,#1842);
#1842 = DEFINITIONAL_REPRESENTATION('',(#1843),#1851);
#1843 = ( BOUNDED_CURVE() B_SPLINE_CURVE(2,(#1844,#1845,#1846,#1847,
#1848,#1849,#1850),.UNSPECIFIED.,.T.,.F.) B_SPLINE_CURVE_WITH_KNOTS((1,2
    ,2,2,2,1),(-2.094395102393,0.,2.094395102393,4.188790204786,
6.28318530718,8.377580409573),.UNSPECIFIED.) CURVE() 
GEOMETRIC_REPRESENTATION_ITEM() RATIONAL_B_SPLINE_CURVE((1.,0.5,1.,0.5,
1.,0.5,1.)) REPRESENTATION_ITEM('') );
#1844 = CARTESIAN_POINT('',(53.406780965606,-28.97244032801));
#1845 = CARTESIAN_POINT('',(50.396794645737,-28.54051392473));
#1846 = CARTESIAN_POINT('',(52.275847043478,-26.14975250832));
#1847 = CARTESIAN_POINT('',(54.154899441219,-23.75899109191));
#1848 = CARTESIAN_POINT('',(55.285833363347,-26.5816789116));
#1849 = CARTESIAN_POINT('',(56.416767285475,-29.40436673129));
#1850 = CARTESIAN_POINT('',(53.406780965606,-28.97244032801));
#1851 = ( GEOMETRIC_REPRESENTATION_CONTEXT(2) 
PARAMETRIC_REPRESENTATION_CONTEXT() REPRESENTATION_CONTEXT('2D SPACE',''
  ) );
#1852 = PCURVE('',#1853,#1858);
#1853 = CYLINDRICAL_SURFACE('',#1854,1.755617466273);
#1854 = AXIS2_PLACEMENT_3D('',#1855,#1856,#1857);
#1855 = CARTESIAN_POINT('',(250.39305262034,-99.97479539402,12.1));
#1856 = DIRECTION('',(0.,0.,-1.));
#1857 = DIRECTION('',(-0.142042802601,-0.989860516552,-0.));
#1858 = DEFINITIONAL_REPRESENTATION('',(#1859),#1863);
#1859 = LINE('',#1860,#1861);
#1860 = CARTESIAN_POINT('',(0.,0.));
#1861 = VECTOR('',#1862,1.);
#1862 = DIRECTION('',(1.,0.));
#1863 = ( GEOMETRIC_REPRESENTATION_CONTEXT(2) 
PARAMETRIC_REPRESENTATION_CONTEXT() REPRESENTATION_CONTEXT('2D SPACE',''
  ) );
#1864 = ORIENTED_EDGE('',*,*,#1865,.T.);
#1865 = EDGE_CURVE('',#1833,#1866,#1868,.T.);
#1866 = VERTEX_POINT('',#1867);
#1867 = CARTESIAN_POINT('',(244.49206989392,-96.96875,12.1));
#1868 = SURFACE_CURVE('',#1869,(#1874,#1881),.PCURVE_S1.);
#1869 = CIRCLE('',#1870,4.251647910072);
#1870 = AXIS2_PLACEMENT_3D('',#1871,#1872,#1873);
#1871 = CARTESIAN_POINT('',(244.52082626735,-101.2203006609,12.1));
#1872 = DIRECTION('',(0.,0.,1.));
#1873 = DIRECTION('',(0.972837517261,0.231489017039,-0.));
#1874 = PCURVE('',#126,#1875);
#1875 = DEFINITIONAL_REPRESENTATION('',(#1876),#1880);
#1876 = CIRCLE('',#1877,4.251647910072);
#1877 = AXIS2_PLACEMENT_2D('',#1878,#1879);
#1878 = CARTESIAN_POINT('',(47.783927437818,-28.48012918286));
#1879 = DIRECTION('',(0.972837517261,0.231489017039));
#1880 = ( GEOMETRIC_REPRESENTATION_CONTEXT(2) 
PARAMETRIC_REPRESENTATION_CONTEXT() REPRESENTATION_CONTEXT('2D SPACE',''
  ) );
#1881 = PCURVE('',#1882,#1887);
#1882 = CYLINDRICAL_SURFACE('',#1883,4.251647910072);
#1883 = AXIS2_PLACEMENT_3D('',#1884,#1885,#1886);
#1884 = CARTESIAN_POINT('',(244.52082626735,-101.2203006609,12.1));
#1885 = DIRECTION('',(-0.,-0.,-1.));
#1886 = DIRECTION('',(0.972837517261,0.231489017039,-0.));
#1887 = DEFINITIONAL_REPRESENTATION('',(#1888),#1892);
#1888 = LINE('',#1889,#1890);
#1889 = CARTESIAN_POINT('',(-0.,0.));
#1890 = VECTOR('',#1891,1.);
#1891 = DIRECTION('',(-1.,0.));
#1892 = ( GEOMETRIC_REPRESENTATION_CONTEXT(2) 
PARAMETRIC_REPRESENTATION_CONTEXT() REPRESENTATION_CONTEXT('2D SPACE',''
  ) );
#1893 = ORIENTED_EDGE('',*,*,#1894,.T.);
#1894 = EDGE_CURVE('',#1866,#1895,#1897,.T.);
#1895 = VERTEX_POINT('',#1896);
#1896 = CARTESIAN_POINT('',(230.60178157603,-96.95018070178,12.1));
#1897 = SURFACE_CURVE('',#1898,(#1902,#1909),.PCURVE_S1.);
#1898 = LINE('',#1899,#1900);
#1899 = CARTESIAN_POINT('',(244.49206989392,-96.96875,12.1));
#1900 = VECTOR('',#1901,1.);
#1901 = DIRECTION('',(-0.999999106411,1.336853577142E-03,0.));
#1902 = PCURVE('',#126,#1903);
#1903 = DEFINITIONAL_REPRESENTATION('',(#1904),#1908);
#1904 = LINE('',#1905,#1906);
#1905 = CARTESIAN_POINT('',(47.755171064386,-24.22857852195));
#1906 = VECTOR('',#1907,1.);
#1907 = DIRECTION('',(-0.999999106411,1.336853577142E-03));
#1908 = ( GEOMETRIC_REPRESENTATION_CONTEXT(2) 
PARAMETRIC_REPRESENTATION_CONTEXT() REPRESENTATION_CONTEXT('2D SPACE',''
  ) );
#1909 = PCURVE('',#1910,#1915);
#1910 = PLANE('',#1911);
#1911 = AXIS2_PLACEMENT_3D('',#1912,#1913,#1914);
#1912 = CARTESIAN_POINT('',(244.49206989392,-96.96875,12.1));
#1913 = DIRECTION('',(-1.336853577142E-03,-0.999999106411,0.));
#1914 = DIRECTION('',(-0.999999106411,1.336853577142E-03,0.));
#1915 = DEFINITIONAL_REPRESENTATION('',(#1916),#1920);
#1916 = LINE('',#1917,#1918);
#1917 = CARTESIAN_POINT('',(0.,0.));
#1918 = VECTOR('',#1919,1.);
#1919 = DIRECTION('',(1.,0.));
#1920 = ( GEOMETRIC_REPRESENTATION_CONTEXT(2) 
PARAMETRIC_REPRESENTATION_CONTEXT() REPRESENTATION_CONTEXT('2D SPACE',''
  ) );
#1921 = ORIENTED_EDGE('',*,*,#1922,.T.);
#1922 = EDGE_CURVE('',#1895,#1923,#1925,.T.);
#1923 = VERTEX_POINT('',#1924);
#1924 = CARTESIAN_POINT('',(229.49515582179,-96.37209621286,12.1));
#1925 = SURFACE_CURVE('',#1926,(#1931,#1942),.PCURVE_S1.);
#1926 = CIRCLE('',#1927,1.989647728851);
#1927 = AXIS2_PLACEMENT_3D('',#1928,#1929,#1930);
#1928 = CARTESIAN_POINT('',(230.92318844396,-94.98666454189,12.1));
#1929 = DIRECTION('',(0.,0.,-1.));
#1930 = DIRECTION('',(-0.161539584757,-0.986866233365,-0.));
#1931 = PCURVE('',#126,#1932);
#1932 = DEFINITIONAL_REPRESENTATION('',(#1933),#1941);
#1933 = ( BOUNDED_CURVE() B_SPLINE_CURVE(2,(#1934,#1935,#1936,#1937,
#1938,#1939,#1940),.UNSPECIFIED.,.T.,.F.) B_SPLINE_CURVE_WITH_KNOTS((1,2
    ,2,2,2,1),(-2.094395102393,0.,2.094395102393,4.188790204786,
6.28318530718,8.377580409573),.UNSPECIFIED.) CURVE() 
GEOMETRIC_REPRESENTATION_ITEM() RATIONAL_B_SPLINE_CURVE((1.,0.5,1.,0.5,
1.,0.5,1.)) REPRESENTATION_ITEM('') );
#1934 = CARTESIAN_POINT('',(33.864882746492,-24.21000922374));
#1935 = CARTESIAN_POINT('',(30.463972996071,-23.65331619858));
#1936 = CARTESIAN_POINT('',(32.646538173178,-20.98638847131));
#1937 = CARTESIAN_POINT('',(34.829103350285,-18.31946074405));
#1938 = CARTESIAN_POINT('',(36.047447923598,-21.54308149647));
#1939 = CARTESIAN_POINT('',(37.265792496912,-24.76670224889));
#1940 = CARTESIAN_POINT('',(33.864882746492,-24.21000922374));
#1941 = ( GEOMETRIC_REPRESENTATION_CONTEXT(2) 
PARAMETRIC_REPRESENTATION_CONTEXT() REPRESENTATION_CONTEXT('2D SPACE',''
  ) );
#1942 = PCURVE('',#1943,#1948);
#1943 = CYLINDRICAL_SURFACE('',#1944,1.989647728851);
#1944 = AXIS2_PLACEMENT_3D('',#1945,#1946,#1947);
#1945 = CARTESIAN_POINT('',(230.92318844396,-94.98666454189,12.1));
#1946 = DIRECTION('',(0.,0.,-1.));
#1947 = DIRECTION('',(-0.161539584757,-0.986866233365,-0.));
#1948 = DEFINITIONAL_REPRESENTATION('',(#1949),#1953);
#1949 = LINE('',#1950,#1951);
#1950 = CARTESIAN_POINT('',(0.,0.));
#1951 = VECTOR('',#1952,1.);
#1952 = DIRECTION('',(1.,0.));
#1953 = ( GEOMETRIC_REPRESENTATION_CONTEXT(2) 
PARAMETRIC_REPRESENTATION_CONTEXT() REPRESENTATION_CONTEXT('2D SPACE',''
  ) );
#1954 = ORIENTED_EDGE('',*,*,#1955,.T.);
#1955 = EDGE_CURVE('',#1923,#1956,#1958,.T.);
#1956 = VERTEX_POINT('',#1957);
#1957 = CARTESIAN_POINT('',(222.6875,-99.79627413384,12.1));
#1958 = SURFACE_CURVE('',#1959,(#1964,#1971),.PCURVE_S1.);
#1959 = CIRCLE('',#1960,4.249945635399);
#1960 = AXIS2_PLACEMENT_3D('',#1961,#1962,#1963);
#1961 = CARTESIAN_POINT('',(226.93733888199,-99.76615136951,12.1));
#1962 = DIRECTION('',(0.,0.,1.));
#1963 = DIRECTION('',(0.601846978579,0.798611428903,-0.));
#1964 = PCURVE('',#126,#1965);
#1965 = DEFINITIONAL_REPRESENTATION('',(#1966),#1970);
#1966 = CIRCLE('',#1967,4.249945635399);
#1967 = AXIS2_PLACEMENT_2D('',#1968,#1969);
#1968 = CARTESIAN_POINT('',(30.200440052459,-27.02597989146));
#1969 = DIRECTION('',(0.601846978579,0.798611428903));
#1970 = ( GEOMETRIC_REPRESENTATION_CONTEXT(2) 
PARAMETRIC_REPRESENTATION_CONTEXT() REPRESENTATION_CONTEXT('2D SPACE',''
  ) );
#1971 = PCURVE('',#1972,#1977);
#1972 = CYLINDRICAL_SURFACE('',#1973,4.249945635399);
#1973 = AXIS2_PLACEMENT_3D('',#1974,#1975,#1976);
#1974 = CARTESIAN_POINT('',(226.93733888199,-99.76615136951,12.1));
#1975 = DIRECTION('',(-0.,-0.,-1.));
#1976 = DIRECTION('',(0.601846978579,0.798611428903,-0.));
#1977 = DEFINITIONAL_REPRESENTATION('',(#1978),#1982);
#1978 = LINE('',#1979,#1980);
#1979 = CARTESIAN_POINT('',(-0.,0.));
#1980 = VECTOR('',#1981,1.);
#1981 = DIRECTION('',(-1.,0.));
#1982 = ( GEOMETRIC_REPRESENTATION_CONTEXT(2) 
PARAMETRIC_REPRESENTATION_CONTEXT() REPRESENTATION_CONTEXT('2D SPACE',''
  ) );
#1983 = ORIENTED_EDGE('',*,*,#1984,.T.);
#1984 = EDGE_CURVE('',#1956,#1985,#1987,.T.);
#1985 = VERTEX_POINT('',#1986);
#1986 = CARTESIAN_POINT('',(222.6689857271,-116.8956916173,12.1));
#1987 = SURFACE_CURVE('',#1988,(#1992,#1999),.PCURVE_S1.);
#1988 = LINE('',#1989,#1990);
#1989 = CARTESIAN_POINT('',(222.6875,-99.79627413384,12.1));
#1990 = VECTOR('',#1991,1.);
#1991 = DIRECTION('',(-1.082742266628E-03,-0.999999413834,0.));
#1992 = PCURVE('',#126,#1993);
#1993 = DEFINITIONAL_REPRESENTATION('',(#1994),#1998);
#1994 = LINE('',#1995,#1996);
#1995 = CARTESIAN_POINT('',(25.950601170464,-27.0561026558));
#1996 = VECTOR('',#1997,1.);
#1997 = DIRECTION('',(-1.082742266628E-03,-0.999999413834));
#1998 = ( GEOMETRIC_REPRESENTATION_CONTEXT(2) 
PARAMETRIC_REPRESENTATION_CONTEXT() REPRESENTATION_CONTEXT('2D SPACE',''
  ) );
#1999 = PCURVE('',#2000,#2005);
#2000 = PLANE('',#2001);
#2001 = AXIS2_PLACEMENT_3D('',#2002,#2003,#2004);
#2002 = CARTESIAN_POINT('',(222.6875,-99.79627413384,12.1));
#2003 = DIRECTION('',(0.999999413834,-1.082742266628E-03,0.));
#2004 = DIRECTION('',(-1.082742266628E-03,-0.999999413834,0.));
#2005 = DEFINITIONAL_REPRESENTATION('',(#2006),#2010);
#2006 = LINE('',#2007,#2008);
#2007 = CARTESIAN_POINT('',(0.,0.));
#2008 = VECTOR('',#2009,1.);
#2009 = DIRECTION('',(1.,0.));
#2010 = ( GEOMETRIC_REPRESENTATION_CONTEXT(2) 
PARAMETRIC_REPRESENTATION_CONTEXT() REPRESENTATION_CONTEXT('2D SPACE',''
  ) );
#2011 = ORIENTED_EDGE('',*,*,#2012,.T.);
#2012 = EDGE_CURVE('',#1985,#2013,#2015,.T.);
#2013 = VERTEX_POINT('',#2014);
#2014 = CARTESIAN_POINT('',(220.91847802986,-118.4,12.1));
#2015 = SURFACE_CURVE('',#2016,(#2021,#2032),.PCURVE_S1.);
#2016 = CIRCLE('',#2017,1.751337237119);
#2017 = AXIS2_PLACEMENT_3D('',#2018,#2019,#2020);
#2018 = CARTESIAN_POINT('',(220.93514662043,-116.6487420874,12.1));
#2019 = DIRECTION('',(0.,0.,-1.));
#2020 = DIRECTION('',(0.990008703018,-0.141006269182,0.));
#2021 = PCURVE('',#126,#2022);
#2022 = DEFINITIONAL_REPRESENTATION('',(#2023),#2031);
#2023 = ( BOUNDED_CURVE() B_SPLINE_CURVE(2,(#2024,#2025,#2026,#2027,
#2028,#2029,#2030),.UNSPECIFIED.,.T.,.F.) B_SPLINE_CURVE_WITH_KNOTS((1,2
    ,2,2,2,1),(-2.094395102393,0.,2.094395102393,4.188790204786,
6.28318530718,8.377580409573),.UNSPECIFIED.) CURVE() 
GEOMETRIC_REPRESENTATION_ITEM() RATIONAL_B_SPLINE_CURVE((1.,0.5,1.,0.5,
1.,0.5,1.)) REPRESENTATION_ITEM('') );
#2024 = CARTESIAN_POINT('',(25.932086897567,-44.1555201393));
#2025 = CARTESIAN_POINT('',(25.504357764901,-47.1586175642));
#2026 = CARTESIAN_POINT('',(23.117463671233,-45.28664455693));
#2027 = CARTESIAN_POINT('',(20.730569577564,-43.41467154965));
#2028 = CARTESIAN_POINT('',(23.545192803899,-42.28354713203));
#2029 = CARTESIAN_POINT('',(26.359816030234,-41.15242271441));
#2030 = CARTESIAN_POINT('',(25.932086897567,-44.1555201393));
#2031 = ( GEOMETRIC_REPRESENTATION_CONTEXT(2) 
PARAMETRIC_REPRESENTATION_CONTEXT() REPRESENTATION_CONTEXT('2D SPACE',''
  ) );
#2032 = PCURVE('',#2033,#2038);
#2033 = CYLINDRICAL_SURFACE('',#2034,1.751337237119);
#2034 = AXIS2_PLACEMENT_3D('',#2035,#2036,#2037);
#2035 = CARTESIAN_POINT('',(220.93514662043,-116.6487420874,12.1));
#2036 = DIRECTION('',(0.,0.,-1.));
#2037 = DIRECTION('',(0.990008703018,-0.141006269182,0.));
#2038 = DEFINITIONAL_REPRESENTATION('',(#2039),#2043);
#2039 = LINE('',#2040,#2041);
#2040 = CARTESIAN_POINT('',(0.,0.));
#2041 = VECTOR('',#2042,1.);
#2042 = DIRECTION('',(1.,0.));
#2043 = ( GEOMETRIC_REPRESENTATION_CONTEXT(2) 
PARAMETRIC_REPRESENTATION_CONTEXT() REPRESENTATION_CONTEXT('2D SPACE',''
  ) );
#2044 = ORIENTED_EDGE('',*,*,#2045,.T.);
#2045 = EDGE_CURVE('',#2013,#2046,#2048,.T.);
#2046 = VERTEX_POINT('',#2047);
#2047 = CARTESIAN_POINT('',(217.39234003348,-118.4001598103,12.1));
#2048 = SURFACE_CURVE('',#2049,(#2053,#2060),.PCURVE_S1.);
#2049 = LINE('',#2050,#2051);
#2050 = CARTESIAN_POINT('',(220.91847802986,-118.4,12.1));
#2051 = VECTOR('',#2052,1.);
#2052 = DIRECTION('',(-0.999999998973,-4.532165147629E-05,0.));
#2053 = PCURVE('',#126,#2054);
#2054 = DEFINITIONAL_REPRESENTATION('',(#2055),#2059);
#2055 = LINE('',#2056,#2057);
#2056 = CARTESIAN_POINT('',(24.181579200321,-45.65982852195));
#2057 = VECTOR('',#2058,1.);
#2058 = DIRECTION('',(-0.999999998973,-4.532165147629E-05));
#2059 = ( GEOMETRIC_REPRESENTATION_CONTEXT(2) 
PARAMETRIC_REPRESENTATION_CONTEXT() REPRESENTATION_CONTEXT('2D SPACE',''
  ) );
#2060 = PCURVE('',#2061,#2066);
#2061 = PLANE('',#2062);
#2062 = AXIS2_PLACEMENT_3D('',#2063,#2064,#2065);
#2063 = CARTESIAN_POINT('',(220.91847802986,-118.4,12.1));
#2064 = DIRECTION('',(4.532165147629E-05,-0.999999998973,0.));
#2065 = DIRECTION('',(-0.999999998973,-4.532165147629E-05,0.));
#2066 = DEFINITIONAL_REPRESENTATION('',(#2067),#2071);
#2067 = LINE('',#2068,#2069);
#2068 = CARTESIAN_POINT('',(0.,0.));
#2069 = VECTOR('',#2070,1.);
#2070 = DIRECTION('',(1.,0.));
#2071 = ( GEOMETRIC_REPRESENTATION_CONTEXT(2) 
PARAMETRIC_REPRESENTATION_CONTEXT() REPRESENTATION_CONTEXT('2D SPACE',''
  ) );
#2072 = ORIENTED_EDGE('',*,*,#2073,.T.);
#2073 = EDGE_CURVE('',#2046,#2074,#2076,.T.);
#2074 = VERTEX_POINT('',#2075);
#2075 = CARTESIAN_POINT('',(217.4,-121.15,12.1));
#2076 = SURFACE_CURVE('',#2077,(#2081,#2087),.PCURVE_S1.);
#2077 = LINE('',#2078,#2079);
#2078 = CARTESIAN_POINT('',(217.33249504322,-96.91649416992,12.1));
#2079 = VECTOR('',#2080,1.);
#2080 = DIRECTION('',(2.785593440065E-03,-0.999996120227,0.));
#2081 = PCURVE('',#126,#2082);
#2082 = DEFINITIONAL_REPRESENTATION('',(#2083),#2086);
#2083 = B_SPLINE_CURVE_WITH_KNOTS('',1,(#2084,#2085),.UNSPECIFIED.,.F.,
  .F.,(2,2),(20.5622032292,24.233599850943),.PIECEWISE_BEZIER_KNOTS.);
#2084 = CARTESIAN_POINT('',(20.652874152116,-44.73844614439));
#2085 = CARTESIAN_POINT('',(20.663101170461,-48.40982852195));
#2086 = ( GEOMETRIC_REPRESENTATION_CONTEXT(2) 
PARAMETRIC_REPRESENTATION_CONTEXT() REPRESENTATION_CONTEXT('2D SPACE',''
  ) );
#2087 = PCURVE('',#2088,#2093);
#2088 = PLANE('',#2089);
#2089 = AXIS2_PLACEMENT_3D('',#2090,#2091,#2092);
#2090 = CARTESIAN_POINT('',(217.4,-121.15,11.1));
#2091 = DIRECTION('',(-0.999996120227,-2.785593440065E-03,0.));
#2092 = DIRECTION('',(-2.785593440065E-03,0.999996120227,0.));
#2093 = DEFINITIONAL_REPRESENTATION('',(#2094),#2097);
#2094 = B_SPLINE_CURVE_WITH_KNOTS('',1,(#2095,#2096),.UNSPECIFIED.,.F.,
  .F.,(2,2),(20.5622032292,24.233599850943),.PIECEWISE_BEZIER_KNOTS.);
#2095 = CARTESIAN_POINT('',(3.671396621742,-1.));
#2096 = CARTESIAN_POINT('',(0.,-1.));
#2097 = ( GEOMETRIC_REPRESENTATION_CONTEXT(2) 
PARAMETRIC_REPRESENTATION_CONTEXT() REPRESENTATION_CONTEXT('2D SPACE',''
  ) );
#2098 = ORIENTED_EDGE('',*,*,#2099,.T.);
#2099 = EDGE_CURVE('',#2074,#2100,#2102,.T.);
#2100 = VERTEX_POINT('',#2101);
#2101 = CARTESIAN_POINT('',(216.02255097749,-122.6445824547,12.1));
#2102 = SURFACE_CURVE('',#2103,(#2108,#2119),.PCURVE_S1.);
#2103 = CIRCLE('',#2104,1.500338035332);
#2104 = AXIS2_PLACEMENT_3D('',#2105,#2106,#2107);
#2105 = CARTESIAN_POINT('',(215.89966213473,-121.1492856439,12.1));
#2106 = DIRECTION('',(0.,-0.,-1.));
#2107 = DIRECTION('',(8.190743676987E-02,-0.996639940902,0.));
#2108 = PCURVE('',#126,#2109);
#2109 = DEFINITIONAL_REPRESENTATION('',(#2110),#2118);
#2110 = ( BOUNDED_CURVE() B_SPLINE_CURVE(2,(#2111,#2112,#2113,#2114,
#2115,#2116,#2117),.UNSPECIFIED.,.T.,.F.) B_SPLINE_CURVE_WITH_KNOTS((1,2
    ,2,2,2,1),(-2.094395102393,0.,2.094395102393,4.188790204786,
6.28318530718,8.377580409573),.UNSPECIFIED.) CURVE() 
GEOMETRIC_REPRESENTATION_ITEM() RATIONAL_B_SPLINE_CURVE((1.,0.5,1.,0.5,
1.,0.5,1.)) REPRESENTATION_ITEM('') );
#2111 = CARTESIAN_POINT('',(19.285652147954,-49.90441097673));
#2112 = CARTESIAN_POINT('',(16.695722099137,-50.11726069607));
#2113 = CARTESIAN_POINT('',(17.806353859402,-47.7678906201));
#2114 = CARTESIAN_POINT('',(18.916985619667,-45.41852054412));
#2115 = CARTESIAN_POINT('',(20.39628390822,-47.55504090075));
#2116 = CARTESIAN_POINT('',(21.875582196772,-49.69156125738));
#2117 = CARTESIAN_POINT('',(19.285652147954,-49.90441097673));
#2118 = ( GEOMETRIC_REPRESENTATION_CONTEXT(2) 
PARAMETRIC_REPRESENTATION_CONTEXT() REPRESENTATION_CONTEXT('2D SPACE',''
  ) );
#2119 = PCURVE('',#2120,#2125);
#2120 = CYLINDRICAL_SURFACE('',#2121,1.500338035332);
#2121 = AXIS2_PLACEMENT_3D('',#2122,#2123,#2124);
#2122 = CARTESIAN_POINT('',(215.89966213473,-121.1492856439,11.1));
#2123 = DIRECTION('',(-0.,-0.,-1.));
#2124 = DIRECTION('',(8.190743676987E-02,-0.996639940902,0.));
#2125 = DEFINITIONAL_REPRESENTATION('',(#2126),#2130);
#2126 = LINE('',#2127,#2128);
#2127 = CARTESIAN_POINT('',(-6.28318530718,-1.));
#2128 = VECTOR('',#2129,1.);
#2129 = DIRECTION('',(1.,-0.));
#2130 = ( GEOMETRIC_REPRESENTATION_CONTEXT(2) 
PARAMETRIC_REPRESENTATION_CONTEXT() REPRESENTATION_CONTEXT('2D SPACE',''
  ) );
#2131 = ORIENTED_EDGE('',*,*,#2132,.T.);
#2132 = EDGE_CURVE('',#2100,#2133,#2135,.T.);
#2133 = VERTEX_POINT('',#2134);
#2134 = CARTESIAN_POINT('',(207.9,-122.65,12.1));
#2135 = SURFACE_CURVE('',#2136,(#2140,#2146),.PCURVE_S1.);
#2136 = LINE('',#2137,#2138);
#2137 = CARTESIAN_POINT('',(202.33509621514,-122.6537116563,12.1));
#2138 = VECTOR('',#2139,1.);
#2139 = DIRECTION('',(-0.999999777572,-6.669756872224E-04,0.));
#2140 = PCURVE('',#126,#2141);
#2141 = DEFINITIONAL_REPRESENTATION('',(#2142),#2145);
#2142 = B_SPLINE_CURVE_WITH_KNOTS('',1,(#2143,#2144),.UNSPECIFIED.,.F.,
  .F.,(2,2),(-13.68745780682,-5.564905022647),.PIECEWISE_BEZIER_KNOTS.);
#2143 = CARTESIAN_POINT('',(19.285652147954,-49.90441097673));
#2144 = CARTESIAN_POINT('',(11.163101170461,-49.90982852195));
#2145 = ( GEOMETRIC_REPRESENTATION_CONTEXT(2) 
PARAMETRIC_REPRESENTATION_CONTEXT() REPRESENTATION_CONTEXT('2D SPACE',''
  ) );
#2146 = PCURVE('',#2147,#2152);
#2147 = PLANE('',#2148);
#2148 = AXIS2_PLACEMENT_3D('',#2149,#2150,#2151);
#2149 = CARTESIAN_POINT('',(207.9,-122.65,11.1));
#2150 = DIRECTION('',(-6.669756872224E-04,0.999999777572,0.));
#2151 = DIRECTION('',(0.999999777572,6.669756872224E-04,0.));
#2152 = DEFINITIONAL_REPRESENTATION('',(#2153),#2156);
#2153 = B_SPLINE_CURVE_WITH_KNOTS('',1,(#2154,#2155),.UNSPECIFIED.,.F.,
  .F.,(2,2),(-13.68745780682,-5.564905022647),.PIECEWISE_BEZIER_KNOTS.);
#2154 = CARTESIAN_POINT('',(8.122552784179,-1.));
#2155 = CARTESIAN_POINT('',(0.,-1.));
#2156 = ( GEOMETRIC_REPRESENTATION_CONTEXT(2) 
PARAMETRIC_REPRESENTATION_CONTEXT() REPRESENTATION_CONTEXT('2D SPACE',''
  ) );
#2157 = ORIENTED_EDGE('',*,*,#2158,.T.);
#2158 = EDGE_CURVE('',#2133,#2159,#2161,.T.);
#2159 = VERTEX_POINT('',#2160);
#2160 = CARTESIAN_POINT('',(206.41022701834,-121.3213823775,12.1));
#2161 = SURFACE_CURVE('',#2162,(#2167,#2178),.PCURVE_S1.);
#2162 = CIRCLE('',#2163,1.500413123523);
#2163 = AXIS2_PLACEMENT_3D('',#2164,#2165,#2166);
#2164 = CARTESIAN_POINT('',(207.90077252767,-121.1495870753,12.1));
#2165 = DIRECTION('',(-0.,0.,-1.));
#2166 = DIRECTION('',(-0.993423401836,-0.11449866674,0.));
#2167 = PCURVE('',#126,#2168);
#2168 = DEFINITIONAL_REPRESENTATION('',(#2169),#2177);
#2169 = ( BOUNDED_CURVE() B_SPLINE_CURVE(2,(#2170,#2171,#2172,#2173,
#2174,#2175,#2176),.UNSPECIFIED.,.T.,.F.) B_SPLINE_CURVE_WITH_KNOTS((1,2
    ,2,2,2,1),(-2.094395102393,0.,2.094395102393,4.188790204786,
6.28318530718,8.377580409573),.UNSPECIFIED.) CURVE() 
GEOMETRIC_REPRESENTATION_ITEM() RATIONAL_B_SPLINE_CURVE((1.,0.5,1.,0.5,
1.,0.5,1.)) REPRESENTATION_ITEM('') );
#2170 = CARTESIAN_POINT('',(9.673328188807,-48.58121089951));
#2171 = CARTESIAN_POINT('',(9.375769996891,-45.99951034636));
#2172 = CARTESIAN_POINT('',(11.760367356843,-47.03266766963));
#2173 = CARTESIAN_POINT('',(14.144964716795,-48.0658249929));
#2174 = CARTESIAN_POINT('',(12.057925548759,-49.61436822278));
#2175 = CARTESIAN_POINT('',(9.970886380722,-51.16291145266));
#2176 = CARTESIAN_POINT('',(9.673328188807,-48.58121089951));
#2177 = ( GEOMETRIC_REPRESENTATION_CONTEXT(2) 
PARAMETRIC_REPRESENTATION_CONTEXT() REPRESENTATION_CONTEXT('2D SPACE',''
  ) );
#2178 = PCURVE('',#2179,#2184);
#2179 = CYLINDRICAL_SURFACE('',#2180,1.500413123523);
#2180 = AXIS2_PLACEMENT_3D('',#2181,#2182,#2183);
#2181 = CARTESIAN_POINT('',(207.90077252767,-121.1495870753,11.1));
#2182 = DIRECTION('',(-0.,-0.,-1.));
#2183 = DIRECTION('',(-0.993423401836,-0.11449866674,0.));
#2184 = DEFINITIONAL_REPRESENTATION('',(#2185),#2189);
#2185 = LINE('',#2186,#2187);
#2186 = CARTESIAN_POINT('',(-6.28318530718,-1.));
#2187 = VECTOR('',#2188,1.);
#2188 = DIRECTION('',(1.,-0.));
#2189 = ( GEOMETRIC_REPRESENTATION_CONTEXT(2) 
PARAMETRIC_REPRESENTATION_CONTEXT() REPRESENTATION_CONTEXT('2D SPACE',''
  ) );
#2190 = ORIENTED_EDGE('',*,*,#2191,.T.);
#2191 = EDGE_CURVE('',#2159,#2192,#2194,.T.);
#2192 = VERTEX_POINT('',#2193);
#2193 = CARTESIAN_POINT('',(206.40209103585,-118.4006579066,12.1));
#2194 = SURFACE_CURVE('',#2195,(#2199,#2205),.PCURVE_S1.);
#2195 = LINE('',#2196,#2197);
#2196 = CARTESIAN_POINT('',(206.33741249025,-95.18180129522,12.1));
#2197 = VECTOR('',#2198,1.);
#2198 = DIRECTION('',(-2.785593440065E-03,0.999996120227,0.));
#2199 = PCURVE('',#126,#2200);
#2200 = DEFINITIONAL_REPRESENTATION('',(#2201),#2204);
#2201 = B_SPLINE_CURVE_WITH_KNOTS('',1,(#2202,#2203),.UNSPECIFIED.,.F.,
  .F.,(2,2),(-26.13968249836,-22.46828587662),.PIECEWISE_BEZIER_KNOTS.);
#2202 = CARTESIAN_POINT('',(9.673328188807,-48.58121089951));
#2203 = CARTESIAN_POINT('',(9.663101170461,-44.90982852195));
#2204 = ( GEOMETRIC_REPRESENTATION_CONTEXT(2) 
PARAMETRIC_REPRESENTATION_CONTEXT() REPRESENTATION_CONTEXT('2D SPACE',''
  ) );
#2205 = PCURVE('',#2206,#2211);
#2206 = PLANE('',#2207);
#2207 = AXIS2_PLACEMENT_3D('',#2208,#2209,#2210);
#2208 = CARTESIAN_POINT('',(206.4,-117.65,11.1));
#2209 = DIRECTION('',(0.999996120227,2.785593440065E-03,-0.));
#2210 = DIRECTION('',(2.785593440065E-03,-0.999996120227,0.));
#2211 = DEFINITIONAL_REPRESENTATION('',(#2212),#2215);
#2212 = B_SPLINE_CURVE_WITH_KNOTS('',1,(#2213,#2214),.UNSPECIFIED.,.F.,
  .F.,(2,2),(-26.13968249836,-22.46828587662),.PIECEWISE_BEZIER_KNOTS.);
#2213 = CARTESIAN_POINT('',(3.671396621742,-1.));
#2214 = CARTESIAN_POINT('',(0.,-1.));
#2215 = ( GEOMETRIC_REPRESENTATION_CONTEXT(2) 
PARAMETRIC_REPRESENTATION_CONTEXT() REPRESENTATION_CONTEXT('2D SPACE',''
  ) );
#2216 = ORIENTED_EDGE('',*,*,#2217,.T.);
#2217 = EDGE_CURVE('',#2192,#2218,#2220,.T.);
#2218 = VERTEX_POINT('',#2219);
#2219 = CARTESIAN_POINT('',(202.96660215748,-118.4008136086,12.1));
#2220 = SURFACE_CURVE('',#2221,(#2225,#2232),.PCURVE_S1.);
#2221 = LINE('',#2222,#2223);
#2222 = CARTESIAN_POINT('',(220.91847802986,-118.4,12.1));
#2223 = VECTOR('',#2224,1.);
#2224 = DIRECTION('',(-0.999999998973,-4.532165147629E-05,0.));
#2225 = PCURVE('',#126,#2226);
#2226 = DEFINITIONAL_REPRESENTATION('',(#2227),#2231);
#2227 = LINE('',#2228,#2229);
#2228 = CARTESIAN_POINT('',(24.181579200321,-45.65982852195));
#2229 = VECTOR('',#2230,1.);
#2230 = DIRECTION('',(-0.999999998973,-4.532165147629E-05));
#2231 = ( GEOMETRIC_REPRESENTATION_CONTEXT(2) 
PARAMETRIC_REPRESENTATION_CONTEXT() REPRESENTATION_CONTEXT('2D SPACE',''
  ) );
#2232 = PCURVE('',#2061,#2233);
#2233 = DEFINITIONAL_REPRESENTATION('',(#2234),#2238);
#2234 = LINE('',#2235,#2236);
#2235 = CARTESIAN_POINT('',(0.,0.));
#2236 = VECTOR('',#2237,1.);
#2237 = DIRECTION('',(1.,0.));
#2238 = ( GEOMETRIC_REPRESENTATION_CONTEXT(2) 
PARAMETRIC_REPRESENTATION_CONTEXT() REPRESENTATION_CONTEXT('2D SPACE',''
  ) );
#2239 = ORIENTED_EDGE('',*,*,#2240,.T.);
#2240 = EDGE_CURVE('',#2218,#2241,#2243,.T.);
#2241 = VERTEX_POINT('',#2242);
#2242 = CARTESIAN_POINT('',(202.04898849642,-118.4992248646,12.1));
#2243 = SURFACE_CURVE('',#2244,(#2249,#2256),.PCURVE_S1.);
#2244 = CIRCLE('',#2245,4.541546228295);
#2245 = AXIS2_PLACEMENT_3D('',#2246,#2247,#2248);
#2246 = CARTESIAN_POINT('',(202.98957887007,-122.9423017143,12.1));
#2247 = DIRECTION('',(0.,0.,1.));
#2248 = DIRECTION('',(-5.059226843161E-03,0.99998720203,0.));
#2249 = PCURVE('',#126,#2250);
#2250 = DEFINITIONAL_REPRESENTATION('',(#2251),#2255);
#2251 = CIRCLE('',#2252,4.541546228295);
#2252 = AXIS2_PLACEMENT_2D('',#2253,#2254);
#2253 = CARTESIAN_POINT('',(6.252680040536,-50.20213023634));
#2254 = DIRECTION('',(-5.059226843161E-03,0.99998720203));
#2255 = ( GEOMETRIC_REPRESENTATION_CONTEXT(2) 
PARAMETRIC_REPRESENTATION_CONTEXT() REPRESENTATION_CONTEXT('2D SPACE',''
  ) );
#2256 = PCURVE('',#2257,#2262);
#2257 = CYLINDRICAL_SURFACE('',#2258,4.541546228295);
#2258 = AXIS2_PLACEMENT_3D('',#2259,#2260,#2261);
#2259 = CARTESIAN_POINT('',(202.98957887007,-122.9423017143,12.1));
#2260 = DIRECTION('',(-0.,-0.,-1.));
#2261 = DIRECTION('',(-5.059226843161E-03,0.99998720203,0.));
#2262 = DEFINITIONAL_REPRESENTATION('',(#2263),#2267);
#2263 = LINE('',#2264,#2265);
#2264 = CARTESIAN_POINT('',(-0.,0.));
#2265 = VECTOR('',#2266,1.);
#2266 = DIRECTION('',(-1.,0.));
#2267 = ( GEOMETRIC_REPRESENTATION_CONTEXT(2) 
PARAMETRIC_REPRESENTATION_CONTEXT() REPRESENTATION_CONTEXT('2D SPACE',''
  ) );
#2268 = ORIENTED_EDGE('',*,*,#2269,.T.);
#2269 = EDGE_CURVE('',#2241,#2270,#2272,.T.);
#2270 = VERTEX_POINT('',#2271);
#2271 = CARTESIAN_POINT('',(196.2391003875,-119.7280736325,12.1));
#2272 = SURFACE_CURVE('',#2273,(#2277,#2284),.PCURVE_S1.);
#2273 = LINE('',#2274,#2275);
#2274 = CARTESIAN_POINT('',(202.04898849642,-118.4992248646,12.1));
#2275 = VECTOR('',#2276,1.);
#2276 = DIRECTION('',(-0.97835536356,-0.20693183079,0.));
#2277 = PCURVE('',#126,#2278);
#2278 = DEFINITIONAL_REPRESENTATION('',(#2279),#2283);
#2279 = LINE('',#2280,#2281);
#2280 = CARTESIAN_POINT('',(5.312089666884,-45.75905338659));
#2281 = VECTOR('',#2282,1.);
#2282 = DIRECTION('',(-0.97835536356,-0.20693183079));
#2283 = ( GEOMETRIC_REPRESENTATION_CONTEXT(2) 
PARAMETRIC_REPRESENTATION_CONTEXT() REPRESENTATION_CONTEXT('2D SPACE',''
  ) );
#2284 = PCURVE('',#2285,#2290);
#2285 = PLANE('',#2286);
#2286 = AXIS2_PLACEMENT_3D('',#2287,#2288,#2289);
#2287 = CARTESIAN_POINT('',(202.04898849642,-118.4992248646,12.1));
#2288 = DIRECTION('',(0.20693183079,-0.97835536356,0.));
#2289 = DIRECTION('',(-0.97835536356,-0.20693183079,0.));
#2290 = DEFINITIONAL_REPRESENTATION('',(#2291),#2295);
#2291 = LINE('',#2292,#2293);
#2292 = CARTESIAN_POINT('',(0.,0.));
#2293 = VECTOR('',#2294,1.);
#2294 = DIRECTION('',(1.,0.));
#2295 = ( GEOMETRIC_REPRESENTATION_CONTEXT(2) 
PARAMETRIC_REPRESENTATION_CONTEXT() REPRESENTATION_CONTEXT('2D SPACE',''
  ) );
#2296 = ORIENTED_EDGE('',*,*,#2297,.T.);
#2297 = EDGE_CURVE('',#2270,#2298,#2300,.T.);
#2298 = VERTEX_POINT('',#2299);
#2299 = CARTESIAN_POINT('',(196.8154783351,-122.4167274542,12.1));
#2300 = SURFACE_CURVE('',#2301,(#2305,#2311),.PCURVE_S1.);
#2301 = LINE('',#2302,#2303);
#2302 = CARTESIAN_POINT('',(191.72301792075,-98.66171876295,12.1));
#2303 = VECTOR('',#2304,1.);
#2304 = DIRECTION('',(0.209611787095,-0.977784689342,0.));
#2305 = PCURVE('',#126,#2306);
#2306 = DEFINITIONAL_REPRESENTATION('',(#2307),#2310);
#2307 = B_SPLINE_CURVE_WITH_KNOTS('',1,(#2308,#2309),.UNSPECIFIED.,.F.,
  .F.,(2,2),(20.623326899915,24.294723521658),.PIECEWISE_BEZIER_KNOTS.);
#2308 = CARTESIAN_POINT('',(-0.69098850145,-46.08672057093));
#2309 = CARTESIAN_POINT('',(7.85795055678E-02,-49.67655597617));
#2310 = ( GEOMETRIC_REPRESENTATION_CONTEXT(2) 
PARAMETRIC_REPRESENTATION_CONTEXT() REPRESENTATION_CONTEXT('2D SPACE',''
  ) );
#2311 = PCURVE('',#2312,#2317);
#2312 = PLANE('',#2313);
#2313 = AXIS2_PLACEMENT_3D('',#2314,#2315,#2316);
#2314 = CARTESIAN_POINT('',(196.8154783351,-122.4167274542,11.1));
#2315 = DIRECTION('',(-0.977784689342,-0.209611787095,0.));
#2316 = DIRECTION('',(-0.209611787095,0.977784689342,0.));
#2317 = DEFINITIONAL_REPRESENTATION('',(#2318),#2321);
#2318 = B_SPLINE_CURVE_WITH_KNOTS('',1,(#2319,#2320),.UNSPECIFIED.,.F.,
  .F.,(2,2),(20.623326899915,24.294723521658),.PIECEWISE_BEZIER_KNOTS.);
#2319 = CARTESIAN_POINT('',(3.671396621742,-1.));
#2320 = CARTESIAN_POINT('',(0.,-1.));
#2321 = ( GEOMETRIC_REPRESENTATION_CONTEXT(2) 
PARAMETRIC_REPRESENTATION_CONTEXT() REPRESENTATION_CONTEXT('2D SPACE',''
  ) );
#2322 = ORIENTED_EDGE('',*,*,#2323,.T.);
#2323 = EDGE_CURVE('',#2298,#2324,#2326,.T.);
#2324 = VERTEX_POINT('',#2325);
#2325 = CARTESIAN_POINT('',(195.77704078661,-124.1639509607,12.1));
#2326 = SURFACE_CURVE('',#2327,(#2332,#2343),.PCURVE_S1.);
#2327 = CIRCLE('',#2328,1.500338035332);
#2328 = AXIS2_PLACEMENT_3D('',#2329,#2330,#2331);
#2329 = CARTESIAN_POINT('',(195.34745280498,-122.7264293482,12.1));
#2330 = DIRECTION('',(0.,-0.,-1.));
#2331 = DIRECTION('',(0.286327461893,-0.958131820036,0.));
#2332 = PCURVE('',#126,#2333);
#2333 = DEFINITIONAL_REPRESENTATION('',(#2334),#2342);
#2334 = ( BOUNDED_CURVE() B_SPLINE_CURVE(2,(#2335,#2336,#2337,#2338,
#2339,#2340,#2341),.UNSPECIFIED.,.T.,.F.) B_SPLINE_CURVE_WITH_KNOTS((1,2
    ,2,2,2,1),(-2.094395102393,0.,2.094395102393,4.188790204786,
6.28318530718,8.377580409573),.UNSPECIFIED.) CURVE() 
GEOMETRIC_REPRESENTATION_ITEM() RATIONAL_B_SPLINE_CURVE((1.,0.5,1.,0.5,
1.,0.5,1.)) REPRESENTATION_ITEM('') );
#2335 = CARTESIAN_POINT('',(-0.959858042921,-51.42377948265));
#2336 = CARTESIAN_POINT('',(-3.449718512685,-52.16784769317));
#2337 = CARTESIAN_POINT('',(-2.84917025026,-49.63953116922));
#2338 = CARTESIAN_POINT('',(-2.248621987834,-47.11121464527));
#2339 = CARTESIAN_POINT('',(-0.359309780496,-48.8954629587));
#2340 = CARTESIAN_POINT('',(1.530002426842,-50.67971127214));
#2341 = CARTESIAN_POINT('',(-0.959858042921,-51.42377948265));
#2342 = ( GEOMETRIC_REPRESENTATION_CONTEXT(2) 
PARAMETRIC_REPRESENTATION_CONTEXT() REPRESENTATION_CONTEXT('2D SPACE',''
  ) );
#2343 = PCURVE('',#2344,#2349);
#2344 = CYLINDRICAL_SURFACE('',#2345,1.500338035332);
#2345 = AXIS2_PLACEMENT_3D('',#2346,#2347,#2348);
#2346 = CARTESIAN_POINT('',(195.34745280498,-122.7264293482,11.1));
#2347 = DIRECTION('',(-0.,-0.,-1.));
#2348 = DIRECTION('',(0.286327461893,-0.958131820036,0.));
#2349 = DEFINITIONAL_REPRESENTATION('',(#2350),#2354);
#2350 = LINE('',#2351,#2352);
#2351 = CARTESIAN_POINT('',(-6.28318530718,-1.));
#2352 = VECTOR('',#2353,1.);
#2353 = DIRECTION('',(1.,-0.));
#2354 = ( GEOMETRIC_REPRESENTATION_CONTEXT(2) 
PARAMETRIC_REPRESENTATION_CONTEXT() REPRESENTATION_CONTEXT('2D SPACE',''
  ) );
#2355 = ORIENTED_EDGE('',*,*,#2356,.T.);
#2356 = EDGE_CURVE('',#2324,#2357,#2359,.T.);
#2357 = VERTEX_POINT('',#2358);
#2358 = CARTESIAN_POINT('',(187.83134373466,-125.8497036383,12.1));
#2359 = SURFACE_CURVE('',#2360,(#2364,#2370),.PCURVE_S1.);
#2360 = LINE('',#2361,#2362);
#2361 = CARTESIAN_POINT('',(197.48350074444,-123.8019097924,12.1));
#2362 = VECTOR('',#2363,1.);
#2363 = DIRECTION('',(-0.978226582588,-0.207539762742,0.));
#2364 = PCURVE('',#126,#2365);
#2365 = DEFINITIONAL_REPRESENTATION('',(#2366),#2369);
#2366 = B_SPLINE_CURVE_WITH_KNOTS('',1,(#2367,#2368),.UNSPECIFIED.,.F.,
  .F.,(2,2),(1.744442431032,9.86699521521),.PIECEWISE_BEZIER_KNOTS.);
#2367 = CARTESIAN_POINT('',(-0.959858042921,-51.42377948265));
#2368 = CARTESIAN_POINT('',(-8.905555094876,-53.10953216035));
#2369 = ( GEOMETRIC_REPRESENTATION_CONTEXT(2) 
PARAMETRIC_REPRESENTATION_CONTEXT() REPRESENTATION_CONTEXT('2D SPACE',''
  ) );
#2370 = PCURVE('',#2371,#2376);
#2371 = PLANE('',#2372);
#2372 = AXIS2_PLACEMENT_3D('',#2373,#2374,#2375);
#2373 = CARTESIAN_POINT('',(187.83134373466,-125.8497036383,11.1));
#2374 = DIRECTION('',(-0.207539762742,0.978226582588,0.));
#2375 = DIRECTION('',(0.978226582588,0.207539762742,0.));
#2376 = DEFINITIONAL_REPRESENTATION('',(#2377),#2380);
#2377 = B_SPLINE_CURVE_WITH_KNOTS('',1,(#2378,#2379),.UNSPECIFIED.,.F.,
  .F.,(2,2),(1.744442431032,9.86699521521),.PIECEWISE_BEZIER_KNOTS.);
#2378 = CARTESIAN_POINT('',(8.122552784179,-1.));
#2379 = CARTESIAN_POINT('',(0.,-1.));
#2380 = ( GEOMETRIC_REPRESENTATION_CONTEXT(2) 
PARAMETRIC_REPRESENTATION_CONTEXT() REPRESENTATION_CONTEXT('2D SPACE',''
  ) );
#2381 = ORIENTED_EDGE('',*,*,#2382,.T.);
#2382 = EDGE_CURVE('',#2357,#2383,#2385,.T.);
#2383 = VERTEX_POINT('',#2384);
#2384 = CARTESIAN_POINT('',(186.09892824205,-124.8580459935,12.1));
#2385 = SURFACE_CURVE('',#2386,(#2391,#2402),.PCURVE_S1.);
#2386 = CIRCLE('',#2387,1.500413123523);
#2387 = AXIS2_PLACEMENT_3D('',#2388,#2389,#2390);
#2388 = CARTESIAN_POINT('',(187.52168322484,-124.3815926378,12.1));
#2389 = DIRECTION('',(-0.,0.,-1.));
#2390 = DIRECTION('',(-0.948242161097,-0.31754811276,0.));
#2391 = PCURVE('',#126,#2392);
#2392 = DEFINITIONAL_REPRESENTATION('',(#2393),#2401);
#2393 = ( BOUNDED_CURVE() B_SPLINE_CURVE(2,(#2394,#2395,#2396,#2397,
#2398,#2399,#2400),.UNSPECIFIED.,.T.,.F.) B_SPLINE_CURVE_WITH_KNOTS((1,2
    ,2,2,2,1),(-2.094395102393,0.,2.094395102393,4.188790204786,
6.28318530718,8.377580409573),.UNSPECIFIED.) CURVE() 
GEOMETRIC_REPRESENTATION_ITEM() RATIONAL_B_SPLINE_CURVE((1.,0.5,1.,0.5,
1.,0.5,1.)) REPRESENTATION_ITEM('') );
#2394 = CARTESIAN_POINT('',(-10.63797058748,-52.11787451554));
#2395 = CARTESIAN_POINT('',(-11.46321200705,-49.65359059863));
#2396 = CARTESIAN_POINT('',(-8.916458823089,-50.17105252349));
#2397 = CARTESIAN_POINT('',(-6.369705639121,-50.68851444834));
#2398 = CARTESIAN_POINT('',(-8.091217403519,-52.6353364404));
#2399 = CARTESIAN_POINT('',(-9.812729167917,-54.58215843246));
#2400 = CARTESIAN_POINT('',(-10.63797058748,-52.11787451554));
#2401 = ( GEOMETRIC_REPRESENTATION_CONTEXT(2) 
PARAMETRIC_REPRESENTATION_CONTEXT() REPRESENTATION_CONTEXT('2D SPACE',''
  ) );
#2402 = PCURVE('',#2403,#2408);
#2403 = CYLINDRICAL_SURFACE('',#2404,1.500413123523);
#2404 = AXIS2_PLACEMENT_3D('',#2405,#2406,#2407);
#2405 = CARTESIAN_POINT('',(187.52168322484,-124.3815926378,11.1));
#2406 = DIRECTION('',(-0.,-0.,-1.));
#2407 = DIRECTION('',(-0.948242161097,-0.31754811276,0.));
#2408 = DEFINITIONAL_REPRESENTATION('',(#2409),#2413);
#2409 = LINE('',#2410,#2411);
#2410 = CARTESIAN_POINT('',(-6.28318530718,-1.));
#2411 = VECTOR('',#2412,1.);
#2412 = DIRECTION('',(1.,-0.));
#2413 = ( GEOMETRIC_REPRESENTATION_CONTEXT(2) 
PARAMETRIC_REPRESENTATION_CONTEXT() REPRESENTATION_CONTEXT('2D SPACE',''
  ) );
#2414 = ORIENTED_EDGE('',*,*,#2415,.T.);
#2415 = EDGE_CURVE('',#2383,#2416,#2418,.T.);
#2416 = VERTEX_POINT('',#2417);
#2417 = CARTESIAN_POINT('',(185.48673132959,-122.0023059793,12.1));
#2418 = SURFACE_CURVE('',#2419,(#2423,#2429),.PCURVE_S1.);
#2419 = LINE('',#2420,#2421);
#2420 = CARTESIAN_POINT('',(180.60693043762,-99.23929887305,12.1));
#2421 = VECTOR('',#2422,1.);
#2422 = DIRECTION('',(-0.209611787095,0.977784689342,0.));
#2423 = PCURVE('',#126,#2424);
#2424 = DEFINITIONAL_REPRESENTATION('',(#2425),#2428);
#2425 = B_SPLINE_CURVE_WITH_KNOTS('',1,(#2426,#2427),.UNSPECIFIED.,.F.,
  .F.,(2,2),(-26.20080616908,-22.52940954734),.PIECEWISE_BEZIER_KNOTS.);
#2426 = CARTESIAN_POINT('',(-10.63797058748,-52.11787451554));
#2427 = CARTESIAN_POINT('',(-11.4075385945,-48.5280391103));
#2428 = ( GEOMETRIC_REPRESENTATION_CONTEXT(2) 
PARAMETRIC_REPRESENTATION_CONTEXT() REPRESENTATION_CONTEXT('2D SPACE',''
  ) );
#2429 = PCURVE('',#2430,#2435);
#2430 = PLANE('',#2431);
#2431 = AXIS2_PLACEMENT_3D('',#2432,#2433,#2434);
#2432 = CARTESIAN_POINT('',(185.32936023503,-121.2682105883,11.1));
#2433 = DIRECTION('',(0.977784689342,0.209611787095,-0.));
#2434 = DIRECTION('',(0.209611787095,-0.977784689342,0.));
#2435 = DEFINITIONAL_REPRESENTATION('',(#2436),#2439);
#2436 = B_SPLINE_CURVE_WITH_KNOTS('',1,(#2437,#2438),.UNSPECIFIED.,.F.,
  .F.,(2,2),(-26.20080616908,-22.52940954734),.PIECEWISE_BEZIER_KNOTS.);
#2437 = CARTESIAN_POINT('',(3.671396621742,-1.));
#2438 = CARTESIAN_POINT('',(0.,-1.));
#2439 = ( GEOMETRIC_REPRESENTATION_CONTEXT(2) 
PARAMETRIC_REPRESENTATION_CONTEXT() REPRESENTATION_CONTEXT('2D SPACE',''
  ) );
#2440 = ORIENTED_EDGE('',*,*,#2441,.T.);
#2441 = EDGE_CURVE('',#2416,#2442,#2444,.T.);
#2442 = VERTEX_POINT('',#2443);
#2443 = CARTESIAN_POINT('',(184.57499870235,-122.1951464428,12.1));
#2444 = SURFACE_CURVE('',#2445,(#2449,#2456),.PCURVE_S1.);
#2445 = LINE('',#2446,#2447);
#2446 = CARTESIAN_POINT('',(202.04898849642,-118.4992248646,12.1));
#2447 = VECTOR('',#2448,1.);
#2448 = DIRECTION('',(-0.97835536356,-0.20693183079,0.));
#2449 = PCURVE('',#126,#2450);
#2450 = DEFINITIONAL_REPRESENTATION('',(#2451),#2455);
#2451 = LINE('',#2452,#2453);
#2452 = CARTESIAN_POINT('',(5.312089666884,-45.75905338659));
#2453 = VECTOR('',#2454,1.);
#2454 = DIRECTION('',(-0.97835536356,-0.20693183079));
#2455 = ( GEOMETRIC_REPRESENTATION_CONTEXT(2) 
PARAMETRIC_REPRESENTATION_CONTEXT() REPRESENTATION_CONTEXT('2D SPACE',''
  ) );
#2456 = PCURVE('',#2285,#2457);
#2457 = DEFINITIONAL_REPRESENTATION('',(#2458),#2462);
#2458 = LINE('',#2459,#2460);
#2459 = CARTESIAN_POINT('',(0.,0.));
#2460 = VECTOR('',#2461,1.);
#2461 = DIRECTION('',(1.,0.));
#2462 = ( GEOMETRIC_REPRESENTATION_CONTEXT(2) 
PARAMETRIC_REPRESENTATION_CONTEXT() REPRESENTATION_CONTEXT('2D SPACE',''
  ) );
#2463 = ORIENTED_EDGE('',*,*,#2464,.T.);
#2464 = EDGE_CURVE('',#2442,#2465,#2467,.T.);
#2465 = VERTEX_POINT('',#2466);
#2466 = CARTESIAN_POINT('',(183.69759784222,-122.4812711294,12.1));
#2467 = SURFACE_CURVE('',#2468,(#2473,#2480),.PCURVE_S1.);
#2468 = CIRCLE('',#2469,4.541546228023);
#2469 = AXIS2_PLACEMENT_3D('',#2470,#2471,#2472);
#2470 = CARTESIAN_POINT('',(185.53705435403,-126.6336249055,12.1));
#2471 = DIRECTION('',(0.,0.,1.));
#2472 = DIRECTION('',(-0.211834384895,0.9773055783,0.));
#2473 = PCURVE('',#126,#2474);
#2474 = DEFINITIONAL_REPRESENTATION('',(#2475),#2479);
#2475 = CIRCLE('',#2476,4.541546228023);
#2476 = AXIS2_PLACEMENT_2D('',#2477,#2478);
#2477 = CARTESIAN_POINT('',(-11.1998444755,-53.89345342752));
#2478 = DIRECTION('',(-0.211834384895,0.9773055783));
#2479 = ( GEOMETRIC_REPRESENTATION_CONTEXT(2) 
PARAMETRIC_REPRESENTATION_CONTEXT() REPRESENTATION_CONTEXT('2D SPACE',''
  ) );
#2480 = PCURVE('',#2481,#2486);
#2481 = CYLINDRICAL_SURFACE('',#2482,4.541546228023);
#2482 = AXIS2_PLACEMENT_3D('',#2483,#2484,#2485);
#2483 = CARTESIAN_POINT('',(185.53705435403,-126.6336249055,12.1));
#2484 = DIRECTION('',(-0.,-0.,-1.));
#2485 = DIRECTION('',(-0.211834384895,0.9773055783,0.));
#2486 = DEFINITIONAL_REPRESENTATION('',(#2487),#2491);
#2487 = LINE('',#2488,#2489);
#2488 = CARTESIAN_POINT('',(-0.,0.));
#2489 = VECTOR('',#2490,1.);
#2490 = DIRECTION('',(-1.,0.));
#2491 = ( GEOMETRIC_REPRESENTATION_CONTEXT(2) 
PARAMETRIC_REPRESENTATION_CONTEXT() REPRESENTATION_CONTEXT('2D SPACE',''
  ) );
#2492 = ORIENTED_EDGE('',*,*,#2493,.T.);
#2493 = EDGE_CURVE('',#2465,#2494,#2496,.T.);
#2494 = VERTEX_POINT('',#2495);
#2495 = CARTESIAN_POINT('',(167.06149143694,-129.8261848127,12.1));
#2496 = SURFACE_CURVE('',#2497,(#2501,#2508),.PCURVE_S1.);
#2497 = LINE('',#2498,#2499);
#2498 = CARTESIAN_POINT('',(183.69759784222,-122.4812711294,12.1));
#2499 = VECTOR('',#2500,1.);
#2500 = DIRECTION('',(-0.914806990767,-0.403891284437,0.));
#2501 = PCURVE('',#126,#2502);
#2502 = DEFINITIONAL_REPRESENTATION('',(#2503),#2507);
#2503 = LINE('',#2504,#2505);
#2504 = CARTESIAN_POINT('',(-13.0393009873,-49.74109965135));
#2505 = VECTOR('',#2506,1.);
#2506 = DIRECTION('',(-0.914806990767,-0.403891284437));
#2507 = ( GEOMETRIC_REPRESENTATION_CONTEXT(2) 
PARAMETRIC_REPRESENTATION_CONTEXT() REPRESENTATION_CONTEXT('2D SPACE',''
  ) );
#2508 = PCURVE('',#2509,#2514);
#2509 = PLANE('',#2510);
#2510 = AXIS2_PLACEMENT_3D('',#2511,#2512,#2513);
#2511 = CARTESIAN_POINT('',(183.69759784222,-122.4812711294,12.1));
#2512 = DIRECTION('',(0.403891284437,-0.914806990767,0.));
#2513 = DIRECTION('',(-0.914806990767,-0.403891284437,0.));
#2514 = DEFINITIONAL_REPRESENTATION('',(#2515),#2519);
#2515 = LINE('',#2516,#2517);
#2516 = CARTESIAN_POINT('',(0.,0.));
#2517 = VECTOR('',#2518,1.);
#2518 = DIRECTION('',(1.,0.));
#2519 = ( GEOMETRIC_REPRESENTATION_CONTEXT(2) 
PARAMETRIC_REPRESENTATION_CONTEXT() REPRESENTATION_CONTEXT('2D SPACE',''
  ) );
#2520 = ORIENTED_EDGE('',*,*,#2521,.T.);
#2521 = EDGE_CURVE('',#2494,#2522,#2524,.T.);
#2522 = VERTEX_POINT('',#2523);
#2523 = CARTESIAN_POINT('',(164.97731411631,-128.8345065368,12.1));
#2524 = SURFACE_CURVE('',#2525,(#2530,#2541),.PCURVE_S1.);
#2525 = CIRCLE('',#2526,1.751337237111);
#2526 = AXIS2_PLACEMENT_3D('',#2527,#2528,#2529);
#2527 = CARTESIAN_POINT('',(166.58540397584,-128.1407997387,12.1));
#2528 = DIRECTION('',(0.,0.,-1.));
#2529 = DIRECTION('',(0.271842253456,-0.962341825567,0.));
#2530 = PCURVE('',#126,#2531);
#2531 = DEFINITIONAL_REPRESENTATION('',(#2532),#2540);
#2532 = ( BOUNDED_CURVE() B_SPLINE_CURVE(2,(#2533,#2534,#2535,#2536,
#2537,#2538,#2539),.UNSPECIFIED.,.T.,.F.) B_SPLINE_CURVE_WITH_KNOTS((1,2
    ,2,2,2,1),(-2.094395102393,0.,2.094395102393,4.188790204786,
6.28318530718,8.377580409573),.UNSPECIFIED.) CURVE() 
GEOMETRIC_REPRESENTATION_ITEM() RATIONAL_B_SPLINE_CURVE((1.,0.5,1.,0.5,
1.,0.5,1.)) REPRESENTATION_ITEM('') );
#2533 = CARTESIAN_POINT('',(-29.67540739259,-57.08601333466));
#2534 = CARTESIAN_POINT('',(-32.59457997098,-57.91062100612));
#2535 = CARTESIAN_POINT('',(-31.84912487343,-54.97023955947));
#2536 = CARTESIAN_POINT('',(-31.10366977588,-52.02985811282));
#2537 = CARTESIAN_POINT('',(-28.92995229504,-54.145631888));
#2538 = CARTESIAN_POINT('',(-26.7562348142,-56.26140566319));
#2539 = CARTESIAN_POINT('',(-29.67540739259,-57.08601333466));
#2540 = ( GEOMETRIC_REPRESENTATION_CONTEXT(2) 
PARAMETRIC_REPRESENTATION_CONTEXT() REPRESENTATION_CONTEXT('2D SPACE',''
  ) );
#2541 = PCURVE('',#2542,#2547);
#2542 = CYLINDRICAL_SURFACE('',#2543,1.751337237111);
#2543 = AXIS2_PLACEMENT_3D('',#2544,#2545,#2546);
#2544 = CARTESIAN_POINT('',(166.58540397584,-128.1407997387,12.1));
#2545 = DIRECTION('',(0.,0.,-1.));
#2546 = DIRECTION('',(0.271842253456,-0.962341825567,0.));
#2547 = DEFINITIONAL_REPRESENTATION('',(#2548),#2552);
#2548 = LINE('',#2549,#2550);
#2549 = CARTESIAN_POINT('',(0.,0.));
#2550 = VECTOR('',#2551,1.);
#2551 = DIRECTION('',(1.,0.));
#2552 = ( GEOMETRIC_REPRESENTATION_CONTEXT(2) 
PARAMETRIC_REPRESENTATION_CONTEXT() REPRESENTATION_CONTEXT('2D SPACE',''
  ) );
#2553 = ORIENTED_EDGE('',*,*,#2554,.T.);
#2554 = EDGE_CURVE('',#2522,#2555,#2557,.T.);
#2555 = VERTEX_POINT('',#2556);
#2556 = CARTESIAN_POINT('',(161.66032140936,-121.3287283365,12.1));
#2557 = SURFACE_CURVE('',#2558,(#2562,#2569),.PCURVE_S1.);
#2558 = LINE('',#2559,#2560);
#2559 = CARTESIAN_POINT('',(164.97731411631,-128.8345065368,12.1));
#2560 = VECTOR('',#2561,1.);
#2561 = DIRECTION('',(-0.404213404266,0.914664705677,0.));
#2562 = PCURVE('',#126,#2563);
#2563 = DEFINITIONAL_REPRESENTATION('',(#2564),#2568);
#2564 = LINE('',#2565,#2566);
#2565 = CARTESIAN_POINT('',(-31.75958471322,-56.09433505882));
#2566 = VECTOR('',#2567,1.);
#2567 = DIRECTION('',(-0.404213404266,0.914664705677));
#2568 = ( GEOMETRIC_REPRESENTATION_CONTEXT(2) 
PARAMETRIC_REPRESENTATION_CONTEXT() REPRESENTATION_CONTEXT('2D SPACE',''
  ) );
#2569 = PCURVE('',#2570,#2575);
#2570 = PLANE('',#2571);
#2571 = AXIS2_PLACEMENT_3D('',#2572,#2573,#2574);
#2572 = CARTESIAN_POINT('',(164.97731411631,-128.8345065368,12.1));
#2573 = DIRECTION('',(-0.914664705677,-0.404213404266,0.));
#2574 = DIRECTION('',(-0.404213404266,0.914664705677,0.));
#2575 = DEFINITIONAL_REPRESENTATION('',(#2576),#2580);
#2576 = LINE('',#2577,#2578);
#2577 = CARTESIAN_POINT('',(0.,0.));
#2578 = VECTOR('',#2579,1.);
#2579 = DIRECTION('',(1.,0.));
#2580 = ( GEOMETRIC_REPRESENTATION_CONTEXT(2) 
PARAMETRIC_REPRESENTATION_CONTEXT() REPRESENTATION_CONTEXT('2D SPACE',''
  ) );
#2581 = ORIENTED_EDGE('',*,*,#2582,.T.);
#2582 = EDGE_CURVE('',#2555,#2583,#2585,.T.);
#2583 = VERTEX_POINT('',#2584);
#2584 = CARTESIAN_POINT('',(159.143844614,-122.4512208248,12.1));
#2585 = SURFACE_CURVE('',#2586,(#2590,#2596),.PCURVE_S1.);
#2586 = LINE('',#2587,#2588);
#2587 = CARTESIAN_POINT('',(184.06822710246,-111.3335215991,12.1));
#2588 = VECTOR('',#2589,1.);
#2589 = DIRECTION('',(-0.91326410228,-0.407367990257,0.));
#2590 = PCURVE('',#126,#2591);
#2591 = DEFINITIONAL_REPRESENTATION('',(#2592),#2595);
#2592 = B_SPLINE_CURVE_WITH_KNOTS('',1,(#2593,#2594),.UNSPECIFIED.,.F.,
  .F.,(2,2),(23.620141966299,27.291538588041),.PIECEWISE_BEZIER_KNOTS.);
#2593 = CARTESIAN_POINT('',(-34.24009947566,-48.21543988352));
#2594 = CARTESIAN_POINT('',(-37.59305421553,-49.71104934676));
#2595 = ( GEOMETRIC_REPRESENTATION_CONTEXT(2) 
PARAMETRIC_REPRESENTATION_CONTEXT() REPRESENTATION_CONTEXT('2D SPACE',''
  ) );
#2596 = PCURVE('',#2597,#2602);
#2597 = PLANE('',#2598);
#2598 = AXIS2_PLACEMENT_3D('',#2599,#2600,#2601);
#2599 = CARTESIAN_POINT('',(159.143844614,-122.4512208248,11.1));
#2600 = DIRECTION('',(-0.407367990257,0.91326410228,0.));
#2601 = DIRECTION('',(0.91326410228,0.407367990257,0.));
#2602 = DEFINITIONAL_REPRESENTATION('',(#2603),#2606);
#2603 = B_SPLINE_CURVE_WITH_KNOTS('',1,(#2604,#2605),.UNSPECIFIED.,.F.,
  .F.,(2,2),(23.620141966299,27.291538588041),.PIECEWISE_BEZIER_KNOTS.);
#2604 = CARTESIAN_POINT('',(3.671396621742,-1.));
#2605 = CARTESIAN_POINT('',(0.,-1.));
#2606 = ( GEOMETRIC_REPRESENTATION_CONTEXT(2) 
PARAMETRIC_REPRESENTATION_CONTEXT() REPRESENTATION_CONTEXT('2D SPACE',''
  ) );
#2607 = ORIENTED_EDGE('',*,*,#2608,.T.);
#2608 = EDGE_CURVE('',#2583,#2609,#2611,.T.);
#2609 = VERTEX_POINT('',#2610);
#2610 = CARTESIAN_POINT('',(157.21958315434,-121.7967283813,12.1));
#2611 = SURFACE_CURVE('',#2612,(#2617,#2628),.PCURVE_S1.);
#2612 = CIRCLE('',#2613,1.500338035332);
#2613 = AXIS2_PLACEMENT_3D('',#2614,#2615,#2616);
#2614 = CARTESIAN_POINT('',(158.53712740153,-121.079029714,12.1));
#2615 = DIRECTION('',(-0.,0.,-1.));
#2616 = DIRECTION('',(-0.878164930944,-0.478357976896,0.));
#2617 = PCURVE('',#126,#2618);
#2618 = DEFINITIONAL_REPRESENTATION('',(#2619),#2627);
#2619 = ( BOUNDED_CURVE() B_SPLINE_CURVE(2,(#2620,#2621,#2622,#2623,
#2624,#2625,#2626),.UNSPECIFIED.,.T.,.F.) B_SPLINE_CURVE_WITH_KNOTS((1,2
    ,2,2,2,1),(-2.094395102393,0.,2.094395102393,4.188790204786,
6.28318530718,8.377580409573),.UNSPECIFIED.) CURVE() 
GEOMETRIC_REPRESENTATION_ITEM() RATIONAL_B_SPLINE_CURVE((1.,0.5,1.,0.5,
1.,0.5,1.)) REPRESENTATION_ITEM('') );
#2620 = CARTESIAN_POINT('',(-39.51731567519,-49.05655690328));
#2621 = CARTESIAN_POINT('',(-40.76040623138,-46.77450332592));
#2622 = CARTESIAN_POINT('',(-38.1625445825,-46.83898211374));
#2623 = CARTESIAN_POINT('',(-35.56468293362,-46.90346090155));
#2624 = CARTESIAN_POINT('',(-36.91945402631,-49.12103569109));
#2625 = CARTESIAN_POINT('',(-38.274225119,-51.33861048063));
#2626 = CARTESIAN_POINT('',(-39.51731567519,-49.05655690328));
#2627 = ( GEOMETRIC_REPRESENTATION_CONTEXT(2) 
PARAMETRIC_REPRESENTATION_CONTEXT() REPRESENTATION_CONTEXT('2D SPACE',''
  ) );
#2628 = PCURVE('',#2629,#2634);
#2629 = CYLINDRICAL_SURFACE('',#2630,1.500338035332);
#2630 = AXIS2_PLACEMENT_3D('',#2631,#2632,#2633);
#2631 = CARTESIAN_POINT('',(158.53712740153,-121.079029714,11.1));
#2632 = DIRECTION('',(-0.,-0.,-1.));
#2633 = DIRECTION('',(-0.878164930944,-0.478357976896,0.));
#2634 = DEFINITIONAL_REPRESENTATION('',(#2635),#2639);
#2635 = LINE('',#2636,#2637);
#2636 = CARTESIAN_POINT('',(-6.28318530718,-1.));
#2637 = VECTOR('',#2638,1.);
#2638 = DIRECTION('',(1.,-0.));
#2639 = ( GEOMETRIC_REPRESENTATION_CONTEXT(2) 
PARAMETRIC_REPRESENTATION_CONTEXT() REPRESENTATION_CONTEXT('2D SPACE',''
  ) );
#2640 = ORIENTED_EDGE('',*,*,#2641,.T.);
#2641 = EDGE_CURVE('',#2609,#2642,#2644,.T.);
#2642 = VERTEX_POINT('',#2643);
#2643 = CARTESIAN_POINT('',(153.92643857401,-114.3716989197,12.1));
#2644 = SURFACE_CURVE('',#2645,(#2649,#2655),.PCURVE_S1.);
#2645 = LINE('',#2646,#2647);
#2646 = CARTESIAN_POINT('',(149.73027902237,-104.9106480802,12.1));
#2647 = VECTOR('',#2648,1.);
#2648 = DIRECTION('',(-0.405432216673,0.91412511052,0.));
#2649 = PCURVE('',#126,#2650);
#2650 = DEFINITIONAL_REPRESENTATION('',(#2651),#2654);
#2651 = B_SPLINE_CURVE_WITH_KNOTS('',1,(#2652,#2653),.UNSPECIFIED.,.F.,
  .F.,(2,2),(-18.47239519699,-10.34984241281),.PIECEWISE_BEZIER_KNOTS.);
#2652 = CARTESIAN_POINT('',(-39.51731567519,-49.05655690328));
#2653 = CARTESIAN_POINT('',(-42.81046025552,-41.63152744173));
#2654 = ( GEOMETRIC_REPRESENTATION_CONTEXT(2) 
PARAMETRIC_REPRESENTATION_CONTEXT() REPRESENTATION_CONTEXT('2D SPACE',''
  ) );
#2655 = PCURVE('',#2656,#2661);
#2656 = PLANE('',#2657);
#2657 = AXIS2_PLACEMENT_3D('',#2658,#2659,#2660);
#2658 = CARTESIAN_POINT('',(153.92643857401,-114.3716989197,11.1));
#2659 = DIRECTION('',(0.91412511052,0.405432216673,-0.));
#2660 = DIRECTION('',(0.405432216673,-0.91412511052,0.));
#2661 = DEFINITIONAL_REPRESENTATION('',(#2662),#2665);
#2662 = B_SPLINE_CURVE_WITH_KNOTS('',1,(#2663,#2664),.UNSPECIFIED.,.F.,
  .F.,(2,2),(-18.47239519699,-10.34984241281),.PIECEWISE_BEZIER_KNOTS.);
#2663 = CARTESIAN_POINT('',(8.122552784179,-1.));
#2664 = CARTESIAN_POINT('',(0.,-1.));
#2665 = ( GEOMETRIC_REPRESENTATION_CONTEXT(2) 
PARAMETRIC_REPRESENTATION_CONTEXT() REPRESENTATION_CONTEXT('2D SPACE',''
  ) );
#2666 = ORIENTED_EDGE('',*,*,#2667,.T.);
#2667 = EDGE_CURVE('',#2642,#2668,#2670,.T.);
#2668 = VERTEX_POINT('',#2669);
#2669 = CARTESIAN_POINT('',(154.53822679636,-112.4716032657,12.1));
#2670 = SURFACE_CURVE('',#2671,(#2676,#2687),.PCURVE_S1.);
#2671 = CIRCLE('',#2672,1.500413123523);
#2672 = AXIS2_PLACEMENT_3D('',#2673,#2674,#2675);
#2673 = CARTESIAN_POINT('',(155.29872186784,-113.7650045134,12.1));
#2674 = DIRECTION('',(-0.,0.,-1.));
#2675 = DIRECTION('',(-0.506857117922,0.862030081849,0.));
#2676 = PCURVE('',#126,#2677);
#2677 = DEFINITIONAL_REPRESENTATION('',(#2678),#2686);
#2678 = ( BOUNDED_CURVE() B_SPLINE_CURVE(2,(#2679,#2680,#2681,#2682,
#2683,#2684,#2685),.UNSPECIFIED.,.T.,.F.) B_SPLINE_CURVE_WITH_KNOTS((1,2
    ,2,2,2,1),(-2.094395102393,0.,2.094395102393,4.188790204786,
6.28318530718,8.377580409573),.UNSPECIFIED.) CURVE() 
GEOMETRIC_REPRESENTATION_ITEM() RATIONAL_B_SPLINE_CURVE((1.,0.5,1.,0.5,
1.,0.5,1.)) REPRESENTATION_ITEM('') );
#2679 = CARTESIAN_POINT('',(-42.19867203317,-39.73143178768));
#2680 = CARTESIAN_POINT('',(-39.95843535762,-38.41421568497));
#2681 = CARTESIAN_POINT('',(-39.93781108818,-41.01292560785));
#2682 = CARTESIAN_POINT('',(-39.91718681873,-43.61163553072));
#2683 = CARTESIAN_POINT('',(-42.17804776373,-42.33014171056));
#2684 = CARTESIAN_POINT('',(-44.43890870872,-41.0486478904));
#2685 = CARTESIAN_POINT('',(-42.19867203317,-39.73143178768));
#2686 = ( GEOMETRIC_REPRESENTATION_CONTEXT(2) 
PARAMETRIC_REPRESENTATION_CONTEXT() REPRESENTATION_CONTEXT('2D SPACE',''
  ) );
#2687 = PCURVE('',#2688,#2693);
#2688 = CYLINDRICAL_SURFACE('',#2689,1.500413123523);
#2689 = AXIS2_PLACEMENT_3D('',#2690,#2691,#2692);
#2690 = CARTESIAN_POINT('',(155.29872186784,-113.7650045134,11.1));
#2691 = DIRECTION('',(-0.,-0.,-1.));
#2692 = DIRECTION('',(-0.506857117922,0.862030081849,0.));
#2693 = DEFINITIONAL_REPRESENTATION('',(#2694),#2698);
#2694 = LINE('',#2695,#2696);
#2695 = CARTESIAN_POINT('',(-6.28318530718,-1.));
#2696 = VECTOR('',#2697,1.);
#2697 = DIRECTION('',(1.,-0.));
#2698 = ( GEOMETRIC_REPRESENTATION_CONTEXT(2) 
PARAMETRIC_REPRESENTATION_CONTEXT() REPRESENTATION_CONTEXT('2D SPACE',''
  ) );
#2699 = ORIENTED_EDGE('',*,*,#2700,.T.);
#2700 = EDGE_CURVE('',#2668,#2701,#2703,.T.);
#2701 = VERTEX_POINT('',#2702);
#2702 = CARTESIAN_POINT('',(157.2179056615,-111.2763133259,12.1));
#2703 = SURFACE_CURVE('',#2704,(#2708,#2714),.PCURVE_S1.);
#2704 = LINE('',#2705,#2706);
#2705 = CARTESIAN_POINT('',(181.20336614269,-100.5774269827,12.1));
#2706 = VECTOR('',#2707,1.);
#2707 = DIRECTION('',(0.91326410228,0.407367990257,-0.));
#2708 = PCURVE('',#126,#2709);
#2709 = DEFINITIONAL_REPRESENTATION('',(#2710),#2713);
#2710 = B_SPLINE_CURVE_WITH_KNOTS('',1,(#2711,#2712),.UNSPECIFIED.,.F.,
  .F.,(2,2),(-29.19762123546,-25.52622461372),.PIECEWISE_BEZIER_KNOTS.);
#2711 = CARTESIAN_POINT('',(-42.19867203317,-39.73143178768));
#2712 = CARTESIAN_POINT('',(-38.8457172933,-38.23582232445));
#2713 = ( GEOMETRIC_REPRESENTATION_CONTEXT(2) 
PARAMETRIC_REPRESENTATION_CONTEXT() REPRESENTATION_CONTEXT('2D SPACE',''
  ) );
#2714 = PCURVE('',#2715,#2720);
#2715 = PLANE('',#2716);
#2716 = AXIS2_PLACEMENT_3D('',#2717,#2718,#2719);
#2717 = CARTESIAN_POINT('',(157.89118153623,-110.9759938024,11.1));
#2718 = DIRECTION('',(0.407367990257,-0.91326410228,0.));
#2719 = DIRECTION('',(-0.91326410228,-0.407367990257,0.));
#2720 = DEFINITIONAL_REPRESENTATION('',(#2721),#2724);
#2721 = B_SPLINE_CURVE_WITH_KNOTS('',1,(#2722,#2723),.UNSPECIFIED.,.F.,
  .F.,(2,2),(-29.19762123546,-25.52622461372),.PIECEWISE_BEZIER_KNOTS.);
#2722 = CARTESIAN_POINT('',(3.671396621742,-1.));
#2723 = CARTESIAN_POINT('',(0.,-1.));
#2724 = ( GEOMETRIC_REPRESENTATION_CONTEXT(2) 
PARAMETRIC_REPRESENTATION_CONTEXT() REPRESENTATION_CONTEXT('2D SPACE',''
  ) );
#2725 = ORIENTED_EDGE('',*,*,#2726,.T.);
#2726 = EDGE_CURVE('',#2701,#2727,#2729,.T.);
#2727 = VERTEX_POINT('',#2728);
#2728 = CARTESIAN_POINT('',(156.42727447391,-109.4872523129,12.1));
#2729 = SURFACE_CURVE('',#2730,(#2734,#2741),.PCURVE_S1.);
#2730 = LINE('',#2731,#2732);
#2731 = CARTESIAN_POINT('',(164.97731411631,-128.8345065368,12.1));
#2732 = VECTOR('',#2733,1.);
#2733 = DIRECTION('',(-0.404213404266,0.914664705677,0.));
#2734 = PCURVE('',#126,#2735);
#2735 = DEFINITIONAL_REPRESENTATION('',(#2736),#2740);
#2736 = LINE('',#2737,#2738);
#2737 = CARTESIAN_POINT('',(-31.75958471322,-56.09433505882));
#2738 = VECTOR('',#2739,1.);
#2739 = DIRECTION('',(-0.404213404266,0.914664705677));
#2740 = ( GEOMETRIC_REPRESENTATION_CONTEXT(2) 
PARAMETRIC_REPRESENTATION_CONTEXT() REPRESENTATION_CONTEXT('2D SPACE',''
  ) );
#2741 = PCURVE('',#2570,#2742);
#2742 = DEFINITIONAL_REPRESENTATION('',(#2743),#2747);
#2743 = LINE('',#2744,#2745);
#2744 = CARTESIAN_POINT('',(0.,0.));
#2745 = VECTOR('',#2746,1.);
#2746 = DIRECTION('',(1.,0.));
#2747 = ( GEOMETRIC_REPRESENTATION_CONTEXT(2) 
PARAMETRIC_REPRESENTATION_CONTEXT() REPRESENTATION_CONTEXT('2D SPACE',''
  ) );
#2748 = ORIENTED_EDGE('',*,*,#2749,.T.);
#2749 = EDGE_CURVE('',#2727,#2750,#2752,.T.);
#2750 = VERTEX_POINT('',#2751);
#2751 = CARTESIAN_POINT('',(153.88856956732,-110.6125551194,12.1));
#2752 = SURFACE_CURVE('',#2753,(#2757,#2763),.PCURVE_S1.);
#2753 = LINE('',#2754,#2755);
#2754 = CARTESIAN_POINT('',(178.80987178112,-99.56597335675,12.1));
#2755 = VECTOR('',#2756,1.);
#2756 = DIRECTION('',(-0.914213448963,-0.405232982043,0.));
#2757 = PCURVE('',#126,#2758);
#2758 = DEFINITIONAL_REPRESENTATION('',(#2759),#2762);
#2759 = B_SPLINE_CURVE_WITH_KNOTS('',1,(#2760,#2761),.UNSPECIFIED.,.F.,
  .F.,(2,2),(23.588432296848,27.25982891859),.PIECEWISE_BEZIER_KNOTS.);
#2760 = CARTESIAN_POINT('',(-39.49188909413,-36.38461264008));
#2761 = CARTESIAN_POINT('',(-42.84832926221,-37.87238364137));
#2762 = ( GEOMETRIC_REPRESENTATION_CONTEXT(2) 
PARAMETRIC_REPRESENTATION_CONTEXT() REPRESENTATION_CONTEXT('2D SPACE',''
  ) );
#2763 = PCURVE('',#2764,#2769);
#2764 = PLANE('',#2765);
#2765 = AXIS2_PLACEMENT_3D('',#2766,#2767,#2768);
#2766 = CARTESIAN_POINT('',(153.88856956732,-110.6125551194,11.1));
#2767 = DIRECTION('',(-0.405232982043,0.914213448963,0.));
#2768 = DIRECTION('',(0.914213448963,0.405232982043,0.));
#2769 = DEFINITIONAL_REPRESENTATION('',(#2770),#2773);
#2770 = B_SPLINE_CURVE_WITH_KNOTS('',1,(#2771,#2772),.UNSPECIFIED.,.F.,
  .F.,(2,2),(23.588432296848,27.25982891859),.PIECEWISE_BEZIER_KNOTS.);
#2771 = CARTESIAN_POINT('',(3.671396621743,-1.));
#2772 = CARTESIAN_POINT('',(0.,-1.));
#2773 = ( GEOMETRIC_REPRESENTATION_CONTEXT(2) 
PARAMETRIC_REPRESENTATION_CONTEXT() REPRESENTATION_CONTEXT('2D SPACE',''
  ) );
#2774 = ORIENTED_EDGE('',*,*,#2775,.T.);
#2775 = EDGE_CURVE('',#2750,#2776,#2778,.T.);
#2776 = VERTEX_POINT('',#2777);
#2777 = CARTESIAN_POINT('',(151.96584262117,-109.9535683105,12.1));
#2778 = SURFACE_CURVE('',#2779,(#2784,#2795),.PCURVE_S1.);
#2779 = CIRCLE('',#2780,1.500338035332);
#2780 = AXIS2_PLACEMENT_3D('',#2781,#2782,#2783);
#2781 = CARTESIAN_POINT('',(153.28506021764,-109.2389501233,12.1));
#2782 = DIRECTION('',(-0.,0.,-1.));
#2783 = DIRECTION('',(-0.879280245788,-0.47630478621,0.));
#2784 = PCURVE('',#126,#2785);
#2785 = DEFINITIONAL_REPRESENTATION('',(#2786),#2794);
#2786 = ( BOUNDED_CURVE() B_SPLINE_CURVE(2,(#2787,#2788,#2789,#2790,
#2791,#2792,#2793),.UNSPECIFIED.,.T.,.F.) B_SPLINE_CURVE_WITH_KNOTS((1,2
    ,2,2,2,1),(-2.094395102393,0.,2.094395102393,4.188790204786,
6.28318530718,8.377580409573),.UNSPECIFIED.) CURVE() 
GEOMETRIC_REPRESENTATION_ITEM() RATIONAL_B_SPLINE_CURVE((1.,0.5,1.,0.5,
1.,0.5,1.)) REPRESENTATION_ITEM('') );
#2787 = CARTESIAN_POINT('',(-44.77105620836,-37.21339683251));
#2788 = CARTESIAN_POINT('',(-46.00881121654,-34.92844492918));
#2789 = CARTESIAN_POINT('',(-43.41110731774,-34.9989936001));
#2790 = CARTESIAN_POINT('',(-40.81340341894,-35.06954227102));
#2791 = CARTESIAN_POINT('',(-42.17335230956,-37.28394550343));
#2792 = CARTESIAN_POINT('',(-43.53330120018,-39.49834873584));
#2793 = CARTESIAN_POINT('',(-44.77105620836,-37.21339683251));
#2794 = ( GEOMETRIC_REPRESENTATION_CONTEXT(2) 
PARAMETRIC_REPRESENTATION_CONTEXT() REPRESENTATION_CONTEXT('2D SPACE',''
  ) );
#2795 = PCURVE('',#2796,#2801);
#2796 = CYLINDRICAL_SURFACE('',#2797,1.500338035332);
#2797 = AXIS2_PLACEMENT_3D('',#2798,#2799,#2800);
#2798 = CARTESIAN_POINT('',(153.28506021764,-109.2389501233,11.1));
#2799 = DIRECTION('',(-0.,-0.,-1.));
#2800 = DIRECTION('',(-0.879280245788,-0.47630478621,0.));
#2801 = DEFINITIONAL_REPRESENTATION('',(#2802),#2806);
#2802 = LINE('',#2803,#2804);
#2803 = CARTESIAN_POINT('',(-6.28318530718,-1.));
#2804 = VECTOR('',#2805,1.);
#2805 = DIRECTION('',(1.,-0.));
#2806 = ( GEOMETRIC_REPRESENTATION_CONTEXT(2) 
PARAMETRIC_REPRESENTATION_CONTEXT() REPRESENTATION_CONTEXT('2D SPACE',''
  ) );
#2807 = ORIENTED_EDGE('',*,*,#2808,.T.);
#2808 = EDGE_CURVE('',#2776,#2809,#2811,.T.);
#2809 = VERTEX_POINT('',#2810);
#2810 = CARTESIAN_POINT('',(148.69005605576,-102.5208644882,12.1));
#2811 = SURFACE_CURVE('',#2812,(#2816,#2822),.PCURVE_S1.);
#2812 = LINE('',#2813,#2814);
#2813 = CARTESIAN_POINT('',(147.10221114736,-98.91807148447,12.1));
#2814 = VECTOR('',#2815,1.);
#2815 = DIRECTION('',(-0.403295201946,0.915069931802,0.));
#2816 = PCURVE('',#126,#2817);
#2817 = DEFINITIONAL_REPRESENTATION('',(#2818),#2821);
#2818 = B_SPLINE_CURVE_WITH_KNOTS('',1,(#2819,#2820),.UNSPECIFIED.,.F.,
  .F.,(2,2),(-12.05973056546,-3.937177781282),.PIECEWISE_BEZIER_KNOTS.);
#2819 = CARTESIAN_POINT('',(-44.77105620836,-37.21339683251));
#2820 = CARTESIAN_POINT('',(-48.04684277377,-29.78069301023));
#2821 = ( GEOMETRIC_REPRESENTATION_CONTEXT(2) 
PARAMETRIC_REPRESENTATION_CONTEXT() REPRESENTATION_CONTEXT('2D SPACE',''
  ) );
#2822 = PCURVE('',#2823,#2828);
#2823 = PLANE('',#2824);
#2824 = AXIS2_PLACEMENT_3D('',#2825,#2826,#2827);
#2825 = CARTESIAN_POINT('',(148.69005605576,-102.5208644882,11.1));
#2826 = DIRECTION('',(0.915069931802,0.403295201946,-0.));
#2827 = DIRECTION('',(0.403295201946,-0.915069931802,0.));
#2828 = DEFINITIONAL_REPRESENTATION('',(#2829),#2832);
#2829 = B_SPLINE_CURVE_WITH_KNOTS('',1,(#2830,#2831),.UNSPECIFIED.,.F.,
  .F.,(2,2),(-12.05973056546,-3.937177781282),.PIECEWISE_BEZIER_KNOTS.);
#2830 = CARTESIAN_POINT('',(8.122552784179,-1.));
#2831 = CARTESIAN_POINT('',(0.,-1.));
#2832 = ( GEOMETRIC_REPRESENTATION_CONTEXT(2) 
PARAMETRIC_REPRESENTATION_CONTEXT() REPRESENTATION_CONTEXT('2D SPACE',''
  ) );
#2833 = ORIENTED_EDGE('',*,*,#2834,.T.);
#2834 = EDGE_CURVE('',#2809,#2835,#2837,.T.);
#2835 = VERTEX_POINT('',#2836);
#2836 = CARTESIAN_POINT('',(149.30628229521,-100.6222035008,12.1));
#2837 = SURFACE_CURVE('',#2838,(#2843,#2854),.PCURVE_S1.);
#2838 = CIRCLE('',#2839,1.500413123523);
#2839 = AXIS2_PLACEMENT_3D('',#2840,#2841,#2842);
#2840 = CARTESIAN_POINT('',(150.06375318135,-101.91737816,12.1));
#2841 = DIRECTION('',(-0.,0.,-1.));
#2842 = DIRECTION('',(-0.50484154948,0.863212030685,0.));
#2843 = PCURVE('',#126,#2844);
#2844 = DEFINITIONAL_REPRESENTATION('',(#2845),#2853);
#2845 = ( BOUNDED_CURVE() B_SPLINE_CURVE(2,(#2846,#2847,#2848,#2849,
#2850,#2851,#2852),.UNSPECIFIED.,.T.,.F.) B_SPLINE_CURVE_WITH_KNOTS((1,2
    ,2,2,2,1),(-2.094395102393,0.,2.094395102393,4.188790204786,
6.28318530718,8.377580409573),.UNSPECIFIED.) CURVE() 
GEOMETRIC_REPRESENTATION_ITEM() RATIONAL_B_SPLINE_CURVE((1.,0.5,1.,0.5,
1.,0.5,1.)) REPRESENTATION_ITEM('') );
#2846 = CARTESIAN_POINT('',(-47.43061653432,-27.88203202276));
#2847 = CARTESIAN_POINT('',(-45.18730821987,-26.57005396272));
#2848 = CARTESIAN_POINT('',(-45.17275604789,-29.16880498157));
#2849 = CARTESIAN_POINT('',(-45.1582038759,-31.76755600043));
#2850 = CARTESIAN_POINT('',(-47.41606436234,-30.48078304162));
#2851 = CARTESIAN_POINT('',(-49.67392484877,-29.19401008281));
#2852 = CARTESIAN_POINT('',(-47.43061653432,-27.88203202276));
#2853 = ( GEOMETRIC_REPRESENTATION_CONTEXT(2) 
PARAMETRIC_REPRESENTATION_CONTEXT() REPRESENTATION_CONTEXT('2D SPACE',''
  ) );
#2854 = PCURVE('',#2855,#2860);
#2855 = CYLINDRICAL_SURFACE('',#2856,1.500413123523);
#2856 = AXIS2_PLACEMENT_3D('',#2857,#2858,#2859);
#2857 = CARTESIAN_POINT('',(150.06375318135,-101.91737816,11.1));
#2858 = DIRECTION('',(-0.,-0.,-1.));
#2859 = DIRECTION('',(-0.50484154948,0.863212030685,0.));
#2860 = DEFINITIONAL_REPRESENTATION('',(#2861),#2865);
#2861 = LINE('',#2862,#2863);
#2862 = CARTESIAN_POINT('',(-6.28318530718,-1.));
#2863 = VECTOR('',#2864,1.);
#2864 = DIRECTION('',(1.,-0.));
#2865 = ( GEOMETRIC_REPRESENTATION_CONTEXT(2) 
PARAMETRIC_REPRESENTATION_CONTEXT() REPRESENTATION_CONTEXT('2D SPACE',''
  ) );
#2866 = ORIENTED_EDGE('',*,*,#2867,.T.);
#2867 = EDGE_CURVE('',#2835,#2868,#2870,.T.);
#2868 = VERTEX_POINT('',#2869);
#2869 = CARTESIAN_POINT('',(152.66272246328,-99.13443249951,12.1));
#2870 = SURFACE_CURVE('',#2871,(#2875,#2881),.PCURVE_S1.);
#2871 = LINE('',#2872,#2873);
#2872 = CARTESIAN_POINT('',(175.97015090012,-88.8032141829,12.1));
#2873 = VECTOR('',#2874,1.);
#2874 = DIRECTION('',(0.914213448963,0.405232982043,-0.));
#2875 = PCURVE('',#126,#2876);
#2876 = DEFINITIONAL_REPRESENTATION('',(#2877),#2880);
#2877 = B_SPLINE_CURVE_WITH_KNOTS('',1,(#2878,#2879),.UNSPECIFIED.,.F.,
  .F.,(2,2),(-29.16591156601,-25.49451494427),.PIECEWISE_BEZIER_KNOTS.);
#2878 = CARTESIAN_POINT('',(-47.43061653432,-27.88203202276));
#2879 = CARTESIAN_POINT('',(-44.07417636625,-26.39426102147));
#2880 = ( GEOMETRIC_REPRESENTATION_CONTEXT(2) 
PARAMETRIC_REPRESENTATION_CONTEXT() REPRESENTATION_CONTEXT('2D SPACE',''
  ) );
#2881 = PCURVE('',#2882,#2887);
#2882 = PLANE('',#2883);
#2883 = AXIS2_PLACEMENT_3D('',#2884,#2885,#2886);
#2884 = CARTESIAN_POINT('',(152.66272246328,-99.13443249951,11.1));
#2885 = DIRECTION('',(0.405232982043,-0.914213448963,0.));
#2886 = DIRECTION('',(-0.914213448963,-0.405232982043,0.));
#2887 = DEFINITIONAL_REPRESENTATION('',(#2888),#2891);
#2888 = B_SPLINE_CURVE_WITH_KNOTS('',1,(#2889,#2890),.UNSPECIFIED.,.F.,
  .F.,(2,2),(-29.16591156601,-25.49451494427),.PIECEWISE_BEZIER_KNOTS.);
#2889 = CARTESIAN_POINT('',(3.671396621743,-1.));
#2890 = CARTESIAN_POINT('',(0.,-1.));
#2891 = ( GEOMETRIC_REPRESENTATION_CONTEXT(2) 
PARAMETRIC_REPRESENTATION_CONTEXT() REPRESENTATION_CONTEXT('2D SPACE',''
  ) );
#2892 = ORIENTED_EDGE('',*,*,#2893,.T.);
#2893 = EDGE_CURVE('',#2868,#2894,#2896,.T.);
#2894 = VERTEX_POINT('',#2895);
#2895 = CARTESIAN_POINT('',(154.56138345075,-99.75065873897,12.1));
#2896 = SURFACE_CURVE('',#2897,(#2902,#2913),.PCURVE_S1.);
#2897 = CIRCLE('',#2898,1.500413123523);
#2898 = AXIS2_PLACEMENT_3D('',#2899,#2900,#2901);
#2899 = CARTESIAN_POINT('',(153.26620879153,-100.5081296251,12.1));
#2900 = DIRECTION('',(0.,-0.,-1.));
#2901 = DIRECTION('',(0.863212030685,0.50484154948,-0.));
#2902 = PCURVE('',#126,#2903);
#2903 = DEFINITIONAL_REPRESENTATION('',(#2904),#2912);
#2904 = ( BOUNDED_CURVE() B_SPLINE_CURVE(2,(#2905,#2906,#2907,#2908,
#2909,#2910,#2911),.UNSPECIFIED.,.T.,.F.) B_SPLINE_CURVE_WITH_KNOTS((1,2
    ,2,2,2,1),(-2.094395102393,0.,2.094395102393,4.188790204786,
6.28318530718,8.377580409573),.UNSPECIFIED.) CURVE() 
GEOMETRIC_REPRESENTATION_ITEM() RATIONAL_B_SPLINE_CURVE((1.,0.5,1.,0.5,
1.,0.5,1.)) REPRESENTATION_ITEM('') );
#2905 = CARTESIAN_POINT('',(-42.17551537878,-27.01048726092));
#2906 = CARTESIAN_POINT('',(-40.86353731873,-29.25379557537));
#2907 = CARTESIAN_POINT('',(-43.46228833759,-29.26834774736));
#2908 = CARTESIAN_POINT('',(-46.06103935645,-29.28289991934));
#2909 = CARTESIAN_POINT('',(-44.77426639764,-27.02503943291));
#2910 = CARTESIAN_POINT('',(-43.48749343883,-24.76717894647));
#2911 = CARTESIAN_POINT('',(-42.17551537878,-27.01048726092));
#2912 = ( GEOMETRIC_REPRESENTATION_CONTEXT(2) 
PARAMETRIC_REPRESENTATION_CONTEXT() REPRESENTATION_CONTEXT('2D SPACE',''
  ) );
#2913 = PCURVE('',#2914,#2919);
#2914 = CYLINDRICAL_SURFACE('',#2915,1.500413123523);
#2915 = AXIS2_PLACEMENT_3D('',#2916,#2917,#2918);
#2916 = CARTESIAN_POINT('',(153.26620879153,-100.5081296251,11.1));
#2917 = DIRECTION('',(-0.,-0.,-1.));
#2918 = DIRECTION('',(0.863212030685,0.50484154948,-0.));
#2919 = DEFINITIONAL_REPRESENTATION('',(#2920),#2924);
#2920 = LINE('',#2921,#2922);
#2921 = CARTESIAN_POINT('',(-6.28318530718,-1.));
#2922 = VECTOR('',#2923,1.);
#2923 = DIRECTION('',(1.,-0.));
#2924 = ( GEOMETRIC_REPRESENTATION_CONTEXT(2) 
PARAMETRIC_REPRESENTATION_CONTEXT() REPRESENTATION_CONTEXT('2D SPACE',''
  ) );
#2925 = ORIENTED_EDGE('',*,*,#2926,.T.);
#2926 = EDGE_CURVE('',#2894,#2927,#2929,.T.);
#2927 = VERTEX_POINT('',#2928);
#2928 = CARTESIAN_POINT('',(155.16882550274,-101.1267540027,12.1));
#2929 = SURFACE_CURVE('',#2930,(#2934,#2940),.PCURVE_S1.);
#2930 = LINE('',#2931,#2932);
#2931 = CARTESIAN_POINT('',(154.66093114765,-99.97617344242,12.1));
#2932 = VECTOR('',#2933,1.);
#2933 = DIRECTION('',(0.403830072705,-0.914834013567,0.));
#2934 = PCURVE('',#126,#2935);
#2935 = DEFINITIONAL_REPRESENTATION('',(#2936),#2939);
#2936 = B_SPLINE_CURVE_WITH_KNOTS('',1,(#2937,#2938),.UNSPECIFIED.,.F.,
  .F.,(2,2),(-0.246508874954,7.924879902491),.PIECEWISE_BEZIER_KNOTS.);
#2937 = CARTESIAN_POINT('',(-42.17551537878,-27.01048726092));
#2938 = CARTESIAN_POINT('',(-38.87566285468,-34.48595165261));
#2939 = ( GEOMETRIC_REPRESENTATION_CONTEXT(2) 
PARAMETRIC_REPRESENTATION_CONTEXT() REPRESENTATION_CONTEXT('2D SPACE',''
  ) );
#2940 = PCURVE('',#2941,#2946);
#2941 = PLANE('',#2942);
#2942 = AXIS2_PLACEMENT_3D('',#2943,#2944,#2945);
#2943 = CARTESIAN_POINT('',(157.86123597485,-107.2261231306,11.1));
#2944 = DIRECTION('',(-0.914834013567,-0.403830072705,0.));
#2945 = DIRECTION('',(-0.403830072705,0.914834013567,0.));
#2946 = DEFINITIONAL_REPRESENTATION('',(#2947),#2950);
#2947 = B_SPLINE_CURVE_WITH_KNOTS('',1,(#2948,#2949),.UNSPECIFIED.,.F.,
  .F.,(2,2),(-0.246508874954,7.924879902491),.PIECEWISE_BEZIER_KNOTS.);
#2948 = CARTESIAN_POINT('',(8.171388777445,-1.));
#2949 = CARTESIAN_POINT('',(0.,-1.));
#2950 = ( GEOMETRIC_REPRESENTATION_CONTEXT(2) 
PARAMETRIC_REPRESENTATION_CONTEXT() REPRESENTATION_CONTEXT('2D SPACE',''
  ) );
#2951 = ORIENTED_EDGE('',*,*,#2952,.T.);
#2952 = EDGE_CURVE('',#2927,#2953,#2955,.T.);
#2953 = VERTEX_POINT('',#2954);
#2954 = CARTESIAN_POINT('',(170.38481042997,-94.36911699866,12.1));
#2955 = SURFACE_CURVE('',#2956,(#2960,#2967),.PCURVE_S1.);
#2956 = LINE('',#2957,#2958);
#2957 = CARTESIAN_POINT('',(154.73118236815,-101.3211175917,12.1));
#2958 = VECTOR('',#2959,1.);
#2959 = DIRECTION('',(0.913923483604,0.405886518766,0.));
#2960 = PCURVE('',#126,#2961);
#2961 = DEFINITIONAL_REPRESENTATION('',(#2962),#2966);
#2962 = LINE('',#2963,#2964);
#2963 = CARTESIAN_POINT('',(-42.00571646138,-28.58094611373));
#2964 = VECTOR('',#2965,1.);
#2965 = DIRECTION('',(0.913923483604,0.405886518766));
#2966 = ( GEOMETRIC_REPRESENTATION_CONTEXT(2) 
PARAMETRIC_REPRESENTATION_CONTEXT() REPRESENTATION_CONTEXT('2D SPACE',''
  ) );
#2967 = PCURVE('',#2968,#2973);
#2968 = PLANE('',#2969);
#2969 = AXIS2_PLACEMENT_3D('',#2970,#2971,#2972);
#2970 = CARTESIAN_POINT('',(154.73118236815,-101.3211175917,12.1));
#2971 = DIRECTION('',(-0.405886518766,0.913923483604,0.));
#2972 = DIRECTION('',(0.913923483604,0.405886518766,0.));
#2973 = DEFINITIONAL_REPRESENTATION('',(#2974),#2978);
#2974 = LINE('',#2975,#2976);
#2975 = CARTESIAN_POINT('',(0.,0.));
#2976 = VECTOR('',#2977,1.);
#2977 = DIRECTION('',(1.,0.));
#2978 = ( GEOMETRIC_REPRESENTATION_CONTEXT(2) 
PARAMETRIC_REPRESENTATION_CONTEXT() REPRESENTATION_CONTEXT('2D SPACE',''
  ) );
#2979 = ORIENTED_EDGE('',*,*,#2980,.T.);
#2980 = EDGE_CURVE('',#2953,#2981,#2983,.T.);
#2981 = VERTEX_POINT('',#2982);
#2982 = CARTESIAN_POINT('',(172.5625,-90.62804084187,12.1));
#2983 = SURFACE_CURVE('',#2984,(#2989,#2996),.PCURVE_S1.);
#2984 = CIRCLE('',#2985,4.257344899428);
#2985 = AXIS2_PLACEMENT_3D('',#2986,#2987,#2988);
#2986 = CARTESIAN_POINT('',(168.30523567858,-90.65423416793,12.1));
#2987 = DIRECTION('',(0.,0.,1.));
#2988 = DIRECTION('',(0.488467530941,-0.872582071336,0.));
#2989 = PCURVE('',#126,#2990);
#2990 = DEFINITIONAL_REPRESENTATION('',(#2991),#2995);
#2991 = CIRCLE('',#2992,4.257344899428);
#2992 = AXIS2_PLACEMENT_2D('',#2993,#2994);
#2993 = CARTESIAN_POINT('',(-28.43166315095,-17.91406268989));
#2994 = DIRECTION('',(0.488467530941,-0.872582071336));
#2995 = ( GEOMETRIC_REPRESENTATION_CONTEXT(2) 
PARAMETRIC_REPRESENTATION_CONTEXT() REPRESENTATION_CONTEXT('2D SPACE',''
  ) );
#2996 = PCURVE('',#2997,#3002);
#2997 = CYLINDRICAL_SURFACE('',#2998,4.257344899428);
#2998 = AXIS2_PLACEMENT_3D('',#2999,#3000,#3001);
#2999 = CARTESIAN_POINT('',(168.30523567858,-90.65423416793,12.1));
#3000 = DIRECTION('',(-0.,-0.,-1.));
#3001 = DIRECTION('',(0.488467530941,-0.872582071336,0.));
#3002 = DEFINITIONAL_REPRESENTATION('',(#3003),#3007);
#3003 = LINE('',#3004,#3005);
#3004 = CARTESIAN_POINT('',(-0.,0.));
#3005 = VECTOR('',#3006,1.);
#3006 = DIRECTION('',(-1.,0.));
#3007 = ( GEOMETRIC_REPRESENTATION_CONTEXT(2) 
PARAMETRIC_REPRESENTATION_CONTEXT() REPRESENTATION_CONTEXT('2D SPACE',''
  ) );
#3008 = ORIENTED_EDGE('',*,*,#3009,.T.);
#3009 = EDGE_CURVE('',#2981,#3010,#3012,.T.);
#3010 = VERTEX_POINT('',#3011);
#3011 = CARTESIAN_POINT('',(172.54239847481,-78.60923552145,12.1));
#3012 = SURFACE_CURVE('',#3013,(#3017,#3024),.PCURVE_S1.);
#3013 = LINE('',#3014,#3015);
#3014 = CARTESIAN_POINT('',(172.5625,-90.62804084187,12.1));
#3015 = VECTOR('',#3016,1.);
#3016 = DIRECTION('',(-1.672503758482E-03,0.999998601365,0.));
#3017 = PCURVE('',#126,#3018);
#3018 = DEFINITIONAL_REPRESENTATION('',(#3019),#3023);
#3019 = LINE('',#3020,#3021);
#3020 = CARTESIAN_POINT('',(-24.17439882953,-17.88786936382));
#3021 = VECTOR('',#3022,1.);
#3022 = DIRECTION('',(-1.672503758482E-03,0.999998601365));
#3023 = ( GEOMETRIC_REPRESENTATION_CONTEXT(2) 
PARAMETRIC_REPRESENTATION_CONTEXT() REPRESENTATION_CONTEXT('2D SPACE',''
  ) );
#3024 = PCURVE('',#3025,#3030);
#3025 = PLANE('',#3026);
#3026 = AXIS2_PLACEMENT_3D('',#3027,#3028,#3029);
#3027 = CARTESIAN_POINT('',(172.5625,-90.62804084187,12.1));
#3028 = DIRECTION('',(-0.999998601365,-1.672503758482E-03,0.));
#3029 = DIRECTION('',(-1.672503758482E-03,0.999998601365,0.));
#3030 = DEFINITIONAL_REPRESENTATION('',(#3031),#3035);
#3031 = LINE('',#3032,#3033);
#3032 = CARTESIAN_POINT('',(0.,0.));
#3033 = VECTOR('',#3034,1.);
#3034 = DIRECTION('',(1.,0.));
#3035 = ( GEOMETRIC_REPRESENTATION_CONTEXT(2) 
PARAMETRIC_REPRESENTATION_CONTEXT() REPRESENTATION_CONTEXT('2D SPACE',''
  ) );
#3036 = ORIENTED_EDGE('',*,*,#3037,.T.);
#3037 = EDGE_CURVE('',#3010,#3038,#3040,.T.);
#3038 = VERTEX_POINT('',#3039);
#3039 = CARTESIAN_POINT('',(168.27936691153,-74.75,12.1));
#3040 = SURFACE_CURVE('',#3041,(#3046,#3053),.PCURVE_S1.);
#3041 = CIRCLE('',#3042,4.252325519443);
#3042 = AXIS2_PLACEMENT_3D('',#3043,#3044,#3045);
#3043 = CARTESIAN_POINT('',(168.30827166976,-79.0022272797,12.1));
#3044 = DIRECTION('',(0.,0.,1.));
#3045 = DIRECTION('',(0.99572029133,9.241807957957E-02,-0.));
#3046 = PCURVE('',#126,#3047);
#3047 = DEFINITIONAL_REPRESENTATION('',(#3048),#3052);
#3048 = CIRCLE('',#3049,4.252325519443);
#3049 = AXIS2_PLACEMENT_2D('',#3050,#3051);
#3050 = CARTESIAN_POINT('',(-28.42862715977,-6.262055801664));
#3051 = DIRECTION('',(0.99572029133,9.241807957957E-02));
#3052 = ( GEOMETRIC_REPRESENTATION_CONTEXT(2) 
PARAMETRIC_REPRESENTATION_CONTEXT() REPRESENTATION_CONTEXT('2D SPACE',''
  ) );
#3053 = PCURVE('',#3054,#3059);
#3054 = CYLINDRICAL_SURFACE('',#3055,4.252325519443);
#3055 = AXIS2_PLACEMENT_3D('',#3056,#3057,#3058);
#3056 = CARTESIAN_POINT('',(168.30827166976,-79.0022272797,12.1));
#3057 = DIRECTION('',(-0.,-0.,-1.));
#3058 = DIRECTION('',(0.99572029133,9.241807957957E-02,-0.));
#3059 = DEFINITIONAL_REPRESENTATION('',(#3060),#3064);
#3060 = LINE('',#3061,#3062);
#3061 = CARTESIAN_POINT('',(-0.,0.));
#3062 = VECTOR('',#3063,1.);
#3063 = DIRECTION('',(-1.,0.));
#3064 = ( GEOMETRIC_REPRESENTATION_CONTEXT(2) 
PARAMETRIC_REPRESENTATION_CONTEXT() REPRESENTATION_CONTEXT('2D SPACE',''
  ) );
#3065 = ORIENTED_EDGE('',*,*,#3066,.T.);
#3066 = EDGE_CURVE('',#3038,#3067,#3069,.T.);
#3067 = VERTEX_POINT('',#3068);
#3068 = CARTESIAN_POINT('',(155.01680838264,-74.7314857271,12.1));
#3069 = SURFACE_CURVE('',#3070,(#3074,#3081),.PCURVE_S1.);
#3070 = LINE('',#3071,#3072);
#3071 = CARTESIAN_POINT('',(168.27936691153,-74.75,12.1));
#3072 = VECTOR('',#3073,1.);
#3073 = DIRECTION('',(-0.999999025621,1.39597912552E-03,0.));
#3074 = PCURVE('',#126,#3075);
#3075 = DEFINITIONAL_REPRESENTATION('',(#3076),#3080);
#3076 = LINE('',#3077,#3078);
#3077 = CARTESIAN_POINT('',(-28.457531918,-2.009828521959));
#3078 = VECTOR('',#3079,1.);
#3079 = DIRECTION('',(-0.999999025621,1.39597912552E-03));
#3080 = ( GEOMETRIC_REPRESENTATION_CONTEXT(2) 
PARAMETRIC_REPRESENTATION_CONTEXT() REPRESENTATION_CONTEXT('2D SPACE',''
  ) );
#3081 = PCURVE('',#3082,#3087);
#3082 = PLANE('',#3083);
#3083 = AXIS2_PLACEMENT_3D('',#3084,#3085,#3086);
#3084 = CARTESIAN_POINT('',(168.27936691153,-74.75,12.1));
#3085 = DIRECTION('',(-1.39597912552E-03,-0.999999025621,0.));
#3086 = DIRECTION('',(-0.999999025621,1.39597912552E-03,0.));
#3087 = DEFINITIONAL_REPRESENTATION('',(#3088),#3092);
#3088 = LINE('',#3089,#3090);
#3089 = CARTESIAN_POINT('',(0.,0.));
#3090 = VECTOR('',#3091,1.);
#3091 = DIRECTION('',(1.,0.));
#3092 = ( GEOMETRIC_REPRESENTATION_CONTEXT(2) 
PARAMETRIC_REPRESENTATION_CONTEXT() REPRESENTATION_CONTEXT('2D SPACE',''
  ) );
#3093 = ORIENTED_EDGE('',*,*,#3094,.T.);
#3094 = EDGE_CURVE('',#3067,#3095,#3097,.T.);
#3095 = VERTEX_POINT('',#3096);
#3096 = CARTESIAN_POINT('',(153.5125,-72.98097802986,12.1));
#3097 = SURFACE_CURVE('',#3098,(#3103,#3114),.PCURVE_S1.);
#3098 = CIRCLE('',#3099,1.751337237119);
#3099 = AXIS2_PLACEMENT_3D('',#3100,#3101,#3102);
#3100 = CARTESIAN_POINT('',(155.26375791253,-72.99764662043,12.1));
#3101 = DIRECTION('',(0.,0.,-1.));
#3102 = DIRECTION('',(-0.141006269181,-0.990008703018,-0.));
#3103 = PCURVE('',#126,#3104);
#3104 = DEFINITIONAL_REPRESENTATION('',(#3105),#3113);
#3105 = ( BOUNDED_CURVE() B_SPLINE_CURVE(2,(#3106,#3107,#3108,#3109,
#3110,#3111,#3112),.UNSPECIFIED.,.T.,.F.) B_SPLINE_CURVE_WITH_KNOTS((1,2
    ,2,2,2,1),(-2.094395102393,0.,2.094395102393,4.188790204786,
6.28318530718,8.377580409573),.UNSPECIFIED.) CURVE() 
GEOMETRIC_REPRESENTATION_ITEM() RATIONAL_B_SPLINE_CURVE((1.,0.5,1.,0.5,
1.,0.5,1.)) REPRESENTATION_ITEM('') );
#3106 = CARTESIAN_POINT('',(-41.72009044689,-1.991314249062));
#3107 = CARTESIAN_POINT('',(-44.72318787178,-1.563585116397));
#3108 = CARTESIAN_POINT('',(-42.85121486451,0.823308977272));
#3109 = CARTESIAN_POINT('',(-40.97924185723,3.210203070942));
#3110 = CARTESIAN_POINT('',(-39.84811743961,0.395579844607));
#3111 = CARTESIAN_POINT('',(-38.71699302199,-2.419043381727));
#3112 = CARTESIAN_POINT('',(-41.72009044689,-1.991314249062));
#3113 = ( GEOMETRIC_REPRESENTATION_CONTEXT(2) 
PARAMETRIC_REPRESENTATION_CONTEXT() REPRESENTATION_CONTEXT('2D SPACE',''
  ) );
#3114 = PCURVE('',#3115,#3120);
#3115 = CYLINDRICAL_SURFACE('',#3116,1.751337237119);
#3116 = AXIS2_PLACEMENT_3D('',#3117,#3118,#3119);
#3117 = CARTESIAN_POINT('',(155.26375791253,-72.99764662043,12.1));
#3118 = DIRECTION('',(0.,0.,-1.));
#3119 = DIRECTION('',(-0.141006269181,-0.990008703018,-0.));
#3120 = DEFINITIONAL_REPRESENTATION('',(#3121),#3125);
#3121 = LINE('',#3122,#3123);
#3122 = CARTESIAN_POINT('',(0.,0.));
#3123 = VECTOR('',#3124,1.);
#3124 = DIRECTION('',(1.,0.));
#3125 = ( GEOMETRIC_REPRESENTATION_CONTEXT(2) 
PARAMETRIC_REPRESENTATION_CONTEXT() REPRESENTATION_CONTEXT('2D SPACE',''
  ) );
#3126 = ORIENTED_EDGE('',*,*,#3127,.T.);
#3127 = EDGE_CURVE('',#3095,#3128,#3130,.T.);
#3128 = VERTEX_POINT('',#3129);
#3129 = CARTESIAN_POINT('',(153.49239847481,-56.60923552145,12.1));
#3130 = SURFACE_CURVE('',#3131,(#3135,#3142),.PCURVE_S1.);
#3131 = LINE('',#3132,#3133);
#3132 = CARTESIAN_POINT('',(153.5125,-72.98097802986,12.1));
#3133 = VECTOR('',#3134,1.);
#3134 = DIRECTION('',(-1.227817382506E-03,0.999999246232,0.));
#3135 = PCURVE('',#126,#3136);
#3136 = DEFINITIONAL_REPRESENTATION('',(#3137),#3141);
#3137 = LINE('',#3138,#3139);
#3138 = CARTESIAN_POINT('',(-43.22439882953,-0.240806551817));
#3139 = VECTOR('',#3140,1.);
#3140 = DIRECTION('',(-1.227817382506E-03,0.999999246232));
#3141 = ( GEOMETRIC_REPRESENTATION_CONTEXT(2) 
PARAMETRIC_REPRESENTATION_CONTEXT() REPRESENTATION_CONTEXT('2D SPACE',''
  ) );
#3142 = PCURVE('',#3143,#3148);
#3143 = PLANE('',#3144);
#3144 = AXIS2_PLACEMENT_3D('',#3145,#3146,#3147);
#3145 = CARTESIAN_POINT('',(153.5125,-72.98097802986,12.1));
#3146 = DIRECTION('',(-0.999999246232,-1.227817382506E-03,0.));
#3147 = DIRECTION('',(-1.227817382506E-03,0.999999246232,0.));
#3148 = DEFINITIONAL_REPRESENTATION('',(#3149),#3153);
#3149 = LINE('',#3150,#3151);
#3150 = CARTESIAN_POINT('',(0.,0.));
#3151 = VECTOR('',#3152,1.);
#3152 = DIRECTION('',(1.,0.));
#3153 = ( GEOMETRIC_REPRESENTATION_CONTEXT(2) 
PARAMETRIC_REPRESENTATION_CONTEXT() REPRESENTATION_CONTEXT('2D SPACE',''
  ) );
#3154 = ORIENTED_EDGE('',*,*,#3155,.T.);
#3155 = EDGE_CURVE('',#3128,#3156,#3158,.T.);
#3156 = VERTEX_POINT('',#3157);
#3157 = CARTESIAN_POINT('',(149.22936691148,-52.75,12.1));
#3158 = SURFACE_CURVE('',#3159,(#3164,#3171),.PCURVE_S1.);
#3159 = CIRCLE('',#3160,4.252325519445);
#3160 = AXIS2_PLACEMENT_3D('',#3161,#3162,#3163);
#3161 = CARTESIAN_POINT('',(149.25827166976,-57.0022272797,12.1));
#3162 = DIRECTION('',(0.,0.,1.));
#3163 = DIRECTION('',(0.99572029133,9.241807957984E-02,-0.));
#3164 = PCURVE('',#126,#3165);
#3165 = DEFINITIONAL_REPRESENTATION('',(#3166),#3170);
#3166 = CIRCLE('',#3167,4.252325519445);
#3167 = AXIS2_PLACEMENT_2D('',#3168,#3169);
#3168 = CARTESIAN_POINT('',(-47.47862715977,15.737944198336));
#3169 = DIRECTION('',(0.99572029133,9.241807957984E-02));
#3170 = ( GEOMETRIC_REPRESENTATION_CONTEXT(2) 
PARAMETRIC_REPRESENTATION_CONTEXT() REPRESENTATION_CONTEXT('2D SPACE',''
  ) );
#3171 = PCURVE('',#3172,#3177);
#3172 = CYLINDRICAL_SURFACE('',#3173,4.252325519445);
#3173 = AXIS2_PLACEMENT_3D('',#3174,#3175,#3176);
#3174 = CARTESIAN_POINT('',(149.25827166976,-57.0022272797,12.1));
#3175 = DIRECTION('',(-0.,-0.,-1.));
#3176 = DIRECTION('',(0.99572029133,9.241807957984E-02,-0.));
#3177 = DEFINITIONAL_REPRESENTATION('',(#3178),#3182);
#3178 = LINE('',#3179,#3180);
#3179 = CARTESIAN_POINT('',(-0.,0.));
#3180 = VECTOR('',#3181,1.);
#3181 = DIRECTION('',(-1.,0.));
#3182 = ( GEOMETRIC_REPRESENTATION_CONTEXT(2) 
PARAMETRIC_REPRESENTATION_CONTEXT() REPRESENTATION_CONTEXT('2D SPACE',''
  ) );
#3183 = ORIENTED_EDGE('',*,*,#3184,.T.);
#3184 = EDGE_CURVE('',#3156,#3185,#3187,.T.);
#3185 = VERTEX_POINT('',#3186);
#3186 = CARTESIAN_POINT('',(134.51680838264,-52.7314857271,12.1));
#3187 = SURFACE_CURVE('',#3188,(#3192,#3199),.PCURVE_S1.);
#3188 = LINE('',#3189,#3190);
#3189 = CARTESIAN_POINT('',(149.22936691148,-52.75,12.1));
#3190 = VECTOR('',#3191,1.);
#3191 = DIRECTION('',(-0.999999208217,1.258398272563E-03,0.));
#3192 = PCURVE('',#126,#3193);
#3193 = DEFINITIONAL_REPRESENTATION('',(#3194),#3198);
#3194 = LINE('',#3195,#3196);
#3195 = CARTESIAN_POINT('',(-47.50753191805,19.990171478041));
#3196 = VECTOR('',#3197,1.);
#3197 = DIRECTION('',(-0.999999208217,1.258398272563E-03));
#3198 = ( GEOMETRIC_REPRESENTATION_CONTEXT(2) 
PARAMETRIC_REPRESENTATION_CONTEXT() REPRESENTATION_CONTEXT('2D SPACE',''
  ) );
#3199 = PCURVE('',#3200,#3205);
#3200 = PLANE('',#3201);
#3201 = AXIS2_PLACEMENT_3D('',#3202,#3203,#3204);
#3202 = CARTESIAN_POINT('',(149.22936691148,-52.75,12.1));
#3203 = DIRECTION('',(-1.258398272563E-03,-0.999999208217,0.));
#3204 = DIRECTION('',(-0.999999208217,1.258398272563E-03,0.));
#3205 = DEFINITIONAL_REPRESENTATION('',(#3206),#3210);
#3206 = LINE('',#3207,#3208);
#3207 = CARTESIAN_POINT('',(0.,0.));
#3208 = VECTOR('',#3209,1.);
#3209 = DIRECTION('',(1.,0.));
#3210 = ( GEOMETRIC_REPRESENTATION_CONTEXT(2) 
PARAMETRIC_REPRESENTATION_CONTEXT() REPRESENTATION_CONTEXT('2D SPACE',''
  ) );
#3211 = ORIENTED_EDGE('',*,*,#3212,.T.);
#3212 = EDGE_CURVE('',#3185,#3213,#3215,.T.);
#3213 = VERTEX_POINT('',#3214);
#3214 = CARTESIAN_POINT('',(133.0125,-50.98097803183,12.1));
#3215 = SURFACE_CURVE('',#3216,(#3221,#3232),.PCURVE_S1.);
#3216 = CIRCLE('',#3217,1.751337237082);
#3217 = AXIS2_PLACEMENT_3D('',#3218,#3219,#3220);
#3218 = CARTESIAN_POINT('',(134.76375791251,-50.99764662047,12.1));
#3219 = DIRECTION('',(0.,0.,-1.));
#3220 = DIRECTION('',(-0.141006269174,-0.990008703019,-0.));
#3221 = PCURVE('',#126,#3222);
#3222 = DEFINITIONAL_REPRESENTATION('',(#3223),#3231);
#3223 = ( BOUNDED_CURVE() B_SPLINE_CURVE(2,(#3224,#3225,#3226,#3227,
#3228,#3229,#3230),.UNSPECIFIED.,.T.,.F.) B_SPLINE_CURVE_WITH_KNOTS((1,2
    ,2,2,2,1),(-2.094395102393,0.,2.094395102393,4.188790204786,
6.28318530718,8.377580409573),.UNSPECIFIED.) CURVE() 
GEOMETRIC_REPRESENTATION_ITEM() RATIONAL_B_SPLINE_CURVE((1.,0.5,1.,0.5,
1.,0.5,1.)) REPRESENTATION_ITEM('') );
#3224 = CARTESIAN_POINT('',(-62.22009044689,20.008685750938));
#3225 = CARTESIAN_POINT('',(-65.22318787172,20.436414883572));
#3226 = CARTESIAN_POINT('',(-63.35121486451,22.823308977205));
#3227 = CARTESIAN_POINT('',(-61.47924185729,25.210203070837));
#3228 = CARTESIAN_POINT('',(-60.34811743967,22.395579844571));
#3229 = CARTESIAN_POINT('',(-59.21699302205,19.580956618304));
#3230 = CARTESIAN_POINT('',(-62.22009044689,20.008685750938));
#3231 = ( GEOMETRIC_REPRESENTATION_CONTEXT(2) 
PARAMETRIC_REPRESENTATION_CONTEXT() REPRESENTATION_CONTEXT('2D SPACE',''
  ) );
#3232 = PCURVE('',#3233,#3238);
#3233 = CYLINDRICAL_SURFACE('',#3234,1.751337237082);
#3234 = AXIS2_PLACEMENT_3D('',#3235,#3236,#3237);
#3235 = CARTESIAN_POINT('',(134.76375791251,-50.99764662047,12.1));
#3236 = DIRECTION('',(0.,0.,-1.));
#3237 = DIRECTION('',(-0.141006269174,-0.990008703019,-0.));
#3238 = DEFINITIONAL_REPRESENTATION('',(#3239),#3243);
#3239 = LINE('',#3240,#3241);
#3240 = CARTESIAN_POINT('',(0.,0.));
#3241 = VECTOR('',#3242,1.);
#3242 = DIRECTION('',(1.,0.));
#3243 = ( GEOMETRIC_REPRESENTATION_CONTEXT(2) 
PARAMETRIC_REPRESENTATION_CONTEXT() REPRESENTATION_CONTEXT('2D SPACE',''
  ) );
#3244 = ORIENTED_EDGE('',*,*,#3245,.T.);
#3245 = EDGE_CURVE('',#3213,#3246,#3248,.T.);
#3246 = VERTEX_POINT('',#3247);
#3247 = CARTESIAN_POINT('',(133.03101427289,-44.25430838264,12.1));
#3248 = SURFACE_CURVE('',#3249,(#3253,#3260),.PCURVE_S1.);
#3249 = LINE('',#3250,#3251);
#3250 = CARTESIAN_POINT('',(133.0125,-50.98097803183,12.1));
#3251 = VECTOR('',#3252,1.);
#3252 = DIRECTION('',(2.752357961928E-03,0.999996212256,0.));
#3253 = PCURVE('',#126,#3254);
#3254 = DEFINITIONAL_REPRESENTATION('',(#3255),#3259);
#3255 = LINE('',#3256,#3257);
#3256 = CARTESIAN_POINT('',(-63.72439882953,21.75919344621));
#3257 = VECTOR('',#3258,1.);
#3258 = DIRECTION('',(2.752357961928E-03,0.999996212256));
#3259 = ( GEOMETRIC_REPRESENTATION_CONTEXT(2) 
PARAMETRIC_REPRESENTATION_CONTEXT() REPRESENTATION_CONTEXT('2D SPACE',''
  ) );
#3260 = PCURVE('',#3261,#3266);
#3261 = PLANE('',#3262);
#3262 = AXIS2_PLACEMENT_3D('',#3263,#3264,#3265);
#3263 = CARTESIAN_POINT('',(133.0125,-50.98097803183,12.1));
#3264 = DIRECTION('',(-0.999996212256,2.752357961928E-03,0.));
#3265 = DIRECTION('',(2.752357961928E-03,0.999996212256,0.));
#3266 = DEFINITIONAL_REPRESENTATION('',(#3267),#3271);
#3267 = LINE('',#3268,#3269);
#3268 = CARTESIAN_POINT('',(0.,0.));
#3269 = VECTOR('',#3270,1.);
#3270 = DIRECTION('',(1.,0.));
#3271 = ( GEOMETRIC_REPRESENTATION_CONTEXT(2) 
PARAMETRIC_REPRESENTATION_CONTEXT() REPRESENTATION_CONTEXT('2D SPACE',''
  ) );
#3272 = ORIENTED_EDGE('',*,*,#3273,.T.);
#3273 = EDGE_CURVE('',#3246,#3274,#3276,.T.);
#3274 = VERTEX_POINT('',#3275);
#3275 = CARTESIAN_POINT('',(134.78152197014,-42.75,12.1));
#3276 = SURFACE_CURVE('',#3277,(#3282,#3293),.PCURVE_S1.);
#3277 = CIRCLE('',#3278,1.751337237119);
#3278 = AXIS2_PLACEMENT_3D('',#3279,#3280,#3281);
#3279 = CARTESIAN_POINT('',(134.76485337956,-44.50125791253,12.1));
#3280 = DIRECTION('',(0.,0.,-1.));
#3281 = DIRECTION('',(-0.990008703018,0.141006269181,0.));
#3282 = PCURVE('',#126,#3283);
#3283 = DEFINITIONAL_REPRESENTATION('',(#3284),#3292);
#3284 = ( BOUNDED_CURVE() B_SPLINE_CURVE(2,(#3285,#3286,#3287,#3288,
#3289,#3290,#3291),.UNSPECIFIED.,.T.,.F.) B_SPLINE_CURVE_WITH_KNOTS((1,2
    ,2,2,2,1),(-2.094395102393,0.,2.094395102393,4.188790204786,
6.28318530718,8.377580409573),.UNSPECIFIED.) CURVE() 
GEOMETRIC_REPRESENTATION_ITEM() RATIONAL_B_SPLINE_CURVE((1.,0.5,1.,0.5,
1.,0.5,1.)) REPRESENTATION_ITEM('') );
#3285 = CARTESIAN_POINT('',(-63.70588455664,28.485863095395));
#3286 = CARTESIAN_POINT('',(-63.27815542398,31.488960520294));
#3287 = CARTESIAN_POINT('',(-60.89126133031,29.616987513019));
#3288 = CARTESIAN_POINT('',(-58.50436723664,27.745014505744));
#3289 = CARTESIAN_POINT('',(-61.31899046297,26.61389008812));
#3290 = CARTESIAN_POINT('',(-64.1336136893,25.482765670496));
#3291 = CARTESIAN_POINT('',(-63.70588455664,28.485863095395));
#3292 = ( GEOMETRIC_REPRESENTATION_CONTEXT(2) 
PARAMETRIC_REPRESENTATION_CONTEXT() REPRESENTATION_CONTEXT('2D SPACE',''
  ) );
#3293 = PCURVE('',#3294,#3299);
#3294 = CYLINDRICAL_SURFACE('',#3295,1.751337237119);
#3295 = AXIS2_PLACEMENT_3D('',#3296,#3297,#3298);
#3296 = CARTESIAN_POINT('',(134.76485337956,-44.50125791253,12.1));
#3297 = DIRECTION('',(0.,0.,-1.));
#3298 = DIRECTION('',(-0.990008703018,0.141006269181,0.));
#3299 = DEFINITIONAL_REPRESENTATION('',(#3300),#3304);
#3300 = LINE('',#3301,#3302);
#3301 = CARTESIAN_POINT('',(0.,0.));
#3302 = VECTOR('',#3303,1.);
#3303 = DIRECTION('',(1.,0.));
#3304 = ( GEOMETRIC_REPRESENTATION_CONTEXT(2) 
PARAMETRIC_REPRESENTATION_CONTEXT() REPRESENTATION_CONTEXT('2D SPACE',''
  ) );
#3305 = ORIENTED_EDGE('',*,*,#3306,.T.);
#3306 = EDGE_CURVE('',#3274,#3307,#3309,.T.);
#3307 = VERTEX_POINT('',#3308);
#3308 = CARTESIAN_POINT('',(149.65326447854,-42.72989847481,12.1));
#3309 = SURFACE_CURVE('',#3310,(#3314,#3321),.PCURVE_S1.);
#3310 = LINE('',#3311,#3312);
#3311 = CARTESIAN_POINT('',(134.78152197014,-42.75,12.1));
#3312 = VECTOR('',#3313,1.);
#3313 = DIRECTION('',(0.99999908651,1.351657804172E-03,0.));
#3314 = PCURVE('',#126,#3315);
#3315 = DEFINITIONAL_REPRESENTATION('',(#3316),#3320);
#3316 = LINE('',#3317,#3318);
#3317 = CARTESIAN_POINT('',(-61.95537685939,29.990171478044));
#3318 = VECTOR('',#3319,1.);
#3319 = DIRECTION('',(0.99999908651,1.351657804172E-03));
#3320 = ( GEOMETRIC_REPRESENTATION_CONTEXT(2) 
PARAMETRIC_REPRESENTATION_CONTEXT() REPRESENTATION_CONTEXT('2D SPACE',''
  ) );
#3321 = PCURVE('',#3322,#3327);
#3322 = PLANE('',#3323);
#3323 = AXIS2_PLACEMENT_3D('',#3324,#3325,#3326);
#3324 = CARTESIAN_POINT('',(134.78152197014,-42.75,12.1));
#3325 = DIRECTION('',(-1.351657804172E-03,0.99999908651,0.));
#3326 = DIRECTION('',(0.99999908651,1.351657804172E-03,0.));
#3327 = DEFINITIONAL_REPRESENTATION('',(#3328),#3332);
#3328 = LINE('',#3329,#3330);
#3329 = CARTESIAN_POINT('',(0.,0.));
#3330 = VECTOR('',#3331,1.);
#3331 = DIRECTION('',(1.,0.));
#3332 = ( GEOMETRIC_REPRESENTATION_CONTEXT(2) 
PARAMETRIC_REPRESENTATION_CONTEXT() REPRESENTATION_CONTEXT('2D SPACE',''
  ) );
#3333 = ORIENTED_EDGE('',*,*,#3334,.T.);
#3334 = EDGE_CURVE('',#3307,#3335,#3337,.T.);
#3335 = VERTEX_POINT('',#3336);
#3336 = CARTESIAN_POINT('',(153.51249999997,-38.46686691423,12.1));
#3337 = SURFACE_CURVE('',#3338,(#3343,#3350),.PCURVE_S1.);
#3338 = CIRCLE('',#3339,4.252325519367);
#3339 = AXIS2_PLACEMENT_3D('',#3340,#3341,#3342);
#3340 = CARTESIAN_POINT('',(149.26027272033,-38.49577166983,12.1));
#3341 = DIRECTION('',(0.,0.,1.));
#3342 = DIRECTION('',(9.24180795726E-02,-0.995720291331,0.));
#3343 = PCURVE('',#126,#3344);
#3344 = DEFINITIONAL_REPRESENTATION('',(#3345),#3349);
#3345 = CIRCLE('',#3346,4.252325519367);
#3346 = AXIS2_PLACEMENT_2D('',#3347,#3348);
#3347 = CARTESIAN_POINT('',(-47.4766261092,34.244399808208));
#3348 = DIRECTION('',(9.24180795726E-02,-0.995720291331));
#3349 = ( GEOMETRIC_REPRESENTATION_CONTEXT(2) 
PARAMETRIC_REPRESENTATION_CONTEXT() REPRESENTATION_CONTEXT('2D SPACE',''
  ) );
#3350 = PCURVE('',#3351,#3356);
#3351 = CYLINDRICAL_SURFACE('',#3352,4.252325519367);
#3352 = AXIS2_PLACEMENT_3D('',#3353,#3354,#3355);
#3353 = CARTESIAN_POINT('',(149.26027272033,-38.49577166983,12.1));
#3354 = DIRECTION('',(-0.,-0.,-1.));
#3355 = DIRECTION('',(9.24180795726E-02,-0.995720291331,0.));
#3356 = DEFINITIONAL_REPRESENTATION('',(#3357),#3361);
#3357 = LINE('',#3358,#3359);
#3358 = CARTESIAN_POINT('',(-0.,0.));
#3359 = VECTOR('',#3360,1.);
#3360 = DIRECTION('',(-1.,0.));
#3361 = ( GEOMETRIC_REPRESENTATION_CONTEXT(2) 
PARAMETRIC_REPRESENTATION_CONTEXT() REPRESENTATION_CONTEXT('2D SPACE',''
  ) );
#3362 = ORIENTED_EDGE('',*,*,#3363,.T.);
#3363 = EDGE_CURVE('',#3335,#3364,#3366,.T.);
#3364 = VERTEX_POINT('',#3365);
#3365 = CARTESIAN_POINT('',(153.51972290999,-23.8029742895,12.1));
#3366 = SURFACE_CURVE('',#3367,(#3371,#3378),.PCURVE_S1.);
#3367 = LINE('',#3368,#3369);
#3368 = CARTESIAN_POINT('',(153.51249999997,-38.46686691423,12.1));
#3369 = VECTOR('',#3370,1.);
#3370 = DIRECTION('',(4.925642408726E-04,0.99999987869,0.));
#3371 = PCURVE('',#126,#3372);
#3372 = DEFINITIONAL_REPRESENTATION('',(#3373),#3377);
#3373 = LINE('',#3374,#3375);
#3374 = CARTESIAN_POINT('',(-43.22439882956,34.273304563812));
#3375 = VECTOR('',#3376,1.);
#3376 = DIRECTION('',(4.925642408726E-04,0.99999987869));
#3377 = ( GEOMETRIC_REPRESENTATION_CONTEXT(2) 
PARAMETRIC_REPRESENTATION_CONTEXT() REPRESENTATION_CONTEXT('2D SPACE',''
  ) );
#3378 = PCURVE('',#3379,#3384);
#3379 = PLANE('',#3380);
#3380 = AXIS2_PLACEMENT_3D('',#3381,#3382,#3383);
#3381 = CARTESIAN_POINT('',(153.51249999997,-38.46686691423,12.1));
#3382 = DIRECTION('',(-0.99999987869,4.925642408726E-04,0.));
#3383 = DIRECTION('',(4.925642408726E-04,0.99999987869,0.));
#3384 = DEFINITIONAL_REPRESENTATION('',(#3385),#3389);
#3385 = LINE('',#3386,#3387);
#3386 = CARTESIAN_POINT('',(0.,0.));
#3387 = VECTOR('',#3388,1.);
#3388 = DIRECTION('',(1.,0.));
#3389 = ( GEOMETRIC_REPRESENTATION_CONTEXT(2) 
PARAMETRIC_REPRESENTATION_CONTEXT() REPRESENTATION_CONTEXT('2D SPACE',''
  ) );
#3390 = ORIENTED_EDGE('',*,*,#3391,.T.);
#3391 = EDGE_CURVE('',#3364,#3392,#3394,.T.);
#3392 = VERTEX_POINT('',#3393);
#3393 = CARTESIAN_POINT('',(155.0125,-22.45,12.1));
#3394 = SURFACE_CURVE('',#3395,(#3400,#3411),.PCURVE_S1.);
#3395 = CIRCLE('',#3396,1.5);
#3396 = AXIS2_PLACEMENT_3D('',#3397,#3398,#3399);
#3397 = CARTESIAN_POINT('',(155.0125,-23.95,12.1));
#3398 = DIRECTION('',(0.,0.,-1.));
#3399 = DIRECTION('',(-0.995184726672,9.801714032956E-02,0.));
#3400 = PCURVE('',#126,#3401);
#3401 = DEFINITIONAL_REPRESENTATION('',(#3402),#3410);
#3402 = ( BOUNDED_CURVE() B_SPLINE_CURVE(2,(#3403,#3404,#3405,#3406,
#3407,#3408,#3409),.UNSPECIFIED.,.T.,.F.) B_SPLINE_CURVE_WITH_KNOTS((1,2
    ,2,2,2,1),(-2.094395102393,0.,2.094395102393,4.188790204786,
6.28318530718,8.377580409573),.UNSPECIFIED.) CURVE() 
GEOMETRIC_REPRESENTATION_ITEM() RATIONAL_B_SPLINE_CURVE((1.,0.5,1.,0.5,
1.,0.5,1.)) REPRESENTATION_ITEM('') );
#3403 = CARTESIAN_POINT('',(-43.21717591954,48.937197188539));
#3404 = CARTESIAN_POINT('',(-42.96251991895,51.522762952808));
#3405 = CARTESIAN_POINT('',(-40.85068228423,50.009441504932));
#3406 = CARTESIAN_POINT('',(-38.73884464952,48.496120057056));
#3407 = CARTESIAN_POINT('',(-41.10533828483,47.423875740662));
#3408 = CARTESIAN_POINT('',(-43.47183192014,46.351631424269));
#3409 = CARTESIAN_POINT('',(-43.21717591954,48.937197188539));
#3410 = ( GEOMETRIC_REPRESENTATION_CONTEXT(2) 
PARAMETRIC_REPRESENTATION_CONTEXT() REPRESENTATION_CONTEXT('2D SPACE',''
  ) );
#3411 = PCURVE('',#3412,#3417);
#3412 = CYLINDRICAL_SURFACE('',#3413,1.5);
#3413 = AXIS2_PLACEMENT_3D('',#3414,#3415,#3416);
#3414 = CARTESIAN_POINT('',(155.0125,-23.95,12.1));
#3415 = DIRECTION('',(0.,0.,-1.));
#3416 = DIRECTION('',(-0.995184726672,9.801714032956E-02,0.));
#3417 = DEFINITIONAL_REPRESENTATION('',(#3418),#3422);
#3418 = LINE('',#3419,#3420);
#3419 = CARTESIAN_POINT('',(0.,0.));
#3420 = VECTOR('',#3421,1.);
#3421 = DIRECTION('',(1.,0.));
#3422 = ( GEOMETRIC_REPRESENTATION_CONTEXT(2) 
PARAMETRIC_REPRESENTATION_CONTEXT() REPRESENTATION_CONTEXT('2D SPACE',''
  ) );
#3423 = ORIENTED_EDGE('',*,*,#3424,.T.);
#3424 = EDGE_CURVE('',#3392,#3425,#3427,.T.);
#3425 = VERTEX_POINT('',#3426);
#3426 = CARTESIAN_POINT('',(162.0125,-22.45145929899,12.1));
#3427 = SURFACE_CURVE('',#3428,(#3432,#3439),.PCURVE_S1.);
#3428 = LINE('',#3429,#3430);
#3429 = CARTESIAN_POINT('',(155.0125,-22.45,12.1));
#3430 = VECTOR('',#3431,1.);
#3431 = DIRECTION('',(0.99999997827,-2.084712810589E-04,0.));
#3432 = PCURVE('',#126,#3433);
#3433 = DEFINITIONAL_REPRESENTATION('',(#3434),#3438);
#3434 = LINE('',#3435,#3436);
#3435 = CARTESIAN_POINT('',(-41.72439882953,50.290171478044));
#3436 = VECTOR('',#3437,1.);
#3437 = DIRECTION('',(0.99999997827,-2.084712810589E-04));
#3438 = ( GEOMETRIC_REPRESENTATION_CONTEXT(2) 
PARAMETRIC_REPRESENTATION_CONTEXT() REPRESENTATION_CONTEXT('2D SPACE',''
  ) );
#3439 = PCURVE('',#373,#3440);
#3440 = DEFINITIONAL_REPRESENTATION('',(#3441),#3445);
#3441 = LINE('',#3442,#3443);
#3442 = CARTESIAN_POINT('',(0.,0.));
#3443 = VECTOR('',#3444,1.);
#3444 = DIRECTION('',(1.,0.));
#3445 = ( GEOMETRIC_REPRESENTATION_CONTEXT(2) 
PARAMETRIC_REPRESENTATION_CONTEXT() REPRESENTATION_CONTEXT('2D SPACE',''
  ) );
#3446 = ORIENTED_EDGE('',*,*,#3447,.T.);
#3447 = EDGE_CURVE('',#3425,#3448,#3450,.T.);
#3448 = VERTEX_POINT('',#3449);
#3449 = CARTESIAN_POINT('',(162.0125,-20.85,12.1));
#3450 = SURFACE_CURVE('',#3451,(#3455,#3461),.PCURVE_S1.);
#3451 = LINE('',#3452,#3453);
#3452 = CARTESIAN_POINT('',(162.0125,-47.07008573902,12.1));
#3453 = VECTOR('',#3454,1.);
#3454 = DIRECTION('',(-0.,1.,0.));
#3455 = PCURVE('',#126,#3456);
#3456 = DEFINITIONAL_REPRESENTATION('',(#3457),#3460);
#3457 = B_SPLINE_CURVE_WITH_KNOTS('',1,(#3458,#3459),.UNSPECIFIED.,.F.,
  .F.,(2,2),(24.120085739022,26.220090646633),.PIECEWISE_BEZIER_KNOTS.);
#3458 = CARTESIAN_POINT('',(-34.72439882953,49.790171478044));
#3459 = CARTESIAN_POINT('',(-34.72439882953,51.890176385655));
#3460 = ( GEOMETRIC_REPRESENTATION_CONTEXT(2) 
PARAMETRIC_REPRESENTATION_CONTEXT() REPRESENTATION_CONTEXT('2D SPACE',''
  ) );
#3461 = PCURVE('',#3462,#3467);
#3462 = PLANE('',#3463);
#3463 = AXIS2_PLACEMENT_3D('',#3464,#3465,#3466);
#3464 = CARTESIAN_POINT('',(162.0125,-21.4,5.3));
#3465 = DIRECTION('',(1.,0.,-0.));
#3466 = DIRECTION('',(0.,0.,1.));
#3467 = DEFINITIONAL_REPRESENTATION('',(#3468),#3471);
#3468 = B_SPLINE_CURVE_WITH_KNOTS('',1,(#3469,#3470),.UNSPECIFIED.,.F.,
  .F.,(2,2),(24.120085739022,26.220090646633),.PIECEWISE_BEZIER_KNOTS.);
#3469 = CARTESIAN_POINT('',(6.8,1.55));
#3470 = CARTESIAN_POINT('',(6.8,-0.550004907611));
#3471 = ( GEOMETRIC_REPRESENTATION_CONTEXT(2) 
PARAMETRIC_REPRESENTATION_CONTEXT() REPRESENTATION_CONTEXT('2D SPACE',''
  ) );
#3472 = ORIENTED_EDGE('',*,*,#3473,.T.);
#3473 = EDGE_CURVE('',#3448,#3474,#3476,.T.);
#3474 = VERTEX_POINT('',#3475);
#3475 = CARTESIAN_POINT('',(150.14371098084,-20.85,12.1));
#3476 = SURFACE_CURVE('',#3477,(#3481,#3488),.PCURVE_S1.);
#3477 = LINE('',#3478,#3479);
#3478 = CARTESIAN_POINT('',(214.73091722502,-20.85,12.1));
#3479 = VECTOR('',#3480,1.);
#3480 = DIRECTION('',(-1.,0.,0.));
#3481 = PCURVE('',#126,#3482);
#3482 = DEFINITIONAL_REPRESENTATION('',(#3483),#3487);
#3483 = LINE('',#3484,#3485);
#3484 = CARTESIAN_POINT('',(17.994018395484,51.890171478044));
#3485 = VECTOR('',#3486,1.);
#3486 = DIRECTION('',(-1.,0.));
#3487 = ( GEOMETRIC_REPRESENTATION_CONTEXT(2) 
PARAMETRIC_REPRESENTATION_CONTEXT() REPRESENTATION_CONTEXT('2D SPACE',''
  ) );
#3488 = PCURVE('',#268,#3489);
#3489 = DEFINITIONAL_REPRESENTATION('',(#3490),#3494);
#3490 = LINE('',#3491,#3492);
#3491 = CARTESIAN_POINT('',(0.,-0.));
#3492 = VECTOR('',#3493,1.);
#3493 = DIRECTION('',(1.,0.));
#3494 = ( GEOMETRIC_REPRESENTATION_CONTEXT(2) 
PARAMETRIC_REPRESENTATION_CONTEXT() REPRESENTATION_CONTEXT('2D SPACE',''
  ) );
#3495 = ORIENTED_EDGE('',*,*,#3496,.T.);
#3496 = EDGE_CURVE('',#3474,#3497,#3499,.T.);
#3497 = VERTEX_POINT('',#3498);
#3498 = CARTESIAN_POINT('',(144.99733932084,-23.76538353484,12.1));
#3499 = SURFACE_CURVE('',#3500,(#3505,#3512),.PCURVE_S1.);
#3500 = CIRCLE('',#3501,6.);
#3501 = AXIS2_PLACEMENT_3D('',#3502,#3503,#3504);
#3502 = CARTESIAN_POINT('',(150.14371098084,-26.85,12.1));
#3503 = DIRECTION('',(0.,-0.,1.));
#3504 = DIRECTION('',(0.,1.,0.));
#3505 = PCURVE('',#126,#3506);
#3506 = DEFINITIONAL_REPRESENTATION('',(#3507),#3511);
#3507 = CIRCLE('',#3508,6.);
#3508 = AXIS2_PLACEMENT_2D('',#3509,#3510);
#3509 = CARTESIAN_POINT('',(-46.59318784869,45.890171478044));
#3510 = DIRECTION('',(0.,1.));
#3511 = ( GEOMETRIC_REPRESENTATION_CONTEXT(2) 
PARAMETRIC_REPRESENTATION_CONTEXT() REPRESENTATION_CONTEXT('2D SPACE',''
  ) );
#3512 = PCURVE('',#3513,#3518);
#3513 = CYLINDRICAL_SURFACE('',#3514,6.);
#3514 = AXIS2_PLACEMENT_3D('',#3515,#3516,#3517);
#3515 = CARTESIAN_POINT('',(150.14371098084,-26.85,12.1));
#3516 = DIRECTION('',(-0.,0.,-1.));
#3517 = DIRECTION('',(0.,1.,0.));
#3518 = DEFINITIONAL_REPRESENTATION('',(#3519),#3523);
#3519 = LINE('',#3520,#3521);
#3520 = CARTESIAN_POINT('',(-0.,0.));
#3521 = VECTOR('',#3522,1.);
#3522 = DIRECTION('',(-1.,0.));
#3523 = ( GEOMETRIC_REPRESENTATION_CONTEXT(2) 
PARAMETRIC_REPRESENTATION_CONTEXT() REPRESENTATION_CONTEXT('2D SPACE',''
  ) );
#3524 = ORIENTED_EDGE('',*,*,#3525,.T.);
#3525 = EDGE_CURVE('',#3497,#3526,#3528,.T.);
#3526 = VERTEX_POINT('',#3527);
#3527 = CARTESIAN_POINT('',(123.76302957842,-35.5,12.1));
#3528 = SURFACE_CURVE('',#3529,(#3534,#3545),.PCURVE_S1.);
#3529 = CIRCLE('',#3530,24.949130006066);
#3530 = AXIS2_PLACEMENT_3D('',#3531,#3532,#3533);
#3531 = CARTESIAN_POINT('',(123.83514485808,-10.55097421849,12.1));
#3532 = DIRECTION('',(0.,0.,-1.));
#3533 = DIRECTION('',(0.848213723589,-0.529654112714,0.));
#3534 = PCURVE('',#126,#3535);
#3535 = DEFINITIONAL_REPRESENTATION('',(#3536),#3544);
#3536 = ( BOUNDED_CURVE() B_SPLINE_CURVE(2,(#3537,#3538,#3539,#3540,
#3541,#3542,#3543),.UNSPECIFIED.,.T.,.F.) B_SPLINE_CURVE_WITH_KNOTS((1,2
    ,2,2,2,1),(-2.094395102393,0.,2.094395102393,4.188790204786,
6.28318530718,8.377580409573),.UNSPECIFIED.) CURVE() 
GEOMETRIC_REPRESENTATION_ITEM() RATIONAL_B_SPLINE_CURVE((1.,0.5,1.,0.5,
1.,0.5,1.)) REPRESENTATION_ITEM('') );
#3537 = CARTESIAN_POINT('',(-51.73955950869,48.974787943204));
#3538 = CARTESIAN_POINT('',(-74.62758783661,12.320791934047));
#3539 = CARTESIAN_POINT('',(-94.92686536679,50.469403913138));
#3540 = CARTESIAN_POINT('',(-115.2261428969,88.618015892229));
#3541 = CARTESIAN_POINT('',(-72.03883703888,87.123399922295));
#3542 = CARTESIAN_POINT('',(-28.85153118078,85.62878395236));
#3543 = CARTESIAN_POINT('',(-51.73955950869,48.974787943204));
#3544 = ( GEOMETRIC_REPRESENTATION_CONTEXT(2) 
PARAMETRIC_REPRESENTATION_CONTEXT() REPRESENTATION_CONTEXT('2D SPACE',''
  ) );
#3545 = PCURVE('',#3546,#3551);
#3546 = CYLINDRICAL_SURFACE('',#3547,24.949130006066);
#3547 = AXIS2_PLACEMENT_3D('',#3548,#3549,#3550);
#3548 = CARTESIAN_POINT('',(123.83514485808,-10.55097421849,12.1));
#3549 = DIRECTION('',(0.,0.,-1.));
#3550 = DIRECTION('',(0.848213723589,-0.529654112714,0.));
#3551 = DEFINITIONAL_REPRESENTATION('',(#3552),#3556);
#3552 = LINE('',#3553,#3554);
#3553 = CARTESIAN_POINT('',(0.,0.));
#3554 = VECTOR('',#3555,1.);
#3555 = DIRECTION('',(1.,0.));
#3556 = ( GEOMETRIC_REPRESENTATION_CONTEXT(2) 
PARAMETRIC_REPRESENTATION_CONTEXT() REPRESENTATION_CONTEXT('2D SPACE',''
  ) );
#3557 = ORIENTED_EDGE('',*,*,#3558,.T.);
#3558 = EDGE_CURVE('',#3526,#3559,#3561,.T.);
#3559 = VERTEX_POINT('',#3560);
#3560 = CARTESIAN_POINT('',(104.7066650642,-35.51865292787,12.1));
#3561 = SURFACE_CURVE('',#3562,(#3566,#3573),.PCURVE_S1.);
#3562 = LINE('',#3563,#3564);
#3563 = CARTESIAN_POINT('',(123.76302957842,-35.5,12.1));
#3564 = VECTOR('',#3565,1.);
#3565 = DIRECTION('',(-0.999999520947,-9.788288277714E-04,0.));
#3566 = PCURVE('',#126,#3567);
#3567 = DEFINITIONAL_REPRESENTATION('',(#3568),#3572);
#3568 = LINE('',#3569,#3570);
#3569 = CARTESIAN_POINT('',(-72.97386925111,37.240171478044));
#3570 = VECTOR('',#3571,1.);
#3571 = DIRECTION('',(-0.999999520947,-9.788288277714E-04));
#3572 = ( GEOMETRIC_REPRESENTATION_CONTEXT(2) 
PARAMETRIC_REPRESENTATION_CONTEXT() REPRESENTATION_CONTEXT('2D SPACE',''
  ) );
#3573 = PCURVE('',#3574,#3579);
#3574 = PLANE('',#3575);
#3575 = AXIS2_PLACEMENT_3D('',#3576,#3577,#3578);
#3576 = CARTESIAN_POINT('',(123.76302957842,-35.5,12.1));
#3577 = DIRECTION('',(9.788288277714E-04,-0.999999520947,0.));
#3578 = DIRECTION('',(-0.999999520947,-9.788288277714E-04,0.));
#3579 = DEFINITIONAL_REPRESENTATION('',(#3580),#3584);
#3580 = LINE('',#3581,#3582);
#3581 = CARTESIAN_POINT('',(0.,0.));
#3582 = VECTOR('',#3583,1.);
#3583 = DIRECTION('',(1.,0.));
#3584 = ( GEOMETRIC_REPRESENTATION_CONTEXT(2) 
PARAMETRIC_REPRESENTATION_CONTEXT() REPRESENTATION_CONTEXT('2D SPACE',''
  ) );
#3585 = ORIENTED_EDGE('',*,*,#3586,.T.);
#3586 = EDGE_CURVE('',#3559,#3587,#3589,.T.);
#3587 = VERTEX_POINT('',#3588);
#3588 = CARTESIAN_POINT('',(95.16,-45.727030523,12.1));
#3589 = SURFACE_CURVE('',#3590,(#3595,#3602),.PCURVE_S1.);
#3590 = CIRCLE('',#3591,10.015155050536);
#3591 = AXIS2_PLACEMENT_3D('',#3592,#3593,#3594);
#3592 = CARTESIAN_POINT('',(105.1730753719,-45.52294161379,12.1));
#3593 = DIRECTION('',(0.,0.,1.));
#3594 = DIRECTION('',(-4.657045301269E-02,0.998915007849,0.));
#3595 = PCURVE('',#126,#3596);
#3596 = DEFINITIONAL_REPRESENTATION('',(#3597),#3601);
#3597 = CIRCLE('',#3598,10.015155050536);
#3598 = AXIS2_PLACEMENT_2D('',#3599,#3600);
#3599 = CARTESIAN_POINT('',(-91.56382345763,27.217229864254));
#3600 = DIRECTION('',(-4.657045301269E-02,0.998915007849));
#3601 = ( GEOMETRIC_REPRESENTATION_CONTEXT(2) 
PARAMETRIC_REPRESENTATION_CONTEXT() REPRESENTATION_CONTEXT('2D SPACE',''
  ) );
#3602 = PCURVE('',#3603,#3608);
#3603 = CYLINDRICAL_SURFACE('',#3604,10.015155050536);
#3604 = AXIS2_PLACEMENT_3D('',#3605,#3606,#3607);
#3605 = CARTESIAN_POINT('',(105.1730753719,-45.52294161379,12.1));
#3606 = DIRECTION('',(-0.,-0.,-1.));
#3607 = DIRECTION('',(-4.657045301269E-02,0.998915007849,0.));
#3608 = DEFINITIONAL_REPRESENTATION('',(#3609),#3613);
#3609 = LINE('',#3610,#3611);
#3610 = CARTESIAN_POINT('',(-0.,0.));
#3611 = VECTOR('',#3612,1.);
#3612 = DIRECTION('',(-1.,0.));
#3613 = ( GEOMETRIC_REPRESENTATION_CONTEXT(2) 
PARAMETRIC_REPRESENTATION_CONTEXT() REPRESENTATION_CONTEXT('2D SPACE',''
  ) );
#3614 = ORIENTED_EDGE('',*,*,#3615,.T.);
#3615 = EDGE_CURVE('',#3587,#3616,#3618,.T.);
#3616 = VERTEX_POINT('',#3617);
#3617 = CARTESIAN_POINT('',(95.178652927875,-87.35333493579,12.1));
#3618 = SURFACE_CURVE('',#3619,(#3623,#3630),.PCURVE_S1.);
#3619 = LINE('',#3620,#3621);
#3620 = CARTESIAN_POINT('',(95.16,-45.727030523,12.1));
#3621 = VECTOR('',#3622,1.);
#3622 = DIRECTION('',(4.481043000367E-04,-0.999999899601,0.));
#3623 = PCURVE('',#126,#3624);
#3624 = DEFINITIONAL_REPRESENTATION('',(#3625),#3629);
#3625 = LINE('',#3626,#3627);
#3626 = CARTESIAN_POINT('',(-101.5768988295,27.013140955042));
#3627 = VECTOR('',#3628,1.);
#3628 = DIRECTION('',(4.481043000367E-04,-0.999999899601));
#3629 = ( GEOMETRIC_REPRESENTATION_CONTEXT(2) 
PARAMETRIC_REPRESENTATION_CONTEXT() REPRESENTATION_CONTEXT('2D SPACE',''
  ) );
#3630 = PCURVE('',#3631,#3636);
#3631 = PLANE('',#3632);
#3632 = AXIS2_PLACEMENT_3D('',#3633,#3634,#3635);
#3633 = CARTESIAN_POINT('',(95.16,-45.727030523,12.1));
#3634 = DIRECTION('',(0.999999899601,4.481043000367E-04,-0.));
#3635 = DIRECTION('',(4.481043000367E-04,-0.999999899601,0.));
#3636 = DEFINITIONAL_REPRESENTATION('',(#3637),#3641);
#3637 = LINE('',#3638,#3639);
#3638 = CARTESIAN_POINT('',(0.,0.));
#3639 = VECTOR('',#3640,1.);
#3640 = DIRECTION('',(1.,0.));
#3641 = ( GEOMETRIC_REPRESENTATION_CONTEXT(2) 
PARAMETRIC_REPRESENTATION_CONTEXT() REPRESENTATION_CONTEXT('2D SPACE',''
  ) );
#3642 = ORIENTED_EDGE('',*,*,#3643,.T.);
#3643 = EDGE_CURVE('',#3616,#3644,#3646,.T.);
#3644 = VERTEX_POINT('',#3645);
#3645 = CARTESIAN_POINT('',(105.387030523,-96.9,12.1));
#3646 = SURFACE_CURVE('',#3647,(#3652,#3659),.PCURVE_S1.);
#3647 = CIRCLE('',#3648,10.015155050536);
#3648 = AXIS2_PLACEMENT_3D('',#3649,#3650,#3651);
#3649 = CARTESIAN_POINT('',(105.18294161379,-86.88692462809,12.1));
#3650 = DIRECTION('',(0.,0.,1.));
#3651 = DIRECTION('',(-0.998915007849,-4.657045301265E-02,0.));
#3652 = PCURVE('',#126,#3653);
#3653 = DEFINITIONAL_REPRESENTATION('',(#3654),#3658);
#3654 = CIRCLE('',#3655,10.015155050536);
#3655 = AXIS2_PLACEMENT_2D('',#3656,#3657);
#3656 = CARTESIAN_POINT('',(-91.55395721574,-14.14675315005));
#3657 = DIRECTION('',(-0.998915007849,-4.657045301265E-02));
#3658 = ( GEOMETRIC_REPRESENTATION_CONTEXT(2) 
PARAMETRIC_REPRESENTATION_CONTEXT() REPRESENTATION_CONTEXT('2D SPACE',''
  ) );
#3659 = PCURVE('',#3660,#3665);
#3660 = CYLINDRICAL_SURFACE('',#3661,10.015155050536);
#3661 = AXIS2_PLACEMENT_3D('',#3662,#3663,#3664);
#3662 = CARTESIAN_POINT('',(105.18294161379,-86.88692462809,12.1));
#3663 = DIRECTION('',(-0.,-0.,-1.));
#3664 = DIRECTION('',(-0.998915007849,-4.657045301265E-02,0.));
#3665 = DEFINITIONAL_REPRESENTATION('',(#3666),#3670);
#3666 = LINE('',#3667,#3668);
#3667 = CARTESIAN_POINT('',(-0.,0.));
#3668 = VECTOR('',#3669,1.);
#3669 = DIRECTION('',(-1.,0.));
#3670 = ( GEOMETRIC_REPRESENTATION_CONTEXT(2) 
PARAMETRIC_REPRESENTATION_CONTEXT() REPRESENTATION_CONTEXT('2D SPACE',''
  ) );
#3671 = ORIENTED_EDGE('',*,*,#3672,.T.);
#3672 = EDGE_CURVE('',#3644,#3673,#3675,.T.);
#3673 = VERTEX_POINT('',#3674);
#3674 = CARTESIAN_POINT('',(126.7002287104,-96.90346444051,12.1));
#3675 = SURFACE_CURVE('',#3676,(#3680,#3687),.PCURVE_S1.);
#3676 = LINE('',#3677,#3678);
#3677 = CARTESIAN_POINT('',(105.387030523,-96.9,12.1));
#3678 = VECTOR('',#3679,1.);
#3679 = DIRECTION('',(0.999999986789,-1.625490664459E-04,0.));
#3680 = PCURVE('',#126,#3681);
#3681 = DEFINITIONAL_REPRESENTATION('',(#3682),#3686);
#3682 = LINE('',#3683,#3684);
#3683 = CARTESIAN_POINT('',(-91.34986830653,-24.15982852195));
#3684 = VECTOR('',#3685,1.);
#3685 = DIRECTION('',(0.999999986789,-1.625490664459E-04));
#3686 = ( GEOMETRIC_REPRESENTATION_CONTEXT(2) 
PARAMETRIC_REPRESENTATION_CONTEXT() REPRESENTATION_CONTEXT('2D SPACE',''
  ) );
#3687 = PCURVE('',#3688,#3693);
#3688 = PLANE('',#3689);
#3689 = AXIS2_PLACEMENT_3D('',#3690,#3691,#3692);
#3690 = CARTESIAN_POINT('',(105.387030523,-96.9,12.1));
#3691 = DIRECTION('',(1.625490664459E-04,0.999999986789,-0.));
#3692 = DIRECTION('',(0.999999986789,-1.625490664459E-04,0.));
#3693 = DEFINITIONAL_REPRESENTATION('',(#3694),#3698);
#3694 = LINE('',#3695,#3696);
#3695 = CARTESIAN_POINT('',(0.,0.));
#3696 = VECTOR('',#3697,1.);
#3697 = DIRECTION('',(1.,0.));
#3698 = ( GEOMETRIC_REPRESENTATION_CONTEXT(2) 
PARAMETRIC_REPRESENTATION_CONTEXT() REPRESENTATION_CONTEXT('2D SPACE',''
  ) );
#3699 = ORIENTED_EDGE('',*,*,#3700,.T.);
#3700 = EDGE_CURVE('',#3673,#3701,#3703,.T.);
#3701 = VERTEX_POINT('',#3702);
#3702 = CARTESIAN_POINT('',(149.5131415761,-111.8359532417,12.1));
#3703 = SURFACE_CURVE('',#3704,(#3709,#3720),.PCURVE_S1.);
#3704 = CIRCLE('',#3705,25.023768875819);
#3705 = AXIS2_PLACEMENT_3D('',#3706,#3707,#3708);
#3706 = CARTESIAN_POINT('',(126.61427578547,-121.9270856981,12.1));
#3707 = DIRECTION('',(0.,0.,-1.));
#3708 = DIRECTION('',(3.434851295055E-03,0.999994100881,0.));
#3709 = PCURVE('',#126,#3710);
#3710 = DEFINITIONAL_REPRESENTATION('',(#3711),#3719);
#3711 = ( BOUNDED_CURVE() B_SPLINE_CURVE(2,(#3712,#3713,#3714,#3715,
#3716,#3717,#3718),.UNSPECIFIED.,.T.,.F.) B_SPLINE_CURVE_WITH_KNOTS((1,2
    ,2,2,2,1),(-2.094395102393,0.,2.094395102393,4.188790204786,
6.28318530718,8.377580409573),.UNSPECIFIED.) CURVE() 
GEOMETRIC_REPRESENTATION_ITEM() RATIONAL_B_SPLINE_CURVE((1.,0.5,1.,0.5,
1.,0.5,1.)) REPRESENTATION_ITEM('') );
#3712 = CARTESIAN_POINT('',(-70.03667011913,-24.16329296247));
#3713 = CARTESIAN_POINT('',(-26.69448671157,-24.3121677955));
#3714 = CARTESIAN_POINT('',(-48.49450780274,-61.77316226542));
#3715 = CARTESIAN_POINT('',(-70.29452889392,-99.23415673534));
#3716 = CARTESIAN_POINT('',(-91.83669121031,-61.62428743238));
#3717 = CARTESIAN_POINT('',(-113.3788535267,-24.01441812943));
#3718 = CARTESIAN_POINT('',(-70.03667011913,-24.16329296247));
#3719 = ( GEOMETRIC_REPRESENTATION_CONTEXT(2) 
PARAMETRIC_REPRESENTATION_CONTEXT() REPRESENTATION_CONTEXT('2D SPACE',''
  ) );
#3720 = PCURVE('',#3721,#3726);
#3721 = CYLINDRICAL_SURFACE('',#3722,25.023768875819);
#3722 = AXIS2_PLACEMENT_3D('',#3723,#3724,#3725);
#3723 = CARTESIAN_POINT('',(126.61427578547,-121.9270856981,12.1));
#3724 = DIRECTION('',(0.,0.,-1.));
#3725 = DIRECTION('',(3.434851295055E-03,0.999994100881,0.));
#3726 = DEFINITIONAL_REPRESENTATION('',(#3727),#3731);
#3727 = LINE('',#3728,#3729);
#3728 = CARTESIAN_POINT('',(0.,0.));
#3729 = VECTOR('',#3730,1.);
#3730 = DIRECTION('',(1.,0.));
#3731 = ( GEOMETRIC_REPRESENTATION_CONTEXT(2) 
PARAMETRIC_REPRESENTATION_CONTEXT() REPRESENTATION_CONTEXT('2D SPACE',''
  ) );
#3732 = ORIENTED_EDGE('',*,*,#3733,.T.);
#3733 = EDGE_CURVE('',#3701,#3734,#3736,.T.);
#3734 = VERTEX_POINT('',#3735);
#3735 = CARTESIAN_POINT('',(158.57078349724,-132.2328108109,12.1));
#3736 = SURFACE_CURVE('',#3737,(#3741,#3748),.PCURVE_S1.);
#3737 = LINE('',#3738,#3739);
#3738 = CARTESIAN_POINT('',(149.5131415761,-111.8359532417,12.1));
#3739 = VECTOR('',#3740,1.);
#3740 = DIRECTION('',(0.405853026603,-0.913938357219,0.));
#3741 = PCURVE('',#126,#3742);
#3742 = DEFINITIONAL_REPRESENTATION('',(#3743),#3747);
#3743 = LINE('',#3744,#3745);
#3744 = CARTESIAN_POINT('',(-47.22375725343,-39.09578176368));
#3745 = VECTOR('',#3746,1.);
#3746 = DIRECTION('',(0.405853026603,-0.913938357219));
#3747 = ( GEOMETRIC_REPRESENTATION_CONTEXT(2) 
PARAMETRIC_REPRESENTATION_CONTEXT() REPRESENTATION_CONTEXT('2D SPACE',''
  ) );
#3748 = PCURVE('',#3749,#3754);
#3749 = PLANE('',#3750);
#3750 = AXIS2_PLACEMENT_3D('',#3751,#3752,#3753);
#3751 = CARTESIAN_POINT('',(149.5131415761,-111.8359532417,12.1));
#3752 = DIRECTION('',(0.913938357219,0.405853026603,-0.));
#3753 = DIRECTION('',(0.405853026603,-0.913938357219,0.));
#3754 = DEFINITIONAL_REPRESENTATION('',(#3755),#3759);
#3755 = LINE('',#3756,#3757);
#3756 = CARTESIAN_POINT('',(0.,0.));
#3757 = VECTOR('',#3758,1.);
#3758 = DIRECTION('',(1.,0.));
#3759 = ( GEOMETRIC_REPRESENTATION_CONTEXT(2) 
PARAMETRIC_REPRESENTATION_CONTEXT() REPRESENTATION_CONTEXT('2D SPACE',''
  ) );
#3760 = ORIENTED_EDGE('',*,*,#3761,.T.);
#3761 = EDGE_CURVE('',#3734,#3762,#3764,.T.);
#3762 = VERTEX_POINT('',#3763);
#3763 = CARTESIAN_POINT('',(170.13714905644,-136.4100223271,12.1));
#3764 = SURFACE_CURVE('',#3765,(#3770,#3777),.PCURVE_S1.);
#3765 = CIRCLE('',#3766,8.996381618343);
#3766 = AXIS2_PLACEMENT_3D('',#3767,#3768,#3769);
#3767 = CARTESIAN_POINT('',(166.58468229876,-128.144741802,12.1));
#3768 = DIRECTION('',(0.,0.,1.));
#3769 = DIRECTION('',(-0.890791336061,-0.454412583012,0.));
#3770 = PCURVE('',#126,#3771);
#3771 = DEFINITIONAL_REPRESENTATION('',(#3772),#3776);
#3772 = CIRCLE('',#3773,8.996381618343);
#3773 = AXIS2_PLACEMENT_2D('',#3774,#3775);
#3774 = CARTESIAN_POINT('',(-30.15221653077,-55.404570324));
#3775 = DIRECTION('',(-0.890791336061,-0.454412583012));
#3776 = ( GEOMETRIC_REPRESENTATION_CONTEXT(2) 
PARAMETRIC_REPRESENTATION_CONTEXT() REPRESENTATION_CONTEXT('2D SPACE',''
  ) );
#3777 = PCURVE('',#3778,#3783);
#3778 = CYLINDRICAL_SURFACE('',#3779,8.996381618343);
#3779 = AXIS2_PLACEMENT_3D('',#3780,#3781,#3782);
#3780 = CARTESIAN_POINT('',(166.58468229876,-128.144741802,12.1));
#3781 = DIRECTION('',(-0.,-0.,-1.));
#3782 = DIRECTION('',(-0.890791336061,-0.454412583012,0.));
#3783 = DEFINITIONAL_REPRESENTATION('',(#3784),#3788);
#3784 = LINE('',#3785,#3786);
#3785 = CARTESIAN_POINT('',(-0.,0.));
#3786 = VECTOR('',#3787,1.);
#3787 = DIRECTION('',(-1.,0.));
#3788 = ( GEOMETRIC_REPRESENTATION_CONTEXT(2) 
PARAMETRIC_REPRESENTATION_CONTEXT() REPRESENTATION_CONTEXT('2D SPACE',''
  ) );
#3789 = ORIENTED_EDGE('',*,*,#3790,.T.);
#3790 = EDGE_CURVE('',#3762,#3791,#3793,.T.);
#3791 = VERTEX_POINT('',#3792);
#3792 = CARTESIAN_POINT('',(184.06073669108,-130.2536900091,12.1));
#3793 = SURFACE_CURVE('',#3794,(#3798,#3805),.PCURVE_S1.);
#3794 = LINE('',#3795,#3796);
#3795 = CARTESIAN_POINT('',(170.13714905644,-136.4100223271,12.1));
#3796 = VECTOR('',#3797,1.);
#3797 = DIRECTION('',(0.914588244776,0.404386377759,0.));
#3798 = PCURVE('',#126,#3799);
#3799 = DEFINITIONAL_REPRESENTATION('',(#3800),#3804);
#3800 = LINE('',#3801,#3802);
#3801 = CARTESIAN_POINT('',(-26.59974977309,-63.66985084909));
#3802 = VECTOR('',#3803,1.);
#3803 = DIRECTION('',(0.914588244776,0.404386377759));
#3804 = ( GEOMETRIC_REPRESENTATION_CONTEXT(2) 
PARAMETRIC_REPRESENTATION_CONTEXT() REPRESENTATION_CONTEXT('2D SPACE',''
  ) );
#3805 = PCURVE('',#3806,#3811);
#3806 = PLANE('',#3807);
#3807 = AXIS2_PLACEMENT_3D('',#3808,#3809,#3810);
#3808 = CARTESIAN_POINT('',(170.13714905644,-136.4100223271,12.1));
#3809 = DIRECTION('',(-0.404386377759,0.914588244776,0.));
#3810 = DIRECTION('',(0.914588244776,0.404386377759,0.));
#3811 = DEFINITIONAL_REPRESENTATION('',(#3812),#3816);
#3812 = LINE('',#3813,#3814);
#3813 = CARTESIAN_POINT('',(0.,0.));
#3814 = VECTOR('',#3815,1.);
#3815 = DIRECTION('',(1.,0.));
#3816 = ( GEOMETRIC_REPRESENTATION_CONTEXT(2) 
PARAMETRIC_REPRESENTATION_CONTEXT() REPRESENTATION_CONTEXT('2D SPACE',''
  ) );
#3817 = ORIENTED_EDGE('',*,*,#3818,.T.);
#3818 = EDGE_CURVE('',#3791,#3819,#3821,.T.);
#3819 = VERTEX_POINT('',#3820);
#3820 = CARTESIAN_POINT('',(189.0079197656,-128.6679351293,12.1));
#3821 = SURFACE_CURVE('',#3822,(#3827,#3838),.PCURVE_S1.);
#3822 = CIRCLE('',#3823,26.111011216981);
#3823 = AXIS2_PLACEMENT_3D('',#3824,#3825,#3826);
#3824 = CARTESIAN_POINT('',(194.464903996,-154.2023477891,12.1));
#3825 = DIRECTION('',(0.,0.,-1.));
#3826 = DIRECTION('',(-0.39845899565,0.917186147293,0.));
#3827 = PCURVE('',#126,#3828);
#3828 = DEFINITIONAL_REPRESENTATION('',(#3829),#3837);
#3829 = ( BOUNDED_CURVE() B_SPLINE_CURVE(2,(#3830,#3831,#3832,#3833,
#3834,#3835,#3836),.UNSPECIFIED.,.T.,.F.) B_SPLINE_CURVE_WITH_KNOTS((1,2
    ,2,2,2,1),(-2.094395102393,0.,2.094395102393,4.188790204786,
6.28318530718,8.377580409573),.UNSPECIFIED.) CURVE() 
GEOMETRIC_REPRESENTATION_ITEM() RATIONAL_B_SPLINE_CURVE((1.,0.5,1.,0.5,
1.,0.5,1.)) REPRESENTATION_ITEM('') );
#3830 = CARTESIAN_POINT('',(-12.67616213845,-57.51351853108));
#3831 = CARTESIAN_POINT('',(28.804129909622,-39.49297214852));
#3832 = CARTESIAN_POINT('',(23.67023484296,-84.42623200983));
#3833 = CARTESIAN_POINT('',(18.536339776298,-129.3594918711));
#3834 = CARTESIAN_POINT('',(-17.81005720511,-102.4467783924));
#3835 = CARTESIAN_POINT('',(-54.15645418653,-75.53406491365));
#3836 = CARTESIAN_POINT('',(-12.67616213845,-57.51351853108));
#3837 = ( GEOMETRIC_REPRESENTATION_CONTEXT(2) 
PARAMETRIC_REPRESENTATION_CONTEXT() REPRESENTATION_CONTEXT('2D SPACE',''
  ) );
#3838 = PCURVE('',#3839,#3844);
#3839 = CYLINDRICAL_SURFACE('',#3840,26.111011216981);
#3840 = AXIS2_PLACEMENT_3D('',#3841,#3842,#3843);
#3841 = CARTESIAN_POINT('',(194.464903996,-154.2023477891,12.1));
#3842 = DIRECTION('',(0.,0.,-1.));
#3843 = DIRECTION('',(-0.39845899565,0.917186147293,0.));
#3844 = DEFINITIONAL_REPRESENTATION('',(#3845),#3849);
#3845 = LINE('',#3846,#3847);
#3846 = CARTESIAN_POINT('',(0.,0.));
#3847 = VECTOR('',#3848,1.);
#3848 = DIRECTION('',(1.,0.));
#3849 = ( GEOMETRIC_REPRESENTATION_CONTEXT(2) 
PARAMETRIC_REPRESENTATION_CONTEXT() REPRESENTATION_CONTEXT('2D SPACE',''
  ) );
#3850 = ORIENTED_EDGE('',*,*,#3851,.T.);
#3851 = EDGE_CURVE('',#3819,#3852,#3854,.T.);
#3852 = VERTEX_POINT('',#3853);
#3853 = CARTESIAN_POINT('',(200.79207927547,-126.1796286508,12.1));
#3854 = SURFACE_CURVE('',#3855,(#3859,#3866),.PCURVE_S1.);
#3855 = LINE('',#3856,#3857);
#3856 = CARTESIAN_POINT('',(189.0079197656,-128.6679351293,12.1));
#3857 = VECTOR('',#3858,1.);
#3858 = DIRECTION('',(0.978425230704,0.206601229237,0.));
#3859 = PCURVE('',#126,#3860);
#3860 = DEFINITIONAL_REPRESENTATION('',(#3861),#3865);
#3861 = LINE('',#3862,#3863);
#3862 = CARTESIAN_POINT('',(-7.728979063937,-55.92776365127));
#3863 = VECTOR('',#3864,1.);
#3864 = DIRECTION('',(0.978425230704,0.206601229237));
#3865 = ( GEOMETRIC_REPRESENTATION_CONTEXT(2) 
PARAMETRIC_REPRESENTATION_CONTEXT() REPRESENTATION_CONTEXT('2D SPACE',''
  ) );
#3866 = PCURVE('',#3867,#3872);
#3867 = PLANE('',#3868);
#3868 = AXIS2_PLACEMENT_3D('',#3869,#3870,#3871);
#3869 = CARTESIAN_POINT('',(189.0079197656,-128.6679351293,12.1));
#3870 = DIRECTION('',(-0.206601229237,0.978425230704,0.));
#3871 = DIRECTION('',(0.978425230704,0.206601229237,0.));
#3872 = DEFINITIONAL_REPRESENTATION('',(#3873),#3877);
#3873 = LINE('',#3874,#3875);
#3874 = CARTESIAN_POINT('',(0.,0.));
#3875 = VECTOR('',#3876,1.);
#3876 = DIRECTION('',(1.,0.));
#3877 = ( GEOMETRIC_REPRESENTATION_CONTEXT(2) 
PARAMETRIC_REPRESENTATION_CONTEXT() REPRESENTATION_CONTEXT('2D SPACE',''
  ) );
#3878 = ORIENTED_EDGE('',*,*,#3879,.T.);
#3879 = EDGE_CURVE('',#3852,#3880,#3882,.T.);
#3880 = VERTEX_POINT('',#3881);
#3881 = CARTESIAN_POINT('',(205.9651951554,-125.6506777149,12.1));
#3882 = SURFACE_CURVE('',#3883,(#3888,#3899),.PCURVE_S1.);
#3883 = CIRCLE('',#3884,26.11064457842);
#3884 = AXIS2_PLACEMENT_3D('',#3885,#3886,#3887);
#3885 = CARTESIAN_POINT('',(206.02140100806,-151.7612617988,12.1));
#3886 = DIRECTION('',(0.,0.,-1.));
#3887 = DIRECTION('',(-0.200275474506,0.979739625774,0.));
#3888 = PCURVE('',#126,#3889);
#3889 = DEFINITIONAL_REPRESENTATION('',(#3890),#3898);
#3890 = ( BOUNDED_CURVE() B_SPLINE_CURVE(2,(#3891,#3892,#3893,#3894,
#3895,#3896,#3897),.UNSPECIFIED.,.T.,.F.) B_SPLINE_CURVE_WITH_KNOTS((1,2
    ,2,2,2,1),(-2.094395102393,0.,2.094395102393,4.188790204786,
6.28318530718,8.377580409573),.UNSPECIFIED.) CURVE() 
GEOMETRIC_REPRESENTATION_ITEM() RATIONAL_B_SPLINE_CURVE((1.,0.5,1.,0.5,
1.,0.5,1.)) REPRESENTATION_ITEM('') );
#3891 = CARTESIAN_POINT('',(4.055180445934,-53.4394571728));
#3892 = CARTESIAN_POINT('',(48.363868798816,-44.38200624283));
#3893 = CARTESIAN_POINT('',(34.053507221265,-87.28318142978));
#3894 = CARTESIAN_POINT('',(19.743145643715,-130.1843566167));
#3895 = CARTESIAN_POINT('',(-10.25518113161,-96.34063235975));
#3896 = CARTESIAN_POINT('',(-40.25350790694,-62.49690810278));
#3897 = CARTESIAN_POINT('',(4.055180445934,-53.4394571728));
#3898 = ( GEOMETRIC_REPRESENTATION_CONTEXT(2) 
PARAMETRIC_REPRESENTATION_CONTEXT() REPRESENTATION_CONTEXT('2D SPACE',''
  ) );
#3899 = PCURVE('',#3900,#3905);
#3900 = CYLINDRICAL_SURFACE('',#3901,26.11064457842);
#3901 = AXIS2_PLACEMENT_3D('',#3902,#3903,#3904);
#3902 = CARTESIAN_POINT('',(206.02140100806,-151.7612617988,12.1));
#3903 = DIRECTION('',(0.,0.,-1.));
#3904 = DIRECTION('',(-0.200275474506,0.979739625774,0.));
#3905 = DEFINITIONAL_REPRESENTATION('',(#3906),#3910);
#3906 = LINE('',#3907,#3908);
#3907 = CARTESIAN_POINT('',(0.,0.));
#3908 = VECTOR('',#3909,1.);
#3909 = DIRECTION('',(1.,0.));
#3910 = ( GEOMETRIC_REPRESENTATION_CONTEXT(2) 
PARAMETRIC_REPRESENTATION_CONTEXT() REPRESENTATION_CONTEXT('2D SPACE',''
  ) );
#3911 = ORIENTED_EDGE('',*,*,#3912,.T.);
#3912 = EDGE_CURVE('',#3880,#3913,#3915,.T.);
#3913 = VERTEX_POINT('',#3914);
#3914 = CARTESIAN_POINT('',(221.43236428105,-125.6338114043,12.1));
#3915 = SURFACE_CURVE('',#3916,(#3920,#3927),.PCURVE_S1.);
#3916 = LINE('',#3917,#3918);
#3917 = CARTESIAN_POINT('',(205.9651951554,-125.6506777149,12.1));
#3918 = VECTOR('',#3919,1.);
#3919 = DIRECTION('',(0.99999940545,1.090458143612E-03,0.));
#3920 = PCURVE('',#126,#3921);
#3921 = DEFINITIONAL_REPRESENTATION('',(#3922),#3926);
#3922 = LINE('',#3923,#3924);
#3923 = CARTESIAN_POINT('',(9.228296325866,-52.91050623687));
#3924 = VECTOR('',#3925,1.);
#3925 = DIRECTION('',(0.99999940545,1.090458143612E-03));
#3926 = ( GEOMETRIC_REPRESENTATION_CONTEXT(2) 
PARAMETRIC_REPRESENTATION_CONTEXT() REPRESENTATION_CONTEXT('2D SPACE',''
  ) );
#3927 = PCURVE('',#3928,#3933);
#3928 = PLANE('',#3929);
#3929 = AXIS2_PLACEMENT_3D('',#3930,#3931,#3932);
#3930 = CARTESIAN_POINT('',(205.9651951554,-125.6506777149,12.1));
#3931 = DIRECTION('',(-1.090458143612E-03,0.99999940545,0.));
#3932 = DIRECTION('',(0.99999940545,1.090458143612E-03,0.));
#3933 = DEFINITIONAL_REPRESENTATION('',(#3934),#3938);
#3934 = LINE('',#3935,#3936);
#3935 = CARTESIAN_POINT('',(0.,0.));
#3936 = VECTOR('',#3937,1.);
#3937 = DIRECTION('',(1.,0.));
#3938 = ( GEOMETRIC_REPRESENTATION_CONTEXT(2) 
PARAMETRIC_REPRESENTATION_CONTEXT() REPRESENTATION_CONTEXT('2D SPACE',''
  ) );
#3939 = ORIENTED_EDGE('',*,*,#3940,.T.);
#3940 = EDGE_CURVE('',#3913,#3941,#3943,.T.);
#3941 = VERTEX_POINT('',#3942);
#3942 = CARTESIAN_POINT('',(228.63110811507,-121.3155935689,12.1));
#3943 = SURFACE_CURVE('',#3944,(#3949,#3956),.PCURVE_S1.);
#3944 = CIRCLE('',#3945,8.996425229285);
#3945 = AXIS2_PLACEMENT_3D('',#3946,#3947,#3948);
#3946 = CARTESIAN_POINT('',(220.93846198702,-116.6509539842,12.1));
#3947 = DIRECTION('',(0.,0.,1.));
#3948 = DIRECTION('',(5.489983870687E-02,-0.998491866622,0.));
#3949 = PCURVE('',#126,#3950);
#3950 = DEFINITIONAL_REPRESENTATION('',(#3951),#3955);
#3951 = CIRCLE('',#3952,8.996425229285);
#3952 = AXIS2_PLACEMENT_2D('',#3953,#3954);
#3953 = CARTESIAN_POINT('',(24.201563157485,-43.9107825062));
#3954 = DIRECTION('',(5.489983870687E-02,-0.998491866622));
#3955 = ( GEOMETRIC_REPRESENTATION_CONTEXT(2) 
PARAMETRIC_REPRESENTATION_CONTEXT() REPRESENTATION_CONTEXT('2D SPACE',''
  ) );
#3956 = PCURVE('',#3957,#3962);
#3957 = CYLINDRICAL_SURFACE('',#3958,8.996425229285);
#3958 = AXIS2_PLACEMENT_3D('',#3959,#3960,#3961);
#3959 = CARTESIAN_POINT('',(220.93846198702,-116.6509539842,12.1));
#3960 = DIRECTION('',(-0.,-0.,-1.));
#3961 = DIRECTION('',(5.489983870687E-02,-0.998491866622,0.));
#3962 = DEFINITIONAL_REPRESENTATION('',(#3963),#3967);
#3963 = LINE('',#3964,#3965);
#3964 = CARTESIAN_POINT('',(-0.,0.));
#3965 = VECTOR('',#3966,1.);
#3966 = DIRECTION('',(-1.,0.));
#3967 = ( GEOMETRIC_REPRESENTATION_CONTEXT(2) 
PARAMETRIC_REPRESENTATION_CONTEXT() REPRESENTATION_CONTEXT('2D SPACE',''
  ) );
#3968 = ORIENTED_EDGE('',*,*,#3969,.T.);
#3969 = EDGE_CURVE('',#3941,#3970,#3972,.T.);
#3970 = VERTEX_POINT('',#3971);
#3971 = CARTESIAN_POINT('',(230.05654010592,-119.1665876445,12.1));
#3972 = SURFACE_CURVE('',#3973,(#3977,#3984),.PCURVE_S1.);
#3973 = LINE('',#3974,#3975);
#3974 = CARTESIAN_POINT('',(228.63110811507,-121.3155935689,12.1));
#3975 = VECTOR('',#3976,1.);
#3976 = DIRECTION('',(0.552755374899,0.833343563916,0.));
#3977 = PCURVE('',#126,#3978);
#3978 = DEFINITIONAL_REPRESENTATION('',(#3979),#3983);
#3979 = LINE('',#3980,#3981);
#3980 = CARTESIAN_POINT('',(31.894209285531,-48.57542209086));
#3981 = VECTOR('',#3982,1.);
#3982 = DIRECTION('',(0.552755374899,0.833343563916));
#3983 = ( GEOMETRIC_REPRESENTATION_CONTEXT(2) 
PARAMETRIC_REPRESENTATION_CONTEXT() REPRESENTATION_CONTEXT('2D SPACE',''
  ) );
#3984 = PCURVE('',#3985,#3990);
#3985 = PLANE('',#3986);
#3986 = AXIS2_PLACEMENT_3D('',#3987,#3988,#3989);
#3987 = CARTESIAN_POINT('',(228.63110811507,-121.3155935689,12.1));
#3988 = DIRECTION('',(-0.833343563916,0.552755374899,0.));
#3989 = DIRECTION('',(0.552755374899,0.833343563916,0.));
#3990 = DEFINITIONAL_REPRESENTATION('',(#3991),#3995);
#3991 = LINE('',#3992,#3993);
#3992 = CARTESIAN_POINT('',(0.,0.));
#3993 = VECTOR('',#3994,1.);
#3994 = DIRECTION('',(1.,0.));
#3995 = ( GEOMETRIC_REPRESENTATION_CONTEXT(2) 
PARAMETRIC_REPRESENTATION_CONTEXT() REPRESENTATION_CONTEXT('2D SPACE',''
  ) );
#3996 = ORIENTED_EDGE('',*,*,#3997,.T.);
#3997 = EDGE_CURVE('',#3970,#3998,#4000,.T.);
#3998 = VERTEX_POINT('',#3999);
#3999 = CARTESIAN_POINT('',(250.25835675492,-108.9803577927,12.1));
#4000 = SURFACE_CURVE('',#4001,(#4006,#4017),.PCURVE_S1.);
#4001 = CIRCLE('',#4002,25.023213003455);
#4002 = AXIS2_PLACEMENT_3D('',#4003,#4004,#4005);
#4003 = CARTESIAN_POINT('',(250.20664446198,-134.0035173625,12.1));
#4004 = DIRECTION('',(0.,0.,-1.));
#4005 = DIRECTION('',(-0.805256477387,0.592926644389,0.));
#4006 = PCURVE('',#126,#4007);
#4007 = DEFINITIONAL_REPRESENTATION('',(#4008),#4016);
#4008 = ( BOUNDED_CURVE() B_SPLINE_CURVE(2,(#4009,#4010,#4011,#4012,
#4013,#4014,#4015),.UNSPECIFIED.,.T.,.F.) B_SPLINE_CURVE_WITH_KNOTS((1,2
    ,2,2,2,1),(-2.094395102393,0.,2.094395102393,4.188790204786,
6.28318530718,8.377580409573),.UNSPECIFIED.) CURVE() 
GEOMETRIC_REPRESENTATION_ITEM() RATIONAL_B_SPLINE_CURVE((1.,0.5,1.,0.5,
1.,0.5,1.)) REPRESENTATION_ITEM('') );
#4009 = CARTESIAN_POINT('',(33.319641276385,-46.4264161665));
#4010 = CARTESIAN_POINT('',(59.017957376248,-11.52541164399));
#4011 = CARTESIAN_POINT('',(76.393955860406,-51.23130848221));
#4012 = CARTESIAN_POINT('',(93.769954344563,-90.93720532043));
#4013 = CARTESIAN_POINT('',(50.695639760542,-86.13231300472));
#4014 = CARTESIAN_POINT('',(7.621325176521,-81.32742068901));
#4015 = CARTESIAN_POINT('',(33.319641276385,-46.4264161665));
#4016 = ( GEOMETRIC_REPRESENTATION_CONTEXT(2) 
PARAMETRIC_REPRESENTATION_CONTEXT() REPRESENTATION_CONTEXT('2D SPACE',''
  ) );
#4017 = PCURVE('',#4018,#4023);
#4018 = CYLINDRICAL_SURFACE('',#4019,25.023213003455);
#4019 = AXIS2_PLACEMENT_3D('',#4020,#4021,#4022);
#4020 = CARTESIAN_POINT('',(250.20664446198,-134.0035173625,12.1));
#4021 = DIRECTION('',(0.,0.,-1.));
#4022 = DIRECTION('',(-0.805256477387,0.592926644389,0.));
#4023 = DEFINITIONAL_REPRESENTATION('',(#4024),#4028);
#4024 = LINE('',#4025,#4026);
#4025 = CARTESIAN_POINT('',(0.,0.));
#4026 = VECTOR('',#4027,1.);
#4027 = DIRECTION('',(1.,0.));
#4028 = ( GEOMETRIC_REPRESENTATION_CONTEXT(2) 
PARAMETRIC_REPRESENTATION_CONTEXT() REPRESENTATION_CONTEXT('2D SPACE',''
  ) );
#4029 = ORIENTED_EDGE('',*,*,#4030,.T.);
#4030 = EDGE_CURVE('',#3998,#4031,#4033,.T.);
#4031 = VERTEX_POINT('',#4032);
#4032 = CARTESIAN_POINT('',(288.10736428099,-108.9650614043,12.1));
#4033 = SURFACE_CURVE('',#4034,(#4038,#4045),.PCURVE_S1.);
#4034 = LINE('',#4035,#4036);
#4035 = CARTESIAN_POINT('',(250.25835675492,-108.9803577927,12.1));
#4036 = VECTOR('',#4037,1.);
#4037 = DIRECTION('',(0.999999918334,4.04142357408E-04,0.));
#4038 = PCURVE('',#126,#4039);
#4039 = DEFINITIONAL_REPRESENTATION('',(#4040),#4044);
#4040 = LINE('',#4041,#4042);
#4041 = CARTESIAN_POINT('',(53.521457925383,-36.24018631469));
#4042 = VECTOR('',#4043,1.);
#4043 = DIRECTION('',(0.999999918334,4.04142357408E-04));
#4044 = ( GEOMETRIC_REPRESENTATION_CONTEXT(2) 
PARAMETRIC_REPRESENTATION_CONTEXT() REPRESENTATION_CONTEXT('2D SPACE',''
  ) );
#4045 = PCURVE('',#4046,#4051);
#4046 = PLANE('',#4047);
#4047 = AXIS2_PLACEMENT_3D('',#4048,#4049,#4050);
#4048 = CARTESIAN_POINT('',(250.25835675492,-108.9803577927,12.1));
#4049 = DIRECTION('',(-4.04142357408E-04,0.999999918334,0.));
#4050 = DIRECTION('',(0.999999918334,4.04142357408E-04,0.));
#4051 = DEFINITIONAL_REPRESENTATION('',(#4052),#4056);
#4052 = LINE('',#4053,#4054);
#4053 = CARTESIAN_POINT('',(0.,0.));
#4054 = VECTOR('',#4055,1.);
#4055 = DIRECTION('',(1.,0.));
#4056 = ( GEOMETRIC_REPRESENTATION_CONTEXT(2) 
PARAMETRIC_REPRESENTATION_CONTEXT() REPRESENTATION_CONTEXT('2D SPACE',''
  ) );
#4057 = ORIENTED_EDGE('',*,*,#4058,.T.);
#4058 = EDGE_CURVE('',#4031,#4059,#4061,.T.);
#4059 = VERTEX_POINT('',#4060);
#4060 = CARTESIAN_POINT('',(296.60929611171,-100.0792859405,12.1));
#4061 = SURFACE_CURVE('',#4062,(#4067,#4074),.PCURVE_S1.);
#4062 = CIRCLE('',#4063,8.99634240493);
#4063 = AXIS2_PLACEMENT_3D('',#4064,#4065,#4066);
#4064 = CARTESIAN_POINT('',(287.61347665471,-99.98228612723,12.1));
#4065 = DIRECTION('',(0.,0.,1.));
#4066 = DIRECTION('',(5.48987137278E-02,-0.998491928476,0.));
#4067 = PCURVE('',#126,#4068);
#4068 = DEFINITIONAL_REPRESENTATION('',(#4069),#4073);
#4069 = CIRCLE('',#4070,8.99634240493);
#4070 = AXIS2_PLACEMENT_2D('',#4071,#4072);
#4071 = CARTESIAN_POINT('',(90.876577825173,-27.24211464919));
#4072 = DIRECTION('',(5.48987137278E-02,-0.998491928476));
#4073 = ( GEOMETRIC_REPRESENTATION_CONTEXT(2) 
PARAMETRIC_REPRESENTATION_CONTEXT() REPRESENTATION_CONTEXT('2D SPACE',''
  ) );
#4074 = PCURVE('',#4075,#4080);
#4075 = CYLINDRICAL_SURFACE('',#4076,8.99634240493);
#4076 = AXIS2_PLACEMENT_3D('',#4077,#4078,#4079);
#4077 = CARTESIAN_POINT('',(287.61347665471,-99.98228612723,12.1));
#4078 = DIRECTION('',(-0.,-0.,-1.));
#4079 = DIRECTION('',(5.48987137278E-02,-0.998491928476,0.));
#4080 = DEFINITIONAL_REPRESENTATION('',(#4081),#4085);
#4081 = LINE('',#4082,#4083);
#4082 = CARTESIAN_POINT('',(-0.,0.));
#4083 = VECTOR('',#4084,1.);
#4084 = DIRECTION('',(-1.,0.));
#4085 = ( GEOMETRIC_REPRESENTATION_CONTEXT(2) 
PARAMETRIC_REPRESENTATION_CONTEXT() REPRESENTATION_CONTEXT('2D SPACE',''
  ) );
#4086 = ORIENTED_EDGE('',*,*,#4087,.T.);
#4087 = EDGE_CURVE('',#4059,#4088,#4090,.T.);
#4088 = VERTEX_POINT('',#4089);
#4089 = CARTESIAN_POINT('',(296.59631140436,-43.33638571905,12.1));
#4090 = SURFACE_CURVE('',#4091,(#4095,#4102),.PCURVE_S1.);
#4091 = LINE('',#4092,#4093);
#4092 = CARTESIAN_POINT('',(296.60929611171,-100.0792859405,12.1));
#4093 = VECTOR('',#4094,1.);
#4094 = DIRECTION('',(-2.288340383252E-04,0.999999973817,0.));
#4095 = PCURVE('',#126,#4096);
#4096 = DEFINITIONAL_REPRESENTATION('',(#4097),#4101);
#4097 = LINE('',#4098,#4099);
#4098 = CARTESIAN_POINT('',(99.872397282174,-27.33911446252));
#4099 = VECTOR('',#4100,1.);
#4100 = DIRECTION('',(-2.288340383252E-04,0.999999973817));
#4101 = ( GEOMETRIC_REPRESENTATION_CONTEXT(2) 
PARAMETRIC_REPRESENTATION_CONTEXT() REPRESENTATION_CONTEXT('2D SPACE',''
  ) );
#4102 = PCURVE('',#4103,#4108);
#4103 = PLANE('',#4104);
#4104 = AXIS2_PLACEMENT_3D('',#4105,#4106,#4107);
#4105 = CARTESIAN_POINT('',(296.60929611171,-100.0792859405,12.1));
#4106 = DIRECTION('',(-0.999999973817,-2.288340383252E-04,0.));
#4107 = DIRECTION('',(-2.288340383252E-04,0.999999973817,0.));
#4108 = DEFINITIONAL_REPRESENTATION('',(#4109),#4113);
#4109 = LINE('',#4110,#4111);
#4110 = CARTESIAN_POINT('',(0.,0.));
#4111 = VECTOR('',#4112,1.);
#4112 = DIRECTION('',(1.,0.));
#4113 = ( GEOMETRIC_REPRESENTATION_CONTEXT(2) 
PARAMETRIC_REPRESENTATION_CONTEXT() REPRESENTATION_CONTEXT('2D SPACE',''
  ) );
#4114 = ORIENTED_EDGE('',*,*,#4115,.T.);
#4115 = EDGE_CURVE('',#4088,#4116,#4118,.T.);
#4116 = VERTEX_POINT('',#4117);
#4117 = CARTESIAN_POINT('',(287.7108987425,-34.83444437314,12.1));
#4118 = SURFACE_CURVE('',#4119,(#4124,#4131),.PCURVE_S1.);
#4119 = CIRCLE('',#4120,8.996367231152);
#4120 = AXIS2_PLACEMENT_3D('',#4121,#4122,#4123);
#4121 = CARTESIAN_POINT('',(287.61351187551,-43.83028447598,12.1));
#4122 = DIRECTION('',(0.,0.,1.));
#4123 = DIRECTION('',(0.998491868779,5.489979946865E-02,-0.));
#4124 = PCURVE('',#126,#4125);
#4125 = DEFINITIONAL_REPRESENTATION('',(#4126),#4130);
#4126 = CIRCLE('',#4127,8.996367231152);
#4127 = AXIS2_PLACEMENT_2D('',#4128,#4129);
#4128 = CARTESIAN_POINT('',(90.876613045973,28.909887002058));
#4129 = DIRECTION('',(0.998491868779,5.489979946865E-02));
#4130 = ( GEOMETRIC_REPRESENTATION_CONTEXT(2) 
PARAMETRIC_REPRESENTATION_CONTEXT() REPRESENTATION_CONTEXT('2D SPACE',''
  ) );
#4131 = PCURVE('',#4132,#4137);
#4132 = CYLINDRICAL_SURFACE('',#4133,8.996367231152);
#4133 = AXIS2_PLACEMENT_3D('',#4134,#4135,#4136);
#4134 = CARTESIAN_POINT('',(287.61351187551,-43.83028447598,12.1));
#4135 = DIRECTION('',(-0.,-0.,-1.));
#4136 = DIRECTION('',(0.998491868779,5.489979946865E-02,-0.));
#4137 = DEFINITIONAL_REPRESENTATION('',(#4138),#4142);
#4138 = LINE('',#4139,#4140);
#4139 = CARTESIAN_POINT('',(-0.,0.));
#4140 = VECTOR('',#4141,1.);
#4141 = DIRECTION('',(-1.,0.));
#4142 = ( GEOMETRIC_REPRESENTATION_CONTEXT(2) 
PARAMETRIC_REPRESENTATION_CONTEXT() REPRESENTATION_CONTEXT('2D SPACE',''
  ) );
#4143 = ORIENTED_EDGE('',*,*,#4144,.T.);
#4144 = EDGE_CURVE('',#4116,#4145,#4147,.T.);
#4145 = VERTEX_POINT('',#4146);
#4146 = CARTESIAN_POINT('',(266.90304378361,-34.82700556635,12.1));
#4147 = SURFACE_CURVE('',#4148,(#4152,#4159),.PCURVE_S1.);
#4148 = LINE('',#4149,#4150);
#4149 = CARTESIAN_POINT('',(287.7108987425,-34.83444437314,12.1));
#4150 = VECTOR('',#4151,1.);
#4151 = DIRECTION('',(-0.999999936097,3.574999121642E-04,0.));
#4152 = PCURVE('',#126,#4153);
#4153 = DEFINITIONAL_REPRESENTATION('',(#4154),#4158);
#4154 = LINE('',#4155,#4156);
#4155 = CARTESIAN_POINT('',(90.97399991297,37.905727104898));
#4156 = VECTOR('',#4157,1.);
#4157 = DIRECTION('',(-0.999999936097,3.574999121642E-04));
#4158 = ( GEOMETRIC_REPRESENTATION_CONTEXT(2) 
PARAMETRIC_REPRESENTATION_CONTEXT() REPRESENTATION_CONTEXT('2D SPACE',''
  ) );
#4159 = PCURVE('',#4160,#4165);
#4160 = PLANE('',#4161);
#4161 = AXIS2_PLACEMENT_3D('',#4162,#4163,#4164);
#4162 = CARTESIAN_POINT('',(287.7108987425,-34.83444437314,12.1));
#4163 = DIRECTION('',(-3.574999121642E-04,-0.999999936097,0.));
#4164 = DIRECTION('',(-0.999999936097,3.574999121642E-04,0.));
#4165 = DEFINITIONAL_REPRESENTATION('',(#4166),#4170);
#4166 = LINE('',#4167,#4168);
#4167 = CARTESIAN_POINT('',(0.,0.));
#4168 = VECTOR('',#4169,1.);
#4169 = DIRECTION('',(1.,0.));
#4170 = ( GEOMETRIC_REPRESENTATION_CONTEXT(2) 
PARAMETRIC_REPRESENTATION_CONTEXT() REPRESENTATION_CONTEXT('2D SPACE',''
  ) );
#4171 = ORIENTED_EDGE('',*,*,#4172,.T.);
#4172 = EDGE_CURVE('',#4145,#4173,#4175,.T.);
#4173 = VERTEX_POINT('',#4174);
#4174 = CARTESIAN_POINT('',(254.17446692141,-31.29986431021,12.1));
#4175 = SURFACE_CURVE('',#4176,(#4181,#4192),.PCURVE_S1.);
#4176 = CIRCLE('',#4177,25.18125548189);
#4177 = AXIS2_PLACEMENT_3D('',#4178,#4179,#4180);
#4178 = CARTESIAN_POINT('',(267.02780696474,-9.646059162515,12.1));
#4179 = DIRECTION('',(0.,0.,-1.));
#4180 = DIRECTION('',(-4.954605270559E-03,-0.999987725868,-0.));
#4181 = PCURVE('',#126,#4182);
#4182 = DEFINITIONAL_REPRESENTATION('',(#4183),#4191);
#4183 = ( BOUNDED_CURVE() B_SPLINE_CURVE(2,(#4184,#4185,#4186,#4187,
#4188,#4189,#4190),.UNSPECIFIED.,.T.,.F.) B_SPLINE_CURVE_WITH_KNOTS((1,2
    ,2,2,2,1),(-2.094395102393,0.,2.094395102393,4.188790204786,
6.28318530718,8.377580409573),.UNSPECIFIED.) CURVE() 
GEOMETRIC_REPRESENTATION_ITEM() RATIONAL_B_SPLINE_CURVE((1.,0.5,1.,0.5,
1.,0.5,1.)) REPRESENTATION_ITEM('') );
#4184 = CARTESIAN_POINT('',(70.166144954079,37.913165911694));
#4185 = CARTESIAN_POINT('',(26.551466399966,38.129262080324));
#4186 = CARTESIAN_POINT('',(48.545950448717,75.792633601763));
#4187 = CARTESIAN_POINT('',(70.540434497469,113.4560051232));
#4188 = CARTESIAN_POINT('',(92.16062900283,75.576537433132));
#4189 = CARTESIAN_POINT('',(113.78082350819,37.697069743063));
#4190 = CARTESIAN_POINT('',(70.166144954079,37.913165911694));
#4191 = ( GEOMETRIC_REPRESENTATION_CONTEXT(2) 
PARAMETRIC_REPRESENTATION_CONTEXT() REPRESENTATION_CONTEXT('2D SPACE',''
  ) );
#4192 = PCURVE('',#4193,#4198);
#4193 = CYLINDRICAL_SURFACE('',#4194,25.18125548189);
#4194 = AXIS2_PLACEMENT_3D('',#4195,#4196,#4197);
#4195 = CARTESIAN_POINT('',(267.02780696474,-9.646059162515,12.1));
#4196 = DIRECTION('',(0.,0.,-1.));
#4197 = DIRECTION('',(-4.954605270559E-03,-0.999987725868,-0.));
#4198 = DEFINITIONAL_REPRESENTATION('',(#4199),#4203);
#4199 = LINE('',#4200,#4201);
#4200 = CARTESIAN_POINT('',(0.,0.));
#4201 = VECTOR('',#4202,1.);
#4202 = DIRECTION('',(1.,0.));
#4203 = ( GEOMETRIC_REPRESENTATION_CONTEXT(2) 
PARAMETRIC_REPRESENTATION_CONTEXT() REPRESENTATION_CONTEXT('2D SPACE',''
  ) );
#4204 = ORIENTED_EDGE('',*,*,#4205,.T.);
#4205 = EDGE_CURVE('',#4173,#4206,#4208,.T.);
#4206 = VERTEX_POINT('',#4207);
#4207 = CARTESIAN_POINT('',(249.73484742239,-30.07193202847,12.1));
#4208 = SURFACE_CURVE('',#4209,(#4214,#4221),.PCURVE_S1.);
#4209 = CIRCLE('',#4210,8.996095736618);
#4210 = AXIS2_PLACEMENT_3D('',#4211,#4212,#4213);
#4211 = CARTESIAN_POINT('',(249.63643451487,-39.06748945433,12.1));
#4212 = DIRECTION('',(0.,0.,1.));
#4213 = DIRECTION('',(0.504444654593,0.863444028558,-0.));
#4214 = PCURVE('',#126,#4215);
#4215 = DEFINITIONAL_REPRESENTATION('',(#4216),#4220);
#4216 = CIRCLE('',#4217,8.996095736618);
#4217 = AXIS2_PLACEMENT_2D('',#4218,#4219);
#4218 = CARTESIAN_POINT('',(52.899535685336,33.672682023706));
#4219 = DIRECTION('',(0.504444654593,0.863444028558));
#4220 = ( GEOMETRIC_REPRESENTATION_CONTEXT(2) 
PARAMETRIC_REPRESENTATION_CONTEXT() REPRESENTATION_CONTEXT('2D SPACE',''
  ) );
#4221 = PCURVE('',#4222,#4227);
#4222 = CYLINDRICAL_SURFACE('',#4223,8.996095736618);
#4223 = AXIS2_PLACEMENT_3D('',#4224,#4225,#4226);
#4224 = CARTESIAN_POINT('',(249.63643451487,-39.06748945433,12.1));
#4225 = DIRECTION('',(-0.,-0.,-1.));
#4226 = DIRECTION('',(0.504444654593,0.863444028558,-0.));
#4227 = DEFINITIONAL_REPRESENTATION('',(#4228),#4232);
#4228 = LINE('',#4229,#4230);
#4229 = CARTESIAN_POINT('',(-0.,0.));
#4230 = VECTOR('',#4231,1.);
#4231 = DIRECTION('',(-1.,0.));
#4232 = ( GEOMETRIC_REPRESENTATION_CONTEXT(2) 
PARAMETRIC_REPRESENTATION_CONTEXT() REPRESENTATION_CONTEXT('2D SPACE',''
  ) );
#4233 = ORIENTED_EDGE('',*,*,#4234,.T.);
#4234 = EDGE_CURVE('',#4206,#4235,#4237,.T.);
#4235 = VERTEX_POINT('',#4236);
#4236 = CARTESIAN_POINT('',(243.34777989297,-30.06553476092,12.1));
#4237 = SURFACE_CURVE('',#4238,(#4242,#4249),.PCURVE_S1.);
#4238 = LINE('',#4239,#4240);
#4239 = CARTESIAN_POINT('',(249.73484742239,-30.07193202847,12.1));
#4240 = VECTOR('',#4241,1.);
#4241 = DIRECTION('',(-0.999999498402,1.001596477739E-03,0.));
#4242 = PCURVE('',#126,#4243);
#4243 = DEFINITIONAL_REPRESENTATION('',(#4244),#4248);
#4244 = LINE('',#4245,#4246);
#4245 = CARTESIAN_POINT('',(52.997948592853,42.66823944957));
#4246 = VECTOR('',#4247,1.);
#4247 = DIRECTION('',(-0.999999498402,1.001596477739E-03));
#4248 = ( GEOMETRIC_REPRESENTATION_CONTEXT(2) 
PARAMETRIC_REPRESENTATION_CONTEXT() REPRESENTATION_CONTEXT('2D SPACE',''
  ) );
#4249 = PCURVE('',#4250,#4255);
#4250 = PLANE('',#4251);
#4251 = AXIS2_PLACEMENT_3D('',#4252,#4253,#4254);
#4252 = CARTESIAN_POINT('',(249.73484742239,-30.07193202847,12.1));
#4253 = DIRECTION('',(-1.001596477739E-03,-0.999999498402,0.));
#4254 = DIRECTION('',(-0.999999498402,1.001596477739E-03,0.));
#4255 = DEFINITIONAL_REPRESENTATION('',(#4256),#4260);
#4256 = LINE('',#4257,#4258);
#4257 = CARTESIAN_POINT('',(0.,0.));
#4258 = VECTOR('',#4259,1.);
#4259 = DIRECTION('',(1.,0.));
#4260 = ( GEOMETRIC_REPRESENTATION_CONTEXT(2) 
PARAMETRIC_REPRESENTATION_CONTEXT() REPRESENTATION_CONTEXT('2D SPACE',''
  ) );
#4261 = ORIENTED_EDGE('',*,*,#4262,.T.);
#4262 = EDGE_CURVE('',#4235,#4263,#4265,.T.);
#4263 = VERTEX_POINT('',#4264);
#4264 = CARTESIAN_POINT('',(234.15312279868,-28.28680484863,12.1));
#4265 = SURFACE_CURVE('',#4266,(#4271,#4282),.PCURVE_S1.);
#4266 = CIRCLE('',#4267,25.285822224066);
#4267 = AXIS2_PLACEMENT_3D('',#4268,#4269,#4270);
#4268 = CARTESIAN_POINT('',(243.46995125426,-4.780007681081,12.1));
#4269 = DIRECTION('',(0.,0.,-1.));
#4270 = DIRECTION('',(-4.831615132105E-03,-0.999988327679,-0.));
#4271 = PCURVE('',#126,#4272);
#4272 = DEFINITIONAL_REPRESENTATION('',(#4273),#4281);
#4273 = ( BOUNDED_CURVE() B_SPLINE_CURVE(2,(#4274,#4275,#4276,#4277,
#4278,#4279,#4280),.UNSPECIFIED.,.T.,.F.) B_SPLINE_CURVE_WITH_KNOTS((1,2
    ,2,2,2,1),(-2.094395102393,0.,2.094395102393,4.188790204786,
6.28318530718,8.377580409573),.UNSPECIFIED.) CURVE() 
GEOMETRIC_REPRESENTATION_ITEM() RATIONAL_B_SPLINE_CURVE((1.,0.5,1.,0.5,
1.,0.5,1.)) REPRESENTATION_ITEM('') );
#4274 = CARTESIAN_POINT('',(46.610881063437,42.674636717119));
#4275 = CARTESIAN_POINT('',(2.815063464988,42.886243722096));
#4276 = CARTESIAN_POINT('',(24.896229306141,80.708730839374));
#4277 = CARTESIAN_POINT('',(46.977395147293,118.53121795665));
#4278 = CARTESIAN_POINT('',(68.69204690459,80.497123834397));
#4279 = CARTESIAN_POINT('',(90.406698661886,42.463029712143));
#4280 = CARTESIAN_POINT('',(46.610881063437,42.674636717119));
#4281 = ( GEOMETRIC_REPRESENTATION_CONTEXT(2) 
PARAMETRIC_REPRESENTATION_CONTEXT() REPRESENTATION_CONTEXT('2D SPACE',''
  ) );
#4282 = PCURVE('',#4283,#4288);
#4283 = CYLINDRICAL_SURFACE('',#4284,25.285822224066);
#4284 = AXIS2_PLACEMENT_3D('',#4285,#4286,#4287);
#4285 = CARTESIAN_POINT('',(243.46995125426,-4.780007681081,12.1));
#4286 = DIRECTION('',(0.,0.,-1.));
#4287 = DIRECTION('',(-4.831615132105E-03,-0.999988327679,-0.));
#4288 = DEFINITIONAL_REPRESENTATION('',(#4289),#4293);
#4289 = LINE('',#4290,#4291);
#4290 = CARTESIAN_POINT('',(0.,0.));
#4291 = VECTOR('',#4292,1.);
#4292 = DIRECTION('',(1.,0.));
#4293 = ( GEOMETRIC_REPRESENTATION_CONTEXT(2) 
PARAMETRIC_REPRESENTATION_CONTEXT() REPRESENTATION_CONTEXT('2D SPACE',''
  ) );
#4294 = ORIENTED_EDGE('',*,*,#4295,.T.);
#4295 = EDGE_CURVE('',#4263,#142,#4296,.T.);
#4296 = SURFACE_CURVE('',#4297,(#4302,#4309),.PCURVE_S1.);
#4297 = CIRCLE('',#4298,9.15823775267);
#4298 = AXIS2_PLACEMENT_3D('',#4299,#4300,#4301);
#4299 = CARTESIAN_POINT('',(230.88317508921,-36.8413802742,12.1));
#4300 = DIRECTION('',(0.,0.,1.));
#4301 = DIRECTION('',(0.35704988206,0.934085318224,-0.));
#4302 = PCURVE('',#126,#4303);
#4303 = DEFINITIONAL_REPRESENTATION('',(#4304),#4308);
#4304 = CIRCLE('',#4305,9.15823775267);
#4305 = AXIS2_PLACEMENT_2D('',#4306,#4307);
#4306 = CARTESIAN_POINT('',(34.146276259674,35.898791203842));
#4307 = DIRECTION('',(0.35704988206,0.934085318224));
#4308 = ( GEOMETRIC_REPRESENTATION_CONTEXT(2) 
PARAMETRIC_REPRESENTATION_CONTEXT() REPRESENTATION_CONTEXT('2D SPACE',''
  ) );
#4309 = PCURVE('',#159,#4310);
#4310 = DEFINITIONAL_REPRESENTATION('',(#4311),#4315);
#4311 = LINE('',#4312,#4313);
#4312 = CARTESIAN_POINT('',(-0.,0.));
#4313 = VECTOR('',#4314,1.);
#4314 = DIRECTION('',(-1.,0.));
#4315 = ( GEOMETRIC_REPRESENTATION_CONTEXT(2) 
PARAMETRIC_REPRESENTATION_CONTEXT() REPRESENTATION_CONTEXT('2D SPACE',''
  ) );
#4316 = FACE_BOUND('',#4317,.F.);
#4317 = EDGE_LOOP('',(#4318));
#4318 = ORIENTED_EDGE('',*,*,#4319,.F.);
#4319 = EDGE_CURVE('',#4320,#4320,#4322,.T.);
#4320 = VERTEX_POINT('',#4321);
#4321 = CARTESIAN_POINT('',(169.95189014134,-133.3657094118,12.1));
#4322 = SURFACE_CURVE('',#4323,(#4328,#4335),.PCURVE_S1.);
#4323 = CIRCLE('',#4324,2.1);
#4324 = AXIS2_PLACEMENT_3D('',#4325,#4326,#4327);
#4325 = CARTESIAN_POINT('',(167.85189014134,-133.3657094118,12.1));
#4326 = DIRECTION('',(0.,0.,1.));
#4327 = DIRECTION('',(1.,0.,-0.));
#4328 = PCURVE('',#126,#4329);
#4329 = DEFINITIONAL_REPRESENTATION('',(#4330),#4334);
#4330 = CIRCLE('',#4331,2.1);
#4331 = AXIS2_PLACEMENT_2D('',#4332,#4333);
#4332 = CARTESIAN_POINT('',(-28.88500868819,-60.62553793376));
#4333 = DIRECTION('',(1.,0.));
#4334 = ( GEOMETRIC_REPRESENTATION_CONTEXT(2) 
PARAMETRIC_REPRESENTATION_CONTEXT() REPRESENTATION_CONTEXT('2D SPACE',''
  ) );
#4335 = PCURVE('',#4336,#4341);
#4336 = CYLINDRICAL_SURFACE('',#4337,2.1);
#4337 = AXIS2_PLACEMENT_3D('',#4338,#4339,#4340);
#4338 = CARTESIAN_POINT('',(167.85189014134,-133.3657094118,11.1));
#4339 = DIRECTION('',(0.,0.,1.));
#4340 = DIRECTION('',(1.,0.,-0.));
#4341 = DEFINITIONAL_REPRESENTATION('',(#4342),#4346);
#4342 = LINE('',#4343,#4344);
#4343 = CARTESIAN_POINT('',(0.,1.));
#4344 = VECTOR('',#4345,1.);
#4345 = DIRECTION('',(1.,0.));
#4346 = ( GEOMETRIC_REPRESENTATION_CONTEXT(2) 
PARAMETRIC_REPRESENTATION_CONTEXT() REPRESENTATION_CONTEXT('2D SPACE',''
  ) );
#4347 = FACE_BOUND('',#4348,.F.);
#4348 = EDGE_LOOP('',(#4349));
#4349 = ORIENTED_EDGE('',*,*,#4350,.F.);
#4350 = EDGE_CURVE('',#4351,#4351,#4353,.T.);
#4351 = VERTEX_POINT('',#4352);
#4352 = CARTESIAN_POINT('',(203.98953758424,-122.238147965,12.1));
#4353 = SURFACE_CURVE('',#4354,(#4359,#4366),.PCURVE_S1.);
#4354 = CIRCLE('',#4355,2.1);
#4355 = AXIS2_PLACEMENT_3D('',#4356,#4357,#4358);
#4356 = CARTESIAN_POINT('',(201.88953758424,-122.238147965,12.1));
#4357 = DIRECTION('',(0.,0.,1.));
#4358 = DIRECTION('',(1.,0.,-0.));
#4359 = PCURVE('',#126,#4360);
#4360 = DEFINITIONAL_REPRESENTATION('',(#4361),#4365);
#4361 = CIRCLE('',#4362,2.1);
#4362 = AXIS2_PLACEMENT_2D('',#4363,#4364);
#4363 = CARTESIAN_POINT('',(5.152638754703,-49.49797648696));
#4364 = DIRECTION('',(1.,0.));
#4365 = ( GEOMETRIC_REPRESENTATION_CONTEXT(2) 
PARAMETRIC_REPRESENTATION_CONTEXT() REPRESENTATION_CONTEXT('2D SPACE',''
  ) );
#4366 = PCURVE('',#4367,#4372);
#4367 = CYLINDRICAL_SURFACE('',#4368,2.1);
#4368 = AXIS2_PLACEMENT_3D('',#4369,#4370,#4371);
#4369 = CARTESIAN_POINT('',(201.88953758424,-122.238147965,11.1));
#4370 = DIRECTION('',(0.,0.,1.));
#4371 = DIRECTION('',(1.,0.,-0.));
#4372 = DEFINITIONAL_REPRESENTATION('',(#4373),#4377);
#4373 = LINE('',#4374,#4375);
#4374 = CARTESIAN_POINT('',(0.,1.));
#4375 = VECTOR('',#4376,1.);
#4376 = DIRECTION('',(1.,0.));
#4377 = ( GEOMETRIC_REPRESENTATION_CONTEXT(2) 
PARAMETRIC_REPRESENTATION_CONTEXT() REPRESENTATION_CONTEXT('2D SPACE',''
  ) );
#4378 = FACE_BOUND('',#4379,.F.);
#4379 = EDGE_LOOP('',(#4380));
#4380 = ORIENTED_EDGE('',*,*,#4381,.F.);
#4381 = EDGE_CURVE('',#4382,#4382,#4384,.T.);
#4382 = VERTEX_POINT('',#4383);
#4383 = CARTESIAN_POINT('',(228.41250000018,-100.1598284082,12.1));
#4384 = SURFACE_CURVE('',#4385,(#4390,#4397),.PCURVE_S1.);
#4385 = CIRCLE('',#4386,2.1);
#4386 = AXIS2_PLACEMENT_3D('',#4387,#4388,#4389);
#4387 = CARTESIAN_POINT('',(226.31250000018,-100.1598284082,12.1));
#4388 = DIRECTION('',(0.,0.,1.));
#4389 = DIRECTION('',(1.,0.,-0.));
#4390 = PCURVE('',#126,#4391);
#4391 = DEFINITIONAL_REPRESENTATION('',(#4392),#4396);
#4392 = CIRCLE('',#4393,2.1);
#4393 = AXIS2_PLACEMENT_2D('',#4394,#4395);
#4394 = CARTESIAN_POINT('',(29.575601170648,-27.41965693016));
#4395 = DIRECTION('',(1.,0.));
#4396 = ( GEOMETRIC_REPRESENTATION_CONTEXT(2) 
PARAMETRIC_REPRESENTATION_CONTEXT() REPRESENTATION_CONTEXT('2D SPACE',''
  ) );
#4397 = PCURVE('',#4398,#4403);
#4398 = CYLINDRICAL_SURFACE('',#4399,2.1);
#4399 = AXIS2_PLACEMENT_3D('',#4400,#4401,#4402);
#4400 = CARTESIAN_POINT('',(226.31250000018,-100.1598284082,11.1));
#4401 = DIRECTION('',(0.,0.,1.));
#4402 = DIRECTION('',(1.,0.,-0.));
#4403 = DEFINITIONAL_REPRESENTATION('',(#4404),#4408);
#4404 = LINE('',#4405,#4406);
#4405 = CARTESIAN_POINT('',(0.,1.));
#4406 = VECTOR('',#4407,1.);
#4407 = DIRECTION('',(1.,0.));
#4408 = ( GEOMETRIC_REPRESENTATION_CONTEXT(2) 
PARAMETRIC_REPRESENTATION_CONTEXT() REPRESENTATION_CONTEXT('2D SPACE',''
  ) );
#4409 = FACE_BOUND('',#4410,.F.);
#4410 = EDGE_LOOP('',(#4411));
#4411 = ORIENTED_EDGE('',*,*,#4412,.F.);
#4412 = EDGE_CURVE('',#4413,#4413,#4415,.T.);
#4413 = VERTEX_POINT('',#4414);
#4414 = CARTESIAN_POINT('',(261.01763420165,-105.3562500066,12.1));
#4415 = SURFACE_CURVE('',#4416,(#4421,#4428),.PCURVE_S1.);
#4416 = CIRCLE('',#4417,2.1);
#4417 = AXIS2_PLACEMENT_3D('',#4418,#4419,#4420);
#4418 = CARTESIAN_POINT('',(258.91763420165,-105.3562500066,12.1));
#4419 = DIRECTION('',(0.,0.,1.));
#4420 = DIRECTION('',(1.,0.,-0.));
#4421 = PCURVE('',#126,#4422);
#4422 = DEFINITIONAL_REPRESENTATION('',(#4423),#4427);
#4423 = CIRCLE('',#4424,2.1);
#4424 = AXIS2_PLACEMENT_2D('',#4425,#4426);
#4425 = CARTESIAN_POINT('',(62.180735372112,-32.6160785286));
#4426 = DIRECTION('',(1.,0.));
#4427 = ( GEOMETRIC_REPRESENTATION_CONTEXT(2) 
PARAMETRIC_REPRESENTATION_CONTEXT() REPRESENTATION_CONTEXT('2D SPACE',''
  ) );
#4428 = PCURVE('',#4429,#4434);
#4429 = CYLINDRICAL_SURFACE('',#4430,2.1);
#4430 = AXIS2_PLACEMENT_3D('',#4431,#4432,#4433);
#4431 = CARTESIAN_POINT('',(258.91763420165,-105.3562500066,11.1));
#4432 = DIRECTION('',(0.,0.,1.));
#4433 = DIRECTION('',(1.,0.,-0.));
#4434 = DEFINITIONAL_REPRESENTATION('',(#4435),#4439);
#4435 = LINE('',#4436,#4437);
#4436 = CARTESIAN_POINT('',(0.,1.));
#4437 = VECTOR('',#4438,1.);
#4438 = DIRECTION('',(1.,0.));
#4439 = ( GEOMETRIC_REPRESENTATION_CONTEXT(2) 
PARAMETRIC_REPRESENTATION_CONTEXT() REPRESENTATION_CONTEXT('2D SPACE',''
  ) );
#4440 = FACE_BOUND('',#4441,.F.);
#4441 = EDGE_LOOP('',(#4442));
#4442 = ORIENTED_EDGE('',*,*,#4443,.F.);
#4443 = EDGE_CURVE('',#4444,#4444,#4446,.T.);
#4444 = VERTEX_POINT('',#4445);
#4445 = CARTESIAN_POINT('',(294.19692776023,-102.9422195671,12.1));
#4446 = SURFACE_CURVE('',#4447,(#4452,#4459),.PCURVE_S1.);
#4447 = CIRCLE('',#4448,2.1);
#4448 = AXIS2_PLACEMENT_3D('',#4449,#4450,#4451);
#4449 = CARTESIAN_POINT('',(292.09692776023,-102.9422195671,12.1));
#4450 = DIRECTION('',(0.,0.,1.));
#4451 = DIRECTION('',(1.,0.,-0.));
#4452 = PCURVE('',#126,#4453);
#4453 = DEFINITIONAL_REPRESENTATION('',(#4454),#4458);
#4454 = CIRCLE('',#4455,2.1);
#4455 = AXIS2_PLACEMENT_2D('',#4456,#4457);
#4456 = CARTESIAN_POINT('',(95.360028930693,-30.20204808909));
#4457 = DIRECTION('',(1.,0.));
#4458 = ( GEOMETRIC_REPRESENTATION_CONTEXT(2) 
PARAMETRIC_REPRESENTATION_CONTEXT() REPRESENTATION_CONTEXT('2D SPACE',''
  ) );
#4459 = PCURVE('',#4460,#4465);
#4460 = CYLINDRICAL_SURFACE('',#4461,2.1);
#4461 = AXIS2_PLACEMENT_3D('',#4462,#4463,#4464);
#4462 = CARTESIAN_POINT('',(292.09692776023,-102.9422195671,11.1));
#4463 = DIRECTION('',(0.,0.,1.));
#4464 = DIRECTION('',(1.,0.,-0.));
#4465 = DEFINITIONAL_REPRESENTATION('',(#4466),#4470);
#4466 = LINE('',#4467,#4468);
#4467 = CARTESIAN_POINT('',(0.,1.));
#4468 = VECTOR('',#4469,1.);
#4469 = DIRECTION('',(1.,0.));
#4470 = ( GEOMETRIC_REPRESENTATION_CONTEXT(2) 
PARAMETRIC_REPRESENTATION_CONTEXT() REPRESENTATION_CONTEXT('2D SPACE',''
  ) );
#4471 = FACE_BOUND('',#4472,.F.);
#4472 = EDGE_LOOP('',(#4473));
#4473 = ORIENTED_EDGE('',*,*,#4474,.F.);
#4474 = EDGE_CURVE('',#4475,#4475,#4477,.T.);
#4475 = VERTEX_POINT('',#4476);
#4476 = CARTESIAN_POINT('',(151.9875,-24.81768431614,12.1));
#4477 = SURFACE_CURVE('',#4478,(#4483,#4490),.PCURVE_S1.);
#4478 = CIRCLE('',#4479,2.1);
#4479 = AXIS2_PLACEMENT_3D('',#4480,#4481,#4482);
#4480 = CARTESIAN_POINT('',(149.8875,-24.81768431614,12.1));
#4481 = DIRECTION('',(0.,0.,1.));
#4482 = DIRECTION('',(1.,0.,-0.));
#4483 = PCURVE('',#126,#4484);
#4484 = DEFINITIONAL_REPRESENTATION('',(#4485),#4489);
#4485 = CIRCLE('',#4486,2.1);
#4486 = AXIS2_PLACEMENT_2D('',#4487,#4488);
#4487 = CARTESIAN_POINT('',(-46.84939882953,47.922487161899));
#4488 = DIRECTION('',(1.,0.));
#4489 = ( GEOMETRIC_REPRESENTATION_CONTEXT(2) 
PARAMETRIC_REPRESENTATION_CONTEXT() REPRESENTATION_CONTEXT('2D SPACE',''
  ) );
#4490 = PCURVE('',#4491,#4496);
#4491 = CYLINDRICAL_SURFACE('',#4492,2.1);
#4492 = AXIS2_PLACEMENT_3D('',#4493,#4494,#4495);
#4493 = CARTESIAN_POINT('',(149.8875,-24.81768431614,11.1));
#4494 = DIRECTION('',(0.,0.,1.));
#4495 = DIRECTION('',(1.,0.,-0.));
#4496 = DEFINITIONAL_REPRESENTATION('',(#4497),#4501);
#4497 = LINE('',#4498,#4499);
#4498 = CARTESIAN_POINT('',(0.,1.));
#4499 = VECTOR('',#4500,1.);
#4500 = DIRECTION('',(1.,0.));
#4501 = ( GEOMETRIC_REPRESENTATION_CONTEXT(2) 
PARAMETRIC_REPRESENTATION_CONTEXT() REPRESENTATION_CONTEXT('2D SPACE',''
  ) );
#4502 = FACE_BOUND('',#4503,.F.);
#4503 = EDGE_LOOP('',(#4504));
#4504 = ORIENTED_EDGE('',*,*,#4505,.F.);
#4505 = EDGE_CURVE('',#4506,#4506,#4508,.T.);
#4506 = VERTEX_POINT('',#4507);
#4507 = CARTESIAN_POINT('',(239.74211901703,-33.69374999882,12.1));
#4508 = SURFACE_CURVE('',#4509,(#4514,#4521),.PCURVE_S1.);
#4509 = CIRCLE('',#4510,2.1);
#4510 = AXIS2_PLACEMENT_3D('',#4511,#4512,#4513);
#4511 = CARTESIAN_POINT('',(237.64211901703,-33.69374999882,12.1));
#4512 = DIRECTION('',(0.,0.,1.));
#4513 = DIRECTION('',(1.,0.,-0.));
#4514 = PCURVE('',#126,#4515);
#4515 = DEFINITIONAL_REPRESENTATION('',(#4516),#4520);
#4516 = CIRCLE('',#4517,2.1);
#4517 = AXIS2_PLACEMENT_2D('',#4518,#4519);
#4518 = CARTESIAN_POINT('',(40.905220187499,39.046421479223));
#4519 = DIRECTION('',(1.,0.));
#4520 = ( GEOMETRIC_REPRESENTATION_CONTEXT(2) 
PARAMETRIC_REPRESENTATION_CONTEXT() REPRESENTATION_CONTEXT('2D SPACE',''
  ) );
#4521 = PCURVE('',#4522,#4527);
#4522 = CYLINDRICAL_SURFACE('',#4523,2.1);
#4523 = AXIS2_PLACEMENT_3D('',#4524,#4525,#4526);
#4524 = CARTESIAN_POINT('',(237.64211901703,-33.69374999882,11.1));
#4525 = DIRECTION('',(0.,0.,1.));
#4526 = DIRECTION('',(1.,0.,-0.));
#4527 = DEFINITIONAL_REPRESENTATION('',(#4528),#4532);
#4528 = LINE('',#4529,#4530);
#4529 = CARTESIAN_POINT('',(0.,1.));
#4530 = VECTOR('',#4531,1.);
#4531 = DIRECTION('',(1.,0.));
#4532 = ( GEOMETRIC_REPRESENTATION_CONTEXT(2) 
PARAMETRIC_REPRESENTATION_CONTEXT() REPRESENTATION_CONTEXT('2D SPACE',''
  ) );
#4533 = FACE_BOUND('',#4534,.F.);
#4534 = EDGE_LOOP('',(#4535));
#4535 = ORIENTED_EDGE('',*,*,#4536,.F.);
#4536 = EDGE_CURVE('',#4537,#4537,#4539,.T.);
#4537 = VERTEX_POINT('',#4538);
#4538 = CARTESIAN_POINT('',(295.08750000034,-46.11720669061,12.1));
#4539 = SURFACE_CURVE('',#4540,(#4545,#4552),.PCURVE_S1.);
#4540 = CIRCLE('',#4541,2.1);
#4541 = AXIS2_PLACEMENT_3D('',#4542,#4543,#4544);
#4542 = CARTESIAN_POINT('',(292.98750000034,-46.11720669061,12.1));
#4543 = DIRECTION('',(0.,0.,1.));
#4544 = DIRECTION('',(1.,0.,-0.));
#4545 = PCURVE('',#126,#4546);
#4546 = DEFINITIONAL_REPRESENTATION('',(#4547),#4551);
#4547 = CIRCLE('',#4548,2.1);
#4548 = AXIS2_PLACEMENT_2D('',#4549,#4550);
#4549 = CARTESIAN_POINT('',(96.250601170805,26.622964787432));
#4550 = DIRECTION('',(1.,0.));
#4551 = ( GEOMETRIC_REPRESENTATION_CONTEXT(2) 
PARAMETRIC_REPRESENTATION_CONTEXT() REPRESENTATION_CONTEXT('2D SPACE',''
  ) );
#4552 = PCURVE('',#4553,#4558);
#4553 = CYLINDRICAL_SURFACE('',#4554,2.1);
#4554 = AXIS2_PLACEMENT_3D('',#4555,#4556,#4557);
#4555 = CARTESIAN_POINT('',(292.98750000034,-46.11720669061,11.1));
#4556 = DIRECTION('',(0.,0.,1.));
#4557 = DIRECTION('',(1.,0.,-0.));
#4558 = DEFINITIONAL_REPRESENTATION('',(#4559),#4563);
#4559 = LINE('',#4560,#4561);
#4560 = CARTESIAN_POINT('',(0.,1.));
#4561 = VECTOR('',#4562,1.);
#4562 = DIRECTION('',(1.,0.));
#4563 = ( GEOMETRIC_REPRESENTATION_CONTEXT(2) 
PARAMETRIC_REPRESENTATION_CONTEXT() REPRESENTATION_CONTEXT('2D SPACE',''
  ) );
#4564 = ADVANCED_FACE('',(#4565,#5279,#5517),#72,.T.);
#4565 = FACE_BOUND('',#4566,.T.);
#4566 = EDGE_LOOP('',(#4567,#4568,#4569,#4592,#4616,#4644,#4667,#4691,
    #4714,#4738,#4761,#4789,#4812,#4836,#4859,#4887,#4910,#4938,#4961,
    #4985,#5008,#5036,#5059,#5083,#5106,#5130,#5153,#5181,#5205,#5228,
    #5256,#5278));
#4567 = ORIENTED_EDGE('',*,*,#56,.T.);
#4568 = ORIENTED_EDGE('',*,*,#228,.T.);
#4569 = ORIENTED_EDGE('',*,*,#4570,.T.);
#4570 = EDGE_CURVE('',#229,#4571,#4573,.T.);
#4571 = VERTEX_POINT('',#4572);
#4572 = CARTESIAN_POINT('',(150.14371098084,-20.85,18.6));
#4573 = SURFACE_CURVE('',#4574,(#4578,#4585),.PCURVE_S1.);
#4574 = LINE('',#4575,#4576);
#4575 = CARTESIAN_POINT('',(214.73091722502,-20.85,18.6));
#4576 = VECTOR('',#4577,1.);
#4577 = DIRECTION('',(-1.,0.,0.));
#4578 = PCURVE('',#72,#4579);
#4579 = DEFINITIONAL_REPRESENTATION('',(#4580),#4584);
#4580 = LINE('',#4581,#4582);
#4581 = CARTESIAN_POINT('',(17.994018395484,51.890171478044));
#4582 = VECTOR('',#4583,1.);
#4583 = DIRECTION('',(-1.,0.));
#4584 = ( GEOMETRIC_REPRESENTATION_CONTEXT(2) 
PARAMETRIC_REPRESENTATION_CONTEXT() REPRESENTATION_CONTEXT('2D SPACE',''
  ) );
#4585 = PCURVE('',#268,#4586);
#4586 = DEFINITIONAL_REPRESENTATION('',(#4587),#4591);
#4587 = LINE('',#4588,#4589);
#4588 = CARTESIAN_POINT('',(0.,-6.5));
#4589 = VECTOR('',#4590,1.);
#4590 = DIRECTION('',(1.,0.));
#4591 = ( GEOMETRIC_REPRESENTATION_CONTEXT(2) 
PARAMETRIC_REPRESENTATION_CONTEXT() REPRESENTATION_CONTEXT('2D SPACE',''
  ) );
#4592 = ORIENTED_EDGE('',*,*,#4593,.T.);
#4593 = EDGE_CURVE('',#4571,#4594,#4596,.T.);
#4594 = VERTEX_POINT('',#4595);
#4595 = CARTESIAN_POINT('',(144.99733932084,-23.76538353484,18.6));
#4596 = SURFACE_CURVE('',#4597,(#4602,#4609),.PCURVE_S1.);
#4597 = CIRCLE('',#4598,6.);
#4598 = AXIS2_PLACEMENT_3D('',#4599,#4600,#4601);
#4599 = CARTESIAN_POINT('',(150.14371098084,-26.85,18.6));
#4600 = DIRECTION('',(0.,-0.,1.));
#4601 = DIRECTION('',(0.,1.,0.));
#4602 = PCURVE('',#72,#4603);
#4603 = DEFINITIONAL_REPRESENTATION('',(#4604),#4608);
#4604 = CIRCLE('',#4605,6.);
#4605 = AXIS2_PLACEMENT_2D('',#4606,#4607);
#4606 = CARTESIAN_POINT('',(-46.59318784869,45.890171478044));
#4607 = DIRECTION('',(0.,1.));
#4608 = ( GEOMETRIC_REPRESENTATION_CONTEXT(2) 
PARAMETRIC_REPRESENTATION_CONTEXT() REPRESENTATION_CONTEXT('2D SPACE',''
  ) );
#4609 = PCURVE('',#3513,#4610);
#4610 = DEFINITIONAL_REPRESENTATION('',(#4611),#4615);
#4611 = LINE('',#4612,#4613);
#4612 = CARTESIAN_POINT('',(-0.,-6.5));
#4613 = VECTOR('',#4614,1.);
#4614 = DIRECTION('',(-1.,0.));
#4615 = ( GEOMETRIC_REPRESENTATION_CONTEXT(2) 
PARAMETRIC_REPRESENTATION_CONTEXT() REPRESENTATION_CONTEXT('2D SPACE',''
  ) );
#4616 = ORIENTED_EDGE('',*,*,#4617,.T.);
#4617 = EDGE_CURVE('',#4594,#4618,#4620,.T.);
#4618 = VERTEX_POINT('',#4619);
#4619 = CARTESIAN_POINT('',(123.76302957842,-35.5,18.6));
#4620 = SURFACE_CURVE('',#4621,(#4626,#4637),.PCURVE_S1.);
#4621 = CIRCLE('',#4622,24.949130006066);
#4622 = AXIS2_PLACEMENT_3D('',#4623,#4624,#4625);
#4623 = CARTESIAN_POINT('',(123.83514485808,-10.55097421849,18.6));
#4624 = DIRECTION('',(0.,0.,-1.));
#4625 = DIRECTION('',(0.848213723589,-0.529654112714,0.));
#4626 = PCURVE('',#72,#4627);
#4627 = DEFINITIONAL_REPRESENTATION('',(#4628),#4636);
#4628 = ( BOUNDED_CURVE() B_SPLINE_CURVE(2,(#4629,#4630,#4631,#4632,
#4633,#4634,#4635),.UNSPECIFIED.,.T.,.F.) B_SPLINE_CURVE_WITH_KNOTS((1,2
    ,2,2,2,1),(-2.094395102393,0.,2.094395102393,4.188790204786,
6.28318530718,8.377580409573),.UNSPECIFIED.) CURVE() 
GEOMETRIC_REPRESENTATION_ITEM() RATIONAL_B_SPLINE_CURVE((1.,0.5,1.,0.5,
1.,0.5,1.)) REPRESENTATION_ITEM('') );
#4629 = CARTESIAN_POINT('',(-51.73955950869,48.974787943204));
#4630 = CARTESIAN_POINT('',(-74.62758783661,12.320791934047));
#4631 = CARTESIAN_POINT('',(-94.92686536679,50.469403913138));
#4632 = CARTESIAN_POINT('',(-115.2261428969,88.618015892229));
#4633 = CARTESIAN_POINT('',(-72.03883703888,87.123399922295));
#4634 = CARTESIAN_POINT('',(-28.85153118078,85.62878395236));
#4635 = CARTESIAN_POINT('',(-51.73955950869,48.974787943204));
#4636 = ( GEOMETRIC_REPRESENTATION_CONTEXT(2) 
PARAMETRIC_REPRESENTATION_CONTEXT() REPRESENTATION_CONTEXT('2D SPACE',''
  ) );
#4637 = PCURVE('',#3546,#4638);
#4638 = DEFINITIONAL_REPRESENTATION('',(#4639),#4643);
#4639 = LINE('',#4640,#4641);
#4640 = CARTESIAN_POINT('',(0.,-6.5));
#4641 = VECTOR('',#4642,1.);
#4642 = DIRECTION('',(1.,0.));
#4643 = ( GEOMETRIC_REPRESENTATION_CONTEXT(2) 
PARAMETRIC_REPRESENTATION_CONTEXT() REPRESENTATION_CONTEXT('2D SPACE',''
  ) );
#4644 = ORIENTED_EDGE('',*,*,#4645,.T.);
#4645 = EDGE_CURVE('',#4618,#4646,#4648,.T.);
#4646 = VERTEX_POINT('',#4647);
#4647 = CARTESIAN_POINT('',(104.7066650642,-35.51865292787,18.6));
#4648 = SURFACE_CURVE('',#4649,(#4653,#4660),.PCURVE_S1.);
#4649 = LINE('',#4650,#4651);
#4650 = CARTESIAN_POINT('',(123.76302957842,-35.5,18.6));
#4651 = VECTOR('',#4652,1.);
#4652 = DIRECTION('',(-0.999999520947,-9.788288277714E-04,0.));
#4653 = PCURVE('',#72,#4654);
#4654 = DEFINITIONAL_REPRESENTATION('',(#4655),#4659);
#4655 = LINE('',#4656,#4657);
#4656 = CARTESIAN_POINT('',(-72.97386925111,37.240171478044));
#4657 = VECTOR('',#4658,1.);
#4658 = DIRECTION('',(-0.999999520947,-9.788288277714E-04));
#4659 = ( GEOMETRIC_REPRESENTATION_CONTEXT(2) 
PARAMETRIC_REPRESENTATION_CONTEXT() REPRESENTATION_CONTEXT('2D SPACE',''
  ) );
#4660 = PCURVE('',#3574,#4661);
#4661 = DEFINITIONAL_REPRESENTATION('',(#4662),#4666);
#4662 = LINE('',#4663,#4664);
#4663 = CARTESIAN_POINT('',(0.,-6.5));
#4664 = VECTOR('',#4665,1.);
#4665 = DIRECTION('',(1.,0.));
#4666 = ( GEOMETRIC_REPRESENTATION_CONTEXT(2) 
PARAMETRIC_REPRESENTATION_CONTEXT() REPRESENTATION_CONTEXT('2D SPACE',''
  ) );
#4667 = ORIENTED_EDGE('',*,*,#4668,.T.);
#4668 = EDGE_CURVE('',#4646,#4669,#4671,.T.);
#4669 = VERTEX_POINT('',#4670);
#4670 = CARTESIAN_POINT('',(95.16,-45.727030523,18.6));
#4671 = SURFACE_CURVE('',#4672,(#4677,#4684),.PCURVE_S1.);
#4672 = CIRCLE('',#4673,10.015155050536);
#4673 = AXIS2_PLACEMENT_3D('',#4674,#4675,#4676);
#4674 = CARTESIAN_POINT('',(105.1730753719,-45.52294161379,18.6));
#4675 = DIRECTION('',(0.,0.,1.));
#4676 = DIRECTION('',(-4.657045301269E-02,0.998915007849,0.));
#4677 = PCURVE('',#72,#4678);
#4678 = DEFINITIONAL_REPRESENTATION('',(#4679),#4683);
#4679 = CIRCLE('',#4680,10.015155050536);
#4680 = AXIS2_PLACEMENT_2D('',#4681,#4682);
#4681 = CARTESIAN_POINT('',(-91.56382345763,27.217229864254));
#4682 = DIRECTION('',(-4.657045301269E-02,0.998915007849));
#4683 = ( GEOMETRIC_REPRESENTATION_CONTEXT(2) 
PARAMETRIC_REPRESENTATION_CONTEXT() REPRESENTATION_CONTEXT('2D SPACE',''
  ) );
#4684 = PCURVE('',#3603,#4685);
#4685 = DEFINITIONAL_REPRESENTATION('',(#4686),#4690);
#4686 = LINE('',#4687,#4688);
#4687 = CARTESIAN_POINT('',(-0.,-6.5));
#4688 = VECTOR('',#4689,1.);
#4689 = DIRECTION('',(-1.,0.));
#4690 = ( GEOMETRIC_REPRESENTATION_CONTEXT(2) 
PARAMETRIC_REPRESENTATION_CONTEXT() REPRESENTATION_CONTEXT('2D SPACE',''
  ) );
#4691 = ORIENTED_EDGE('',*,*,#4692,.T.);
#4692 = EDGE_CURVE('',#4669,#4693,#4695,.T.);
#4693 = VERTEX_POINT('',#4694);
#4694 = CARTESIAN_POINT('',(95.178652927875,-87.35333493579,18.6));
#4695 = SURFACE_CURVE('',#4696,(#4700,#4707),.PCURVE_S1.);
#4696 = LINE('',#4697,#4698);
#4697 = CARTESIAN_POINT('',(95.16,-45.727030523,18.6));
#4698 = VECTOR('',#4699,1.);
#4699 = DIRECTION('',(4.481043000367E-04,-0.999999899601,0.));
#4700 = PCURVE('',#72,#4701);
#4701 = DEFINITIONAL_REPRESENTATION('',(#4702),#4706);
#4702 = LINE('',#4703,#4704);
#4703 = CARTESIAN_POINT('',(-101.5768988295,27.013140955042));
#4704 = VECTOR('',#4705,1.);
#4705 = DIRECTION('',(4.481043000367E-04,-0.999999899601));
#4706 = ( GEOMETRIC_REPRESENTATION_CONTEXT(2) 
PARAMETRIC_REPRESENTATION_CONTEXT() REPRESENTATION_CONTEXT('2D SPACE',''
  ) );
#4707 = PCURVE('',#3631,#4708);
#4708 = DEFINITIONAL_REPRESENTATION('',(#4709),#4713);
#4709 = LINE('',#4710,#4711);
#4710 = CARTESIAN_POINT('',(0.,-6.5));
#4711 = VECTOR('',#4712,1.);
#4712 = DIRECTION('',(1.,0.));
#4713 = ( GEOMETRIC_REPRESENTATION_CONTEXT(2) 
PARAMETRIC_REPRESENTATION_CONTEXT() REPRESENTATION_CONTEXT('2D SPACE',''
  ) );
#4714 = ORIENTED_EDGE('',*,*,#4715,.T.);
#4715 = EDGE_CURVE('',#4693,#4716,#4718,.T.);
#4716 = VERTEX_POINT('',#4717);
#4717 = CARTESIAN_POINT('',(105.387030523,-96.9,18.6));
#4718 = SURFACE_CURVE('',#4719,(#4724,#4731),.PCURVE_S1.);
#4719 = CIRCLE('',#4720,10.015155050536);
#4720 = AXIS2_PLACEMENT_3D('',#4721,#4722,#4723);
#4721 = CARTESIAN_POINT('',(105.18294161379,-86.88692462809,18.6));
#4722 = DIRECTION('',(0.,0.,1.));
#4723 = DIRECTION('',(-0.998915007849,-4.657045301265E-02,0.));
#4724 = PCURVE('',#72,#4725);
#4725 = DEFINITIONAL_REPRESENTATION('',(#4726),#4730);
#4726 = CIRCLE('',#4727,10.015155050536);
#4727 = AXIS2_PLACEMENT_2D('',#4728,#4729);
#4728 = CARTESIAN_POINT('',(-91.55395721574,-14.14675315005));
#4729 = DIRECTION('',(-0.998915007849,-4.657045301265E-02));
#4730 = ( GEOMETRIC_REPRESENTATION_CONTEXT(2) 
PARAMETRIC_REPRESENTATION_CONTEXT() REPRESENTATION_CONTEXT('2D SPACE',''
  ) );
#4731 = PCURVE('',#3660,#4732);
#4732 = DEFINITIONAL_REPRESENTATION('',(#4733),#4737);
#4733 = LINE('',#4734,#4735);
#4734 = CARTESIAN_POINT('',(-0.,-6.5));
#4735 = VECTOR('',#4736,1.);
#4736 = DIRECTION('',(-1.,0.));
#4737 = ( GEOMETRIC_REPRESENTATION_CONTEXT(2) 
PARAMETRIC_REPRESENTATION_CONTEXT() REPRESENTATION_CONTEXT('2D SPACE',''
  ) );
#4738 = ORIENTED_EDGE('',*,*,#4739,.T.);
#4739 = EDGE_CURVE('',#4716,#4740,#4742,.T.);
#4740 = VERTEX_POINT('',#4741);
#4741 = CARTESIAN_POINT('',(126.7002287104,-96.90346444051,18.6));
#4742 = SURFACE_CURVE('',#4743,(#4747,#4754),.PCURVE_S1.);
#4743 = LINE('',#4744,#4745);
#4744 = CARTESIAN_POINT('',(105.387030523,-96.9,18.6));
#4745 = VECTOR('',#4746,1.);
#4746 = DIRECTION('',(0.999999986789,-1.625490664459E-04,0.));
#4747 = PCURVE('',#72,#4748);
#4748 = DEFINITIONAL_REPRESENTATION('',(#4749),#4753);
#4749 = LINE('',#4750,#4751);
#4750 = CARTESIAN_POINT('',(-91.34986830653,-24.15982852195));
#4751 = VECTOR('',#4752,1.);
#4752 = DIRECTION('',(0.999999986789,-1.625490664459E-04));
#4753 = ( GEOMETRIC_REPRESENTATION_CONTEXT(2) 
PARAMETRIC_REPRESENTATION_CONTEXT() REPRESENTATION_CONTEXT('2D SPACE',''
  ) );
#4754 = PCURVE('',#3688,#4755);
#4755 = DEFINITIONAL_REPRESENTATION('',(#4756),#4760);
#4756 = LINE('',#4757,#4758);
#4757 = CARTESIAN_POINT('',(0.,-6.5));
#4758 = VECTOR('',#4759,1.);
#4759 = DIRECTION('',(1.,0.));
#4760 = ( GEOMETRIC_REPRESENTATION_CONTEXT(2) 
PARAMETRIC_REPRESENTATION_CONTEXT() REPRESENTATION_CONTEXT('2D SPACE',''
  ) );
#4761 = ORIENTED_EDGE('',*,*,#4762,.T.);
#4762 = EDGE_CURVE('',#4740,#4763,#4765,.T.);
#4763 = VERTEX_POINT('',#4764);
#4764 = CARTESIAN_POINT('',(149.5131415761,-111.8359532417,18.6));
#4765 = SURFACE_CURVE('',#4766,(#4771,#4782),.PCURVE_S1.);
#4766 = CIRCLE('',#4767,25.023768875819);
#4767 = AXIS2_PLACEMENT_3D('',#4768,#4769,#4770);
#4768 = CARTESIAN_POINT('',(126.61427578547,-121.9270856981,18.6));
#4769 = DIRECTION('',(0.,0.,-1.));
#4770 = DIRECTION('',(3.434851295055E-03,0.999994100881,0.));
#4771 = PCURVE('',#72,#4772);
#4772 = DEFINITIONAL_REPRESENTATION('',(#4773),#4781);
#4773 = ( BOUNDED_CURVE() B_SPLINE_CURVE(2,(#4774,#4775,#4776,#4777,
#4778,#4779,#4780),.UNSPECIFIED.,.T.,.F.) B_SPLINE_CURVE_WITH_KNOTS((1,2
    ,2,2,2,1),(-2.094395102393,0.,2.094395102393,4.188790204786,
6.28318530718,8.377580409573),.UNSPECIFIED.) CURVE() 
GEOMETRIC_REPRESENTATION_ITEM() RATIONAL_B_SPLINE_CURVE((1.,0.5,1.,0.5,
1.,0.5,1.)) REPRESENTATION_ITEM('') );
#4774 = CARTESIAN_POINT('',(-70.03667011913,-24.16329296247));
#4775 = CARTESIAN_POINT('',(-26.69448671157,-24.3121677955));
#4776 = CARTESIAN_POINT('',(-48.49450780274,-61.77316226542));
#4777 = CARTESIAN_POINT('',(-70.29452889392,-99.23415673534));
#4778 = CARTESIAN_POINT('',(-91.83669121031,-61.62428743238));
#4779 = CARTESIAN_POINT('',(-113.3788535267,-24.01441812943));
#4780 = CARTESIAN_POINT('',(-70.03667011913,-24.16329296247));
#4781 = ( GEOMETRIC_REPRESENTATION_CONTEXT(2) 
PARAMETRIC_REPRESENTATION_CONTEXT() REPRESENTATION_CONTEXT('2D SPACE',''
  ) );
#4782 = PCURVE('',#3721,#4783);
#4783 = DEFINITIONAL_REPRESENTATION('',(#4784),#4788);
#4784 = LINE('',#4785,#4786);
#4785 = CARTESIAN_POINT('',(0.,-6.5));
#4786 = VECTOR('',#4787,1.);
#4787 = DIRECTION('',(1.,0.));
#4788 = ( GEOMETRIC_REPRESENTATION_CONTEXT(2) 
PARAMETRIC_REPRESENTATION_CONTEXT() REPRESENTATION_CONTEXT('2D SPACE',''
  ) );
#4789 = ORIENTED_EDGE('',*,*,#4790,.T.);
#4790 = EDGE_CURVE('',#4763,#4791,#4793,.T.);
#4791 = VERTEX_POINT('',#4792);
#4792 = CARTESIAN_POINT('',(158.57078349724,-132.2328108109,18.6));
#4793 = SURFACE_CURVE('',#4794,(#4798,#4805),.PCURVE_S1.);
#4794 = LINE('',#4795,#4796);
#4795 = CARTESIAN_POINT('',(149.5131415761,-111.8359532417,18.6));
#4796 = VECTOR('',#4797,1.);
#4797 = DIRECTION('',(0.405853026603,-0.913938357219,0.));
#4798 = PCURVE('',#72,#4799);
#4799 = DEFINITIONAL_REPRESENTATION('',(#4800),#4804);
#4800 = LINE('',#4801,#4802);
#4801 = CARTESIAN_POINT('',(-47.22375725343,-39.09578176368));
#4802 = VECTOR('',#4803,1.);
#4803 = DIRECTION('',(0.405853026603,-0.913938357219));
#4804 = ( GEOMETRIC_REPRESENTATION_CONTEXT(2) 
PARAMETRIC_REPRESENTATION_CONTEXT() REPRESENTATION_CONTEXT('2D SPACE',''
  ) );
#4805 = PCURVE('',#3749,#4806);
#4806 = DEFINITIONAL_REPRESENTATION('',(#4807),#4811);
#4807 = LINE('',#4808,#4809);
#4808 = CARTESIAN_POINT('',(0.,-6.5));
#4809 = VECTOR('',#4810,1.);
#4810 = DIRECTION('',(1.,0.));
#4811 = ( GEOMETRIC_REPRESENTATION_CONTEXT(2) 
PARAMETRIC_REPRESENTATION_CONTEXT() REPRESENTATION_CONTEXT('2D SPACE',''
  ) );
#4812 = ORIENTED_EDGE('',*,*,#4813,.T.);
#4813 = EDGE_CURVE('',#4791,#4814,#4816,.T.);
#4814 = VERTEX_POINT('',#4815);
#4815 = CARTESIAN_POINT('',(170.13714905644,-136.4100223271,18.6));
#4816 = SURFACE_CURVE('',#4817,(#4822,#4829),.PCURVE_S1.);
#4817 = CIRCLE('',#4818,8.996381618343);
#4818 = AXIS2_PLACEMENT_3D('',#4819,#4820,#4821);
#4819 = CARTESIAN_POINT('',(166.58468229876,-128.144741802,18.6));
#4820 = DIRECTION('',(0.,0.,1.));
#4821 = DIRECTION('',(-0.890791336061,-0.454412583012,0.));
#4822 = PCURVE('',#72,#4823);
#4823 = DEFINITIONAL_REPRESENTATION('',(#4824),#4828);
#4824 = CIRCLE('',#4825,8.996381618343);
#4825 = AXIS2_PLACEMENT_2D('',#4826,#4827);
#4826 = CARTESIAN_POINT('',(-30.15221653077,-55.404570324));
#4827 = DIRECTION('',(-0.890791336061,-0.454412583012));
#4828 = ( GEOMETRIC_REPRESENTATION_CONTEXT(2) 
PARAMETRIC_REPRESENTATION_CONTEXT() REPRESENTATION_CONTEXT('2D SPACE',''
  ) );
#4829 = PCURVE('',#3778,#4830);
#4830 = DEFINITIONAL_REPRESENTATION('',(#4831),#4835);
#4831 = LINE('',#4832,#4833);
#4832 = CARTESIAN_POINT('',(-0.,-6.5));
#4833 = VECTOR('',#4834,1.);
#4834 = DIRECTION('',(-1.,0.));
#4835 = ( GEOMETRIC_REPRESENTATION_CONTEXT(2) 
PARAMETRIC_REPRESENTATION_CONTEXT() REPRESENTATION_CONTEXT('2D SPACE',''
  ) );
#4836 = ORIENTED_EDGE('',*,*,#4837,.T.);
#4837 = EDGE_CURVE('',#4814,#4838,#4840,.T.);
#4838 = VERTEX_POINT('',#4839);
#4839 = CARTESIAN_POINT('',(184.06073669108,-130.2536900091,18.6));
#4840 = SURFACE_CURVE('',#4841,(#4845,#4852),.PCURVE_S1.);
#4841 = LINE('',#4842,#4843);
#4842 = CARTESIAN_POINT('',(170.13714905644,-136.4100223271,18.6));
#4843 = VECTOR('',#4844,1.);
#4844 = DIRECTION('',(0.914588244776,0.404386377759,0.));
#4845 = PCURVE('',#72,#4846);
#4846 = DEFINITIONAL_REPRESENTATION('',(#4847),#4851);
#4847 = LINE('',#4848,#4849);
#4848 = CARTESIAN_POINT('',(-26.59974977309,-63.66985084909));
#4849 = VECTOR('',#4850,1.);
#4850 = DIRECTION('',(0.914588244776,0.404386377759));
#4851 = ( GEOMETRIC_REPRESENTATION_CONTEXT(2) 
PARAMETRIC_REPRESENTATION_CONTEXT() REPRESENTATION_CONTEXT('2D SPACE',''
  ) );
#4852 = PCURVE('',#3806,#4853);
#4853 = DEFINITIONAL_REPRESENTATION('',(#4854),#4858);
#4854 = LINE('',#4855,#4856);
#4855 = CARTESIAN_POINT('',(0.,-6.5));
#4856 = VECTOR('',#4857,1.);
#4857 = DIRECTION('',(1.,0.));
#4858 = ( GEOMETRIC_REPRESENTATION_CONTEXT(2) 
PARAMETRIC_REPRESENTATION_CONTEXT() REPRESENTATION_CONTEXT('2D SPACE',''
  ) );
#4859 = ORIENTED_EDGE('',*,*,#4860,.T.);
#4860 = EDGE_CURVE('',#4838,#4861,#4863,.T.);
#4861 = VERTEX_POINT('',#4862);
#4862 = CARTESIAN_POINT('',(189.0079197656,-128.6679351293,18.6));
#4863 = SURFACE_CURVE('',#4864,(#4869,#4880),.PCURVE_S1.);
#4864 = CIRCLE('',#4865,26.111011216981);
#4865 = AXIS2_PLACEMENT_3D('',#4866,#4867,#4868);
#4866 = CARTESIAN_POINT('',(194.464903996,-154.2023477891,18.6));
#4867 = DIRECTION('',(0.,0.,-1.));
#4868 = DIRECTION('',(-0.39845899565,0.917186147293,0.));
#4869 = PCURVE('',#72,#4870);
#4870 = DEFINITIONAL_REPRESENTATION('',(#4871),#4879);
#4871 = ( BOUNDED_CURVE() B_SPLINE_CURVE(2,(#4872,#4873,#4874,#4875,
#4876,#4877,#4878),.UNSPECIFIED.,.T.,.F.) B_SPLINE_CURVE_WITH_KNOTS((1,2
    ,2,2,2,1),(-2.094395102393,0.,2.094395102393,4.188790204786,
6.28318530718,8.377580409573),.UNSPECIFIED.) CURVE() 
GEOMETRIC_REPRESENTATION_ITEM() RATIONAL_B_SPLINE_CURVE((1.,0.5,1.,0.5,
1.,0.5,1.)) REPRESENTATION_ITEM('') );
#4872 = CARTESIAN_POINT('',(-12.67616213845,-57.51351853108));
#4873 = CARTESIAN_POINT('',(28.804129909622,-39.49297214852));
#4874 = CARTESIAN_POINT('',(23.67023484296,-84.42623200983));
#4875 = CARTESIAN_POINT('',(18.536339776298,-129.3594918711));
#4876 = CARTESIAN_POINT('',(-17.81005720511,-102.4467783924));
#4877 = CARTESIAN_POINT('',(-54.15645418653,-75.53406491365));
#4878 = CARTESIAN_POINT('',(-12.67616213845,-57.51351853108));
#4879 = ( GEOMETRIC_REPRESENTATION_CONTEXT(2) 
PARAMETRIC_REPRESENTATION_CONTEXT() REPRESENTATION_CONTEXT('2D SPACE',''
  ) );
#4880 = PCURVE('',#3839,#4881);
#4881 = DEFINITIONAL_REPRESENTATION('',(#4882),#4886);
#4882 = LINE('',#4883,#4884);
#4883 = CARTESIAN_POINT('',(0.,-6.5));
#4884 = VECTOR('',#4885,1.);
#4885 = DIRECTION('',(1.,0.));
#4886 = ( GEOMETRIC_REPRESENTATION_CONTEXT(2) 
PARAMETRIC_REPRESENTATION_CONTEXT() REPRESENTATION_CONTEXT('2D SPACE',''
  ) );
#4887 = ORIENTED_EDGE('',*,*,#4888,.T.);
#4888 = EDGE_CURVE('',#4861,#4889,#4891,.T.);
#4889 = VERTEX_POINT('',#4890);
#4890 = CARTESIAN_POINT('',(200.79207927547,-126.1796286508,18.6));
#4891 = SURFACE_CURVE('',#4892,(#4896,#4903),.PCURVE_S1.);
#4892 = LINE('',#4893,#4894);
#4893 = CARTESIAN_POINT('',(189.0079197656,-128.6679351293,18.6));
#4894 = VECTOR('',#4895,1.);
#4895 = DIRECTION('',(0.978425230704,0.206601229237,0.));
#4896 = PCURVE('',#72,#4897);
#4897 = DEFINITIONAL_REPRESENTATION('',(#4898),#4902);
#4898 = LINE('',#4899,#4900);
#4899 = CARTESIAN_POINT('',(-7.728979063937,-55.92776365127));
#4900 = VECTOR('',#4901,1.);
#4901 = DIRECTION('',(0.978425230704,0.206601229237));
#4902 = ( GEOMETRIC_REPRESENTATION_CONTEXT(2) 
PARAMETRIC_REPRESENTATION_CONTEXT() REPRESENTATION_CONTEXT('2D SPACE',''
  ) );
#4903 = PCURVE('',#3867,#4904);
#4904 = DEFINITIONAL_REPRESENTATION('',(#4905),#4909);
#4905 = LINE('',#4906,#4907);
#4906 = CARTESIAN_POINT('',(0.,-6.5));
#4907 = VECTOR('',#4908,1.);
#4908 = DIRECTION('',(1.,0.));
#4909 = ( GEOMETRIC_REPRESENTATION_CONTEXT(2) 
PARAMETRIC_REPRESENTATION_CONTEXT() REPRESENTATION_CONTEXT('2D SPACE',''
  ) );
#4910 = ORIENTED_EDGE('',*,*,#4911,.T.);
#4911 = EDGE_CURVE('',#4889,#4912,#4914,.T.);
#4912 = VERTEX_POINT('',#4913);
#4913 = CARTESIAN_POINT('',(205.9651951554,-125.6506777149,18.6));
#4914 = SURFACE_CURVE('',#4915,(#4920,#4931),.PCURVE_S1.);
#4915 = CIRCLE('',#4916,26.11064457842);
#4916 = AXIS2_PLACEMENT_3D('',#4917,#4918,#4919);
#4917 = CARTESIAN_POINT('',(206.02140100806,-151.7612617988,18.6));
#4918 = DIRECTION('',(0.,0.,-1.));
#4919 = DIRECTION('',(-0.200275474506,0.979739625774,0.));
#4920 = PCURVE('',#72,#4921);
#4921 = DEFINITIONAL_REPRESENTATION('',(#4922),#4930);
#4922 = ( BOUNDED_CURVE() B_SPLINE_CURVE(2,(#4923,#4924,#4925,#4926,
#4927,#4928,#4929),.UNSPECIFIED.,.T.,.F.) B_SPLINE_CURVE_WITH_KNOTS((1,2
    ,2,2,2,1),(-2.094395102393,0.,2.094395102393,4.188790204786,
6.28318530718,8.377580409573),.UNSPECIFIED.) CURVE() 
GEOMETRIC_REPRESENTATION_ITEM() RATIONAL_B_SPLINE_CURVE((1.,0.5,1.,0.5,
1.,0.5,1.)) REPRESENTATION_ITEM('') );
#4923 = CARTESIAN_POINT('',(4.055180445934,-53.4394571728));
#4924 = CARTESIAN_POINT('',(48.363868798816,-44.38200624283));
#4925 = CARTESIAN_POINT('',(34.053507221265,-87.28318142978));
#4926 = CARTESIAN_POINT('',(19.743145643715,-130.1843566167));
#4927 = CARTESIAN_POINT('',(-10.25518113161,-96.34063235975));
#4928 = CARTESIAN_POINT('',(-40.25350790694,-62.49690810278));
#4929 = CARTESIAN_POINT('',(4.055180445934,-53.4394571728));
#4930 = ( GEOMETRIC_REPRESENTATION_CONTEXT(2) 
PARAMETRIC_REPRESENTATION_CONTEXT() REPRESENTATION_CONTEXT('2D SPACE',''
  ) );
#4931 = PCURVE('',#3900,#4932);
#4932 = DEFINITIONAL_REPRESENTATION('',(#4933),#4937);
#4933 = LINE('',#4934,#4935);
#4934 = CARTESIAN_POINT('',(0.,-6.5));
#4935 = VECTOR('',#4936,1.);
#4936 = DIRECTION('',(1.,0.));
#4937 = ( GEOMETRIC_REPRESENTATION_CONTEXT(2) 
PARAMETRIC_REPRESENTATION_CONTEXT() REPRESENTATION_CONTEXT('2D SPACE',''
  ) );
#4938 = ORIENTED_EDGE('',*,*,#4939,.T.);
#4939 = EDGE_CURVE('',#4912,#4940,#4942,.T.);
#4940 = VERTEX_POINT('',#4941);
#4941 = CARTESIAN_POINT('',(221.43236428105,-125.6338114043,18.6));
#4942 = SURFACE_CURVE('',#4943,(#4947,#4954),.PCURVE_S1.);
#4943 = LINE('',#4944,#4945);
#4944 = CARTESIAN_POINT('',(205.9651951554,-125.6506777149,18.6));
#4945 = VECTOR('',#4946,1.);
#4946 = DIRECTION('',(0.99999940545,1.090458143612E-03,0.));
#4947 = PCURVE('',#72,#4948);
#4948 = DEFINITIONAL_REPRESENTATION('',(#4949),#4953);
#4949 = LINE('',#4950,#4951);
#4950 = CARTESIAN_POINT('',(9.228296325866,-52.91050623687));
#4951 = VECTOR('',#4952,1.);
#4952 = DIRECTION('',(0.99999940545,1.090458143612E-03));
#4953 = ( GEOMETRIC_REPRESENTATION_CONTEXT(2) 
PARAMETRIC_REPRESENTATION_CONTEXT() REPRESENTATION_CONTEXT('2D SPACE',''
  ) );
#4954 = PCURVE('',#3928,#4955);
#4955 = DEFINITIONAL_REPRESENTATION('',(#4956),#4960);
#4956 = LINE('',#4957,#4958);
#4957 = CARTESIAN_POINT('',(0.,-6.5));
#4958 = VECTOR('',#4959,1.);
#4959 = DIRECTION('',(1.,0.));
#4960 = ( GEOMETRIC_REPRESENTATION_CONTEXT(2) 
PARAMETRIC_REPRESENTATION_CONTEXT() REPRESENTATION_CONTEXT('2D SPACE',''
  ) );
#4961 = ORIENTED_EDGE('',*,*,#4962,.T.);
#4962 = EDGE_CURVE('',#4940,#4963,#4965,.T.);
#4963 = VERTEX_POINT('',#4964);
#4964 = CARTESIAN_POINT('',(228.63110811507,-121.3155935689,18.6));
#4965 = SURFACE_CURVE('',#4966,(#4971,#4978),.PCURVE_S1.);
#4966 = CIRCLE('',#4967,8.996425229285);
#4967 = AXIS2_PLACEMENT_3D('',#4968,#4969,#4970);
#4968 = CARTESIAN_POINT('',(220.93846198702,-116.6509539842,18.6));
#4969 = DIRECTION('',(0.,0.,1.));
#4970 = DIRECTION('',(5.489983870687E-02,-0.998491866622,0.));
#4971 = PCURVE('',#72,#4972);
#4972 = DEFINITIONAL_REPRESENTATION('',(#4973),#4977);
#4973 = CIRCLE('',#4974,8.996425229285);
#4974 = AXIS2_PLACEMENT_2D('',#4975,#4976);
#4975 = CARTESIAN_POINT('',(24.201563157485,-43.9107825062));
#4976 = DIRECTION('',(5.489983870687E-02,-0.998491866622));
#4977 = ( GEOMETRIC_REPRESENTATION_CONTEXT(2) 
PARAMETRIC_REPRESENTATION_CONTEXT() REPRESENTATION_CONTEXT('2D SPACE',''
  ) );
#4978 = PCURVE('',#3957,#4979);
#4979 = DEFINITIONAL_REPRESENTATION('',(#4980),#4984);
#4980 = LINE('',#4981,#4982);
#4981 = CARTESIAN_POINT('',(-0.,-6.5));
#4982 = VECTOR('',#4983,1.);
#4983 = DIRECTION('',(-1.,0.));
#4984 = ( GEOMETRIC_REPRESENTATION_CONTEXT(2) 
PARAMETRIC_REPRESENTATION_CONTEXT() REPRESENTATION_CONTEXT('2D SPACE',''
  ) );
#4985 = ORIENTED_EDGE('',*,*,#4986,.T.);
#4986 = EDGE_CURVE('',#4963,#4987,#4989,.T.);
#4987 = VERTEX_POINT('',#4988);
#4988 = CARTESIAN_POINT('',(230.05654010592,-119.1665876445,18.6));
#4989 = SURFACE_CURVE('',#4990,(#4994,#5001),.PCURVE_S1.);
#4990 = LINE('',#4991,#4992);
#4991 = CARTESIAN_POINT('',(228.63110811507,-121.3155935689,18.6));
#4992 = VECTOR('',#4993,1.);
#4993 = DIRECTION('',(0.552755374899,0.833343563916,0.));
#4994 = PCURVE('',#72,#4995);
#4995 = DEFINITIONAL_REPRESENTATION('',(#4996),#5000);
#4996 = LINE('',#4997,#4998);
#4997 = CARTESIAN_POINT('',(31.894209285531,-48.57542209086));
#4998 = VECTOR('',#4999,1.);
#4999 = DIRECTION('',(0.552755374899,0.833343563916));
#5000 = ( GEOMETRIC_REPRESENTATION_CONTEXT(2) 
PARAMETRIC_REPRESENTATION_CONTEXT() REPRESENTATION_CONTEXT('2D SPACE',''
  ) );
#5001 = PCURVE('',#3985,#5002);
#5002 = DEFINITIONAL_REPRESENTATION('',(#5003),#5007);
#5003 = LINE('',#5004,#5005);
#5004 = CARTESIAN_POINT('',(0.,-6.5));
#5005 = VECTOR('',#5006,1.);
#5006 = DIRECTION('',(1.,0.));
#5007 = ( GEOMETRIC_REPRESENTATION_CONTEXT(2) 
PARAMETRIC_REPRESENTATION_CONTEXT() REPRESENTATION_CONTEXT('2D SPACE',''
  ) );
#5008 = ORIENTED_EDGE('',*,*,#5009,.T.);
#5009 = EDGE_CURVE('',#4987,#5010,#5012,.T.);
#5010 = VERTEX_POINT('',#5011);
#5011 = CARTESIAN_POINT('',(250.25835675492,-108.9803577927,18.6));
#5012 = SURFACE_CURVE('',#5013,(#5018,#5029),.PCURVE_S1.);
#5013 = CIRCLE('',#5014,25.023213003455);
#5014 = AXIS2_PLACEMENT_3D('',#5015,#5016,#5017);
#5015 = CARTESIAN_POINT('',(250.20664446198,-134.0035173625,18.6));
#5016 = DIRECTION('',(0.,0.,-1.));
#5017 = DIRECTION('',(-0.805256477387,0.592926644389,0.));
#5018 = PCURVE('',#72,#5019);
#5019 = DEFINITIONAL_REPRESENTATION('',(#5020),#5028);
#5020 = ( BOUNDED_CURVE() B_SPLINE_CURVE(2,(#5021,#5022,#5023,#5024,
#5025,#5026,#5027),.UNSPECIFIED.,.T.,.F.) B_SPLINE_CURVE_WITH_KNOTS((1,2
    ,2,2,2,1),(-2.094395102393,0.,2.094395102393,4.188790204786,
6.28318530718,8.377580409573),.UNSPECIFIED.) CURVE() 
GEOMETRIC_REPRESENTATION_ITEM() RATIONAL_B_SPLINE_CURVE((1.,0.5,1.,0.5,
1.,0.5,1.)) REPRESENTATION_ITEM('') );
#5021 = CARTESIAN_POINT('',(33.319641276385,-46.4264161665));
#5022 = CARTESIAN_POINT('',(59.017957376248,-11.52541164399));
#5023 = CARTESIAN_POINT('',(76.393955860406,-51.23130848221));
#5024 = CARTESIAN_POINT('',(93.769954344563,-90.93720532043));
#5025 = CARTESIAN_POINT('',(50.695639760542,-86.13231300472));
#5026 = CARTESIAN_POINT('',(7.621325176521,-81.32742068901));
#5027 = CARTESIAN_POINT('',(33.319641276385,-46.4264161665));
#5028 = ( GEOMETRIC_REPRESENTATION_CONTEXT(2) 
PARAMETRIC_REPRESENTATION_CONTEXT() REPRESENTATION_CONTEXT('2D SPACE',''
  ) );
#5029 = PCURVE('',#4018,#5030);
#5030 = DEFINITIONAL_REPRESENTATION('',(#5031),#5035);
#5031 = LINE('',#5032,#5033);
#5032 = CARTESIAN_POINT('',(0.,-6.5));
#5033 = VECTOR('',#5034,1.);
#5034 = DIRECTION('',(1.,0.));
#5035 = ( GEOMETRIC_REPRESENTATION_CONTEXT(2) 
PARAMETRIC_REPRESENTATION_CONTEXT() REPRESENTATION_CONTEXT('2D SPACE',''
  ) );
#5036 = ORIENTED_EDGE('',*,*,#5037,.T.);
#5037 = EDGE_CURVE('',#5010,#5038,#5040,.T.);
#5038 = VERTEX_POINT('',#5039);
#5039 = CARTESIAN_POINT('',(288.10736428099,-108.9650614043,18.6));
#5040 = SURFACE_CURVE('',#5041,(#5045,#5052),.PCURVE_S1.);
#5041 = LINE('',#5042,#5043);
#5042 = CARTESIAN_POINT('',(250.25835675492,-108.9803577927,18.6));
#5043 = VECTOR('',#5044,1.);
#5044 = DIRECTION('',(0.999999918334,4.04142357408E-04,0.));
#5045 = PCURVE('',#72,#5046);
#5046 = DEFINITIONAL_REPRESENTATION('',(#5047),#5051);
#5047 = LINE('',#5048,#5049);
#5048 = CARTESIAN_POINT('',(53.521457925383,-36.24018631469));
#5049 = VECTOR('',#5050,1.);
#5050 = DIRECTION('',(0.999999918334,4.04142357408E-04));
#5051 = ( GEOMETRIC_REPRESENTATION_CONTEXT(2) 
PARAMETRIC_REPRESENTATION_CONTEXT() REPRESENTATION_CONTEXT('2D SPACE',''
  ) );
#5052 = PCURVE('',#4046,#5053);
#5053 = DEFINITIONAL_REPRESENTATION('',(#5054),#5058);
#5054 = LINE('',#5055,#5056);
#5055 = CARTESIAN_POINT('',(0.,-6.5));
#5056 = VECTOR('',#5057,1.);
#5057 = DIRECTION('',(1.,0.));
#5058 = ( GEOMETRIC_REPRESENTATION_CONTEXT(2) 
PARAMETRIC_REPRESENTATION_CONTEXT() REPRESENTATION_CONTEXT('2D SPACE',''
  ) );
#5059 = ORIENTED_EDGE('',*,*,#5060,.T.);
#5060 = EDGE_CURVE('',#5038,#5061,#5063,.T.);
#5061 = VERTEX_POINT('',#5062);
#5062 = CARTESIAN_POINT('',(296.60929611171,-100.0792859405,18.6));
#5063 = SURFACE_CURVE('',#5064,(#5069,#5076),.PCURVE_S1.);
#5064 = CIRCLE('',#5065,8.99634240493);
#5065 = AXIS2_PLACEMENT_3D('',#5066,#5067,#5068);
#5066 = CARTESIAN_POINT('',(287.61347665471,-99.98228612723,18.6));
#5067 = DIRECTION('',(0.,0.,1.));
#5068 = DIRECTION('',(5.48987137278E-02,-0.998491928476,0.));
#5069 = PCURVE('',#72,#5070);
#5070 = DEFINITIONAL_REPRESENTATION('',(#5071),#5075);
#5071 = CIRCLE('',#5072,8.99634240493);
#5072 = AXIS2_PLACEMENT_2D('',#5073,#5074);
#5073 = CARTESIAN_POINT('',(90.876577825173,-27.24211464919));
#5074 = DIRECTION('',(5.48987137278E-02,-0.998491928476));
#5075 = ( GEOMETRIC_REPRESENTATION_CONTEXT(2) 
PARAMETRIC_REPRESENTATION_CONTEXT() REPRESENTATION_CONTEXT('2D SPACE',''
  ) );
#5076 = PCURVE('',#4075,#5077);
#5077 = DEFINITIONAL_REPRESENTATION('',(#5078),#5082);
#5078 = LINE('',#5079,#5080);
#5079 = CARTESIAN_POINT('',(-0.,-6.5));
#5080 = VECTOR('',#5081,1.);
#5081 = DIRECTION('',(-1.,0.));
#5082 = ( GEOMETRIC_REPRESENTATION_CONTEXT(2) 
PARAMETRIC_REPRESENTATION_CONTEXT() REPRESENTATION_CONTEXT('2D SPACE',''
  ) );
#5083 = ORIENTED_EDGE('',*,*,#5084,.T.);
#5084 = EDGE_CURVE('',#5061,#5085,#5087,.T.);
#5085 = VERTEX_POINT('',#5086);
#5086 = CARTESIAN_POINT('',(296.59631140436,-43.33638571905,18.6));
#5087 = SURFACE_CURVE('',#5088,(#5092,#5099),.PCURVE_S1.);
#5088 = LINE('',#5089,#5090);
#5089 = CARTESIAN_POINT('',(296.60929611171,-100.0792859405,18.6));
#5090 = VECTOR('',#5091,1.);
#5091 = DIRECTION('',(-2.288340383252E-04,0.999999973817,0.));
#5092 = PCURVE('',#72,#5093);
#5093 = DEFINITIONAL_REPRESENTATION('',(#5094),#5098);
#5094 = LINE('',#5095,#5096);
#5095 = CARTESIAN_POINT('',(99.872397282174,-27.33911446252));
#5096 = VECTOR('',#5097,1.);
#5097 = DIRECTION('',(-2.288340383252E-04,0.999999973817));
#5098 = ( GEOMETRIC_REPRESENTATION_CONTEXT(2) 
PARAMETRIC_REPRESENTATION_CONTEXT() REPRESENTATION_CONTEXT('2D SPACE',''
  ) );
#5099 = PCURVE('',#4103,#5100);
#5100 = DEFINITIONAL_REPRESENTATION('',(#5101),#5105);
#5101 = LINE('',#5102,#5103);
#5102 = CARTESIAN_POINT('',(0.,-6.5));
#5103 = VECTOR('',#5104,1.);
#5104 = DIRECTION('',(1.,0.));
#5105 = ( GEOMETRIC_REPRESENTATION_CONTEXT(2) 
PARAMETRIC_REPRESENTATION_CONTEXT() REPRESENTATION_CONTEXT('2D SPACE',''
  ) );
#5106 = ORIENTED_EDGE('',*,*,#5107,.T.);
#5107 = EDGE_CURVE('',#5085,#5108,#5110,.T.);
#5108 = VERTEX_POINT('',#5109);
#5109 = CARTESIAN_POINT('',(287.7108987425,-34.83444437314,18.6));
#5110 = SURFACE_CURVE('',#5111,(#5116,#5123),.PCURVE_S1.);
#5111 = CIRCLE('',#5112,8.996367231152);
#5112 = AXIS2_PLACEMENT_3D('',#5113,#5114,#5115);
#5113 = CARTESIAN_POINT('',(287.61351187551,-43.83028447598,18.6));
#5114 = DIRECTION('',(0.,0.,1.));
#5115 = DIRECTION('',(0.998491868779,5.489979946865E-02,-0.));
#5116 = PCURVE('',#72,#5117);
#5117 = DEFINITIONAL_REPRESENTATION('',(#5118),#5122);
#5118 = CIRCLE('',#5119,8.996367231152);
#5119 = AXIS2_PLACEMENT_2D('',#5120,#5121);
#5120 = CARTESIAN_POINT('',(90.876613045973,28.909887002058));
#5121 = DIRECTION('',(0.998491868779,5.489979946865E-02));
#5122 = ( GEOMETRIC_REPRESENTATION_CONTEXT(2) 
PARAMETRIC_REPRESENTATION_CONTEXT() REPRESENTATION_CONTEXT('2D SPACE',''
  ) );
#5123 = PCURVE('',#4132,#5124);
#5124 = DEFINITIONAL_REPRESENTATION('',(#5125),#5129);
#5125 = LINE('',#5126,#5127);
#5126 = CARTESIAN_POINT('',(-0.,-6.5));
#5127 = VECTOR('',#5128,1.);
#5128 = DIRECTION('',(-1.,0.));
#5129 = ( GEOMETRIC_REPRESENTATION_CONTEXT(2) 
PARAMETRIC_REPRESENTATION_CONTEXT() REPRESENTATION_CONTEXT('2D SPACE',''
  ) );
#5130 = ORIENTED_EDGE('',*,*,#5131,.T.);
#5131 = EDGE_CURVE('',#5108,#5132,#5134,.T.);
#5132 = VERTEX_POINT('',#5133);
#5133 = CARTESIAN_POINT('',(266.90304378361,-34.82700556635,18.6));
#5134 = SURFACE_CURVE('',#5135,(#5139,#5146),.PCURVE_S1.);
#5135 = LINE('',#5136,#5137);
#5136 = CARTESIAN_POINT('',(287.7108987425,-34.83444437314,18.6));
#5137 = VECTOR('',#5138,1.);
#5138 = DIRECTION('',(-0.999999936097,3.574999121642E-04,0.));
#5139 = PCURVE('',#72,#5140);
#5140 = DEFINITIONAL_REPRESENTATION('',(#5141),#5145);
#5141 = LINE('',#5142,#5143);
#5142 = CARTESIAN_POINT('',(90.97399991297,37.905727104898));
#5143 = VECTOR('',#5144,1.);
#5144 = DIRECTION('',(-0.999999936097,3.574999121642E-04));
#5145 = ( GEOMETRIC_REPRESENTATION_CONTEXT(2) 
PARAMETRIC_REPRESENTATION_CONTEXT() REPRESENTATION_CONTEXT('2D SPACE',''
  ) );
#5146 = PCURVE('',#4160,#5147);
#5147 = DEFINITIONAL_REPRESENTATION('',(#5148),#5152);
#5148 = LINE('',#5149,#5150);
#5149 = CARTESIAN_POINT('',(0.,-6.5));
#5150 = VECTOR('',#5151,1.);
#5151 = DIRECTION('',(1.,0.));
#5152 = ( GEOMETRIC_REPRESENTATION_CONTEXT(2) 
PARAMETRIC_REPRESENTATION_CONTEXT() REPRESENTATION_CONTEXT('2D SPACE',''
  ) );
#5153 = ORIENTED_EDGE('',*,*,#5154,.T.);
#5154 = EDGE_CURVE('',#5132,#5155,#5157,.T.);
#5155 = VERTEX_POINT('',#5156);
#5156 = CARTESIAN_POINT('',(254.17446692141,-31.29986431021,18.6));
#5157 = SURFACE_CURVE('',#5158,(#5163,#5174),.PCURVE_S1.);
#5158 = CIRCLE('',#5159,25.18125548189);
#5159 = AXIS2_PLACEMENT_3D('',#5160,#5161,#5162);
#5160 = CARTESIAN_POINT('',(267.02780696474,-9.646059162515,18.6));
#5161 = DIRECTION('',(0.,0.,-1.));
#5162 = DIRECTION('',(-4.954605270559E-03,-0.999987725868,-0.));
#5163 = PCURVE('',#72,#5164);
#5164 = DEFINITIONAL_REPRESENTATION('',(#5165),#5173);
#5165 = ( BOUNDED_CURVE() B_SPLINE_CURVE(2,(#5166,#5167,#5168,#5169,
#5170,#5171,#5172),.UNSPECIFIED.,.T.,.F.) B_SPLINE_CURVE_WITH_KNOTS((1,2
    ,2,2,2,1),(-2.094395102393,0.,2.094395102393,4.188790204786,
6.28318530718,8.377580409573),.UNSPECIFIED.) CURVE() 
GEOMETRIC_REPRESENTATION_ITEM() RATIONAL_B_SPLINE_CURVE((1.,0.5,1.,0.5,
1.,0.5,1.)) REPRESENTATION_ITEM('') );
#5166 = CARTESIAN_POINT('',(70.166144954079,37.913165911694));
#5167 = CARTESIAN_POINT('',(26.551466399966,38.129262080324));
#5168 = CARTESIAN_POINT('',(48.545950448717,75.792633601763));
#5169 = CARTESIAN_POINT('',(70.540434497469,113.4560051232));
#5170 = CARTESIAN_POINT('',(92.16062900283,75.576537433132));
#5171 = CARTESIAN_POINT('',(113.78082350819,37.697069743063));
#5172 = CARTESIAN_POINT('',(70.166144954079,37.913165911694));
#5173 = ( GEOMETRIC_REPRESENTATION_CONTEXT(2) 
PARAMETRIC_REPRESENTATION_CONTEXT() REPRESENTATION_CONTEXT('2D SPACE',''
  ) );
#5174 = PCURVE('',#4193,#5175);
#5175 = DEFINITIONAL_REPRESENTATION('',(#5176),#5180);
#5176 = LINE('',#5177,#5178);
#5177 = CARTESIAN_POINT('',(0.,-6.5));
#5178 = VECTOR('',#5179,1.);
#5179 = DIRECTION('',(1.,0.));
#5180 = ( GEOMETRIC_REPRESENTATION_CONTEXT(2) 
PARAMETRIC_REPRESENTATION_CONTEXT() REPRESENTATION_CONTEXT('2D SPACE',''
  ) );
#5181 = ORIENTED_EDGE('',*,*,#5182,.T.);
#5182 = EDGE_CURVE('',#5155,#5183,#5185,.T.);
#5183 = VERTEX_POINT('',#5184);
#5184 = CARTESIAN_POINT('',(249.73484742239,-30.07193202847,18.6));
#5185 = SURFACE_CURVE('',#5186,(#5191,#5198),.PCURVE_S1.);
#5186 = CIRCLE('',#5187,8.996095736618);
#5187 = AXIS2_PLACEMENT_3D('',#5188,#5189,#5190);
#5188 = CARTESIAN_POINT('',(249.63643451487,-39.06748945433,18.6));
#5189 = DIRECTION('',(0.,0.,1.));
#5190 = DIRECTION('',(0.504444654593,0.863444028558,-0.));
#5191 = PCURVE('',#72,#5192);
#5192 = DEFINITIONAL_REPRESENTATION('',(#5193),#5197);
#5193 = CIRCLE('',#5194,8.996095736618);
#5194 = AXIS2_PLACEMENT_2D('',#5195,#5196);
#5195 = CARTESIAN_POINT('',(52.899535685336,33.672682023706));
#5196 = DIRECTION('',(0.504444654593,0.863444028558));
#5197 = ( GEOMETRIC_REPRESENTATION_CONTEXT(2) 
PARAMETRIC_REPRESENTATION_CONTEXT() REPRESENTATION_CONTEXT('2D SPACE',''
  ) );
#5198 = PCURVE('',#4222,#5199);
#5199 = DEFINITIONAL_REPRESENTATION('',(#5200),#5204);
#5200 = LINE('',#5201,#5202);
#5201 = CARTESIAN_POINT('',(-0.,-6.5));
#5202 = VECTOR('',#5203,1.);
#5203 = DIRECTION('',(-1.,0.));
#5204 = ( GEOMETRIC_REPRESENTATION_CONTEXT(2) 
PARAMETRIC_REPRESENTATION_CONTEXT() REPRESENTATION_CONTEXT('2D SPACE',''
  ) );
#5205 = ORIENTED_EDGE('',*,*,#5206,.T.);
#5206 = EDGE_CURVE('',#5183,#5207,#5209,.T.);
#5207 = VERTEX_POINT('',#5208);
#5208 = CARTESIAN_POINT('',(243.34777989297,-30.06553476092,18.6));
#5209 = SURFACE_CURVE('',#5210,(#5214,#5221),.PCURVE_S1.);
#5210 = LINE('',#5211,#5212);
#5211 = CARTESIAN_POINT('',(249.73484742239,-30.07193202847,18.6));
#5212 = VECTOR('',#5213,1.);
#5213 = DIRECTION('',(-0.999999498402,1.001596477739E-03,0.));
#5214 = PCURVE('',#72,#5215);
#5215 = DEFINITIONAL_REPRESENTATION('',(#5216),#5220);
#5216 = LINE('',#5217,#5218);
#5217 = CARTESIAN_POINT('',(52.997948592853,42.66823944957));
#5218 = VECTOR('',#5219,1.);
#5219 = DIRECTION('',(-0.999999498402,1.001596477739E-03));
#5220 = ( GEOMETRIC_REPRESENTATION_CONTEXT(2) 
PARAMETRIC_REPRESENTATION_CONTEXT() REPRESENTATION_CONTEXT('2D SPACE',''
  ) );
#5221 = PCURVE('',#4250,#5222);
#5222 = DEFINITIONAL_REPRESENTATION('',(#5223),#5227);
#5223 = LINE('',#5224,#5225);
#5224 = CARTESIAN_POINT('',(0.,-6.5));
#5225 = VECTOR('',#5226,1.);
#5226 = DIRECTION('',(1.,0.));
#5227 = ( GEOMETRIC_REPRESENTATION_CONTEXT(2) 
PARAMETRIC_REPRESENTATION_CONTEXT() REPRESENTATION_CONTEXT('2D SPACE',''
  ) );
#5228 = ORIENTED_EDGE('',*,*,#5229,.T.);
#5229 = EDGE_CURVE('',#5207,#5230,#5232,.T.);
#5230 = VERTEX_POINT('',#5231);
#5231 = CARTESIAN_POINT('',(234.15312279868,-28.28680484863,18.6));
#5232 = SURFACE_CURVE('',#5233,(#5238,#5249),.PCURVE_S1.);
#5233 = CIRCLE('',#5234,25.285822224066);
#5234 = AXIS2_PLACEMENT_3D('',#5235,#5236,#5237);
#5235 = CARTESIAN_POINT('',(243.46995125426,-4.780007681081,18.6));
#5236 = DIRECTION('',(0.,0.,-1.));
#5237 = DIRECTION('',(-4.831615132105E-03,-0.999988327679,-0.));
#5238 = PCURVE('',#72,#5239);
#5239 = DEFINITIONAL_REPRESENTATION('',(#5240),#5248);
#5240 = ( BOUNDED_CURVE() B_SPLINE_CURVE(2,(#5241,#5242,#5243,#5244,
#5245,#5246,#5247),.UNSPECIFIED.,.T.,.F.) B_SPLINE_CURVE_WITH_KNOTS((1,2
    ,2,2,2,1),(-2.094395102393,0.,2.094395102393,4.188790204786,
6.28318530718,8.377580409573),.UNSPECIFIED.) CURVE() 
GEOMETRIC_REPRESENTATION_ITEM() RATIONAL_B_SPLINE_CURVE((1.,0.5,1.,0.5,
1.,0.5,1.)) REPRESENTATION_ITEM('') );
#5241 = CARTESIAN_POINT('',(46.610881063437,42.674636717119));
#5242 = CARTESIAN_POINT('',(2.815063464988,42.886243722096));
#5243 = CARTESIAN_POINT('',(24.896229306141,80.708730839374));
#5244 = CARTESIAN_POINT('',(46.977395147293,118.53121795665));
#5245 = CARTESIAN_POINT('',(68.69204690459,80.497123834397));
#5246 = CARTESIAN_POINT('',(90.406698661886,42.463029712143));
#5247 = CARTESIAN_POINT('',(46.610881063437,42.674636717119));
#5248 = ( GEOMETRIC_REPRESENTATION_CONTEXT(2) 
PARAMETRIC_REPRESENTATION_CONTEXT() REPRESENTATION_CONTEXT('2D SPACE',''
  ) );
#5249 = PCURVE('',#4283,#5250);
#5250 = DEFINITIONAL_REPRESENTATION('',(#5251),#5255);
#5251 = LINE('',#5252,#5253);
#5252 = CARTESIAN_POINT('',(0.,-6.5));
#5253 = VECTOR('',#5254,1.);
#5254 = DIRECTION('',(1.,0.));
#5255 = ( GEOMETRIC_REPRESENTATION_CONTEXT(2) 
PARAMETRIC_REPRESENTATION_CONTEXT() REPRESENTATION_CONTEXT('2D SPACE',''
  ) );
#5256 = ORIENTED_EDGE('',*,*,#5257,.T.);
#5257 = EDGE_CURVE('',#5230,#144,#5258,.T.);
#5258 = SURFACE_CURVE('',#5259,(#5264,#5271),.PCURVE_S1.);
#5259 = CIRCLE('',#5260,9.15823775267);
#5260 = AXIS2_PLACEMENT_3D('',#5261,#5262,#5263);
#5261 = CARTESIAN_POINT('',(230.88317508921,-36.8413802742,18.6));
#5262 = DIRECTION('',(0.,0.,1.));
#5263 = DIRECTION('',(0.35704988206,0.934085318224,-0.));
#5264 = PCURVE('',#72,#5265);
#5265 = DEFINITIONAL_REPRESENTATION('',(#5266),#5270);
#5266 = CIRCLE('',#5267,9.15823775267);
#5267 = AXIS2_PLACEMENT_2D('',#5268,#5269);
#5268 = CARTESIAN_POINT('',(34.146276259674,35.898791203842));
#5269 = DIRECTION('',(0.35704988206,0.934085318224));
#5270 = ( GEOMETRIC_REPRESENTATION_CONTEXT(2) 
PARAMETRIC_REPRESENTATION_CONTEXT() REPRESENTATION_CONTEXT('2D SPACE',''
  ) );
#5271 = PCURVE('',#159,#5272);
#5272 = DEFINITIONAL_REPRESENTATION('',(#5273),#5277);
#5273 = LINE('',#5274,#5275);
#5274 = CARTESIAN_POINT('',(-0.,-6.5));
#5275 = VECTOR('',#5276,1.);
#5276 = DIRECTION('',(-1.,0.));
#5277 = ( GEOMETRIC_REPRESENTATION_CONTEXT(2) 
PARAMETRIC_REPRESENTATION_CONTEXT() REPRESENTATION_CONTEXT('2D SPACE',''
  ) );
#5278 = ORIENTED_EDGE('',*,*,#171,.T.);
#5279 = FACE_BOUND('',#5280,.T.);
#5280 = EDGE_LOOP('',(#5281,#5309,#5342,#5368,#5401,#5427,#5460,#5486));
#5281 = ORIENTED_EDGE('',*,*,#5282,.T.);
#5282 = EDGE_CURVE('',#5283,#5285,#5287,.T.);
#5283 = VERTEX_POINT('',#5284);
#5284 = CARTESIAN_POINT('',(98.16,-86.9,18.6));
#5285 = VERTEX_POINT('',#5286);
#5286 = CARTESIAN_POINT('',(98.16,-45.5,18.6));
#5287 = SURFACE_CURVE('',#5288,(#5292,#5298),.PCURVE_S1.);
#5288 = LINE('',#5289,#5290);
#5289 = CARTESIAN_POINT('',(98.16,-59.12008573902,18.6));
#5290 = VECTOR('',#5291,1.);
#5291 = DIRECTION('',(-0.,1.,0.));
#5292 = PCURVE('',#72,#5293);
#5293 = DEFINITIONAL_REPRESENTATION('',(#5294),#5297);
#5294 = B_SPLINE_CURVE_WITH_KNOTS('',1,(#5295,#5296),.UNSPECIFIED.,.F.,
  .F.,(2,2),(-27.77991426097,13.620085739022),.PIECEWISE_BEZIER_KNOTS.);
#5295 = CARTESIAN_POINT('',(-98.57689882953,-14.15982852195));
#5296 = CARTESIAN_POINT('',(-98.57689882953,27.240171478044));
#5297 = ( GEOMETRIC_REPRESENTATION_CONTEXT(2) 
PARAMETRIC_REPRESENTATION_CONTEXT() REPRESENTATION_CONTEXT('2D SPACE',''
  ) );
#5298 = PCURVE('',#5299,#5304);
#5299 = PLANE('',#5300);
#5300 = AXIS2_PLACEMENT_3D('',#5301,#5302,#5303);
#5301 = CARTESIAN_POINT('',(98.16,-45.5,17.6));
#5302 = DIRECTION('',(1.,0.,-0.));
#5303 = DIRECTION('',(0.,-1.,0.));
#5304 = DEFINITIONAL_REPRESENTATION('',(#5305),#5308);
#5305 = B_SPLINE_CURVE_WITH_KNOTS('',1,(#5306,#5307),.UNSPECIFIED.,.F.,
  .F.,(2,2),(-27.77991426097,13.620085739022),.PIECEWISE_BEZIER_KNOTS.);
#5306 = CARTESIAN_POINT('',(41.4,-1.));
#5307 = CARTESIAN_POINT('',(0.,-1.));
#5308 = ( GEOMETRIC_REPRESENTATION_CONTEXT(2) 
PARAMETRIC_REPRESENTATION_CONTEXT() REPRESENTATION_CONTEXT('2D SPACE',''
  ) );
#5309 = ORIENTED_EDGE('',*,*,#5310,.T.);
#5310 = EDGE_CURVE('',#5285,#5311,#5313,.T.);
#5311 = VERTEX_POINT('',#5312);
#5312 = CARTESIAN_POINT('',(105.16,-38.5,18.6));
#5313 = SURFACE_CURVE('',#5314,(#5319,#5330),.PCURVE_S1.);
#5314 = CIRCLE('',#5315,7.);
#5315 = AXIS2_PLACEMENT_3D('',#5316,#5317,#5318);
#5316 = CARTESIAN_POINT('',(105.16,-45.5,18.6));
#5317 = DIRECTION('',(0.,-0.,-1.));
#5318 = DIRECTION('',(2.030122102172E-15,1.,-0.));
#5319 = PCURVE('',#72,#5320);
#5320 = DEFINITIONAL_REPRESENTATION('',(#5321),#5329);
#5321 = ( BOUNDED_CURVE() B_SPLINE_CURVE(2,(#5322,#5323,#5324,#5325,
#5326,#5327,#5328),.UNSPECIFIED.,.T.,.F.) B_SPLINE_CURVE_WITH_KNOTS((1,2
    ,2,2,2,1),(-2.094395102393,0.,2.094395102393,4.188790204786,
6.28318530718,8.377580409573),.UNSPECIFIED.) CURVE() 
GEOMETRIC_REPRESENTATION_ITEM() RATIONAL_B_SPLINE_CURVE((1.,0.5,1.,0.5,
1.,0.5,1.)) REPRESENTATION_ITEM('') );
#5322 = CARTESIAN_POINT('',(-91.57689882953,34.240171478044));
#5323 = CARTESIAN_POINT('',(-79.45254317655,34.240171478044));
#5324 = CARTESIAN_POINT('',(-85.51472100304,23.740171478044));
#5325 = CARTESIAN_POINT('',(-91.57689882953,13.240171478044));
#5326 = CARTESIAN_POINT('',(-97.63907665603,23.740171478044));
#5327 = CARTESIAN_POINT('',(-103.7012544825,34.240171478044));
#5328 = CARTESIAN_POINT('',(-91.57689882953,34.240171478044));
#5329 = ( GEOMETRIC_REPRESENTATION_CONTEXT(2) 
PARAMETRIC_REPRESENTATION_CONTEXT() REPRESENTATION_CONTEXT('2D SPACE',''
  ) );
#5330 = PCURVE('',#5331,#5336);
#5331 = CYLINDRICAL_SURFACE('',#5332,7.);
#5332 = AXIS2_PLACEMENT_3D('',#5333,#5334,#5335);
#5333 = CARTESIAN_POINT('',(105.16,-45.5,17.6));
#5334 = DIRECTION('',(-0.,-0.,-1.));
#5335 = DIRECTION('',(2.030122102172E-15,1.,-0.));
#5336 = DEFINITIONAL_REPRESENTATION('',(#5337),#5341);
#5337 = LINE('',#5338,#5339);
#5338 = CARTESIAN_POINT('',(-6.28318530718,-1.));
#5339 = VECTOR('',#5340,1.);
#5340 = DIRECTION('',(1.,-0.));
#5341 = ( GEOMETRIC_REPRESENTATION_CONTEXT(2) 
PARAMETRIC_REPRESENTATION_CONTEXT() REPRESENTATION_CONTEXT('2D SPACE',''
  ) );
#5342 = ORIENTED_EDGE('',*,*,#5343,.T.);
#5343 = EDGE_CURVE('',#5311,#5344,#5346,.T.);
#5344 = VERTEX_POINT('',#5345);
#5345 = CARTESIAN_POINT('',(162.56,-38.5,18.6));
#5346 = SURFACE_CURVE('',#5347,(#5351,#5357),.PCURVE_S1.);
#5347 = LINE('',#5348,#5349);
#5348 = CARTESIAN_POINT('',(179.64844941476,-38.5,18.6));
#5349 = VECTOR('',#5350,1.);
#5350 = DIRECTION('',(1.,0.,-0.));
#5351 = PCURVE('',#72,#5352);
#5352 = DEFINITIONAL_REPRESENTATION('',(#5353),#5356);
#5353 = B_SPLINE_CURVE_WITH_KNOTS('',1,(#5354,#5355),.UNSPECIFIED.,.F.,
  .F.,(2,2),(-74.48844941476,-17.08844941476),.PIECEWISE_BEZIER_KNOTS.);
#5354 = CARTESIAN_POINT('',(-91.57689882953,34.240171478044));
#5355 = CARTESIAN_POINT('',(-34.17689882953,34.240171478044));
#5356 = ( GEOMETRIC_REPRESENTATION_CONTEXT(2) 
PARAMETRIC_REPRESENTATION_CONTEXT() REPRESENTATION_CONTEXT('2D SPACE',''
  ) );
#5357 = PCURVE('',#5358,#5363);
#5358 = PLANE('',#5359);
#5359 = AXIS2_PLACEMENT_3D('',#5360,#5361,#5362);
#5360 = CARTESIAN_POINT('',(162.56,-38.5,17.6));
#5361 = DIRECTION('',(0.,-1.,0.));
#5362 = DIRECTION('',(-1.,0.,0.));
#5363 = DEFINITIONAL_REPRESENTATION('',(#5364),#5367);
#5364 = B_SPLINE_CURVE_WITH_KNOTS('',1,(#5365,#5366),.UNSPECIFIED.,.F.,
  .F.,(2,2),(-74.48844941476,-17.08844941476),.PIECEWISE_BEZIER_KNOTS.);
#5365 = CARTESIAN_POINT('',(57.4,-1.));
#5366 = CARTESIAN_POINT('',(0.,-1.));
#5367 = ( GEOMETRIC_REPRESENTATION_CONTEXT(2) 
PARAMETRIC_REPRESENTATION_CONTEXT() REPRESENTATION_CONTEXT('2D SPACE',''
  ) );
#5368 = ORIENTED_EDGE('',*,*,#5369,.T.);
#5369 = EDGE_CURVE('',#5344,#5370,#5372,.T.);
#5370 = VERTEX_POINT('',#5371);
#5371 = CARTESIAN_POINT('',(169.56,-45.5,18.6));
#5372 = SURFACE_CURVE('',#5373,(#5378,#5389),.PCURVE_S1.);
#5373 = CIRCLE('',#5374,7.);
#5374 = AXIS2_PLACEMENT_3D('',#5375,#5376,#5377);
#5375 = CARTESIAN_POINT('',(162.56,-45.5,18.6));
#5376 = DIRECTION('',(0.,-0.,-1.));
#5377 = DIRECTION('',(1.,-2.030122102172E-15,0.));
#5378 = PCURVE('',#72,#5379);
#5379 = DEFINITIONAL_REPRESENTATION('',(#5380),#5388);
#5380 = ( BOUNDED_CURVE() B_SPLINE_CURVE(2,(#5381,#5382,#5383,#5384,
#5385,#5386,#5387),.UNSPECIFIED.,.T.,.F.) B_SPLINE_CURVE_WITH_KNOTS((1,2
    ,2,2,2,1),(-2.094395102393,0.,2.094395102393,4.188790204786,
6.28318530718,8.377580409573),.UNSPECIFIED.) CURVE() 
GEOMETRIC_REPRESENTATION_ITEM() RATIONAL_B_SPLINE_CURVE((1.,0.5,1.,0.5,
1.,0.5,1.)) REPRESENTATION_ITEM('') );
#5381 = CARTESIAN_POINT('',(-27.17689882953,27.240171478044));
#5382 = CARTESIAN_POINT('',(-27.17689882953,15.115815825062));
#5383 = CARTESIAN_POINT('',(-37.67689882953,21.177993651553));
#5384 = CARTESIAN_POINT('',(-48.17689882953,27.240171478044));
#5385 = CARTESIAN_POINT('',(-37.67689882953,33.302349304535));
#5386 = CARTESIAN_POINT('',(-27.17689882953,39.364527131026));
#5387 = CARTESIAN_POINT('',(-27.17689882953,27.240171478044));
#5388 = ( GEOMETRIC_REPRESENTATION_CONTEXT(2) 
PARAMETRIC_REPRESENTATION_CONTEXT() REPRESENTATION_CONTEXT('2D SPACE',''
  ) );
#5389 = PCURVE('',#5390,#5395);
#5390 = CYLINDRICAL_SURFACE('',#5391,7.);
#5391 = AXIS2_PLACEMENT_3D('',#5392,#5393,#5394);
#5392 = CARTESIAN_POINT('',(162.56,-45.5,17.6));
#5393 = DIRECTION('',(-0.,-0.,-1.));
#5394 = DIRECTION('',(1.,-2.030122102172E-15,0.));
#5395 = DEFINITIONAL_REPRESENTATION('',(#5396),#5400);
#5396 = LINE('',#5397,#5398);
#5397 = CARTESIAN_POINT('',(-6.28318530718,-1.));
#5398 = VECTOR('',#5399,1.);
#5399 = DIRECTION('',(1.,-0.));
#5400 = ( GEOMETRIC_REPRESENTATION_CONTEXT(2) 
PARAMETRIC_REPRESENTATION_CONTEXT() REPRESENTATION_CONTEXT('2D SPACE',''
  ) );
#5401 = ORIENTED_EDGE('',*,*,#5402,.T.);
#5402 = EDGE_CURVE('',#5370,#5403,#5405,.T.);
#5403 = VERTEX_POINT('',#5404);
#5404 = CARTESIAN_POINT('',(169.56,-86.9,18.6));
#5405 = SURFACE_CURVE('',#5406,(#5410,#5416),.PCURVE_S1.);
#5406 = LINE('',#5407,#5408);
#5407 = CARTESIAN_POINT('',(169.56,-79.82008573902,18.6));
#5408 = VECTOR('',#5409,1.);
#5409 = DIRECTION('',(0.,-1.,0.));
#5410 = PCURVE('',#72,#5411);
#5411 = DEFINITIONAL_REPRESENTATION('',(#5412),#5415);
#5412 = B_SPLINE_CURVE_WITH_KNOTS('',1,(#5413,#5414),.UNSPECIFIED.,.F.,
  .F.,(2,2),(-34.32008573902,7.079914260978),.PIECEWISE_BEZIER_KNOTS.);
#5413 = CARTESIAN_POINT('',(-27.17689882953,27.240171478044));
#5414 = CARTESIAN_POINT('',(-27.17689882953,-14.15982852195));
#5415 = ( GEOMETRIC_REPRESENTATION_CONTEXT(2) 
PARAMETRIC_REPRESENTATION_CONTEXT() REPRESENTATION_CONTEXT('2D SPACE',''
  ) );
#5416 = PCURVE('',#5417,#5422);
#5417 = PLANE('',#5418);
#5418 = AXIS2_PLACEMENT_3D('',#5419,#5420,#5421);
#5419 = CARTESIAN_POINT('',(169.56,-86.9,17.6));
#5420 = DIRECTION('',(-1.,0.,0.));
#5421 = DIRECTION('',(0.,1.,0.));
#5422 = DEFINITIONAL_REPRESENTATION('',(#5423),#5426);
#5423 = B_SPLINE_CURVE_WITH_KNOTS('',1,(#5424,#5425),.UNSPECIFIED.,.F.,
  .F.,(2,2),(-34.32008573902,7.079914260978),.PIECEWISE_BEZIER_KNOTS.);
#5424 = CARTESIAN_POINT('',(41.4,-1.));
#5425 = CARTESIAN_POINT('',(0.,-1.));
#5426 = ( GEOMETRIC_REPRESENTATION_CONTEXT(2) 
PARAMETRIC_REPRESENTATION_CONTEXT() REPRESENTATION_CONTEXT('2D SPACE',''
  ) );
#5427 = ORIENTED_EDGE('',*,*,#5428,.T.);
#5428 = EDGE_CURVE('',#5403,#5429,#5431,.T.);
#5429 = VERTEX_POINT('',#5430);
#5430 = CARTESIAN_POINT('',(162.56,-93.9,18.6));
#5431 = SURFACE_CURVE('',#5432,(#5437,#5448),.PCURVE_S1.);
#5432 = CIRCLE('',#5433,7.);
#5433 = AXIS2_PLACEMENT_3D('',#5434,#5435,#5436);
#5434 = CARTESIAN_POINT('',(162.56,-86.9,18.6));
#5435 = DIRECTION('',(-0.,0.,-1.));
#5436 = DIRECTION('',(-4.060244204343E-15,-1.,0.));
#5437 = PCURVE('',#72,#5438);
#5438 = DEFINITIONAL_REPRESENTATION('',(#5439),#5447);
#5439 = ( BOUNDED_CURVE() B_SPLINE_CURVE(2,(#5440,#5441,#5442,#5443,
#5444,#5445,#5446),.UNSPECIFIED.,.T.,.F.) B_SPLINE_CURVE_WITH_KNOTS((1,2
    ,2,2,2,1),(-2.094395102393,0.,2.094395102393,4.188790204786,
6.28318530718,8.377580409573),.UNSPECIFIED.) CURVE() 
GEOMETRIC_REPRESENTATION_ITEM() RATIONAL_B_SPLINE_CURVE((1.,0.5,1.,0.5,
1.,0.5,1.)) REPRESENTATION_ITEM('') );
#5440 = CARTESIAN_POINT('',(-34.17689882953,-21.15982852195));
#5441 = CARTESIAN_POINT('',(-46.30125448252,-21.15982852195));
#5442 = CARTESIAN_POINT('',(-40.23907665603,-10.65982852195));
#5443 = CARTESIAN_POINT('',(-34.17689882953,-0.159828521956));
#5444 = CARTESIAN_POINT('',(-28.11472100304,-10.65982852195));
#5445 = CARTESIAN_POINT('',(-22.05254317655,-21.15982852195));
#5446 = CARTESIAN_POINT('',(-34.17689882953,-21.15982852195));
#5447 = ( GEOMETRIC_REPRESENTATION_CONTEXT(2) 
PARAMETRIC_REPRESENTATION_CONTEXT() REPRESENTATION_CONTEXT('2D SPACE',''
  ) );
#5448 = PCURVE('',#5449,#5454);
#5449 = CYLINDRICAL_SURFACE('',#5450,7.);
#5450 = AXIS2_PLACEMENT_3D('',#5451,#5452,#5453);
#5451 = CARTESIAN_POINT('',(162.56,-86.9,17.6));
#5452 = DIRECTION('',(-0.,-0.,-1.));
#5453 = DIRECTION('',(-4.060244204343E-15,-1.,0.));
#5454 = DEFINITIONAL_REPRESENTATION('',(#5455),#5459);
#5455 = LINE('',#5456,#5457);
#5456 = CARTESIAN_POINT('',(-6.28318530718,-1.));
#5457 = VECTOR('',#5458,1.);
#5458 = DIRECTION('',(1.,-0.));
#5459 = ( GEOMETRIC_REPRESENTATION_CONTEXT(2) 
PARAMETRIC_REPRESENTATION_CONTEXT() REPRESENTATION_CONTEXT('2D SPACE',''
  ) );
#5460 = ORIENTED_EDGE('',*,*,#5461,.T.);
#5461 = EDGE_CURVE('',#5429,#5462,#5464,.T.);
#5462 = VERTEX_POINT('',#5463);
#5463 = CARTESIAN_POINT('',(105.16,-93.9,18.6));
#5464 = SURFACE_CURVE('',#5465,(#5469,#5475),.PCURVE_S1.);
#5465 = LINE('',#5466,#5467);
#5466 = CARTESIAN_POINT('',(150.94844941476,-93.9,18.6));
#5467 = VECTOR('',#5468,1.);
#5468 = DIRECTION('',(-1.,0.,0.));
#5469 = PCURVE('',#72,#5470);
#5470 = DEFINITIONAL_REPRESENTATION('',(#5471),#5474);
#5471 = B_SPLINE_CURVE_WITH_KNOTS('',1,(#5472,#5473),.UNSPECIFIED.,.F.,
  .F.,(2,2),(-11.61155058523,45.788449414769),.PIECEWISE_BEZIER_KNOTS.);
#5472 = CARTESIAN_POINT('',(-34.17689882953,-21.15982852195));
#5473 = CARTESIAN_POINT('',(-91.57689882953,-21.15982852195));
#5474 = ( GEOMETRIC_REPRESENTATION_CONTEXT(2) 
PARAMETRIC_REPRESENTATION_CONTEXT() REPRESENTATION_CONTEXT('2D SPACE',''
  ) );
#5475 = PCURVE('',#5476,#5481);
#5476 = PLANE('',#5477);
#5477 = AXIS2_PLACEMENT_3D('',#5478,#5479,#5480);
#5478 = CARTESIAN_POINT('',(105.16,-93.9,17.6));
#5479 = DIRECTION('',(0.,1.,0.));
#5480 = DIRECTION('',(1.,0.,0.));
#5481 = DEFINITIONAL_REPRESENTATION('',(#5482),#5485);
#5482 = B_SPLINE_CURVE_WITH_KNOTS('',1,(#5483,#5484),.UNSPECIFIED.,.F.,
  .F.,(2,2),(-11.61155058523,45.788449414769),.PIECEWISE_BEZIER_KNOTS.);
#5483 = CARTESIAN_POINT('',(57.4,-1.));
#5484 = CARTESIAN_POINT('',(0.,-1.));
#5485 = ( GEOMETRIC_REPRESENTATION_CONTEXT(2) 
PARAMETRIC_REPRESENTATION_CONTEXT() REPRESENTATION_CONTEXT('2D SPACE',''
  ) );
#5486 = ORIENTED_EDGE('',*,*,#5487,.T.);
#5487 = EDGE_CURVE('',#5462,#5283,#5488,.T.);
#5488 = SURFACE_CURVE('',#5489,(#5494,#5505),.PCURVE_S1.);
#5489 = CIRCLE('',#5490,7.);
#5490 = AXIS2_PLACEMENT_3D('',#5491,#5492,#5493);
#5491 = CARTESIAN_POINT('',(105.16,-86.9,18.6));
#5492 = DIRECTION('',(-0.,0.,-1.));
#5493 = DIRECTION('',(-1.,0.,0.));
#5494 = PCURVE('',#72,#5495);
#5495 = DEFINITIONAL_REPRESENTATION('',(#5496),#5504);
#5496 = ( BOUNDED_CURVE() B_SPLINE_CURVE(2,(#5497,#5498,#5499,#5500,
#5501,#5502,#5503),.UNSPECIFIED.,.T.,.F.) B_SPLINE_CURVE_WITH_KNOTS((1,2
    ,2,2,2,1),(-2.094395102393,0.,2.094395102393,4.188790204786,
6.28318530718,8.377580409573),.UNSPECIFIED.) CURVE() 
GEOMETRIC_REPRESENTATION_ITEM() RATIONAL_B_SPLINE_CURVE((1.,0.5,1.,0.5,
1.,0.5,1.)) REPRESENTATION_ITEM('') );
#5497 = CARTESIAN_POINT('',(-98.57689882953,-14.15982852195));
#5498 = CARTESIAN_POINT('',(-98.57689882953,-2.035472868974));
#5499 = CARTESIAN_POINT('',(-88.07689882953,-8.097650695465));
#5500 = CARTESIAN_POINT('',(-77.57689882953,-14.15982852195));
#5501 = CARTESIAN_POINT('',(-88.07689882953,-20.22200634844));
#5502 = CARTESIAN_POINT('',(-98.57689882953,-26.28418417493));
#5503 = CARTESIAN_POINT('',(-98.57689882953,-14.15982852195));
#5504 = ( GEOMETRIC_REPRESENTATION_CONTEXT(2) 
PARAMETRIC_REPRESENTATION_CONTEXT() REPRESENTATION_CONTEXT('2D SPACE',''
  ) );
#5505 = PCURVE('',#5506,#5511);
#5506 = CYLINDRICAL_SURFACE('',#5507,7.);
#5507 = AXIS2_PLACEMENT_3D('',#5508,#5509,#5510);
#5508 = CARTESIAN_POINT('',(105.16,-86.9,17.6));
#5509 = DIRECTION('',(-0.,-0.,-1.));
#5510 = DIRECTION('',(-1.,0.,0.));
#5511 = DEFINITIONAL_REPRESENTATION('',(#5512),#5516);
#5512 = LINE('',#5513,#5514);
#5513 = CARTESIAN_POINT('',(-6.28318530718,-1.));
#5514 = VECTOR('',#5515,1.);
#5515 = DIRECTION('',(1.,-0.));
#5516 = ( GEOMETRIC_REPRESENTATION_CONTEXT(2) 
PARAMETRIC_REPRESENTATION_CONTEXT() REPRESENTATION_CONTEXT('2D SPACE',''
  ) );
#5517 = FACE_BOUND('',#5518,.T.);
#5518 = EDGE_LOOP('',(#5519,#5545,#5574,#5602,#5635,#5663,#5692,#5716,
    #5739,#5763,#5791,#5815,#5844,#5872,#5901,#5934,#5963,#5987,#6010,
    #6038,#6062,#6085,#6113,#6137,#6160,#6188,#6211,#6239,#6262,#6290,
    #6314,#6337,#6365,#6389,#6412,#6440,#6463,#6487,#6510,#6534,#6557,
    #6585,#6608,#6641,#6664,#6688));
#5519 = ORIENTED_EDGE('',*,*,#5520,.T.);
#5520 = EDGE_CURVE('',#5521,#5523,#5525,.T.);
#5521 = VERTEX_POINT('',#5522);
#5522 = CARTESIAN_POINT('',(172.54239847481,-78.60923552145,18.6));
#5523 = VERTEX_POINT('',#5524);
#5524 = CARTESIAN_POINT('',(171.80073555655,-76.57633191454,18.6));
#5525 = SURFACE_CURVE('',#5526,(#5531,#5538),.PCURVE_S1.);
#5526 = CIRCLE('',#5527,4.252325519443);
#5527 = AXIS2_PLACEMENT_3D('',#5528,#5529,#5530);
#5528 = CARTESIAN_POINT('',(168.30827166976,-79.0022272797,18.6));
#5529 = DIRECTION('',(0.,0.,1.));
#5530 = DIRECTION('',(0.99572029133,9.241807957957E-02,-0.));
#5531 = PCURVE('',#72,#5532);
#5532 = DEFINITIONAL_REPRESENTATION('',(#5533),#5537);
#5533 = CIRCLE('',#5534,4.252325519443);
#5534 = AXIS2_PLACEMENT_2D('',#5535,#5536);
#5535 = CARTESIAN_POINT('',(-28.42862715977,-6.262055801664));
#5536 = DIRECTION('',(0.99572029133,9.241807957957E-02));
#5537 = ( GEOMETRIC_REPRESENTATION_CONTEXT(2) 
PARAMETRIC_REPRESENTATION_CONTEXT() REPRESENTATION_CONTEXT('2D SPACE',''
  ) );
#5538 = PCURVE('',#3054,#5539);
#5539 = DEFINITIONAL_REPRESENTATION('',(#5540),#5544);
#5540 = LINE('',#5541,#5542);
#5541 = CARTESIAN_POINT('',(-0.,-6.5));
#5542 = VECTOR('',#5543,1.);
#5543 = DIRECTION('',(-1.,0.));
#5544 = ( GEOMETRIC_REPRESENTATION_CONTEXT(2) 
PARAMETRIC_REPRESENTATION_CONTEXT() REPRESENTATION_CONTEXT('2D SPACE',''
  ) );
#5545 = ORIENTED_EDGE('',*,*,#5546,.T.);
#5546 = EDGE_CURVE('',#5523,#5547,#5549,.T.);
#5547 = VERTEX_POINT('',#5548);
#5548 = CARTESIAN_POINT('',(172.6125,-76.09383036808,18.6));
#5549 = SURFACE_CURVE('',#5550,(#5555,#5562),.PCURVE_S1.);
#5550 = CIRCLE('',#5551,0.549973077204);
#5551 = AXIS2_PLACEMENT_3D('',#5552,#5553,#5554);
#5552 = CARTESIAN_POINT('',(172.0625281604,-76.09266362095,18.6));
#5553 = DIRECTION('',(0.,0.,1.));
#5554 = DIRECTION('',(-0.801941970422,-0.597401938459,0.));
#5555 = PCURVE('',#72,#5556);
#5556 = DEFINITIONAL_REPRESENTATION('',(#5557),#5561);
#5557 = CIRCLE('',#5558,0.549973077204);
#5558 = AXIS2_PLACEMENT_2D('',#5559,#5560);
#5559 = CARTESIAN_POINT('',(-24.67437066913,-3.352492142909));
#5560 = DIRECTION('',(-0.801941970422,-0.597401938459));
#5561 = ( GEOMETRIC_REPRESENTATION_CONTEXT(2) 
PARAMETRIC_REPRESENTATION_CONTEXT() REPRESENTATION_CONTEXT('2D SPACE',''
  ) );
#5562 = PCURVE('',#5563,#5568);
#5563 = CYLINDRICAL_SURFACE('',#5564,0.549973077204);
#5564 = AXIS2_PLACEMENT_3D('',#5565,#5566,#5567);
#5565 = CARTESIAN_POINT('',(172.0625281604,-76.09266362095,17.1));
#5566 = DIRECTION('',(-0.,-0.,-1.));
#5567 = DIRECTION('',(-0.801941970422,-0.597401938459,0.));
#5568 = DEFINITIONAL_REPRESENTATION('',(#5569),#5573);
#5569 = LINE('',#5570,#5571);
#5570 = CARTESIAN_POINT('',(-0.,-1.5));
#5571 = VECTOR('',#5572,1.);
#5572 = DIRECTION('',(-1.,0.));
#5573 = ( GEOMETRIC_REPRESENTATION_CONTEXT(2) 
PARAMETRIC_REPRESENTATION_CONTEXT() REPRESENTATION_CONTEXT('2D SPACE',''
  ) );
#5574 = ORIENTED_EDGE('',*,*,#5575,.T.);
#5575 = EDGE_CURVE('',#5547,#5576,#5578,.T.);
#5576 = VERTEX_POINT('',#5577);
#5577 = CARTESIAN_POINT('',(172.62826852714,-41.2265069183,18.6));
#5578 = SURFACE_CURVE('',#5579,(#5583,#5590),.PCURVE_S1.);
#5579 = LINE('',#5580,#5581);
#5580 = CARTESIAN_POINT('',(172.6125,-76.09383036808,18.6));
#5581 = VECTOR('',#5582,1.);
#5582 = DIRECTION('',(4.52243647427E-04,0.999999897738,0.));
#5583 = PCURVE('',#72,#5584);
#5584 = DEFINITIONAL_REPRESENTATION('',(#5585),#5589);
#5585 = LINE('',#5586,#5587);
#5586 = CARTESIAN_POINT('',(-24.12439882953,-3.353658890041));
#5587 = VECTOR('',#5588,1.);
#5588 = DIRECTION('',(4.52243647427E-04,0.999999897738));
#5589 = ( GEOMETRIC_REPRESENTATION_CONTEXT(2) 
PARAMETRIC_REPRESENTATION_CONTEXT() REPRESENTATION_CONTEXT('2D SPACE',''
  ) );
#5590 = PCURVE('',#5591,#5596);
#5591 = PLANE('',#5592);
#5592 = AXIS2_PLACEMENT_3D('',#5593,#5594,#5595);
#5593 = CARTESIAN_POINT('',(172.6125,-76.09383036808,17.1));
#5594 = DIRECTION('',(-0.999999897738,4.52243647427E-04,0.));
#5595 = DIRECTION('',(4.52243647427E-04,0.999999897738,0.));
#5596 = DEFINITIONAL_REPRESENTATION('',(#5597),#5601);
#5597 = LINE('',#5598,#5599);
#5598 = CARTESIAN_POINT('',(0.,-1.5));
#5599 = VECTOR('',#5600,1.);
#5600 = DIRECTION('',(1.,0.));
#5601 = ( GEOMETRIC_REPRESENTATION_CONTEXT(2) 
PARAMETRIC_REPRESENTATION_CONTEXT() REPRESENTATION_CONTEXT('2D SPACE',''
  ) );
#5602 = ORIENTED_EDGE('',*,*,#5603,.T.);
#5603 = EDGE_CURVE('',#5576,#5604,#5606,.T.);
#5604 = VERTEX_POINT('',#5605);
#5605 = CARTESIAN_POINT('',(174.32400535406,-39.75,18.6));
#5606 = SURFACE_CURVE('',#5607,(#5612,#5623),.PCURVE_S1.);
#5607 = CIRCLE('',#5608,1.701002441343);
#5608 = AXIS2_PLACEMENT_3D('',#5609,#5610,#5611);
#5609 = CARTESIAN_POINT('',(174.31439522871,-41.45097529404,18.6));
#5610 = DIRECTION('',(0.,0.,-1.));
#5611 = DIRECTION('',(-0.99125472168,0.131962406566,0.));
#5612 = PCURVE('',#72,#5613);
#5613 = DEFINITIONAL_REPRESENTATION('',(#5614),#5622);
#5614 = ( BOUNDED_CURVE() B_SPLINE_CURVE(2,(#5615,#5616,#5617,#5618,
#5619,#5620,#5621),.UNSPECIFIED.,.T.,.F.) B_SPLINE_CURVE_WITH_KNOTS((1,2
    ,2,2,2,1),(-2.094395102393,0.,2.094395102393,4.188790204786,
6.28318530718,8.377580409573),.UNSPECIFIED.) CURVE() 
GEOMETRIC_REPRESENTATION_ITEM() RATIONAL_B_SPLINE_CURVE((1.,0.5,1.,0.5,
1.,0.5,1.)) REPRESENTATION_ITEM('') );
#5615 = CARTESIAN_POINT('',(-24.10863030239,31.513664559736));
#5616 = CARTESIAN_POINT('',(-23.71983967092,34.434121674854));
#5617 = CARTESIAN_POINT('',(-21.3850449343,32.637190553694));
#5618 = CARTESIAN_POINT('',(-19.05025019768,30.840259432533));
#5619 = CARTESIAN_POINT('',(-21.77383556577,29.716733438575));
#5620 = CARTESIAN_POINT('',(-24.49742093385,28.593207444617));
#5621 = CARTESIAN_POINT('',(-24.10863030239,31.513664559736));
#5622 = ( GEOMETRIC_REPRESENTATION_CONTEXT(2) 
PARAMETRIC_REPRESENTATION_CONTEXT() REPRESENTATION_CONTEXT('2D SPACE',''
  ) );
#5623 = PCURVE('',#5624,#5629);
#5624 = CYLINDRICAL_SURFACE('',#5625,1.701002441343);
#5625 = AXIS2_PLACEMENT_3D('',#5626,#5627,#5628);
#5626 = CARTESIAN_POINT('',(174.31439522871,-41.45097529404,17.1));
#5627 = DIRECTION('',(0.,0.,-1.));
#5628 = DIRECTION('',(-0.99125472168,0.131962406566,0.));
#5629 = DEFINITIONAL_REPRESENTATION('',(#5630),#5634);
#5630 = LINE('',#5631,#5632);
#5631 = CARTESIAN_POINT('',(0.,-1.5));
#5632 = VECTOR('',#5633,1.);
#5633 = DIRECTION('',(1.,0.));
#5634 = ( GEOMETRIC_REPRESENTATION_CONTEXT(2) 
PARAMETRIC_REPRESENTATION_CONTEXT() REPRESENTATION_CONTEXT('2D SPACE',''
  ) );
#5635 = ORIENTED_EDGE('',*,*,#5636,.T.);
#5636 = EDGE_CURVE('',#5604,#5637,#5639,.T.);
#5637 = VERTEX_POINT('',#5638);
#5638 = CARTESIAN_POINT('',(177.00894441923,-39.73915283072,18.6));
#5639 = SURFACE_CURVE('',#5640,(#5644,#5651),.PCURVE_S1.);
#5640 = LINE('',#5641,#5642);
#5641 = CARTESIAN_POINT('',(174.32400535406,-39.75,18.6));
#5642 = VECTOR('',#5643,1.);
#5643 = DIRECTION('',(0.999991839277,4.039972785614E-03,0.));
#5644 = PCURVE('',#72,#5645);
#5645 = DEFINITIONAL_REPRESENTATION('',(#5646),#5650);
#5646 = LINE('',#5647,#5648);
#5647 = CARTESIAN_POINT('',(-22.41289347547,32.990171478044));
#5648 = VECTOR('',#5649,1.);
#5649 = DIRECTION('',(0.999991839277,4.039972785614E-03));
#5650 = ( GEOMETRIC_REPRESENTATION_CONTEXT(2) 
PARAMETRIC_REPRESENTATION_CONTEXT() REPRESENTATION_CONTEXT('2D SPACE',''
  ) );
#5651 = PCURVE('',#5652,#5657);
#5652 = PLANE('',#5653);
#5653 = AXIS2_PLACEMENT_3D('',#5654,#5655,#5656);
#5654 = CARTESIAN_POINT('',(174.32400535406,-39.75,17.1));
#5655 = DIRECTION('',(-4.039972785614E-03,0.999991839277,0.));
#5656 = DIRECTION('',(0.999991839277,4.039972785614E-03,0.));
#5657 = DEFINITIONAL_REPRESENTATION('',(#5658),#5662);
#5658 = LINE('',#5659,#5660);
#5659 = CARTESIAN_POINT('',(0.,-1.5));
#5660 = VECTOR('',#5661,1.);
#5661 = DIRECTION('',(1.,0.));
#5662 = ( GEOMETRIC_REPRESENTATION_CONTEXT(2) 
PARAMETRIC_REPRESENTATION_CONTEXT() REPRESENTATION_CONTEXT('2D SPACE',''
  ) );
#5663 = ORIENTED_EDGE('',*,*,#5664,.T.);
#5664 = EDGE_CURVE('',#5637,#5665,#5667,.T.);
#5665 = VERTEX_POINT('',#5666);
#5666 = CARTESIAN_POINT('',(177.38139346321,-38.93400641017,18.6));
#5667 = SURFACE_CURVE('',#5668,(#5673,#5680),.PCURVE_S1.);
#5668 = CIRCLE('',#5669,0.550041018023);
#5669 = AXIS2_PLACEMENT_3D('',#5670,#5671,#5672);
#5670 = CARTESIAN_POINT('',(176.89995500703,-39.20001794079,18.6));
#5671 = DIRECTION('',(0.,-0.,1.));
#5672 = DIRECTION('',(0.198147790114,-0.980172154916,-0.));
#5673 = PCURVE('',#72,#5674);
#5674 = DEFINITIONAL_REPRESENTATION('',(#5675),#5679);
#5675 = CIRCLE('',#5676,0.550041018023);
#5676 = AXIS2_PLACEMENT_2D('',#5677,#5678);
#5677 = CARTESIAN_POINT('',(-19.8369438225,33.540153537248));
#5678 = DIRECTION('',(0.198147790114,-0.980172154916));
#5679 = ( GEOMETRIC_REPRESENTATION_CONTEXT(2) 
PARAMETRIC_REPRESENTATION_CONTEXT() REPRESENTATION_CONTEXT('2D SPACE',''
  ) );
#5680 = PCURVE('',#5681,#5686);
#5681 = CYLINDRICAL_SURFACE('',#5682,0.550041018023);
#5682 = AXIS2_PLACEMENT_3D('',#5683,#5684,#5685);
#5683 = CARTESIAN_POINT('',(176.89995500703,-39.20001794079,17.1));
#5684 = DIRECTION('',(-0.,0.,-1.));
#5685 = DIRECTION('',(0.198147790114,-0.980172154916,-0.));
#5686 = DEFINITIONAL_REPRESENTATION('',(#5687),#5691);
#5687 = LINE('',#5688,#5689);
#5688 = CARTESIAN_POINT('',(-0.,-1.5));
#5689 = VECTOR('',#5690,1.);
#5690 = DIRECTION('',(-1.,0.));
#5691 = ( GEOMETRIC_REPRESENTATION_CONTEXT(2) 
PARAMETRIC_REPRESENTATION_CONTEXT() REPRESENTATION_CONTEXT('2D SPACE',''
  ) );
#5692 = ORIENTED_EDGE('',*,*,#5693,.T.);
#5693 = EDGE_CURVE('',#5665,#5694,#5696,.T.);
#5694 = VERTEX_POINT('',#5695);
#5695 = CARTESIAN_POINT('',(179.84459773336,-39.7,18.6));
#5696 = SURFACE_CURVE('',#5697,(#5702,#5709),.PCURVE_S1.);
#5697 = CIRCLE('',#5698,4.242224518081);
#5698 = AXIS2_PLACEMENT_3D('',#5699,#5700,#5701);
#5699 = CARTESIAN_POINT('',(179.81308040296,-35.45789256151,18.6));
#5700 = DIRECTION('',(0.,0.,1.));
#5701 = DIRECTION('',(-0.984509013939,-0.175333971246,0.));
#5702 = PCURVE('',#72,#5703);
#5703 = DEFINITIONAL_REPRESENTATION('',(#5704),#5708);
#5704 = CIRCLE('',#5705,4.242224518081);
#5705 = AXIS2_PLACEMENT_2D('',#5706,#5707);
#5706 = CARTESIAN_POINT('',(-16.92381842657,37.282278916534));
#5707 = DIRECTION('',(-0.984509013939,-0.175333971246));
#5708 = ( GEOMETRIC_REPRESENTATION_CONTEXT(2) 
PARAMETRIC_REPRESENTATION_CONTEXT() REPRESENTATION_CONTEXT('2D SPACE',''
  ) );
#5709 = PCURVE('',#524,#5710);
#5710 = DEFINITIONAL_REPRESENTATION('',(#5711),#5715);
#5711 = LINE('',#5712,#5713);
#5712 = CARTESIAN_POINT('',(-0.,-6.5));
#5713 = VECTOR('',#5714,1.);
#5714 = DIRECTION('',(-1.,0.));
#5715 = ( GEOMETRIC_REPRESENTATION_CONTEXT(2) 
PARAMETRIC_REPRESENTATION_CONTEXT() REPRESENTATION_CONTEXT('2D SPACE',''
  ) );
#5716 = ORIENTED_EDGE('',*,*,#5717,.T.);
#5717 = EDGE_CURVE('',#5694,#5718,#5720,.T.);
#5718 = VERTEX_POINT('',#5719);
#5719 = CARTESIAN_POINT('',(188.10589461415,-39.69920366102,18.6));
#5720 = SURFACE_CURVE('',#5721,(#5725,#5732),.PCURVE_S1.);
#5721 = LINE('',#5722,#5723);
#5722 = CARTESIAN_POINT('',(179.84459773336,-39.7,18.6));
#5723 = VECTOR('',#5724,1.);
#5724 = DIRECTION('',(0.999999995354,9.639394173194E-05,0.));
#5725 = PCURVE('',#72,#5726);
#5726 = DEFINITIONAL_REPRESENTATION('',(#5727),#5731);
#5727 = LINE('',#5728,#5729);
#5728 = CARTESIAN_POINT('',(-16.89230109617,33.040171478044));
#5729 = VECTOR('',#5730,1.);
#5730 = DIRECTION('',(0.999999995354,9.639394173194E-05));
#5731 = ( GEOMETRIC_REPRESENTATION_CONTEXT(2) 
PARAMETRIC_REPRESENTATION_CONTEXT() REPRESENTATION_CONTEXT('2D SPACE',''
  ) );
#5732 = PCURVE('',#552,#5733);
#5733 = DEFINITIONAL_REPRESENTATION('',(#5734),#5738);
#5734 = LINE('',#5735,#5736);
#5735 = CARTESIAN_POINT('',(0.,-6.5));
#5736 = VECTOR('',#5737,1.);
#5737 = DIRECTION('',(1.,0.));
#5738 = ( GEOMETRIC_REPRESENTATION_CONTEXT(2) 
PARAMETRIC_REPRESENTATION_CONTEXT() REPRESENTATION_CONTEXT('2D SPACE',''
  ) );
#5739 = ORIENTED_EDGE('',*,*,#5740,.T.);
#5740 = EDGE_CURVE('',#5718,#5741,#5743,.T.);
#5741 = VERTEX_POINT('',#5742);
#5742 = CARTESIAN_POINT('',(191.5490644249,-37.93992718165,18.6));
#5743 = SURFACE_CURVE('',#5744,(#5749,#5756),.PCURVE_S1.);
#5744 = CIRCLE('',#5745,4.245664735109);
#5745 = AXIS2_PLACEMENT_3D('',#5746,#5747,#5748);
#5746 = CARTESIAN_POINT('',(188.10761934663,-35.45353927623,18.6));
#5747 = DIRECTION('',(0.,0.,1.));
#5748 = DIRECTION('',(-4.062337926255E-04,-0.999999917487,0.));
#5749 = PCURVE('',#72,#5750);
#5750 = DEFINITIONAL_REPRESENTATION('',(#5751),#5755);
#5751 = CIRCLE('',#5752,4.245664735109);
#5752 = AXIS2_PLACEMENT_2D('',#5753,#5754);
#5753 = CARTESIAN_POINT('',(-8.629279482901,37.286632201805));
#5754 = DIRECTION('',(-4.062337926255E-04,-0.999999917487));
#5755 = ( GEOMETRIC_REPRESENTATION_CONTEXT(2) 
PARAMETRIC_REPRESENTATION_CONTEXT() REPRESENTATION_CONTEXT('2D SPACE',''
  ) );
#5756 = PCURVE('',#581,#5757);
#5757 = DEFINITIONAL_REPRESENTATION('',(#5758),#5762);
#5758 = LINE('',#5759,#5760);
#5759 = CARTESIAN_POINT('',(-0.,-6.5));
#5760 = VECTOR('',#5761,1.);
#5761 = DIRECTION('',(-1.,0.));
#5762 = ( GEOMETRIC_REPRESENTATION_CONTEXT(2) 
PARAMETRIC_REPRESENTATION_CONTEXT() REPRESENTATION_CONTEXT('2D SPACE',''
  ) );
#5763 = ORIENTED_EDGE('',*,*,#5764,.T.);
#5764 = EDGE_CURVE('',#5741,#5765,#5767,.T.);
#5765 = VERTEX_POINT('',#5766);
#5766 = CARTESIAN_POINT('',(192.69512742754,-37.13640283526,18.6));
#5767 = SURFACE_CURVE('',#5768,(#5773,#5784),.PCURVE_S1.);
#5768 = CIRCLE('',#5769,2.060483101872);
#5769 = AXIS2_PLACEMENT_3D('',#5770,#5771,#5772);
#5770 = CARTESIAN_POINT('',(193.23465067879,-39.12499662849,18.6));
#5771 = DIRECTION('',(0.,0.,-1.));
#5772 = DIRECTION('',(-0.818053908014,0.57514155091,0.));
#5773 = PCURVE('',#72,#5774);
#5774 = DEFINITIONAL_REPRESENTATION('',(#5775),#5783);
#5775 = ( BOUNDED_CURVE() B_SPLINE_CURVE(2,(#5776,#5777,#5778,#5779,
#5780,#5781,#5782),.UNSPECIFIED.,.T.,.F.) B_SPLINE_CURVE_WITH_KNOTS((1,2
    ,2,2,2,1),(-2.094395102393,0.,2.094395102393,4.188790204786,
6.28318530718,8.377580409573),.UNSPECIFIED.) CURVE() 
GEOMETRIC_REPRESENTATION_ITEM() RATIONAL_B_SPLINE_CURVE((1.,0.5,1.,0.5,
1.,0.5,1.)) REPRESENTATION_ITEM('') );
#5776 = CARTESIAN_POINT('',(-5.18783440463,34.800244296389));
#5777 = CARTESIAN_POINT('',(-3.135233912215,37.719765328655));
#5778 = CARTESIAN_POINT('',(-1.633154777598,34.48240064227));
#5779 = CARTESIAN_POINT('',(-0.131075642981,31.245035955885));
#5780 = CARTESIAN_POINT('',(-3.685755270013,31.562879610005));
#5781 = CARTESIAN_POINT('',(-7.240434897046,31.880723264124));
#5782 = CARTESIAN_POINT('',(-5.18783440463,34.800244296389));
#5783 = ( GEOMETRIC_REPRESENTATION_CONTEXT(2) 
PARAMETRIC_REPRESENTATION_CONTEXT() REPRESENTATION_CONTEXT('2D SPACE',''
  ) );
#5784 = PCURVE('',#614,#5785);
#5785 = DEFINITIONAL_REPRESENTATION('',(#5786),#5790);
#5786 = LINE('',#5787,#5788);
#5787 = CARTESIAN_POINT('',(0.,-6.5));
#5788 = VECTOR('',#5789,1.);
#5789 = DIRECTION('',(1.,0.));
#5790 = ( GEOMETRIC_REPRESENTATION_CONTEXT(2) 
PARAMETRIC_REPRESENTATION_CONTEXT() REPRESENTATION_CONTEXT('2D SPACE',''
  ) );
#5791 = ORIENTED_EDGE('',*,*,#5792,.T.);
#5792 = EDGE_CURVE('',#5765,#5793,#5795,.T.);
#5793 = VERTEX_POINT('',#5794);
#5794 = CARTESIAN_POINT('',(193.5629033231,-36.59130092042,18.6));
#5795 = SURFACE_CURVE('',#5796,(#5801,#5808),.PCURVE_S1.);
#5796 = CIRCLE('',#5797,4.255935851755);
#5797 = AXIS2_PLACEMENT_3D('',#5798,#5799,#5800);
#5798 = CARTESIAN_POINT('',(190.88165755161,-33.28616687062,18.6));
#5799 = DIRECTION('',(0.,0.,1.));
#5800 = DIRECTION('',(0.4261036677,-0.904674341613,0.));
#5801 = PCURVE('',#72,#5802);
#5802 = DEFINITIONAL_REPRESENTATION('',(#5803),#5807);
#5803 = CIRCLE('',#5804,4.255935851755);
#5804 = AXIS2_PLACEMENT_2D('',#5805,#5806);
#5805 = CARTESIAN_POINT('',(-5.855241277919,39.454004607416));
#5806 = DIRECTION('',(0.4261036677,-0.904674341613));
#5807 = ( GEOMETRIC_REPRESENTATION_CONTEXT(2) 
PARAMETRIC_REPRESENTATION_CONTEXT() REPRESENTATION_CONTEXT('2D SPACE',''
  ) );
#5808 = PCURVE('',#643,#5809);
#5809 = DEFINITIONAL_REPRESENTATION('',(#5810),#5814);
#5810 = LINE('',#5811,#5812);
#5811 = CARTESIAN_POINT('',(-0.,-6.5));
#5812 = VECTOR('',#5813,1.);
#5813 = DIRECTION('',(-1.,0.));
#5814 = ( GEOMETRIC_REPRESENTATION_CONTEXT(2) 
PARAMETRIC_REPRESENTATION_CONTEXT() REPRESENTATION_CONTEXT('2D SPACE',''
  ) );
#5815 = ORIENTED_EDGE('',*,*,#5816,.T.);
#5816 = EDGE_CURVE('',#5793,#5817,#5819,.T.);
#5817 = VERTEX_POINT('',#5818);
#5818 = CARTESIAN_POINT('',(194.06252122305,-37.36875,18.6));
#5819 = SURFACE_CURVE('',#5820,(#5825,#5832),.PCURVE_S1.);
#5820 = CIRCLE('',#5821,0.550009244443);
#5821 = AXIS2_PLACEMENT_3D('',#5822,#5823,#5824);
#5822 = CARTESIAN_POINT('',(194.06368344631,-36.8187419835,18.6));
#5823 = DIRECTION('',(0.,0.,1.));
#5824 = DIRECTION('',(-0.781265238738,0.624199188352,0.));
#5825 = PCURVE('',#72,#5826);
#5826 = DEFINITIONAL_REPRESENTATION('',(#5827),#5831);
#5827 = CIRCLE('',#5828,0.550009244443);
#5828 = AXIS2_PLACEMENT_2D('',#5829,#5830);
#5829 = CARTESIAN_POINT('',(-2.673215383229,35.92142949454));
#5830 = DIRECTION('',(-0.781265238738,0.624199188352));
#5831 = ( GEOMETRIC_REPRESENTATION_CONTEXT(2) 
PARAMETRIC_REPRESENTATION_CONTEXT() REPRESENTATION_CONTEXT('2D SPACE',''
  ) );
#5832 = PCURVE('',#5833,#5838);
#5833 = CYLINDRICAL_SURFACE('',#5834,0.550009244443);
#5834 = AXIS2_PLACEMENT_3D('',#5835,#5836,#5837);
#5835 = CARTESIAN_POINT('',(194.06368344631,-36.8187419835,17.1));
#5836 = DIRECTION('',(-0.,-0.,-1.));
#5837 = DIRECTION('',(-0.781265238738,0.624199188352,0.));
#5838 = DEFINITIONAL_REPRESENTATION('',(#5839),#5843);
#5839 = LINE('',#5840,#5841);
#5840 = CARTESIAN_POINT('',(-0.,-1.5));
#5841 = VECTOR('',#5842,1.);
#5842 = DIRECTION('',(-1.,0.));
#5843 = ( GEOMETRIC_REPRESENTATION_CONTEXT(2) 
PARAMETRIC_REPRESENTATION_CONTEXT() REPRESENTATION_CONTEXT('2D SPACE',''
  ) );
#5844 = ORIENTED_EDGE('',*,*,#5845,.T.);
#5845 = EDGE_CURVE('',#5817,#5846,#5848,.T.);
#5846 = VERTEX_POINT('',#5847);
#5847 = CARTESIAN_POINT('',(207.15634778552,-37.36799677047,18.6));
#5848 = SURFACE_CURVE('',#5849,(#5853,#5860),.PCURVE_S1.);
#5849 = LINE('',#5850,#5851);
#5850 = CARTESIAN_POINT('',(194.06252122305,-37.36875,18.6));
#5851 = VECTOR('',#5852,1.);
#5852 = DIRECTION('',(0.999999998345,5.752554595502E-05,0.));
#5853 = PCURVE('',#72,#5854);
#5854 = DEFINITIONAL_REPRESENTATION('',(#5855),#5859);
#5855 = LINE('',#5856,#5857);
#5856 = CARTESIAN_POINT('',(-2.67437760648,35.371421478044));
#5857 = VECTOR('',#5858,1.);
#5858 = DIRECTION('',(0.999999998345,5.752554595502E-05));
#5859 = ( GEOMETRIC_REPRESENTATION_CONTEXT(2) 
PARAMETRIC_REPRESENTATION_CONTEXT() REPRESENTATION_CONTEXT('2D SPACE',''
  ) );
#5860 = PCURVE('',#5861,#5866);
#5861 = PLANE('',#5862);
#5862 = AXIS2_PLACEMENT_3D('',#5863,#5864,#5865);
#5863 = CARTESIAN_POINT('',(194.06252122305,-37.36875,17.1));
#5864 = DIRECTION('',(-5.752554595502E-05,0.999999998345,0.));
#5865 = DIRECTION('',(0.999999998345,5.752554595502E-05,0.));
#5866 = DEFINITIONAL_REPRESENTATION('',(#5867),#5871);
#5867 = LINE('',#5868,#5869);
#5868 = CARTESIAN_POINT('',(0.,-1.5));
#5869 = VECTOR('',#5870,1.);
#5870 = DIRECTION('',(1.,0.));
#5871 = ( GEOMETRIC_REPRESENTATION_CONTEXT(2) 
PARAMETRIC_REPRESENTATION_CONTEXT() REPRESENTATION_CONTEXT('2D SPACE',''
  ) );
#5872 = ORIENTED_EDGE('',*,*,#5873,.T.);
#5873 = EDGE_CURVE('',#5846,#5874,#5876,.T.);
#5874 = VERTEX_POINT('',#5875);
#5875 = CARTESIAN_POINT('',(210.62292330593,-35.61937233053,18.6));
#5876 = SURFACE_CURVE('',#5877,(#5882,#5889),.PCURVE_S1.);
#5877 = CIRCLE('',#5878,4.320879889355);
#5878 = AXIS2_PLACEMENT_3D('',#5879,#5880,#5881);
#5879 = CARTESIAN_POINT('',(207.15110515352,-33.04712006163,18.6));
#5880 = DIRECTION('',(0.,0.,1.));
#5881 = DIRECTION('',(1.213325095332E-03,-0.999999263921,0.));
#5882 = PCURVE('',#72,#5883);
#5883 = DEFINITIONAL_REPRESENTATION('',(#5884),#5888);
#5884 = CIRCLE('',#5885,4.320879889355);
#5885 = AXIS2_PLACEMENT_2D('',#5886,#5887);
#5886 = CARTESIAN_POINT('',(10.414206323986,39.693051416412));
#5887 = DIRECTION('',(1.213325095332E-03,-0.999999263921));
#5888 = ( GEOMETRIC_REPRESENTATION_CONTEXT(2) 
PARAMETRIC_REPRESENTATION_CONTEXT() REPRESENTATION_CONTEXT('2D SPACE',''
  ) );
#5889 = PCURVE('',#5890,#5895);
#5890 = CYLINDRICAL_SURFACE('',#5891,4.320879889355);
#5891 = AXIS2_PLACEMENT_3D('',#5892,#5893,#5894);
#5892 = CARTESIAN_POINT('',(207.15110515352,-33.04712006163,17.1));
#5893 = DIRECTION('',(-0.,-0.,-1.));
#5894 = DIRECTION('',(1.213325095332E-03,-0.999999263921,0.));
#5895 = DEFINITIONAL_REPRESENTATION('',(#5896),#5900);
#5896 = LINE('',#5897,#5898);
#5897 = CARTESIAN_POINT('',(-0.,-1.5));
#5898 = VECTOR('',#5899,1.);
#5899 = DIRECTION('',(-1.,0.));
#5900 = ( GEOMETRIC_REPRESENTATION_CONTEXT(2) 
PARAMETRIC_REPRESENTATION_CONTEXT() REPRESENTATION_CONTEXT('2D SPACE',''
  ) );
#5901 = ORIENTED_EDGE('',*,*,#5902,.T.);
#5902 = EDGE_CURVE('',#5874,#5903,#5905,.T.);
#5903 = VERTEX_POINT('',#5904);
#5904 = CARTESIAN_POINT('',(211.36333362188,-35.09105843119,18.6));
#5905 = SURFACE_CURVE('',#5906,(#5911,#5922),.PCURVE_S1.);
#5906 = CIRCLE('',#5907,1.694629813401);
#5907 = AXIS2_PLACEMENT_3D('',#5908,#5909,#5910);
#5908 = CARTESIAN_POINT('',(211.94132454804,-36.6840734009,18.6));
#5909 = DIRECTION('',(0.,0.,-1.));
#5910 = DIRECTION('',(-0.777987753836,0.628279440123,0.));
#5911 = PCURVE('',#72,#5912);
#5912 = DEFINITIONAL_REPRESENTATION('',(#5913),#5921);
#5913 = ( BOUNDED_CURVE() B_SPLINE_CURVE(2,(#5914,#5915,#5916,#5917,
#5918,#5919,#5920),.UNSPECIFIED.,.T.,.F.) B_SPLINE_CURVE_WITH_KNOTS((1,2
    ,2,2,2,1),(-2.094395102393,0.,2.094395102393,4.188790204786,
6.28318530718,8.377580409573),.UNSPECIFIED.) CURVE() 
GEOMETRIC_REPRESENTATION_ITEM() RATIONAL_B_SPLINE_CURVE((1.,0.5,1.,0.5,
1.,0.5,1.)) REPRESENTATION_ITEM('') );
#5914 = CARTESIAN_POINT('',(13.886024476392,37.120799147514));
#5915 = CARTESIAN_POINT('',(15.730140825162,39.404337083613));
#5916 = CARTESIAN_POINT('',(16.785684513945,36.665516509995));
#5917 = CARTESIAN_POINT('',(17.841228202727,33.926695936376));
#5918 = CARTESIAN_POINT('',(14.941568165175,34.381978573896));
#5919 = CARTESIAN_POINT('',(12.041908127622,34.837261211415));
#5920 = CARTESIAN_POINT('',(13.886024476392,37.120799147514));
#5921 = ( GEOMETRIC_REPRESENTATION_CONTEXT(2) 
PARAMETRIC_REPRESENTATION_CONTEXT() REPRESENTATION_CONTEXT('2D SPACE',''
  ) );
#5922 = PCURVE('',#5923,#5928);
#5923 = CYLINDRICAL_SURFACE('',#5924,1.694629813401);
#5924 = AXIS2_PLACEMENT_3D('',#5925,#5926,#5927);
#5925 = CARTESIAN_POINT('',(211.94132454804,-36.6840734009,17.1));
#5926 = DIRECTION('',(0.,0.,-1.));
#5927 = DIRECTION('',(-0.777987753836,0.628279440123,0.));
#5928 = DEFINITIONAL_REPRESENTATION('',(#5929),#5933);
#5929 = LINE('',#5930,#5931);
#5930 = CARTESIAN_POINT('',(0.,-1.5));
#5931 = VECTOR('',#5932,1.);
#5932 = DIRECTION('',(1.,0.));
#5933 = ( GEOMETRIC_REPRESENTATION_CONTEXT(2) 
PARAMETRIC_REPRESENTATION_CONTEXT() REPRESENTATION_CONTEXT('2D SPACE',''
  ) );
#5934 = ORIENTED_EDGE('',*,*,#5935,.T.);
#5935 = EDGE_CURVE('',#5903,#5936,#5938,.T.);
#5936 = VERTEX_POINT('',#5937);
#5937 = CARTESIAN_POINT('',(211.63808773581,-34.29126130135,18.6));
#5938 = SURFACE_CURVE('',#5939,(#5944,#5951),.PCURVE_S1.);
#5939 = CIRCLE('',#5940,0.549947637604);
#5940 = AXIS2_PLACEMENT_3D('',#5941,#5942,#5943);
#5941 = CARTESIAN_POINT('',(211.16814639916,-34.57691413997,18.6));
#5942 = DIRECTION('',(0.,-0.,1.));
#5943 = DIRECTION('',(0.354919649389,-0.934896808465,-0.));
#5944 = PCURVE('',#72,#5945);
#5945 = DEFINITIONAL_REPRESENTATION('',(#5946),#5950);
#5946 = CIRCLE('',#5947,0.549947637604);
#5947 = AXIS2_PLACEMENT_2D('',#5948,#5949);
#5948 = CARTESIAN_POINT('',(14.431247569623,38.163257338071));
#5949 = DIRECTION('',(0.354919649389,-0.934896808465));
#5950 = ( GEOMETRIC_REPRESENTATION_CONTEXT(2) 
PARAMETRIC_REPRESENTATION_CONTEXT() REPRESENTATION_CONTEXT('2D SPACE',''
  ) );
#5951 = PCURVE('',#5952,#5957);
#5952 = CYLINDRICAL_SURFACE('',#5953,0.549947637604);
#5953 = AXIS2_PLACEMENT_3D('',#5954,#5955,#5956);
#5954 = CARTESIAN_POINT('',(211.16814639916,-34.57691413997,17.1));
#5955 = DIRECTION('',(-0.,0.,-1.));
#5956 = DIRECTION('',(0.354919649389,-0.934896808465,-0.));
#5957 = DEFINITIONAL_REPRESENTATION('',(#5958),#5962);
#5958 = LINE('',#5959,#5960);
#5959 = CARTESIAN_POINT('',(-0.,-1.5));
#5960 = VECTOR('',#5961,1.);
#5961 = DIRECTION('',(-1.,0.));
#5962 = ( GEOMETRIC_REPRESENTATION_CONTEXT(2) 
PARAMETRIC_REPRESENTATION_CONTEXT() REPRESENTATION_CONTEXT('2D SPACE',''
  ) );
#5963 = ORIENTED_EDGE('',*,*,#5964,.T.);
#5964 = EDGE_CURVE('',#5936,#5965,#5967,.T.);
#5965 = VERTEX_POINT('',#5966);
#5966 = CARTESIAN_POINT('',(213.92063308849,-34.93749999999,18.6));
#5967 = SURFACE_CURVE('',#5968,(#5973,#5980),.PCURVE_S1.);
#5968 = CIRCLE('',#5969,4.252978802815);
#5969 = AXIS2_PLACEMENT_3D('',#5970,#5971,#5972);
#5970 = CARTESIAN_POINT('',(213.89196253593,-30.68461783649,18.6));
#5971 = DIRECTION('',(0.,0.,1.));
#5972 = DIRECTION('',(-0.995463544509,-9.514374153984E-02,0.));
#5973 = PCURVE('',#72,#5974);
#5974 = DEFINITIONAL_REPRESENTATION('',(#5975),#5979);
#5975 = CIRCLE('',#5976,4.252978802815);
#5976 = AXIS2_PLACEMENT_2D('',#5977,#5978);
#5977 = CARTESIAN_POINT('',(17.155063706391,42.055553641547));
#5978 = DIRECTION('',(-0.995463544509,-9.514374153984E-02));
#5979 = ( GEOMETRIC_REPRESENTATION_CONTEXT(2) 
PARAMETRIC_REPRESENTATION_CONTEXT() REPRESENTATION_CONTEXT('2D SPACE',''
  ) );
#5980 = PCURVE('',#822,#5981);
#5981 = DEFINITIONAL_REPRESENTATION('',(#5982),#5986);
#5982 = LINE('',#5983,#5984);
#5983 = CARTESIAN_POINT('',(-0.,-6.5));
#5984 = VECTOR('',#5985,1.);
#5985 = DIRECTION('',(-1.,0.));
#5986 = ( GEOMETRIC_REPRESENTATION_CONTEXT(2) 
PARAMETRIC_REPRESENTATION_CONTEXT() REPRESENTATION_CONTEXT('2D SPACE',''
  ) );
#5987 = ORIENTED_EDGE('',*,*,#5988,.T.);
#5988 = EDGE_CURVE('',#5965,#5989,#5991,.T.);
#5989 = VERTEX_POINT('',#5990);
#5990 = CARTESIAN_POINT('',(231.11203866224,-34.94796564356,18.6));
#5991 = SURFACE_CURVE('',#5992,(#5996,#6003),.PCURVE_S1.);
#5992 = LINE('',#5993,#5994);
#5993 = CARTESIAN_POINT('',(213.92063308849,-34.93749999999,18.6));
#5994 = VECTOR('',#5995,1.);
#5995 = DIRECTION('',(0.999999814698,-6.087717249787E-04,0.));
#5996 = PCURVE('',#72,#5997);
#5997 = DEFINITIONAL_REPRESENTATION('',(#5998),#6002);
#5998 = LINE('',#5999,#6000);
#5999 = CARTESIAN_POINT('',(17.183734258958,37.802671478048));
#6000 = VECTOR('',#6001,1.);
#6001 = DIRECTION('',(0.999999814698,-6.087717249787E-04));
#6002 = ( GEOMETRIC_REPRESENTATION_CONTEXT(2) 
PARAMETRIC_REPRESENTATION_CONTEXT() REPRESENTATION_CONTEXT('2D SPACE',''
  ) );
#6003 = PCURVE('',#850,#6004);
#6004 = DEFINITIONAL_REPRESENTATION('',(#6005),#6009);
#6005 = LINE('',#6006,#6007);
#6006 = CARTESIAN_POINT('',(0.,-6.5));
#6007 = VECTOR('',#6008,1.);
#6008 = DIRECTION('',(1.,0.));
#6009 = ( GEOMETRIC_REPRESENTATION_CONTEXT(2) 
PARAMETRIC_REPRESENTATION_CONTEXT() REPRESENTATION_CONTEXT('2D SPACE',''
  ) );
#6010 = ORIENTED_EDGE('',*,*,#6011,.T.);
#6011 = EDGE_CURVE('',#5989,#6012,#6014,.T.);
#6012 = VERTEX_POINT('',#6013);
#6013 = CARTESIAN_POINT('',(232.2891076049,-35.58582067205,18.6));
#6014 = SURFACE_CURVE('',#6015,(#6020,#6031),.PCURVE_S1.);
#6015 = CIRCLE('',#6016,1.7481403103);
#6016 = AXIS2_PLACEMENT_3D('',#6017,#6018,#6019);
#6017 = CARTESIAN_POINT('',(230.93116534202,-36.6867236447,18.6));
#6018 = DIRECTION('',(0.,0.,-1.));
#6019 = DIRECTION('',(0.103466134357,0.994632977053,0.));
#6020 = PCURVE('',#72,#6021);
#6021 = DEFINITIONAL_REPRESENTATION('',(#6022),#6030);
#6022 = ( BOUNDED_CURVE() B_SPLINE_CURVE(2,(#6023,#6024,#6025,#6026,
#6027,#6028,#6029),.UNSPECIFIED.,.T.,.F.) B_SPLINE_CURVE_WITH_KNOTS((1,2
    ,2,2,2,1),(-2.094395102393,0.,2.094395102393,4.188790204786,
6.28318530718,8.377580409573),.UNSPECIFIED.) CURVE() 
GEOMETRIC_REPRESENTATION_ITEM() RATIONAL_B_SPLINE_CURVE((1.,0.5,1.,0.5,
1.,0.5,1.)) REPRESENTATION_ITEM('') );
#6023 = CARTESIAN_POINT('',(34.375139832709,37.792205834482));
#6024 = CARTESIAN_POINT('',(37.386757032751,37.478924054128));
#6025 = CARTESIAN_POINT('',(35.6096384524,35.027427942595));
#6026 = CARTESIAN_POINT('',(33.832519872049,32.575931831062));
#6027 = CARTESIAN_POINT('',(32.598021252358,35.340709722949));
#6028 = CARTESIAN_POINT('',(31.363522632667,38.105487614837));
#6029 = CARTESIAN_POINT('',(34.375139832709,37.792205834482));
#6030 = ( GEOMETRIC_REPRESENTATION_CONTEXT(2) 
PARAMETRIC_REPRESENTATION_CONTEXT() REPRESENTATION_CONTEXT('2D SPACE',''
  ) );
#6031 = PCURVE('',#1050,#6032);
#6032 = DEFINITIONAL_REPRESENTATION('',(#6033),#6037);
#6033 = LINE('',#6034,#6035);
#6034 = CARTESIAN_POINT('',(0.,-6.5));
#6035 = VECTOR('',#6036,1.);
#6036 = DIRECTION('',(1.,0.));
#6037 = ( GEOMETRIC_REPRESENTATION_CONTEXT(2) 
PARAMETRIC_REPRESENTATION_CONTEXT() REPRESENTATION_CONTEXT('2D SPACE',''
  ) );
#6038 = ORIENTED_EDGE('',*,*,#6039,.T.);
#6039 = EDGE_CURVE('',#6012,#6040,#6042,.T.);
#6040 = VERTEX_POINT('',#6041);
#6041 = CARTESIAN_POINT('',(235.74999927641,-37.31874999999,18.6));
#6042 = SURFACE_CURVE('',#6043,(#6048,#6055),.PCURVE_S1.);
#6043 = CIRCLE('',#6044,4.276316587267);
#6044 = AXIS2_PLACEMENT_3D('',#6045,#6046,#6047);
#6045 = CARTESIAN_POINT('',(235.72689501684,-33.0424958275,18.6));
#6046 = DIRECTION('',(0.,0.,1.));
#6047 = DIRECTION('',(-0.803913214043,-0.594746621922,0.));
#6048 = PCURVE('',#72,#6049);
#6049 = DEFINITIONAL_REPRESENTATION('',(#6050),#6054);
#6050 = CIRCLE('',#6051,4.276316587267);
#6051 = AXIS2_PLACEMENT_2D('',#6052,#6053);
#6052 = CARTESIAN_POINT('',(38.989996187301,39.697675650536));
#6053 = DIRECTION('',(-0.803913214043,-0.594746621922));
#6054 = ( GEOMETRIC_REPRESENTATION_CONTEXT(2) 
PARAMETRIC_REPRESENTATION_CONTEXT() REPRESENTATION_CONTEXT('2D SPACE',''
  ) );
#6055 = PCURVE('',#1079,#6056);
#6056 = DEFINITIONAL_REPRESENTATION('',(#6057),#6061);
#6057 = LINE('',#6058,#6059);
#6058 = CARTESIAN_POINT('',(-0.,-6.5));
#6059 = VECTOR('',#6060,1.);
#6060 = DIRECTION('',(-1.,0.));
#6061 = ( GEOMETRIC_REPRESENTATION_CONTEXT(2) 
PARAMETRIC_REPRESENTATION_CONTEXT() REPRESENTATION_CONTEXT('2D SPACE',''
  ) );
#6062 = ORIENTED_EDGE('',*,*,#6063,.T.);
#6063 = EDGE_CURVE('',#6040,#6064,#6066,.T.);
#6064 = VERTEX_POINT('',#6065);
#6065 = CARTESIAN_POINT('',(249.88132020485,-37.33738819394,18.6));
#6066 = SURFACE_CURVE('',#6067,(#6071,#6078),.PCURVE_S1.);
#6067 = LINE('',#6068,#6069);
#6068 = CARTESIAN_POINT('',(235.74999927641,-37.31874999999,18.6));
#6069 = VECTOR('',#6070,1.);
#6070 = DIRECTION('',(0.999999130216,-1.318926789066E-03,0.));
#6071 = PCURVE('',#72,#6072);
#6072 = DEFINITIONAL_REPRESENTATION('',(#6073),#6077);
#6073 = LINE('',#6074,#6075);
#6074 = CARTESIAN_POINT('',(39.013100446873,35.421421478048));
#6075 = VECTOR('',#6076,1.);
#6076 = DIRECTION('',(0.999999130216,-1.318926789066E-03));
#6077 = ( GEOMETRIC_REPRESENTATION_CONTEXT(2) 
PARAMETRIC_REPRESENTATION_CONTEXT() REPRESENTATION_CONTEXT('2D SPACE',''
  ) );
#6078 = PCURVE('',#1107,#6079);
#6079 = DEFINITIONAL_REPRESENTATION('',(#6080),#6084);
#6080 = LINE('',#6081,#6082);
#6081 = CARTESIAN_POINT('',(0.,-6.5));
#6082 = VECTOR('',#6083,1.);
#6083 = DIRECTION('',(1.,0.));
#6084 = ( GEOMETRIC_REPRESENTATION_CONTEXT(2) 
PARAMETRIC_REPRESENTATION_CONTEXT() REPRESENTATION_CONTEXT('2D SPACE',''
  ) );
#6085 = ORIENTED_EDGE('',*,*,#6086,.T.);
#6086 = EDGE_CURVE('',#6064,#6087,#6089,.T.);
#6087 = VERTEX_POINT('',#6088);
#6088 = CARTESIAN_POINT('',(251.36801113554,-38.81390913459,18.6));
#6089 = SURFACE_CURVE('',#6090,(#6095,#6106),.PCURVE_S1.);
#6090 = CIRCLE('',#6091,1.755617466272);
#6091 = AXIS2_PLACEMENT_3D('',#6092,#6093,#6094);
#6092 = CARTESIAN_POINT('',(249.63194737965,-39.07520460597,18.6));
#6093 = DIRECTION('',(0.,0.,-1.));
#6094 = DIRECTION('',(0.142042802601,0.989860516552,0.));
#6095 = PCURVE('',#72,#6096);
#6096 = DEFINITIONAL_REPRESENTATION('',(#6097),#6105);
#6097 = ( BOUNDED_CURVE() B_SPLINE_CURVE(2,(#6098,#6099,#6100,#6101,
#6102,#6103,#6104),.UNSPECIFIED.,.T.,.F.) B_SPLINE_CURVE_WITH_KNOTS((1,2
    ,2,2,2,1),(-2.094395102393,0.,2.094395102393,4.188790204786,
6.28318530718,8.377580409573),.UNSPECIFIED.) CURVE() 
GEOMETRIC_REPRESENTATION_ITEM() RATIONAL_B_SPLINE_CURVE((1.,0.5,1.,0.5,
1.,0.5,1.)) REPRESENTATION_ITEM('') );
#6098 = CARTESIAN_POINT('',(53.144421375318,35.402783284099));
#6099 = CARTESIAN_POINT('',(56.154407695185,34.970856880817));
#6100 = CARTESIAN_POINT('',(54.275355297444,32.580095464409));
#6101 = CARTESIAN_POINT('',(52.396302899702,30.189334048001));
#6102 = CARTESIAN_POINT('',(51.265368977576,33.012021867691));
#6103 = CARTESIAN_POINT('',(50.13443505545,35.834709687382));
#6104 = CARTESIAN_POINT('',(53.144421375318,35.402783284099));
#6105 = ( GEOMETRIC_REPRESENTATION_CONTEXT(2) 
PARAMETRIC_REPRESENTATION_CONTEXT() REPRESENTATION_CONTEXT('2D SPACE',''
  ) );
#6106 = PCURVE('',#1140,#6107);
#6107 = DEFINITIONAL_REPRESENTATION('',(#6108),#6112);
#6108 = LINE('',#6109,#6110);
#6109 = CARTESIAN_POINT('',(0.,-6.5));
#6110 = VECTOR('',#6111,1.);
#6111 = DIRECTION('',(1.,0.));
#6112 = ( GEOMETRIC_REPRESENTATION_CONTEXT(2) 
PARAMETRIC_REPRESENTATION_CONTEXT() REPRESENTATION_CONTEXT('2D SPACE',''
  ) );
#6113 = ORIENTED_EDGE('',*,*,#6114,.T.);
#6114 = EDGE_CURVE('',#6087,#6115,#6117,.T.);
#6115 = VERTEX_POINT('',#6116);
#6116 = CARTESIAN_POINT('',(255.53293010634,-42.08124999999,18.6));
#6117 = SURFACE_CURVE('',#6118,(#6123,#6130),.PCURVE_S1.);
#6118 = CIRCLE('',#6119,4.25164791008);
#6119 = AXIS2_PLACEMENT_3D('',#6120,#6121,#6122);
#6120 = CARTESIAN_POINT('',(255.50417373265,-37.82969933909,18.6));
#6121 = DIRECTION('',(0.,0.,1.));
#6122 = DIRECTION('',(-0.972837517261,-0.23148901704,0.));
#6123 = PCURVE('',#72,#6124);
#6124 = DEFINITIONAL_REPRESENTATION('',(#6125),#6129);
#6125 = CIRCLE('',#6126,4.25164791008);
#6126 = AXIS2_PLACEMENT_2D('',#6127,#6128);
#6127 = CARTESIAN_POINT('',(58.767274903112,34.910472138953));
#6128 = DIRECTION('',(-0.972837517261,-0.23148901704));
#6129 = ( GEOMETRIC_REPRESENTATION_CONTEXT(2) 
PARAMETRIC_REPRESENTATION_CONTEXT() REPRESENTATION_CONTEXT('2D SPACE',''
  ) );
#6130 = PCURVE('',#1169,#6131);
#6131 = DEFINITIONAL_REPRESENTATION('',(#6132),#6136);
#6132 = LINE('',#6133,#6134);
#6133 = CARTESIAN_POINT('',(-0.,-6.5));
#6134 = VECTOR('',#6135,1.);
#6135 = DIRECTION('',(-1.,0.));
#6136 = ( GEOMETRIC_REPRESENTATION_CONTEXT(2) 
PARAMETRIC_REPRESENTATION_CONTEXT() REPRESENTATION_CONTEXT('2D SPACE',''
  ) );
#6137 = ORIENTED_EDGE('',*,*,#6138,.T.);
#6138 = EDGE_CURVE('',#6115,#6139,#6141,.T.);
#6139 = VERTEX_POINT('',#6140);
#6140 = CARTESIAN_POINT('',(287.85819161735,-42.09976427289,18.6));
#6141 = SURFACE_CURVE('',#6142,(#6146,#6153),.PCURVE_S1.);
#6142 = LINE('',#6143,#6144);
#6143 = CARTESIAN_POINT('',(255.53293010634,-42.08124999999,18.6));
#6144 = VECTOR('',#6145,1.);
#6145 = DIRECTION('',(0.999999835979,-5.727492677011E-04,0.));
#6146 = PCURVE('',#72,#6147);
#6147 = DEFINITIONAL_REPRESENTATION('',(#6148),#6152);
#6148 = LINE('',#6149,#6150);
#6149 = CARTESIAN_POINT('',(58.796031276807,30.658921478046));
#6150 = VECTOR('',#6151,1.);
#6151 = DIRECTION('',(0.999999835979,-5.727492677011E-04));
#6152 = ( GEOMETRIC_REPRESENTATION_CONTEXT(2) 
PARAMETRIC_REPRESENTATION_CONTEXT() REPRESENTATION_CONTEXT('2D SPACE',''
  ) );
#6153 = PCURVE('',#1197,#6154);
#6154 = DEFINITIONAL_REPRESENTATION('',(#6155),#6159);
#6155 = LINE('',#6156,#6157);
#6156 = CARTESIAN_POINT('',(0.,-6.5));
#6157 = VECTOR('',#6158,1.);
#6158 = DIRECTION('',(1.,0.));
#6159 = ( GEOMETRIC_REPRESENTATION_CONTEXT(2) 
PARAMETRIC_REPRESENTATION_CONTEXT() REPRESENTATION_CONTEXT('2D SPACE',''
  ) );
#6160 = ORIENTED_EDGE('',*,*,#6161,.T.);
#6161 = EDGE_CURVE('',#6139,#6162,#6164,.T.);
#6162 = VERTEX_POINT('',#6163);
#6163 = CARTESIAN_POINT('',(289.3625,-43.85027196991,18.6));
#6164 = SURFACE_CURVE('',#6165,(#6170,#6181),.PCURVE_S1.);
#6165 = CIRCLE('',#6166,1.751337237115);
#6166 = AXIS2_PLACEMENT_3D('',#6167,#6168,#6169);
#6167 = CARTESIAN_POINT('',(287.61124208746,-43.83360337955,18.6));
#6168 = DIRECTION('',(0.,0.,-1.));
#6169 = DIRECTION('',(0.141006269182,0.990008703018,0.));
#6170 = PCURVE('',#72,#6171);
#6171 = DEFINITIONAL_REPRESENTATION('',(#6172),#6180);
#6172 = ( BOUNDED_CURVE() B_SPLINE_CURVE(2,(#6173,#6174,#6175,#6176,
#6177,#6178,#6179),.UNSPECIFIED.,.T.,.F.) B_SPLINE_CURVE_WITH_KNOTS((1,2
    ,2,2,2,1),(-2.094395102393,0.,2.094395102393,4.188790204786,
6.28318530718,8.377580409573),.UNSPECIFIED.) CURVE() 
GEOMETRIC_REPRESENTATION_ITEM() RATIONAL_B_SPLINE_CURVE((1.,0.5,1.,0.5,
1.,0.5,1.)) REPRESENTATION_ITEM('') );
#6173 = CARTESIAN_POINT('',(91.121292787815,30.64040720515));
#6174 = CARTESIAN_POINT('',(94.124390212706,30.212678072485));
#6175 = CARTESIAN_POINT('',(92.252417205434,27.825783978822));
#6176 = CARTESIAN_POINT('',(90.380444198161,25.438889885159));
#6177 = CARTESIAN_POINT('',(89.249319780542,28.253513111488));
#6178 = CARTESIAN_POINT('',(88.118195362924,31.068136337816));
#6179 = CARTESIAN_POINT('',(91.121292787815,30.64040720515));
#6180 = ( GEOMETRIC_REPRESENTATION_CONTEXT(2) 
PARAMETRIC_REPRESENTATION_CONTEXT() REPRESENTATION_CONTEXT('2D SPACE',''
  ) );
#6181 = PCURVE('',#1397,#6182);
#6182 = DEFINITIONAL_REPRESENTATION('',(#6183),#6187);
#6183 = LINE('',#6184,#6185);
#6184 = CARTESIAN_POINT('',(0.,-6.5));
#6185 = VECTOR('',#6186,1.);
#6186 = DIRECTION('',(1.,0.));
#6187 = ( GEOMETRIC_REPRESENTATION_CONTEXT(2) 
PARAMETRIC_REPRESENTATION_CONTEXT() REPRESENTATION_CONTEXT('2D SPACE',''
  ) );
#6188 = ORIENTED_EDGE('',*,*,#6189,.T.);
#6189 = EDGE_CURVE('',#6162,#6190,#6192,.T.);
#6190 = VERTEX_POINT('',#6191);
#6191 = CARTESIAN_POINT('',(289.3439857271,-100.2269416173,18.6));
#6192 = SURFACE_CURVE('',#6193,(#6197,#6204),.PCURVE_S1.);
#6193 = LINE('',#6194,#6195);
#6194 = CARTESIAN_POINT('',(289.3625,-43.85027196991,18.6));
#6195 = VECTOR('',#6196,1.);
#6196 = DIRECTION('',(-3.284030789964E-04,-0.999999946076,0.));
#6197 = PCURVE('',#72,#6198);
#6198 = DEFINITIONAL_REPRESENTATION('',(#6199),#6203);
#6199 = LINE('',#6200,#6201);
#6200 = CARTESIAN_POINT('',(92.625601170461,28.889899508134));
#6201 = VECTOR('',#6202,1.);
#6202 = DIRECTION('',(-3.284030789964E-04,-0.999999946076));
#6203 = ( GEOMETRIC_REPRESENTATION_CONTEXT(2) 
PARAMETRIC_REPRESENTATION_CONTEXT() REPRESENTATION_CONTEXT('2D SPACE',''
  ) );
#6204 = PCURVE('',#1425,#6205);
#6205 = DEFINITIONAL_REPRESENTATION('',(#6206),#6210);
#6206 = LINE('',#6207,#6208);
#6207 = CARTESIAN_POINT('',(0.,-6.5));
#6208 = VECTOR('',#6209,1.);
#6209 = DIRECTION('',(1.,0.));
#6210 = ( GEOMETRIC_REPRESENTATION_CONTEXT(2) 
PARAMETRIC_REPRESENTATION_CONTEXT() REPRESENTATION_CONTEXT('2D SPACE',''
  ) );
#6211 = ORIENTED_EDGE('',*,*,#6212,.T.);
#6212 = EDGE_CURVE('',#6190,#6213,#6215,.T.);
#6213 = VERTEX_POINT('',#6214);
#6214 = CARTESIAN_POINT('',(287.5934780302,-101.73125,18.6));
#6215 = SURFACE_CURVE('',#6216,(#6221,#6232),.PCURVE_S1.);
#6216 = CIRCLE('',#6217,1.751337237113);
#6217 = AXIS2_PLACEMENT_3D('',#6218,#6219,#6220);
#6218 = CARTESIAN_POINT('',(287.61014662044,-99.97999208747,18.6));
#6219 = DIRECTION('',(0.,0.,-1.));
#6220 = DIRECTION('',(0.990008703018,-0.141006269182,0.));
#6221 = PCURVE('',#72,#6222);
#6222 = DEFINITIONAL_REPRESENTATION('',(#6223),#6231);
#6223 = ( BOUNDED_CURVE() B_SPLINE_CURVE(2,(#6224,#6225,#6226,#6227,
#6228,#6229,#6230),.UNSPECIFIED.,.T.,.F.) B_SPLINE_CURVE_WITH_KNOTS((1,2
    ,2,2,2,1),(-2.094395102393,0.,2.094395102393,4.188790204786,
6.28318530718,8.377580409573),.UNSPECIFIED.) CURVE() 
GEOMETRIC_REPRESENTATION_ITEM() RATIONAL_B_SPLINE_CURVE((1.,0.5,1.,0.5,
1.,0.5,1.)) REPRESENTATION_ITEM('') );
#6224 = CARTESIAN_POINT('',(92.607086897567,-27.48677013931));
#6225 = CARTESIAN_POINT('',(92.179357764902,-30.48986756419));
#6226 = CARTESIAN_POINT('',(89.792463671243,-28.61789455692));
#6227 = CARTESIAN_POINT('',(87.405569577584,-26.74592154965));
#6228 = CARTESIAN_POINT('',(90.220192803908,-25.61479713204));
#6229 = CARTESIAN_POINT('',(93.034816030232,-24.48367271442));
#6230 = CARTESIAN_POINT('',(92.607086897567,-27.48677013931));
#6231 = ( GEOMETRIC_REPRESENTATION_CONTEXT(2) 
PARAMETRIC_REPRESENTATION_CONTEXT() REPRESENTATION_CONTEXT('2D SPACE',''
  ) );
#6232 = PCURVE('',#1625,#6233);
#6233 = DEFINITIONAL_REPRESENTATION('',(#6234),#6238);
#6234 = LINE('',#6235,#6236);
#6235 = CARTESIAN_POINT('',(0.,-6.5));
#6236 = VECTOR('',#6237,1.);
#6237 = DIRECTION('',(1.,0.));
#6238 = ( GEOMETRIC_REPRESENTATION_CONTEXT(2) 
PARAMETRIC_REPRESENTATION_CONTEXT() REPRESENTATION_CONTEXT('2D SPACE',''
  ) );
#6239 = ORIENTED_EDGE('',*,*,#6240,.T.);
#6240 = EDGE_CURVE('',#6213,#6241,#6243,.T.);
#6241 = VERTEX_POINT('',#6242);
#6242 = CARTESIAN_POINT('',(250.14367979514,-101.712611806,18.6));
#6243 = SURFACE_CURVE('',#6244,(#6248,#6255),.PCURVE_S1.);
#6244 = LINE('',#6245,#6246);
#6245 = CARTESIAN_POINT('',(287.5934780302,-101.73125,18.6));
#6246 = VECTOR('',#6247,1.);
#6247 = DIRECTION('',(-0.999999876155,4.976847009857E-04,0.));
#6248 = PCURVE('',#72,#6249);
#6249 = DEFINITIONAL_REPRESENTATION('',(#6250),#6254);
#6250 = LINE('',#6251,#6252);
#6251 = CARTESIAN_POINT('',(90.856579200669,-28.99107852195));
#6252 = VECTOR('',#6253,1.);
#6253 = DIRECTION('',(-0.999999876155,4.976847009857E-04));
#6254 = ( GEOMETRIC_REPRESENTATION_CONTEXT(2) 
PARAMETRIC_REPRESENTATION_CONTEXT() REPRESENTATION_CONTEXT('2D SPACE',''
  ) );
#6255 = PCURVE('',#1653,#6256);
#6256 = DEFINITIONAL_REPRESENTATION('',(#6257),#6261);
#6257 = LINE('',#6258,#6259);
#6258 = CARTESIAN_POINT('',(0.,-6.5));
#6259 = VECTOR('',#6260,1.);
#6260 = DIRECTION('',(1.,0.));
#6261 = ( GEOMETRIC_REPRESENTATION_CONTEXT(2) 
PARAMETRIC_REPRESENTATION_CONTEXT() REPRESENTATION_CONTEXT('2D SPACE',''
  ) );
#6262 = ORIENTED_EDGE('',*,*,#6263,.T.);
#6263 = EDGE_CURVE('',#6241,#6264,#6266,.T.);
#6264 = VERTEX_POINT('',#6265);
#6265 = CARTESIAN_POINT('',(248.65698886445,-100.2360908654,18.6));
#6266 = SURFACE_CURVE('',#6267,(#6272,#6283),.PCURVE_S1.);
#6267 = CIRCLE('',#6268,1.755617466273);
#6268 = AXIS2_PLACEMENT_3D('',#6269,#6270,#6271);
#6269 = CARTESIAN_POINT('',(250.39305262034,-99.97479539402,18.6));
#6270 = DIRECTION('',(0.,0.,-1.));
#6271 = DIRECTION('',(-0.142042802601,-0.989860516552,-0.));
#6272 = PCURVE('',#72,#6273);
#6273 = DEFINITIONAL_REPRESENTATION('',(#6274),#6282);
#6274 = ( BOUNDED_CURVE() B_SPLINE_CURVE(2,(#6275,#6276,#6277,#6278,
#6279,#6280,#6281),.UNSPECIFIED.,.T.,.F.) B_SPLINE_CURVE_WITH_KNOTS((1,2
    ,2,2,2,1),(-2.094395102393,0.,2.094395102393,4.188790204786,
6.28318530718,8.377580409573),.UNSPECIFIED.) CURVE() 
GEOMETRIC_REPRESENTATION_ITEM() RATIONAL_B_SPLINE_CURVE((1.,0.5,1.,0.5,
1.,0.5,1.)) REPRESENTATION_ITEM('') );
#6275 = CARTESIAN_POINT('',(53.406780965606,-28.97244032801));
#6276 = CARTESIAN_POINT('',(50.396794645737,-28.54051392473));
#6277 = CARTESIAN_POINT('',(52.275847043478,-26.14975250832));
#6278 = CARTESIAN_POINT('',(54.154899441219,-23.75899109191));
#6279 = CARTESIAN_POINT('',(55.285833363347,-26.5816789116));
#6280 = CARTESIAN_POINT('',(56.416767285475,-29.40436673129));
#6281 = CARTESIAN_POINT('',(53.406780965606,-28.97244032801));
#6282 = ( GEOMETRIC_REPRESENTATION_CONTEXT(2) 
PARAMETRIC_REPRESENTATION_CONTEXT() REPRESENTATION_CONTEXT('2D SPACE',''
  ) );
#6283 = PCURVE('',#1853,#6284);
#6284 = DEFINITIONAL_REPRESENTATION('',(#6285),#6289);
#6285 = LINE('',#6286,#6287);
#6286 = CARTESIAN_POINT('',(0.,-6.5));
#6287 = VECTOR('',#6288,1.);
#6288 = DIRECTION('',(1.,0.));
#6289 = ( GEOMETRIC_REPRESENTATION_CONTEXT(2) 
PARAMETRIC_REPRESENTATION_CONTEXT() REPRESENTATION_CONTEXT('2D SPACE',''
  ) );
#6290 = ORIENTED_EDGE('',*,*,#6291,.T.);
#6291 = EDGE_CURVE('',#6264,#6292,#6294,.T.);
#6292 = VERTEX_POINT('',#6293);
#6293 = CARTESIAN_POINT('',(244.49206989392,-96.96875,18.6));
#6294 = SURFACE_CURVE('',#6295,(#6300,#6307),.PCURVE_S1.);
#6295 = CIRCLE('',#6296,4.251647910072);
#6296 = AXIS2_PLACEMENT_3D('',#6297,#6298,#6299);
#6297 = CARTESIAN_POINT('',(244.52082626735,-101.2203006609,18.6));
#6298 = DIRECTION('',(0.,0.,1.));
#6299 = DIRECTION('',(0.972837517261,0.231489017039,-0.));
#6300 = PCURVE('',#72,#6301);
#6301 = DEFINITIONAL_REPRESENTATION('',(#6302),#6306);
#6302 = CIRCLE('',#6303,4.251647910072);
#6303 = AXIS2_PLACEMENT_2D('',#6304,#6305);
#6304 = CARTESIAN_POINT('',(47.783927437818,-28.48012918286));
#6305 = DIRECTION('',(0.972837517261,0.231489017039));
#6306 = ( GEOMETRIC_REPRESENTATION_CONTEXT(2) 
PARAMETRIC_REPRESENTATION_CONTEXT() REPRESENTATION_CONTEXT('2D SPACE',''
  ) );
#6307 = PCURVE('',#1882,#6308);
#6308 = DEFINITIONAL_REPRESENTATION('',(#6309),#6313);
#6309 = LINE('',#6310,#6311);
#6310 = CARTESIAN_POINT('',(-0.,-6.5));
#6311 = VECTOR('',#6312,1.);
#6312 = DIRECTION('',(-1.,0.));
#6313 = ( GEOMETRIC_REPRESENTATION_CONTEXT(2) 
PARAMETRIC_REPRESENTATION_CONTEXT() REPRESENTATION_CONTEXT('2D SPACE',''
  ) );
#6314 = ORIENTED_EDGE('',*,*,#6315,.T.);
#6315 = EDGE_CURVE('',#6292,#6316,#6318,.T.);
#6316 = VERTEX_POINT('',#6317);
#6317 = CARTESIAN_POINT('',(230.60178157603,-96.95018070178,18.6));
#6318 = SURFACE_CURVE('',#6319,(#6323,#6330),.PCURVE_S1.);
#6319 = LINE('',#6320,#6321);
#6320 = CARTESIAN_POINT('',(244.49206989392,-96.96875,18.6));
#6321 = VECTOR('',#6322,1.);
#6322 = DIRECTION('',(-0.999999106411,1.336853577142E-03,0.));
#6323 = PCURVE('',#72,#6324);
#6324 = DEFINITIONAL_REPRESENTATION('',(#6325),#6329);
#6325 = LINE('',#6326,#6327);
#6326 = CARTESIAN_POINT('',(47.755171064386,-24.22857852195));
#6327 = VECTOR('',#6328,1.);
#6328 = DIRECTION('',(-0.999999106411,1.336853577142E-03));
#6329 = ( GEOMETRIC_REPRESENTATION_CONTEXT(2) 
PARAMETRIC_REPRESENTATION_CONTEXT() REPRESENTATION_CONTEXT('2D SPACE',''
  ) );
#6330 = PCURVE('',#1910,#6331);
#6331 = DEFINITIONAL_REPRESENTATION('',(#6332),#6336);
#6332 = LINE('',#6333,#6334);
#6333 = CARTESIAN_POINT('',(0.,-6.5));
#6334 = VECTOR('',#6335,1.);
#6335 = DIRECTION('',(1.,0.));
#6336 = ( GEOMETRIC_REPRESENTATION_CONTEXT(2) 
PARAMETRIC_REPRESENTATION_CONTEXT() REPRESENTATION_CONTEXT('2D SPACE',''
  ) );
#6337 = ORIENTED_EDGE('',*,*,#6338,.T.);
#6338 = EDGE_CURVE('',#6316,#6339,#6341,.T.);
#6339 = VERTEX_POINT('',#6340);
#6340 = CARTESIAN_POINT('',(229.49515582179,-96.37209621286,18.6));
#6341 = SURFACE_CURVE('',#6342,(#6347,#6358),.PCURVE_S1.);
#6342 = CIRCLE('',#6343,1.989647728851);
#6343 = AXIS2_PLACEMENT_3D('',#6344,#6345,#6346);
#6344 = CARTESIAN_POINT('',(230.92318844396,-94.98666454189,18.6));
#6345 = DIRECTION('',(0.,0.,-1.));
#6346 = DIRECTION('',(-0.161539584757,-0.986866233365,-0.));
#6347 = PCURVE('',#72,#6348);
#6348 = DEFINITIONAL_REPRESENTATION('',(#6349),#6357);
#6349 = ( BOUNDED_CURVE() B_SPLINE_CURVE(2,(#6350,#6351,#6352,#6353,
#6354,#6355,#6356),.UNSPECIFIED.,.T.,.F.) B_SPLINE_CURVE_WITH_KNOTS((1,2
    ,2,2,2,1),(-2.094395102393,0.,2.094395102393,4.188790204786,
6.28318530718,8.377580409573),.UNSPECIFIED.) CURVE() 
GEOMETRIC_REPRESENTATION_ITEM() RATIONAL_B_SPLINE_CURVE((1.,0.5,1.,0.5,
1.,0.5,1.)) REPRESENTATION_ITEM('') );
#6350 = CARTESIAN_POINT('',(33.864882746492,-24.21000922374));
#6351 = CARTESIAN_POINT('',(30.463972996071,-23.65331619858));
#6352 = CARTESIAN_POINT('',(32.646538173178,-20.98638847131));
#6353 = CARTESIAN_POINT('',(34.829103350285,-18.31946074405));
#6354 = CARTESIAN_POINT('',(36.047447923598,-21.54308149647));
#6355 = CARTESIAN_POINT('',(37.265792496912,-24.76670224889));
#6356 = CARTESIAN_POINT('',(33.864882746492,-24.21000922374));
#6357 = ( GEOMETRIC_REPRESENTATION_CONTEXT(2) 
PARAMETRIC_REPRESENTATION_CONTEXT() REPRESENTATION_CONTEXT('2D SPACE',''
  ) );
#6358 = PCURVE('',#1943,#6359);
#6359 = DEFINITIONAL_REPRESENTATION('',(#6360),#6364);
#6360 = LINE('',#6361,#6362);
#6361 = CARTESIAN_POINT('',(0.,-6.5));
#6362 = VECTOR('',#6363,1.);
#6363 = DIRECTION('',(1.,0.));
#6364 = ( GEOMETRIC_REPRESENTATION_CONTEXT(2) 
PARAMETRIC_REPRESENTATION_CONTEXT() REPRESENTATION_CONTEXT('2D SPACE',''
  ) );
#6365 = ORIENTED_EDGE('',*,*,#6366,.T.);
#6366 = EDGE_CURVE('',#6339,#6367,#6369,.T.);
#6367 = VERTEX_POINT('',#6368);
#6368 = CARTESIAN_POINT('',(222.6875,-99.79627413384,18.6));
#6369 = SURFACE_CURVE('',#6370,(#6375,#6382),.PCURVE_S1.);
#6370 = CIRCLE('',#6371,4.249945635399);
#6371 = AXIS2_PLACEMENT_3D('',#6372,#6373,#6374);
#6372 = CARTESIAN_POINT('',(226.93733888199,-99.76615136951,18.6));
#6373 = DIRECTION('',(0.,0.,1.));
#6374 = DIRECTION('',(0.601846978579,0.798611428903,-0.));
#6375 = PCURVE('',#72,#6376);
#6376 = DEFINITIONAL_REPRESENTATION('',(#6377),#6381);
#6377 = CIRCLE('',#6378,4.249945635399);
#6378 = AXIS2_PLACEMENT_2D('',#6379,#6380);
#6379 = CARTESIAN_POINT('',(30.200440052459,-27.02597989146));
#6380 = DIRECTION('',(0.601846978579,0.798611428903));
#6381 = ( GEOMETRIC_REPRESENTATION_CONTEXT(2) 
PARAMETRIC_REPRESENTATION_CONTEXT() REPRESENTATION_CONTEXT('2D SPACE',''
  ) );
#6382 = PCURVE('',#1972,#6383);
#6383 = DEFINITIONAL_REPRESENTATION('',(#6384),#6388);
#6384 = LINE('',#6385,#6386);
#6385 = CARTESIAN_POINT('',(-0.,-6.5));
#6386 = VECTOR('',#6387,1.);
#6387 = DIRECTION('',(-1.,0.));
#6388 = ( GEOMETRIC_REPRESENTATION_CONTEXT(2) 
PARAMETRIC_REPRESENTATION_CONTEXT() REPRESENTATION_CONTEXT('2D SPACE',''
  ) );
#6389 = ORIENTED_EDGE('',*,*,#6390,.T.);
#6390 = EDGE_CURVE('',#6367,#6391,#6393,.T.);
#6391 = VERTEX_POINT('',#6392);
#6392 = CARTESIAN_POINT('',(222.6689857271,-116.8956916173,18.6));
#6393 = SURFACE_CURVE('',#6394,(#6398,#6405),.PCURVE_S1.);
#6394 = LINE('',#6395,#6396);
#6395 = CARTESIAN_POINT('',(222.6875,-99.79627413384,18.6));
#6396 = VECTOR('',#6397,1.);
#6397 = DIRECTION('',(-1.082742266628E-03,-0.999999413834,0.));
#6398 = PCURVE('',#72,#6399);
#6399 = DEFINITIONAL_REPRESENTATION('',(#6400),#6404);
#6400 = LINE('',#6401,#6402);
#6401 = CARTESIAN_POINT('',(25.950601170464,-27.0561026558));
#6402 = VECTOR('',#6403,1.);
#6403 = DIRECTION('',(-1.082742266628E-03,-0.999999413834));
#6404 = ( GEOMETRIC_REPRESENTATION_CONTEXT(2) 
PARAMETRIC_REPRESENTATION_CONTEXT() REPRESENTATION_CONTEXT('2D SPACE',''
  ) );
#6405 = PCURVE('',#2000,#6406);
#6406 = DEFINITIONAL_REPRESENTATION('',(#6407),#6411);
#6407 = LINE('',#6408,#6409);
#6408 = CARTESIAN_POINT('',(0.,-6.5));
#6409 = VECTOR('',#6410,1.);
#6410 = DIRECTION('',(1.,0.));
#6411 = ( GEOMETRIC_REPRESENTATION_CONTEXT(2) 
PARAMETRIC_REPRESENTATION_CONTEXT() REPRESENTATION_CONTEXT('2D SPACE',''
  ) );
#6412 = ORIENTED_EDGE('',*,*,#6413,.T.);
#6413 = EDGE_CURVE('',#6391,#6414,#6416,.T.);
#6414 = VERTEX_POINT('',#6415);
#6415 = CARTESIAN_POINT('',(220.91847802986,-118.4,18.6));
#6416 = SURFACE_CURVE('',#6417,(#6422,#6433),.PCURVE_S1.);
#6417 = CIRCLE('',#6418,1.751337237119);
#6418 = AXIS2_PLACEMENT_3D('',#6419,#6420,#6421);
#6419 = CARTESIAN_POINT('',(220.93514662043,-116.6487420874,18.6));
#6420 = DIRECTION('',(0.,0.,-1.));
#6421 = DIRECTION('',(0.990008703018,-0.141006269182,0.));
#6422 = PCURVE('',#72,#6423);
#6423 = DEFINITIONAL_REPRESENTATION('',(#6424),#6432);
#6424 = ( BOUNDED_CURVE() B_SPLINE_CURVE(2,(#6425,#6426,#6427,#6428,
#6429,#6430,#6431),.UNSPECIFIED.,.T.,.F.) B_SPLINE_CURVE_WITH_KNOTS((1,2
    ,2,2,2,1),(-2.094395102393,0.,2.094395102393,4.188790204786,
6.28318530718,8.377580409573),.UNSPECIFIED.) CURVE() 
GEOMETRIC_REPRESENTATION_ITEM() RATIONAL_B_SPLINE_CURVE((1.,0.5,1.,0.5,
1.,0.5,1.)) REPRESENTATION_ITEM('') );
#6425 = CARTESIAN_POINT('',(25.932086897567,-44.1555201393));
#6426 = CARTESIAN_POINT('',(25.504357764901,-47.1586175642));
#6427 = CARTESIAN_POINT('',(23.117463671233,-45.28664455693));
#6428 = CARTESIAN_POINT('',(20.730569577564,-43.41467154965));
#6429 = CARTESIAN_POINT('',(23.545192803899,-42.28354713203));
#6430 = CARTESIAN_POINT('',(26.359816030234,-41.15242271441));
#6431 = CARTESIAN_POINT('',(25.932086897567,-44.1555201393));
#6432 = ( GEOMETRIC_REPRESENTATION_CONTEXT(2) 
PARAMETRIC_REPRESENTATION_CONTEXT() REPRESENTATION_CONTEXT('2D SPACE',''
  ) );
#6433 = PCURVE('',#2033,#6434);
#6434 = DEFINITIONAL_REPRESENTATION('',(#6435),#6439);
#6435 = LINE('',#6436,#6437);
#6436 = CARTESIAN_POINT('',(0.,-6.5));
#6437 = VECTOR('',#6438,1.);
#6438 = DIRECTION('',(1.,0.));
#6439 = ( GEOMETRIC_REPRESENTATION_CONTEXT(2) 
PARAMETRIC_REPRESENTATION_CONTEXT() REPRESENTATION_CONTEXT('2D SPACE',''
  ) );
#6440 = ORIENTED_EDGE('',*,*,#6441,.T.);
#6441 = EDGE_CURVE('',#6414,#6442,#6444,.T.);
#6442 = VERTEX_POINT('',#6443);
#6443 = CARTESIAN_POINT('',(202.96660215748,-118.4008136086,18.6));
#6444 = SURFACE_CURVE('',#6445,(#6449,#6456),.PCURVE_S1.);
#6445 = LINE('',#6446,#6447);
#6446 = CARTESIAN_POINT('',(220.91847802986,-118.4,18.6));
#6447 = VECTOR('',#6448,1.);
#6448 = DIRECTION('',(-0.999999998973,-4.532165147629E-05,0.));
#6449 = PCURVE('',#72,#6450);
#6450 = DEFINITIONAL_REPRESENTATION('',(#6451),#6455);
#6451 = LINE('',#6452,#6453);
#6452 = CARTESIAN_POINT('',(24.181579200321,-45.65982852195));
#6453 = VECTOR('',#6454,1.);
#6454 = DIRECTION('',(-0.999999998973,-4.532165147629E-05));
#6455 = ( GEOMETRIC_REPRESENTATION_CONTEXT(2) 
PARAMETRIC_REPRESENTATION_CONTEXT() REPRESENTATION_CONTEXT('2D SPACE',''
  ) );
#6456 = PCURVE('',#2061,#6457);
#6457 = DEFINITIONAL_REPRESENTATION('',(#6458),#6462);
#6458 = LINE('',#6459,#6460);
#6459 = CARTESIAN_POINT('',(0.,-6.5));
#6460 = VECTOR('',#6461,1.);
#6461 = DIRECTION('',(1.,0.));
#6462 = ( GEOMETRIC_REPRESENTATION_CONTEXT(2) 
PARAMETRIC_REPRESENTATION_CONTEXT() REPRESENTATION_CONTEXT('2D SPACE',''
  ) );
#6463 = ORIENTED_EDGE('',*,*,#6464,.T.);
#6464 = EDGE_CURVE('',#6442,#6465,#6467,.T.);
#6465 = VERTEX_POINT('',#6466);
#6466 = CARTESIAN_POINT('',(202.04898849642,-118.4992248646,18.6));
#6467 = SURFACE_CURVE('',#6468,(#6473,#6480),.PCURVE_S1.);
#6468 = CIRCLE('',#6469,4.541546228295);
#6469 = AXIS2_PLACEMENT_3D('',#6470,#6471,#6472);
#6470 = CARTESIAN_POINT('',(202.98957887007,-122.9423017143,18.6));
#6471 = DIRECTION('',(0.,0.,1.));
#6472 = DIRECTION('',(-5.059226843161E-03,0.99998720203,0.));
#6473 = PCURVE('',#72,#6474);
#6474 = DEFINITIONAL_REPRESENTATION('',(#6475),#6479);
#6475 = CIRCLE('',#6476,4.541546228295);
#6476 = AXIS2_PLACEMENT_2D('',#6477,#6478);
#6477 = CARTESIAN_POINT('',(6.252680040536,-50.20213023634));
#6478 = DIRECTION('',(-5.059226843161E-03,0.99998720203));
#6479 = ( GEOMETRIC_REPRESENTATION_CONTEXT(2) 
PARAMETRIC_REPRESENTATION_CONTEXT() REPRESENTATION_CONTEXT('2D SPACE',''
  ) );
#6480 = PCURVE('',#2257,#6481);
#6481 = DEFINITIONAL_REPRESENTATION('',(#6482),#6486);
#6482 = LINE('',#6483,#6484);
#6483 = CARTESIAN_POINT('',(-0.,-6.5));
#6484 = VECTOR('',#6485,1.);
#6485 = DIRECTION('',(-1.,0.));
#6486 = ( GEOMETRIC_REPRESENTATION_CONTEXT(2) 
PARAMETRIC_REPRESENTATION_CONTEXT() REPRESENTATION_CONTEXT('2D SPACE',''
  ) );
#6487 = ORIENTED_EDGE('',*,*,#6488,.T.);
#6488 = EDGE_CURVE('',#6465,#6489,#6491,.T.);
#6489 = VERTEX_POINT('',#6490);
#6490 = CARTESIAN_POINT('',(184.57499870235,-122.1951464428,18.6));
#6491 = SURFACE_CURVE('',#6492,(#6496,#6503),.PCURVE_S1.);
#6492 = LINE('',#6493,#6494);
#6493 = CARTESIAN_POINT('',(202.04898849642,-118.4992248646,18.6));
#6494 = VECTOR('',#6495,1.);
#6495 = DIRECTION('',(-0.97835536356,-0.20693183079,0.));
#6496 = PCURVE('',#72,#6497);
#6497 = DEFINITIONAL_REPRESENTATION('',(#6498),#6502);
#6498 = LINE('',#6499,#6500);
#6499 = CARTESIAN_POINT('',(5.312089666884,-45.75905338659));
#6500 = VECTOR('',#6501,1.);
#6501 = DIRECTION('',(-0.97835536356,-0.20693183079));
#6502 = ( GEOMETRIC_REPRESENTATION_CONTEXT(2) 
PARAMETRIC_REPRESENTATION_CONTEXT() REPRESENTATION_CONTEXT('2D SPACE',''
  ) );
#6503 = PCURVE('',#2285,#6504);
#6504 = DEFINITIONAL_REPRESENTATION('',(#6505),#6509);
#6505 = LINE('',#6506,#6507);
#6506 = CARTESIAN_POINT('',(0.,-6.5));
#6507 = VECTOR('',#6508,1.);
#6508 = DIRECTION('',(1.,0.));
#6509 = ( GEOMETRIC_REPRESENTATION_CONTEXT(2) 
PARAMETRIC_REPRESENTATION_CONTEXT() REPRESENTATION_CONTEXT('2D SPACE',''
  ) );
#6510 = ORIENTED_EDGE('',*,*,#6511,.T.);
#6511 = EDGE_CURVE('',#6489,#6512,#6514,.T.);
#6512 = VERTEX_POINT('',#6513);
#6513 = CARTESIAN_POINT('',(183.69759784222,-122.4812711294,18.6));
#6514 = SURFACE_CURVE('',#6515,(#6520,#6527),.PCURVE_S1.);
#6515 = CIRCLE('',#6516,4.541546228023);
#6516 = AXIS2_PLACEMENT_3D('',#6517,#6518,#6519);
#6517 = CARTESIAN_POINT('',(185.53705435403,-126.6336249055,18.6));
#6518 = DIRECTION('',(0.,0.,1.));
#6519 = DIRECTION('',(-0.211834384895,0.9773055783,0.));
#6520 = PCURVE('',#72,#6521);
#6521 = DEFINITIONAL_REPRESENTATION('',(#6522),#6526);
#6522 = CIRCLE('',#6523,4.541546228023);
#6523 = AXIS2_PLACEMENT_2D('',#6524,#6525);
#6524 = CARTESIAN_POINT('',(-11.1998444755,-53.89345342752));
#6525 = DIRECTION('',(-0.211834384895,0.9773055783));
#6526 = ( GEOMETRIC_REPRESENTATION_CONTEXT(2) 
PARAMETRIC_REPRESENTATION_CONTEXT() REPRESENTATION_CONTEXT('2D SPACE',''
  ) );
#6527 = PCURVE('',#2481,#6528);
#6528 = DEFINITIONAL_REPRESENTATION('',(#6529),#6533);
#6529 = LINE('',#6530,#6531);
#6530 = CARTESIAN_POINT('',(-0.,-6.5));
#6531 = VECTOR('',#6532,1.);
#6532 = DIRECTION('',(-1.,0.));
#6533 = ( GEOMETRIC_REPRESENTATION_CONTEXT(2) 
PARAMETRIC_REPRESENTATION_CONTEXT() REPRESENTATION_CONTEXT('2D SPACE',''
  ) );
#6534 = ORIENTED_EDGE('',*,*,#6535,.T.);
#6535 = EDGE_CURVE('',#6512,#6536,#6538,.T.);
#6536 = VERTEX_POINT('',#6537);
#6537 = CARTESIAN_POINT('',(167.06149143694,-129.8261848127,18.6));
#6538 = SURFACE_CURVE('',#6539,(#6543,#6550),.PCURVE_S1.);
#6539 = LINE('',#6540,#6541);
#6540 = CARTESIAN_POINT('',(183.69759784222,-122.4812711294,18.6));
#6541 = VECTOR('',#6542,1.);
#6542 = DIRECTION('',(-0.914806990767,-0.403891284437,0.));
#6543 = PCURVE('',#72,#6544);
#6544 = DEFINITIONAL_REPRESENTATION('',(#6545),#6549);
#6545 = LINE('',#6546,#6547);
#6546 = CARTESIAN_POINT('',(-13.0393009873,-49.74109965135));
#6547 = VECTOR('',#6548,1.);
#6548 = DIRECTION('',(-0.914806990767,-0.403891284437));
#6549 = ( GEOMETRIC_REPRESENTATION_CONTEXT(2) 
PARAMETRIC_REPRESENTATION_CONTEXT() REPRESENTATION_CONTEXT('2D SPACE',''
  ) );
#6550 = PCURVE('',#2509,#6551);
#6551 = DEFINITIONAL_REPRESENTATION('',(#6552),#6556);
#6552 = LINE('',#6553,#6554);
#6553 = CARTESIAN_POINT('',(0.,-6.5));
#6554 = VECTOR('',#6555,1.);
#6555 = DIRECTION('',(1.,0.));
#6556 = ( GEOMETRIC_REPRESENTATION_CONTEXT(2) 
PARAMETRIC_REPRESENTATION_CONTEXT() REPRESENTATION_CONTEXT('2D SPACE',''
  ) );
#6557 = ORIENTED_EDGE('',*,*,#6558,.T.);
#6558 = EDGE_CURVE('',#6536,#6559,#6561,.T.);
#6559 = VERTEX_POINT('',#6560);
#6560 = CARTESIAN_POINT('',(164.97731411631,-128.8345065368,18.6));
#6561 = SURFACE_CURVE('',#6562,(#6567,#6578),.PCURVE_S1.);
#6562 = CIRCLE('',#6563,1.751337237111);
#6563 = AXIS2_PLACEMENT_3D('',#6564,#6565,#6566);
#6564 = CARTESIAN_POINT('',(166.58540397584,-128.1407997387,18.6));
#6565 = DIRECTION('',(0.,0.,-1.));
#6566 = DIRECTION('',(0.271842253456,-0.962341825567,0.));
#6567 = PCURVE('',#72,#6568);
#6568 = DEFINITIONAL_REPRESENTATION('',(#6569),#6577);
#6569 = ( BOUNDED_CURVE() B_SPLINE_CURVE(2,(#6570,#6571,#6572,#6573,
#6574,#6575,#6576),.UNSPECIFIED.,.T.,.F.) B_SPLINE_CURVE_WITH_KNOTS((1,2
    ,2,2,2,1),(-2.094395102393,0.,2.094395102393,4.188790204786,
6.28318530718,8.377580409573),.UNSPECIFIED.) CURVE() 
GEOMETRIC_REPRESENTATION_ITEM() RATIONAL_B_SPLINE_CURVE((1.,0.5,1.,0.5,
1.,0.5,1.)) REPRESENTATION_ITEM('') );
#6570 = CARTESIAN_POINT('',(-29.67540739259,-57.08601333466));
#6571 = CARTESIAN_POINT('',(-32.59457997098,-57.91062100612));
#6572 = CARTESIAN_POINT('',(-31.84912487343,-54.97023955947));
#6573 = CARTESIAN_POINT('',(-31.10366977588,-52.02985811282));
#6574 = CARTESIAN_POINT('',(-28.92995229504,-54.145631888));
#6575 = CARTESIAN_POINT('',(-26.7562348142,-56.26140566319));
#6576 = CARTESIAN_POINT('',(-29.67540739259,-57.08601333466));
#6577 = ( GEOMETRIC_REPRESENTATION_CONTEXT(2) 
PARAMETRIC_REPRESENTATION_CONTEXT() REPRESENTATION_CONTEXT('2D SPACE',''
  ) );
#6578 = PCURVE('',#2542,#6579);
#6579 = DEFINITIONAL_REPRESENTATION('',(#6580),#6584);
#6580 = LINE('',#6581,#6582);
#6581 = CARTESIAN_POINT('',(0.,-6.5));
#6582 = VECTOR('',#6583,1.);
#6583 = DIRECTION('',(1.,0.));
#6584 = ( GEOMETRIC_REPRESENTATION_CONTEXT(2) 
PARAMETRIC_REPRESENTATION_CONTEXT() REPRESENTATION_CONTEXT('2D SPACE',''
  ) );
#6585 = ORIENTED_EDGE('',*,*,#6586,.T.);
#6586 = EDGE_CURVE('',#6559,#6587,#6589,.T.);
#6587 = VERTEX_POINT('',#6588);
#6588 = CARTESIAN_POINT('',(153.73950409189,-103.4052949126,18.6));
#6589 = SURFACE_CURVE('',#6590,(#6594,#6601),.PCURVE_S1.);
#6590 = LINE('',#6591,#6592);
#6591 = CARTESIAN_POINT('',(164.97731411631,-128.8345065368,18.6));
#6592 = VECTOR('',#6593,1.);
#6593 = DIRECTION('',(-0.404213404266,0.914664705677,0.));
#6594 = PCURVE('',#72,#6595);
#6595 = DEFINITIONAL_REPRESENTATION('',(#6596),#6600);
#6596 = LINE('',#6597,#6598);
#6597 = CARTESIAN_POINT('',(-31.75958471322,-56.09433505882));
#6598 = VECTOR('',#6599,1.);
#6599 = DIRECTION('',(-0.404213404266,0.914664705677));
#6600 = ( GEOMETRIC_REPRESENTATION_CONTEXT(2) 
PARAMETRIC_REPRESENTATION_CONTEXT() REPRESENTATION_CONTEXT('2D SPACE',''
  ) );
#6601 = PCURVE('',#2570,#6602);
#6602 = DEFINITIONAL_REPRESENTATION('',(#6603),#6607);
#6603 = LINE('',#6604,#6605);
#6604 = CARTESIAN_POINT('',(0.,-6.5));
#6605 = VECTOR('',#6606,1.);
#6606 = DIRECTION('',(1.,0.));
#6607 = ( GEOMETRIC_REPRESENTATION_CONTEXT(2) 
PARAMETRIC_REPRESENTATION_CONTEXT() REPRESENTATION_CONTEXT('2D SPACE',''
  ) );
#6608 = ORIENTED_EDGE('',*,*,#6609,.T.);
#6609 = EDGE_CURVE('',#6587,#6610,#6612,.T.);
#6610 = VERTEX_POINT('',#6611);
#6611 = CARTESIAN_POINT('',(154.73118236815,-101.3211175917,18.6));
#6612 = SURFACE_CURVE('',#6613,(#6618,#6629),.PCURVE_S1.);
#6613 = CIRCLE('',#6614,1.751337237119);
#6614 = AXIS2_PLACEMENT_3D('',#6615,#6616,#6617);
#6615 = CARTESIAN_POINT('',(155.42488916585,-102.9292074515,18.6));
#6616 = DIRECTION('',(0.,0.,-1.));
#6617 = DIRECTION('',(-0.962341825567,-0.271842253456,-0.));
#6618 = PCURVE('',#72,#6619);
#6619 = DEFINITIONAL_REPRESENTATION('',(#6620),#6628);
#6620 = ( BOUNDED_CURVE() B_SPLINE_CURVE(2,(#6621,#6622,#6623,#6624,
#6625,#6626,#6627),.UNSPECIFIED.,.T.,.F.) B_SPLINE_CURVE_WITH_KNOTS((1,2
    ,2,2,2,1),(-2.094395102393,0.,2.094395102393,4.188790204786,
6.28318530718,8.377580409573),.UNSPECIFIED.) CURVE() 
GEOMETRIC_REPRESENTATION_ITEM() RATIONAL_B_SPLINE_CURVE((1.,0.5,1.,0.5,
1.,0.5,1.)) REPRESENTATION_ITEM('') );
#6621 = CARTESIAN_POINT('',(-42.99739473763,-30.66512343456));
#6622 = CARTESIAN_POINT('',(-43.82200240911,-27.74595085615));
#6623 = CARTESIAN_POINT('',(-40.88162096244,-28.4914059537));
#6624 = CARTESIAN_POINT('',(-37.94123951578,-29.23686105126));
#6625 = CARTESIAN_POINT('',(-40.05701329097,-31.41057853211));
#6626 = CARTESIAN_POINT('',(-42.17278706616,-33.58429601296));
#6627 = CARTESIAN_POINT('',(-42.99739473763,-30.66512343456));
#6628 = ( GEOMETRIC_REPRESENTATION_CONTEXT(2) 
PARAMETRIC_REPRESENTATION_CONTEXT() REPRESENTATION_CONTEXT('2D SPACE',''
  ) );
#6629 = PCURVE('',#6630,#6635);
#6630 = CYLINDRICAL_SURFACE('',#6631,1.751337237119);
#6631 = AXIS2_PLACEMENT_3D('',#6632,#6633,#6634);
#6632 = CARTESIAN_POINT('',(155.42488916585,-102.9292074515,12.1));
#6633 = DIRECTION('',(0.,0.,-1.));
#6634 = DIRECTION('',(-0.962341825567,-0.271842253456,-0.));
#6635 = DEFINITIONAL_REPRESENTATION('',(#6636),#6640);
#6636 = LINE('',#6637,#6638);
#6637 = CARTESIAN_POINT('',(0.,-6.5));
#6638 = VECTOR('',#6639,1.);
#6639 = DIRECTION('',(1.,0.));
#6640 = ( GEOMETRIC_REPRESENTATION_CONTEXT(2) 
PARAMETRIC_REPRESENTATION_CONTEXT() REPRESENTATION_CONTEXT('2D SPACE',''
  ) );
#6641 = ORIENTED_EDGE('',*,*,#6642,.T.);
#6642 = EDGE_CURVE('',#6610,#6643,#6645,.T.);
#6643 = VERTEX_POINT('',#6644);
#6644 = CARTESIAN_POINT('',(170.38481042997,-94.36911699866,18.6));
#6645 = SURFACE_CURVE('',#6646,(#6650,#6657),.PCURVE_S1.);
#6646 = LINE('',#6647,#6648);
#6647 = CARTESIAN_POINT('',(154.73118236815,-101.3211175917,18.6));
#6648 = VECTOR('',#6649,1.);
#6649 = DIRECTION('',(0.913923483604,0.405886518766,0.));
#6650 = PCURVE('',#72,#6651);
#6651 = DEFINITIONAL_REPRESENTATION('',(#6652),#6656);
#6652 = LINE('',#6653,#6654);
#6653 = CARTESIAN_POINT('',(-42.00571646138,-28.58094611373));
#6654 = VECTOR('',#6655,1.);
#6655 = DIRECTION('',(0.913923483604,0.405886518766));
#6656 = ( GEOMETRIC_REPRESENTATION_CONTEXT(2) 
PARAMETRIC_REPRESENTATION_CONTEXT() REPRESENTATION_CONTEXT('2D SPACE',''
  ) );
#6657 = PCURVE('',#2968,#6658);
#6658 = DEFINITIONAL_REPRESENTATION('',(#6659),#6663);
#6659 = LINE('',#6660,#6661);
#6660 = CARTESIAN_POINT('',(0.,-6.5));
#6661 = VECTOR('',#6662,1.);
#6662 = DIRECTION('',(1.,0.));
#6663 = ( GEOMETRIC_REPRESENTATION_CONTEXT(2) 
PARAMETRIC_REPRESENTATION_CONTEXT() REPRESENTATION_CONTEXT('2D SPACE',''
  ) );
#6664 = ORIENTED_EDGE('',*,*,#6665,.T.);
#6665 = EDGE_CURVE('',#6643,#6666,#6668,.T.);
#6666 = VERTEX_POINT('',#6667);
#6667 = CARTESIAN_POINT('',(172.5625,-90.62804084187,18.6));
#6668 = SURFACE_CURVE('',#6669,(#6674,#6681),.PCURVE_S1.);
#6669 = CIRCLE('',#6670,4.257344899428);
#6670 = AXIS2_PLACEMENT_3D('',#6671,#6672,#6673);
#6671 = CARTESIAN_POINT('',(168.30523567858,-90.65423416793,18.6));
#6672 = DIRECTION('',(0.,0.,1.));
#6673 = DIRECTION('',(0.488467530941,-0.872582071336,0.));
#6674 = PCURVE('',#72,#6675);
#6675 = DEFINITIONAL_REPRESENTATION('',(#6676),#6680);
#6676 = CIRCLE('',#6677,4.257344899428);
#6677 = AXIS2_PLACEMENT_2D('',#6678,#6679);
#6678 = CARTESIAN_POINT('',(-28.43166315095,-17.91406268989));
#6679 = DIRECTION('',(0.488467530941,-0.872582071336));
#6680 = ( GEOMETRIC_REPRESENTATION_CONTEXT(2) 
PARAMETRIC_REPRESENTATION_CONTEXT() REPRESENTATION_CONTEXT('2D SPACE',''
  ) );
#6681 = PCURVE('',#2997,#6682);
#6682 = DEFINITIONAL_REPRESENTATION('',(#6683),#6687);
#6683 = LINE('',#6684,#6685);
#6684 = CARTESIAN_POINT('',(-0.,-6.5));
#6685 = VECTOR('',#6686,1.);
#6686 = DIRECTION('',(-1.,0.));
#6687 = ( GEOMETRIC_REPRESENTATION_CONTEXT(2) 
PARAMETRIC_REPRESENTATION_CONTEXT() REPRESENTATION_CONTEXT('2D SPACE',''
  ) );
#6688 = ORIENTED_EDGE('',*,*,#6689,.T.);
#6689 = EDGE_CURVE('',#6666,#5521,#6690,.T.);
#6690 = SURFACE_CURVE('',#6691,(#6695,#6702),.PCURVE_S1.);
#6691 = LINE('',#6692,#6693);
#6692 = CARTESIAN_POINT('',(172.5625,-90.62804084187,18.6));
#6693 = VECTOR('',#6694,1.);
#6694 = DIRECTION('',(-1.672503758482E-03,0.999998601365,0.));
#6695 = PCURVE('',#72,#6696);
#6696 = DEFINITIONAL_REPRESENTATION('',(#6697),#6701);
#6697 = LINE('',#6698,#6699);
#6698 = CARTESIAN_POINT('',(-24.17439882953,-17.88786936382));
#6699 = VECTOR('',#6700,1.);
#6700 = DIRECTION('',(-1.672503758482E-03,0.999998601365));
#6701 = ( GEOMETRIC_REPRESENTATION_CONTEXT(2) 
PARAMETRIC_REPRESENTATION_CONTEXT() REPRESENTATION_CONTEXT('2D SPACE',''
  ) );
#6702 = PCURVE('',#3025,#6703);
#6703 = DEFINITIONAL_REPRESENTATION('',(#6704),#6708);
#6704 = LINE('',#6705,#6706);
#6705 = CARTESIAN_POINT('',(0.,-6.5));
#6706 = VECTOR('',#6707,1.);
#6707 = DIRECTION('',(1.,0.));
#6708 = ( GEOMETRIC_REPRESENTATION_CONTEXT(2) 
PARAMETRIC_REPRESENTATION_CONTEXT() REPRESENTATION_CONTEXT('2D SPACE',''
  ) );
#6709 = ADVANCED_FACE('',(#6710),#159,.T.);
#6710 = FACE_BOUND('',#6711,.F.);
#6711 = EDGE_LOOP('',(#6712,#6733,#6734,#6735));
#6712 = ORIENTED_EDGE('',*,*,#6713,.T.);
#6713 = EDGE_CURVE('',#4263,#5230,#6714,.T.);
#6714 = SURFACE_CURVE('',#6715,(#6719,#6726),.PCURVE_S1.);
#6715 = LINE('',#6716,#6717);
#6716 = CARTESIAN_POINT('',(234.15312279868,-28.28680484863,12.1));
#6717 = VECTOR('',#6718,1.);
#6718 = DIRECTION('',(0.,0.,1.));
#6719 = PCURVE('',#159,#6720);
#6720 = DEFINITIONAL_REPRESENTATION('',(#6721),#6725);
#6721 = LINE('',#6722,#6723);
#6722 = CARTESIAN_POINT('',(-0.,0.));
#6723 = VECTOR('',#6724,1.);
#6724 = DIRECTION('',(-0.,-1.));
#6725 = ( GEOMETRIC_REPRESENTATION_CONTEXT(2) 
PARAMETRIC_REPRESENTATION_CONTEXT() REPRESENTATION_CONTEXT('2D SPACE',''
  ) );
#6726 = PCURVE('',#4283,#6727);
#6727 = DEFINITIONAL_REPRESENTATION('',(#6728),#6732);
#6728 = LINE('',#6729,#6730);
#6729 = CARTESIAN_POINT('',(0.372520905569,0.));
#6730 = VECTOR('',#6731,1.);
#6731 = DIRECTION('',(0.,-1.));
#6732 = ( GEOMETRIC_REPRESENTATION_CONTEXT(2) 
PARAMETRIC_REPRESENTATION_CONTEXT() REPRESENTATION_CONTEXT('2D SPACE',''
  ) );
#6733 = ORIENTED_EDGE('',*,*,#5257,.T.);
#6734 = ORIENTED_EDGE('',*,*,#141,.F.);
#6735 = ORIENTED_EDGE('',*,*,#4295,.F.);
#6736 = ADVANCED_FACE('',(#6737),#268,.F.);
#6737 = FACE_BOUND('',#6738,.F.);
#6738 = EDGE_LOOP('',(#6739,#6740,#6741,#6742,#6763,#6764,#6785,#6814,
    #6840,#6869));
#6739 = ORIENTED_EDGE('',*,*,#308,.F.);
#6740 = ORIENTED_EDGE('',*,*,#252,.T.);
#6741 = ORIENTED_EDGE('',*,*,#4570,.T.);
#6742 = ORIENTED_EDGE('',*,*,#6743,.F.);
#6743 = EDGE_CURVE('',#3474,#4571,#6744,.T.);
#6744 = SURFACE_CURVE('',#6745,(#6749,#6756),.PCURVE_S1.);
#6745 = LINE('',#6746,#6747);
#6746 = CARTESIAN_POINT('',(150.14371098084,-20.85,12.1));
#6747 = VECTOR('',#6748,1.);
#6748 = DIRECTION('',(0.,0.,1.));
#6749 = PCURVE('',#268,#6750);
#6750 = DEFINITIONAL_REPRESENTATION('',(#6751),#6755);
#6751 = LINE('',#6752,#6753);
#6752 = CARTESIAN_POINT('',(64.587206244179,0.));
#6753 = VECTOR('',#6754,1.);
#6754 = DIRECTION('',(0.,-1.));
#6755 = ( GEOMETRIC_REPRESENTATION_CONTEXT(2) 
PARAMETRIC_REPRESENTATION_CONTEXT() REPRESENTATION_CONTEXT('2D SPACE',''
  ) );
#6756 = PCURVE('',#3513,#6757);
#6757 = DEFINITIONAL_REPRESENTATION('',(#6758),#6762);
#6758 = LINE('',#6759,#6760);
#6759 = CARTESIAN_POINT('',(-0.,0.));
#6760 = VECTOR('',#6761,1.);
#6761 = DIRECTION('',(-0.,-1.));
#6762 = ( GEOMETRIC_REPRESENTATION_CONTEXT(2) 
PARAMETRIC_REPRESENTATION_CONTEXT() REPRESENTATION_CONTEXT('2D SPACE',''
  ) );
#6763 = ORIENTED_EDGE('',*,*,#3473,.F.);
#6764 = ORIENTED_EDGE('',*,*,#6765,.T.);
#6765 = EDGE_CURVE('',#3448,#6766,#6768,.T.);
#6766 = VERTEX_POINT('',#6767);
#6767 = CARTESIAN_POINT('',(162.0125,-20.85,14.7));
#6768 = SURFACE_CURVE('',#6769,(#6773,#6779),.PCURVE_S1.);
#6769 = LINE('',#6770,#6771);
#6770 = CARTESIAN_POINT('',(162.0125,-20.85,8.7));
#6771 = VECTOR('',#6772,1.);
#6772 = DIRECTION('',(0.,0.,1.));
#6773 = PCURVE('',#268,#6774);
#6774 = DEFINITIONAL_REPRESENTATION('',(#6775),#6778);
#6775 = B_SPLINE_CURVE_WITH_KNOTS('',1,(#6776,#6777),.UNSPECIFIED.,.F.,
  .F.,(2,2),(3.4,6.),.PIECEWISE_BEZIER_KNOTS.);
#6776 = CARTESIAN_POINT('',(52.718417225023,0.));
#6777 = CARTESIAN_POINT('',(52.718417225023,-2.6));
#6778 = ( GEOMETRIC_REPRESENTATION_CONTEXT(2) 
PARAMETRIC_REPRESENTATION_CONTEXT() REPRESENTATION_CONTEXT('2D SPACE',''
  ) );
#6779 = PCURVE('',#3462,#6780);
#6780 = DEFINITIONAL_REPRESENTATION('',(#6781),#6784);
#6781 = B_SPLINE_CURVE_WITH_KNOTS('',1,(#6782,#6783),.UNSPECIFIED.,.F.,
  .F.,(2,2),(3.4,6.),.PIECEWISE_BEZIER_KNOTS.);
#6782 = CARTESIAN_POINT('',(6.8,-0.55));
#6783 = CARTESIAN_POINT('',(9.4,-0.55));
#6784 = ( GEOMETRIC_REPRESENTATION_CONTEXT(2) 
PARAMETRIC_REPRESENTATION_CONTEXT() REPRESENTATION_CONTEXT('2D SPACE',''
  ) );
#6785 = ORIENTED_EDGE('',*,*,#6786,.F.);
#6786 = EDGE_CURVE('',#6787,#6766,#6789,.T.);
#6787 = VERTEX_POINT('',#6788);
#6788 = CARTESIAN_POINT('',(163.0125,-20.85,15.7));
#6789 = SURFACE_CURVE('',#6790,(#6795,#6802),.PCURVE_S1.);
#6790 = CIRCLE('',#6791,1.);
#6791 = AXIS2_PLACEMENT_3D('',#6792,#6793,#6794);
#6792 = CARTESIAN_POINT('',(163.0125,-20.85,14.7));
#6793 = DIRECTION('',(-0.,-1.,0.));
#6794 = DIRECTION('',(-1.,0.,0.));
#6795 = PCURVE('',#268,#6796);
#6796 = DEFINITIONAL_REPRESENTATION('',(#6797),#6801);
#6797 = CIRCLE('',#6798,1.);
#6798 = AXIS2_PLACEMENT_2D('',#6799,#6800);
#6799 = CARTESIAN_POINT('',(51.718417225023,-2.6));
#6800 = DIRECTION('',(1.,0.));
#6801 = ( GEOMETRIC_REPRESENTATION_CONTEXT(2) 
PARAMETRIC_REPRESENTATION_CONTEXT() REPRESENTATION_CONTEXT('2D SPACE',''
  ) );
#6802 = PCURVE('',#6803,#6808);
#6803 = CYLINDRICAL_SURFACE('',#6804,1.);
#6804 = AXIS2_PLACEMENT_3D('',#6805,#6806,#6807);
#6805 = CARTESIAN_POINT('',(163.0125,-21.4,14.7));
#6806 = DIRECTION('',(-0.,-1.,0.));
#6807 = DIRECTION('',(-1.,0.,0.));
#6808 = DEFINITIONAL_REPRESENTATION('',(#6809),#6813);
#6809 = LINE('',#6810,#6811);
#6810 = CARTESIAN_POINT('',(-6.28318530718,-0.55));
#6811 = VECTOR('',#6812,1.);
#6812 = DIRECTION('',(1.,-0.));
#6813 = ( GEOMETRIC_REPRESENTATION_CONTEXT(2) 
PARAMETRIC_REPRESENTATION_CONTEXT() REPRESENTATION_CONTEXT('2D SPACE',''
  ) );
#6814 = ORIENTED_EDGE('',*,*,#6815,.T.);
#6815 = EDGE_CURVE('',#6787,#6816,#6818,.T.);
#6816 = VERTEX_POINT('',#6817);
#6817 = CARTESIAN_POINT('',(181.5125,-20.85,15.7));
#6818 = SURFACE_CURVE('',#6819,(#6823,#6829),.PCURVE_S1.);
#6819 = LINE('',#6820,#6821);
#6820 = CARTESIAN_POINT('',(188.87170861251,-20.85,15.7));
#6821 = VECTOR('',#6822,1.);
#6822 = DIRECTION('',(1.,0.,0.));
#6823 = PCURVE('',#268,#6824);
#6824 = DEFINITIONAL_REPRESENTATION('',(#6825),#6828);
#6825 = B_SPLINE_CURVE_WITH_KNOTS('',1,(#6826,#6827),.UNSPECIFIED.,.F.,
  .F.,(2,2),(-25.85920861251,-7.359208612512),.PIECEWISE_BEZIER_KNOTS.);
#6826 = CARTESIAN_POINT('',(51.718417225023,-3.6));
#6827 = CARTESIAN_POINT('',(33.218417225023,-3.6));
#6828 = ( GEOMETRIC_REPRESENTATION_CONTEXT(2) 
PARAMETRIC_REPRESENTATION_CONTEXT() REPRESENTATION_CONTEXT('2D SPACE',''
  ) );
#6829 = PCURVE('',#6830,#6835);
#6830 = PLANE('',#6831);
#6831 = AXIS2_PLACEMENT_3D('',#6832,#6833,#6834);
#6832 = CARTESIAN_POINT('',(163.0125,-21.4,15.7));
#6833 = DIRECTION('',(0.,0.,-1.));
#6834 = DIRECTION('',(1.,0.,0.));
#6835 = DEFINITIONAL_REPRESENTATION('',(#6836),#6839);
#6836 = B_SPLINE_CURVE_WITH_KNOTS('',1,(#6837,#6838),.UNSPECIFIED.,.F.,
  .F.,(2,2),(-25.85920861251,-7.359208612512),.PIECEWISE_BEZIER_KNOTS.);
#6837 = CARTESIAN_POINT('',(0.,-0.55));
#6838 = CARTESIAN_POINT('',(18.5,-0.55));
#6839 = ( GEOMETRIC_REPRESENTATION_CONTEXT(2) 
PARAMETRIC_REPRESENTATION_CONTEXT() REPRESENTATION_CONTEXT('2D SPACE',''
  ) );
#6840 = ORIENTED_EDGE('',*,*,#6841,.F.);
#6841 = EDGE_CURVE('',#6842,#6816,#6844,.T.);
#6842 = VERTEX_POINT('',#6843);
#6843 = CARTESIAN_POINT('',(182.5125,-20.85,14.7));
#6844 = SURFACE_CURVE('',#6845,(#6850,#6857),.PCURVE_S1.);
#6845 = CIRCLE('',#6846,1.);
#6846 = AXIS2_PLACEMENT_3D('',#6847,#6848,#6849);
#6847 = CARTESIAN_POINT('',(181.5125,-20.85,14.7));
#6848 = DIRECTION('',(-0.,-1.,0.));
#6849 = DIRECTION('',(-1.,0.,0.));
#6850 = PCURVE('',#268,#6851);
#6851 = DEFINITIONAL_REPRESENTATION('',(#6852),#6856);
#6852 = CIRCLE('',#6853,1.);
#6853 = AXIS2_PLACEMENT_2D('',#6854,#6855);
#6854 = CARTESIAN_POINT('',(33.218417225023,-2.6));
#6855 = DIRECTION('',(1.,0.));
#6856 = ( GEOMETRIC_REPRESENTATION_CONTEXT(2) 
PARAMETRIC_REPRESENTATION_CONTEXT() REPRESENTATION_CONTEXT('2D SPACE',''
  ) );
#6857 = PCURVE('',#6858,#6863);
#6858 = CYLINDRICAL_SURFACE('',#6859,1.);
#6859 = AXIS2_PLACEMENT_3D('',#6860,#6861,#6862);
#6860 = CARTESIAN_POINT('',(181.5125,-21.4,14.7));
#6861 = DIRECTION('',(-0.,-1.,0.));
#6862 = DIRECTION('',(-1.,0.,0.));
#6863 = DEFINITIONAL_REPRESENTATION('',(#6864),#6868);
#6864 = LINE('',#6865,#6866);
#6865 = CARTESIAN_POINT('',(-6.28318530718,-0.55));
#6866 = VECTOR('',#6867,1.);
#6867 = DIRECTION('',(1.,-0.));
#6868 = ( GEOMETRIC_REPRESENTATION_CONTEXT(2) 
PARAMETRIC_REPRESENTATION_CONTEXT() REPRESENTATION_CONTEXT('2D SPACE',''
  ) );
#6869 = ORIENTED_EDGE('',*,*,#6870,.F.);
#6870 = EDGE_CURVE('',#309,#6842,#6871,.T.);
#6871 = SURFACE_CURVE('',#6872,(#6876,#6882),.PCURVE_S1.);
#6872 = LINE('',#6873,#6874);
#6873 = CARTESIAN_POINT('',(182.5125,-20.85,8.7));
#6874 = VECTOR('',#6875,1.);
#6875 = DIRECTION('',(0.,0.,1.));
#6876 = PCURVE('',#268,#6877);
#6877 = DEFINITIONAL_REPRESENTATION('',(#6878),#6881);
#6878 = B_SPLINE_CURVE_WITH_KNOTS('',1,(#6879,#6880),.UNSPECIFIED.,.F.,
  .F.,(2,2),(3.4,6.),.PIECEWISE_BEZIER_KNOTS.);
#6879 = CARTESIAN_POINT('',(32.218417225023,0.));
#6880 = CARTESIAN_POINT('',(32.218417225023,-2.6));
#6881 = ( GEOMETRIC_REPRESENTATION_CONTEXT(2) 
PARAMETRIC_REPRESENTATION_CONTEXT() REPRESENTATION_CONTEXT('2D SPACE',''
  ) );
#6882 = PCURVE('',#346,#6883);
#6883 = DEFINITIONAL_REPRESENTATION('',(#6884),#6887);
#6884 = B_SPLINE_CURVE_WITH_KNOTS('',1,(#6885,#6886),.UNSPECIFIED.,.F.,
  .F.,(2,2),(3.4,6.),.PIECEWISE_BEZIER_KNOTS.);
#6885 = CARTESIAN_POINT('',(6.8,-0.55));
#6886 = CARTESIAN_POINT('',(9.4,-0.55));
#6887 = ( GEOMETRIC_REPRESENTATION_CONTEXT(2) 
PARAMETRIC_REPRESENTATION_CONTEXT() REPRESENTATION_CONTEXT('2D SPACE',''
  ) );
#6888 = ADVANCED_FACE('',(#6889),#4283,.F.);
#6889 = FACE_BOUND('',#6890,.F.);
#6890 = EDGE_LOOP('',(#6891,#6912,#6913,#6914));
#6891 = ORIENTED_EDGE('',*,*,#6892,.T.);
#6892 = EDGE_CURVE('',#4235,#5207,#6893,.T.);
#6893 = SURFACE_CURVE('',#6894,(#6898,#6905),.PCURVE_S1.);
#6894 = LINE('',#6895,#6896);
#6895 = CARTESIAN_POINT('',(243.34777989297,-30.06553476092,12.1));
#6896 = VECTOR('',#6897,1.);
#6897 = DIRECTION('',(0.,0.,1.));
#6898 = PCURVE('',#4283,#6899);
#6899 = DEFINITIONAL_REPRESENTATION('',(#6900),#6904);
#6900 = LINE('',#6901,#6902);
#6901 = CARTESIAN_POINT('',(0.,0.));
#6902 = VECTOR('',#6903,1.);
#6903 = DIRECTION('',(0.,-1.));
#6904 = ( GEOMETRIC_REPRESENTATION_CONTEXT(2) 
PARAMETRIC_REPRESENTATION_CONTEXT() REPRESENTATION_CONTEXT('2D SPACE',''
  ) );
#6905 = PCURVE('',#4250,#6906);
#6906 = DEFINITIONAL_REPRESENTATION('',(#6907),#6911);
#6907 = LINE('',#6908,#6909);
#6908 = CARTESIAN_POINT('',(6.387070733158,0.));
#6909 = VECTOR('',#6910,1.);
#6910 = DIRECTION('',(0.,-1.));
#6911 = ( GEOMETRIC_REPRESENTATION_CONTEXT(2) 
PARAMETRIC_REPRESENTATION_CONTEXT() REPRESENTATION_CONTEXT('2D SPACE',''
  ) );
#6912 = ORIENTED_EDGE('',*,*,#5229,.T.);
#6913 = ORIENTED_EDGE('',*,*,#6713,.F.);
#6914 = ORIENTED_EDGE('',*,*,#4262,.F.);
#6915 = ADVANCED_FACE('',(#6916),#4250,.F.);
#6916 = FACE_BOUND('',#6917,.F.);
#6917 = EDGE_LOOP('',(#6918,#6939,#6940,#6941));
#6918 = ORIENTED_EDGE('',*,*,#6919,.T.);
#6919 = EDGE_CURVE('',#4206,#5183,#6920,.T.);
#6920 = SURFACE_CURVE('',#6921,(#6925,#6932),.PCURVE_S1.);
#6921 = LINE('',#6922,#6923);
#6922 = CARTESIAN_POINT('',(249.73484742239,-30.07193202847,12.1));
#6923 = VECTOR('',#6924,1.);
#6924 = DIRECTION('',(0.,0.,1.));
#6925 = PCURVE('',#4250,#6926);
#6926 = DEFINITIONAL_REPRESENTATION('',(#6927),#6931);
#6927 = LINE('',#6928,#6929);
#6928 = CARTESIAN_POINT('',(0.,0.));
#6929 = VECTOR('',#6930,1.);
#6930 = DIRECTION('',(0.,-1.));
#6931 = ( GEOMETRIC_REPRESENTATION_CONTEXT(2) 
PARAMETRIC_REPRESENTATION_CONTEXT() REPRESENTATION_CONTEXT('2D SPACE',''
  ) );
#6932 = PCURVE('',#4222,#6933);
#6933 = DEFINITIONAL_REPRESENTATION('',(#6934),#6938);
#6934 = LINE('',#6935,#6936);
#6935 = CARTESIAN_POINT('',(-0.517798938286,0.));
#6936 = VECTOR('',#6937,1.);
#6937 = DIRECTION('',(-0.,-1.));
#6938 = ( GEOMETRIC_REPRESENTATION_CONTEXT(2) 
PARAMETRIC_REPRESENTATION_CONTEXT() REPRESENTATION_CONTEXT('2D SPACE',''
  ) );
#6939 = ORIENTED_EDGE('',*,*,#5206,.T.);
#6940 = ORIENTED_EDGE('',*,*,#6892,.F.);
#6941 = ORIENTED_EDGE('',*,*,#4234,.F.);
#6942 = ADVANCED_FACE('',(#6943),#4222,.T.);
#6943 = FACE_BOUND('',#6944,.F.);
#6944 = EDGE_LOOP('',(#6945,#6966,#6967,#6968));
#6945 = ORIENTED_EDGE('',*,*,#6946,.T.);
#6946 = EDGE_CURVE('',#4173,#5155,#6947,.T.);
#6947 = SURFACE_CURVE('',#6948,(#6952,#6959),.PCURVE_S1.);
#6948 = LINE('',#6949,#6950);
#6949 = CARTESIAN_POINT('',(254.17446692141,-31.29986431021,12.1));
#6950 = VECTOR('',#6951,1.);
#6951 = DIRECTION('',(0.,0.,1.));
#6952 = PCURVE('',#4222,#6953);
#6953 = DEFINITIONAL_REPRESENTATION('',(#6954),#6958);
#6954 = LINE('',#6955,#6956);
#6955 = CARTESIAN_POINT('',(-0.,0.));
#6956 = VECTOR('',#6957,1.);
#6957 = DIRECTION('',(-0.,-1.));
#6958 = ( GEOMETRIC_REPRESENTATION_CONTEXT(2) 
PARAMETRIC_REPRESENTATION_CONTEXT() REPRESENTATION_CONTEXT('2D SPACE',''
  ) );
#6959 = PCURVE('',#4193,#6960);
#6960 = DEFINITIONAL_REPRESENTATION('',(#6961),#6965);
#6961 = LINE('',#6962,#6963);
#6962 = CARTESIAN_POINT('',(0.530733453651,0.));
#6963 = VECTOR('',#6964,1.);
#6964 = DIRECTION('',(0.,-1.));
#6965 = ( GEOMETRIC_REPRESENTATION_CONTEXT(2) 
PARAMETRIC_REPRESENTATION_CONTEXT() REPRESENTATION_CONTEXT('2D SPACE',''
  ) );
#6966 = ORIENTED_EDGE('',*,*,#5182,.T.);
#6967 = ORIENTED_EDGE('',*,*,#6919,.F.);
#6968 = ORIENTED_EDGE('',*,*,#4205,.F.);
#6969 = ADVANCED_FACE('',(#6970),#346,.F.);
#6970 = FACE_BOUND('',#6971,.F.);
#6971 = EDGE_LOOP('',(#6972,#6973,#6996,#7015));
#6972 = ORIENTED_EDGE('',*,*,#6870,.T.);
#6973 = ORIENTED_EDGE('',*,*,#6974,.T.);
#6974 = EDGE_CURVE('',#6842,#6975,#6977,.T.);
#6975 = VERTEX_POINT('',#6976);
#6976 = CARTESIAN_POINT('',(182.5125,-22.45573296035,14.7));
#6977 = SURFACE_CURVE('',#6978,(#6982,#6989),.PCURVE_S1.);
#6978 = LINE('',#6979,#6980);
#6979 = CARTESIAN_POINT('',(182.5125,-19.85,14.7));
#6980 = VECTOR('',#6981,1.);
#6981 = DIRECTION('',(0.,-1.,0.));
#6982 = PCURVE('',#346,#6983);
#6983 = DEFINITIONAL_REPRESENTATION('',(#6984),#6988);
#6984 = LINE('',#6985,#6986);
#6985 = CARTESIAN_POINT('',(9.4,-1.55));
#6986 = VECTOR('',#6987,1.);
#6987 = DIRECTION('',(0.,1.));
#6988 = ( GEOMETRIC_REPRESENTATION_CONTEXT(2) 
PARAMETRIC_REPRESENTATION_CONTEXT() REPRESENTATION_CONTEXT('2D SPACE',''
  ) );
#6989 = PCURVE('',#6858,#6990);
#6990 = DEFINITIONAL_REPRESENTATION('',(#6991),#6995);
#6991 = LINE('',#6992,#6993);
#6992 = CARTESIAN_POINT('',(-3.14159265359,-1.55));
#6993 = VECTOR('',#6994,1.);
#6994 = DIRECTION('',(0.,1.));
#6995 = ( GEOMETRIC_REPRESENTATION_CONTEXT(2) 
PARAMETRIC_REPRESENTATION_CONTEXT() REPRESENTATION_CONTEXT('2D SPACE',''
  ) );
#6996 = ORIENTED_EDGE('',*,*,#6997,.T.);
#6997 = EDGE_CURVE('',#6975,#332,#6998,.T.);
#6998 = SURFACE_CURVE('',#6999,(#7003,#7009),.PCURVE_S1.);
#6999 = LINE('',#7000,#7001);
#7000 = CARTESIAN_POINT('',(182.5125,-22.45573296035,8.7));
#7001 = VECTOR('',#7002,1.);
#7002 = DIRECTION('',(0.,0.,-1.));
#7003 = PCURVE('',#346,#7004);
#7004 = DEFINITIONAL_REPRESENTATION('',(#7005),#7008);
#7005 = B_SPLINE_CURVE_WITH_KNOTS('',1,(#7006,#7007),.UNSPECIFIED.,.F.,
  .F.,(2,2),(-6.,-3.4),.PIECEWISE_BEZIER_KNOTS.);
#7006 = CARTESIAN_POINT('',(9.4,1.055732960354));
#7007 = CARTESIAN_POINT('',(6.8,1.055732960354));
#7008 = ( GEOMETRIC_REPRESENTATION_CONTEXT(2) 
PARAMETRIC_REPRESENTATION_CONTEXT() REPRESENTATION_CONTEXT('2D SPACE',''
  ) );
#7009 = PCURVE('',#373,#7010);
#7010 = DEFINITIONAL_REPRESENTATION('',(#7011),#7014);
#7011 = B_SPLINE_CURVE_WITH_KNOTS('',1,(#7012,#7013),.UNSPECIFIED.,.F.,
  .F.,(2,2),(-6.,-3.4),.PIECEWISE_BEZIER_KNOTS.);
#7012 = CARTESIAN_POINT('',(27.500000597579,-2.6));
#7013 = CARTESIAN_POINT('',(27.500000597579,0.));
#7014 = ( GEOMETRIC_REPRESENTATION_CONTEXT(2) 
PARAMETRIC_REPRESENTATION_CONTEXT() REPRESENTATION_CONTEXT('2D SPACE',''
  ) );
#7015 = ORIENTED_EDGE('',*,*,#331,.T.);
#7016 = ADVANCED_FACE('',(#7017),#4193,.F.);
#7017 = FACE_BOUND('',#7018,.F.);
#7018 = EDGE_LOOP('',(#7019,#7040,#7041,#7042));
#7019 = ORIENTED_EDGE('',*,*,#7020,.T.);
#7020 = EDGE_CURVE('',#4145,#5132,#7021,.T.);
#7021 = SURFACE_CURVE('',#7022,(#7026,#7033),.PCURVE_S1.);
#7022 = LINE('',#7023,#7024);
#7023 = CARTESIAN_POINT('',(266.90304378361,-34.82700556635,12.1));
#7024 = VECTOR('',#7025,1.);
#7025 = DIRECTION('',(0.,0.,1.));
#7026 = PCURVE('',#4193,#7027);
#7027 = DEFINITIONAL_REPRESENTATION('',(#7028),#7032);
#7028 = LINE('',#7029,#7030);
#7029 = CARTESIAN_POINT('',(0.,0.));
#7030 = VECTOR('',#7031,1.);
#7031 = DIRECTION('',(0.,-1.));
#7032 = ( GEOMETRIC_REPRESENTATION_CONTEXT(2) 
PARAMETRIC_REPRESENTATION_CONTEXT() REPRESENTATION_CONTEXT('2D SPACE',''
  ) );
#7033 = PCURVE('',#4160,#7034);
#7034 = DEFINITIONAL_REPRESENTATION('',(#7035),#7039);
#7035 = LINE('',#7036,#7037);
#7036 = CARTESIAN_POINT('',(20.807856288577,0.));
#7037 = VECTOR('',#7038,1.);
#7038 = DIRECTION('',(0.,-1.));
#7039 = ( GEOMETRIC_REPRESENTATION_CONTEXT(2) 
PARAMETRIC_REPRESENTATION_CONTEXT() REPRESENTATION_CONTEXT('2D SPACE',''
  ) );
#7040 = ORIENTED_EDGE('',*,*,#5154,.T.);
#7041 = ORIENTED_EDGE('',*,*,#6946,.F.);
#7042 = ORIENTED_EDGE('',*,*,#4172,.F.);
#7043 = ADVANCED_FACE('',(#7044),#373,.F.);
#7044 = FACE_BOUND('',#7045,.F.);
#7045 = EDGE_LOOP('',(#7046,#7047,#7070,#7096,#7117,#7118,#7119,#7146,
    #7167,#7194));
#7046 = ORIENTED_EDGE('',*,*,#3424,.F.);
#7047 = ORIENTED_EDGE('',*,*,#7048,.T.);
#7048 = EDGE_CURVE('',#3392,#7049,#7051,.T.);
#7049 = VERTEX_POINT('',#7050);
#7050 = CARTESIAN_POINT('',(155.0125,-22.45,17.1));
#7051 = SURFACE_CURVE('',#7052,(#7056,#7063),.PCURVE_S1.);
#7052 = LINE('',#7053,#7054);
#7053 = CARTESIAN_POINT('',(155.0125,-22.45,12.1));
#7054 = VECTOR('',#7055,1.);
#7055 = DIRECTION('',(0.,0.,1.));
#7056 = PCURVE('',#373,#7057);
#7057 = DEFINITIONAL_REPRESENTATION('',(#7058),#7062);
#7058 = LINE('',#7059,#7060);
#7059 = CARTESIAN_POINT('',(0.,0.));
#7060 = VECTOR('',#7061,1.);
#7061 = DIRECTION('',(0.,-1.));
#7062 = ( GEOMETRIC_REPRESENTATION_CONTEXT(2) 
PARAMETRIC_REPRESENTATION_CONTEXT() REPRESENTATION_CONTEXT('2D SPACE',''
  ) );
#7063 = PCURVE('',#3412,#7064);
#7064 = DEFINITIONAL_REPRESENTATION('',(#7065),#7069);
#7065 = LINE('',#7066,#7067);
#7066 = CARTESIAN_POINT('',(1.47262155637,0.));
#7067 = VECTOR('',#7068,1.);
#7068 = DIRECTION('',(0.,-1.));
#7069 = ( GEOMETRIC_REPRESENTATION_CONTEXT(2) 
PARAMETRIC_REPRESENTATION_CONTEXT() REPRESENTATION_CONTEXT('2D SPACE',''
  ) );
#7070 = ORIENTED_EDGE('',*,*,#7071,.T.);
#7071 = EDGE_CURVE('',#7049,#7072,#7074,.T.);
#7072 = VERTEX_POINT('',#7073);
#7073 = CARTESIAN_POINT('',(189.65952571049,-22.45722290999,17.1));
#7074 = SURFACE_CURVE('',#7075,(#7079,#7085),.PCURVE_S1.);
#7075 = LINE('',#7076,#7077);
#7076 = CARTESIAN_POINT('',(159.12199101548,-22.45085671087,17.1));
#7077 = VECTOR('',#7078,1.);
#7078 = DIRECTION('',(0.99999997827,-2.084712810589E-04,0.));
#7079 = PCURVE('',#373,#7080);
#7080 = DEFINITIONAL_REPRESENTATION('',(#7081),#7084);
#7081 = B_SPLINE_CURVE_WITH_KNOTS('',1,(#7082,#7083),.UNSPECIFIED.,.F.,
  .F.,(2,2),(-4.109491104786,30.537535358593),.PIECEWISE_BEZIER_KNOTS.);
#7082 = CARTESIAN_POINT('',(0.,-5.));
#7083 = CARTESIAN_POINT('',(34.647026463379,-5.));
#7084 = ( GEOMETRIC_REPRESENTATION_CONTEXT(2) 
PARAMETRIC_REPRESENTATION_CONTEXT() REPRESENTATION_CONTEXT('2D SPACE',''
  ) );
#7085 = PCURVE('',#7086,#7091);
#7086 = PLANE('',#7087);
#7087 = AXIS2_PLACEMENT_3D('',#7088,#7089,#7090);
#7088 = CARTESIAN_POINT('',(163.22666496161,-45.55834581834,17.1));
#7089 = DIRECTION('',(0.,0.,1.));
#7090 = DIRECTION('',(1.,0.,-0.));
#7091 = DEFINITIONAL_REPRESENTATION('',(#7092),#7095);
#7092 = B_SPLINE_CURVE_WITH_KNOTS('',1,(#7093,#7094),.UNSPECIFIED.,.F.,
  .F.,(2,2),(-4.109491104786,30.537535358593),.PIECEWISE_BEZIER_KNOTS.);
#7093 = CARTESIAN_POINT('',(-8.21416496161,23.108345818341));
#7094 = CARTESIAN_POINT('',(26.432860748884,23.101122908349));
#7095 = ( GEOMETRIC_REPRESENTATION_CONTEXT(2) 
PARAMETRIC_REPRESENTATION_CONTEXT() REPRESENTATION_CONTEXT('2D SPACE',''
  ) );
#7096 = ORIENTED_EDGE('',*,*,#7097,.F.);
#7097 = EDGE_CURVE('',#358,#7072,#7098,.T.);
#7098 = SURFACE_CURVE('',#7099,(#7103,#7110),.PCURVE_S1.);
#7099 = LINE('',#7100,#7101);
#7100 = CARTESIAN_POINT('',(189.65952571049,-22.45722290999,12.1));
#7101 = VECTOR('',#7102,1.);
#7102 = DIRECTION('',(0.,0.,1.));
#7103 = PCURVE('',#373,#7104);
#7104 = DEFINITIONAL_REPRESENTATION('',(#7105),#7109);
#7105 = LINE('',#7106,#7107);
#7106 = CARTESIAN_POINT('',(34.647026463379,0.));
#7107 = VECTOR('',#7108,1.);
#7108 = DIRECTION('',(0.,-1.));
#7109 = ( GEOMETRIC_REPRESENTATION_CONTEXT(2) 
PARAMETRIC_REPRESENTATION_CONTEXT() REPRESENTATION_CONTEXT('2D SPACE',''
  ) );
#7110 = PCURVE('',#406,#7111);
#7111 = DEFINITIONAL_REPRESENTATION('',(#7112),#7116);
#7112 = LINE('',#7113,#7114);
#7113 = CARTESIAN_POINT('',(0.,0.));
#7114 = VECTOR('',#7115,1.);
#7115 = DIRECTION('',(0.,-1.));
#7116 = ( GEOMETRIC_REPRESENTATION_CONTEXT(2) 
PARAMETRIC_REPRESENTATION_CONTEXT() REPRESENTATION_CONTEXT('2D SPACE',''
  ) );
#7117 = ORIENTED_EDGE('',*,*,#357,.F.);
#7118 = ORIENTED_EDGE('',*,*,#6997,.F.);
#7119 = ORIENTED_EDGE('',*,*,#7120,.F.);
#7120 = EDGE_CURVE('',#7121,#6975,#7123,.T.);
#7121 = VERTEX_POINT('',#7122);
#7122 = CARTESIAN_POINT('',(181.5125,-22.45552448906,15.7));
#7123 = SURFACE_CURVE('',#7124,(#7129,#7136),.PCURVE_S1.);
#7124 = ELLIPSE('',#7125,1.00000002173,1.);
#7125 = AXIS2_PLACEMENT_3D('',#7126,#7127,#7128);
#7126 = CARTESIAN_POINT('',(181.5125,-22.45552448906,14.7));
#7127 = DIRECTION('',(2.084712810589E-04,0.99999997827,0.));
#7128 = DIRECTION('',(0.99999997827,-2.084712810589E-04,0.));
#7129 = PCURVE('',#373,#7130);
#7130 = DEFINITIONAL_REPRESENTATION('',(#7131),#7135);
#7131 = ELLIPSE('',#7132,1.00000002173,1.);
#7132 = AXIS2_PLACEMENT_2D('',#7133,#7134);
#7133 = CARTESIAN_POINT('',(26.500000575849,-2.6));
#7134 = DIRECTION('',(1.,0.));
#7135 = ( GEOMETRIC_REPRESENTATION_CONTEXT(2) 
PARAMETRIC_REPRESENTATION_CONTEXT() REPRESENTATION_CONTEXT('2D SPACE',''
  ) );
#7136 = PCURVE('',#6858,#7137);
#7137 = DEFINITIONAL_REPRESENTATION('',(#7138),#7145);
#7138 = B_SPLINE_CURVE_WITH_KNOTS('',5,(#7139,#7140,#7141,#7142,#7143,
    #7144),.UNSPECIFIED.,.F.,.F.,(6,6),(4.712388980385,6.28318530718),
  .PIECEWISE_BEZIER_KNOTS.);
#7139 = CARTESIAN_POINT('',(-1.570796326795,1.055524489068));
#7140 = CARTESIAN_POINT('',(-1.884955592154,1.055589982254));
#7141 = CARTESIAN_POINT('',(-2.199114857513,1.055655534718));
#7142 = CARTESIAN_POINT('',(-2.513274122872,1.055707312081));
#7143 = CARTESIAN_POINT('',(-2.827433388231,1.055732960354));
#7144 = CARTESIAN_POINT('',(-3.14159265359,1.055732960354));
#7145 = ( GEOMETRIC_REPRESENTATION_CONTEXT(2) 
PARAMETRIC_REPRESENTATION_CONTEXT() REPRESENTATION_CONTEXT('2D SPACE',''
  ) );
#7146 = ORIENTED_EDGE('',*,*,#7147,.T.);
#7147 = EDGE_CURVE('',#7121,#7148,#7150,.T.);
#7148 = VERTEX_POINT('',#7149);
#7149 = CARTESIAN_POINT('',(163.0125,-22.45166777028,15.7));
#7150 = SURFACE_CURVE('',#7151,(#7155,#7161),.PCURVE_S1.);
#7151 = LINE('',#7152,#7153);
#7152 = CARTESIAN_POINT('',(159.01239037873,-22.45083386228,15.7));
#7153 = VECTOR('',#7154,1.);
#7154 = DIRECTION('',(-0.99999997827,2.084712810589E-04,0.));
#7155 = PCURVE('',#373,#7156);
#7156 = DEFINITIONAL_REPRESENTATION('',(#7157),#7160);
#7157 = B_SPLINE_CURVE_WITH_KNOTS('',1,(#7158,#7159),.UNSPECIFIED.,.F.,
  .F.,(2,2),(-22.50011011019,-4.000109708184),.PIECEWISE_BEZIER_KNOTS.);
#7158 = CARTESIAN_POINT('',(26.500000575849,-3.6));
#7159 = CARTESIAN_POINT('',(8.000000173841,-3.6));
#7160 = ( GEOMETRIC_REPRESENTATION_CONTEXT(2) 
PARAMETRIC_REPRESENTATION_CONTEXT() REPRESENTATION_CONTEXT('2D SPACE',''
  ) );
#7161 = PCURVE('',#6830,#7162);
#7162 = DEFINITIONAL_REPRESENTATION('',(#7163),#7166);
#7163 = B_SPLINE_CURVE_WITH_KNOTS('',1,(#7164,#7165),.UNSPECIFIED.,.F.,
  .F.,(2,2),(-22.50011011019,-4.000109708184),.PIECEWISE_BEZIER_KNOTS.);
#7164 = CARTESIAN_POINT('',(18.5,1.055524489068));
#7165 = CARTESIAN_POINT('',(8.881784197001E-16,1.051667770285));
#7166 = ( GEOMETRIC_REPRESENTATION_CONTEXT(2) 
PARAMETRIC_REPRESENTATION_CONTEXT() REPRESENTATION_CONTEXT('2D SPACE',''
  ) );
#7167 = ORIENTED_EDGE('',*,*,#7168,.F.);
#7168 = EDGE_CURVE('',#7169,#7148,#7171,.T.);
#7169 = VERTEX_POINT('',#7170);
#7170 = CARTESIAN_POINT('',(162.0125,-22.45145929899,14.7));
#7171 = SURFACE_CURVE('',#7172,(#7177,#7184),.PCURVE_S1.);
#7172 = ELLIPSE('',#7173,1.00000002173,1.);
#7173 = AXIS2_PLACEMENT_3D('',#7174,#7175,#7176);
#7174 = CARTESIAN_POINT('',(163.0125,-22.45166777028,14.7));
#7175 = DIRECTION('',(2.084712810589E-04,0.99999997827,0.));
#7176 = DIRECTION('',(0.99999997827,-2.084712810589E-04,0.));
#7177 = PCURVE('',#373,#7178);
#7178 = DEFINITIONAL_REPRESENTATION('',(#7179),#7183);
#7179 = ELLIPSE('',#7180,1.00000002173,1.);
#7180 = AXIS2_PLACEMENT_2D('',#7181,#7182);
#7181 = CARTESIAN_POINT('',(8.000000173841,-2.6));
#7182 = DIRECTION('',(1.,0.));
#7183 = ( GEOMETRIC_REPRESENTATION_CONTEXT(2) 
PARAMETRIC_REPRESENTATION_CONTEXT() REPRESENTATION_CONTEXT('2D SPACE',''
  ) );
#7184 = PCURVE('',#6803,#7185);
#7185 = DEFINITIONAL_REPRESENTATION('',(#7186),#7193);
#7186 = B_SPLINE_CURVE_WITH_KNOTS('',5,(#7187,#7188,#7189,#7190,#7191,
    #7192),.UNSPECIFIED.,.F.,.F.,(6,6),(3.14159265359,4.712388980385),
  .PIECEWISE_BEZIER_KNOTS.);
#7187 = CARTESIAN_POINT('',(0.,1.051459298999));
#7188 = CARTESIAN_POINT('',(-0.314159265359,1.051459298999));
#7189 = CARTESIAN_POINT('',(-0.628318530718,1.051484947272));
#7190 = CARTESIAN_POINT('',(-0.942477796077,1.051536724634));
#7191 = CARTESIAN_POINT('',(-1.256637061436,1.051602277099));
#7192 = CARTESIAN_POINT('',(-1.570796326795,1.051667770285));
#7193 = ( GEOMETRIC_REPRESENTATION_CONTEXT(2) 
PARAMETRIC_REPRESENTATION_CONTEXT() REPRESENTATION_CONTEXT('2D SPACE',''
  ) );
#7194 = ORIENTED_EDGE('',*,*,#7195,.T.);
#7195 = EDGE_CURVE('',#7169,#3425,#7196,.T.);
#7196 = SURFACE_CURVE('',#7197,(#7201,#7207),.PCURVE_S1.);
#7197 = LINE('',#7198,#7199);
#7198 = CARTESIAN_POINT('',(162.0125,-22.45145929899,8.7));
#7199 = VECTOR('',#7200,1.);
#7200 = DIRECTION('',(0.,0.,-1.));
#7201 = PCURVE('',#373,#7202);
#7202 = DEFINITIONAL_REPRESENTATION('',(#7203),#7206);
#7203 = B_SPLINE_CURVE_WITH_KNOTS('',1,(#7204,#7205),.UNSPECIFIED.,.F.,
  .F.,(2,2),(-6.,-3.4),.PIECEWISE_BEZIER_KNOTS.);
#7204 = CARTESIAN_POINT('',(7.000000152111,-2.6));
#7205 = CARTESIAN_POINT('',(7.000000152111,0.));
#7206 = ( GEOMETRIC_REPRESENTATION_CONTEXT(2) 
PARAMETRIC_REPRESENTATION_CONTEXT() REPRESENTATION_CONTEXT('2D SPACE',''
  ) );
#7207 = PCURVE('',#3462,#7208);
#7208 = DEFINITIONAL_REPRESENTATION('',(#7209),#7212);
#7209 = B_SPLINE_CURVE_WITH_KNOTS('',1,(#7210,#7211),.UNSPECIFIED.,.F.,
  .F.,(2,2),(-6.,-3.4),.PIECEWISE_BEZIER_KNOTS.);
#7210 = CARTESIAN_POINT('',(9.4,1.051459298999));
#7211 = CARTESIAN_POINT('',(6.8,1.051459298999));
#7212 = ( GEOMETRIC_REPRESENTATION_CONTEXT(2) 
PARAMETRIC_REPRESENTATION_CONTEXT() REPRESENTATION_CONTEXT('2D SPACE',''
  ) );
#7213 = ADVANCED_FACE('',(#7214),#4160,.F.);
#7214 = FACE_BOUND('',#7215,.F.);
#7215 = EDGE_LOOP('',(#7216,#7237,#7238,#7239));
#7216 = ORIENTED_EDGE('',*,*,#7217,.T.);
#7217 = EDGE_CURVE('',#4116,#5108,#7218,.T.);
#7218 = SURFACE_CURVE('',#7219,(#7223,#7230),.PCURVE_S1.);
#7219 = LINE('',#7220,#7221);
#7220 = CARTESIAN_POINT('',(287.7108987425,-34.83444437314,12.1));
#7221 = VECTOR('',#7222,1.);
#7222 = DIRECTION('',(0.,0.,1.));
#7223 = PCURVE('',#4160,#7224);
#7224 = DEFINITIONAL_REPRESENTATION('',(#7225),#7229);
#7225 = LINE('',#7226,#7227);
#7226 = CARTESIAN_POINT('',(0.,0.));
#7227 = VECTOR('',#7228,1.);
#7228 = DIRECTION('',(0.,-1.));
#7229 = ( GEOMETRIC_REPRESENTATION_CONTEXT(2) 
PARAMETRIC_REPRESENTATION_CONTEXT() REPRESENTATION_CONTEXT('2D SPACE',''
  ) );
#7230 = PCURVE('',#4132,#7231);
#7231 = DEFINITIONAL_REPRESENTATION('',(#7232),#7236);
#7232 = LINE('',#7233,#7234);
#7233 = CARTESIAN_POINT('',(-1.505043568067,0.));
#7234 = VECTOR('',#7235,1.);
#7235 = DIRECTION('',(-0.,-1.));
#7236 = ( GEOMETRIC_REPRESENTATION_CONTEXT(2) 
PARAMETRIC_REPRESENTATION_CONTEXT() REPRESENTATION_CONTEXT('2D SPACE',''
  ) );
#7237 = ORIENTED_EDGE('',*,*,#5131,.T.);
#7238 = ORIENTED_EDGE('',*,*,#7020,.F.);
#7239 = ORIENTED_EDGE('',*,*,#4144,.F.);
#7240 = ADVANCED_FACE('',(#7241),#406,.F.);
#7241 = FACE_BOUND('',#7242,.F.);
#7242 = EDGE_LOOP('',(#7243,#7244,#7245,#7273));
#7243 = ORIENTED_EDGE('',*,*,#385,.F.);
#7244 = ORIENTED_EDGE('',*,*,#7097,.T.);
#7245 = ORIENTED_EDGE('',*,*,#7246,.T.);
#7246 = EDGE_CURVE('',#7072,#7247,#7249,.T.);
#7247 = VERTEX_POINT('',#7248);
#7248 = CARTESIAN_POINT('',(191.0125,-23.95,17.1));
#7249 = SURFACE_CURVE('',#7250,(#7255,#7262),.PCURVE_S1.);
#7250 = CIRCLE('',#7251,1.5);
#7251 = AXIS2_PLACEMENT_3D('',#7252,#7253,#7254);
#7252 = CARTESIAN_POINT('',(189.5125,-23.95,17.1));
#7253 = DIRECTION('',(0.,0.,-1.));
#7254 = DIRECTION('',(9.801714032955E-02,0.995184726672,0.));
#7255 = PCURVE('',#406,#7256);
#7256 = DEFINITIONAL_REPRESENTATION('',(#7257),#7261);
#7257 = LINE('',#7258,#7259);
#7258 = CARTESIAN_POINT('',(0.,-5.));
#7259 = VECTOR('',#7260,1.);
#7260 = DIRECTION('',(1.,0.));
#7261 = ( GEOMETRIC_REPRESENTATION_CONTEXT(2) 
PARAMETRIC_REPRESENTATION_CONTEXT() REPRESENTATION_CONTEXT('2D SPACE',''
  ) );
#7262 = PCURVE('',#7086,#7263);
#7263 = DEFINITIONAL_REPRESENTATION('',(#7264),#7272);
#7264 = ( BOUNDED_CURVE() B_SPLINE_CURVE(2,(#7265,#7266,#7267,#7268,
#7269,#7270,#7271),.UNSPECIFIED.,.T.,.F.) B_SPLINE_CURVE_WITH_KNOTS((1,2
    ,2,2,2,1),(-2.094395102393,0.,2.094395102393,4.188790204786,
6.28318530718,8.377580409573),.UNSPECIFIED.) CURVE() 
GEOMETRIC_REPRESENTATION_ITEM() RATIONAL_B_SPLINE_CURVE((1.,0.5,1.,0.5,
1.,0.5,1.)) REPRESENTATION_ITEM('') );
#7265 = CARTESIAN_POINT('',(26.432860748884,23.101122908349));
#7266 = CARTESIAN_POINT('',(29.018426513153,22.846466907754));
#7267 = CARTESIAN_POINT('',(27.505105065277,20.734629273039));
#7268 = CARTESIAN_POINT('',(25.991783617401,18.622791638324));
#7269 = CARTESIAN_POINT('',(24.919539301008,20.989285273634));
#7270 = CARTESIAN_POINT('',(23.847294984615,23.355778908944));
#7271 = CARTESIAN_POINT('',(26.432860748884,23.101122908349));
#7272 = ( GEOMETRIC_REPRESENTATION_CONTEXT(2) 
PARAMETRIC_REPRESENTATION_CONTEXT() REPRESENTATION_CONTEXT('2D SPACE',''
  ) );
#7273 = ORIENTED_EDGE('',*,*,#7274,.F.);
#7274 = EDGE_CURVE('',#386,#7247,#7275,.T.);
#7275 = SURFACE_CURVE('',#7276,(#7280,#7287),.PCURVE_S1.);
#7276 = LINE('',#7277,#7278);
#7277 = CARTESIAN_POINT('',(191.0125,-23.95,12.1));
#7278 = VECTOR('',#7279,1.);
#7279 = DIRECTION('',(0.,0.,1.));
#7280 = PCURVE('',#406,#7281);
#7281 = DEFINITIONAL_REPRESENTATION('',(#7282),#7286);
#7282 = LINE('',#7283,#7284);
#7283 = CARTESIAN_POINT('',(1.47262155637,0.));
#7284 = VECTOR('',#7285,1.);
#7285 = DIRECTION('',(0.,-1.));
#7286 = ( GEOMETRIC_REPRESENTATION_CONTEXT(2) 
PARAMETRIC_REPRESENTATION_CONTEXT() REPRESENTATION_CONTEXT('2D SPACE',''
  ) );
#7287 = PCURVE('',#434,#7288);
#7288 = DEFINITIONAL_REPRESENTATION('',(#7289),#7293);
#7289 = LINE('',#7290,#7291);
#7290 = CARTESIAN_POINT('',(0.,0.));
#7291 = VECTOR('',#7292,1.);
#7292 = DIRECTION('',(0.,-1.));
#7293 = ( GEOMETRIC_REPRESENTATION_CONTEXT(2) 
PARAMETRIC_REPRESENTATION_CONTEXT() REPRESENTATION_CONTEXT('2D SPACE',''
  ) );
#7294 = ADVANCED_FACE('',(#7295),#4132,.T.);
#7295 = FACE_BOUND('',#7296,.F.);
#7296 = EDGE_LOOP('',(#7297,#7318,#7319,#7320));
#7297 = ORIENTED_EDGE('',*,*,#7298,.T.);
#7298 = EDGE_CURVE('',#4088,#5085,#7299,.T.);
#7299 = SURFACE_CURVE('',#7300,(#7304,#7311),.PCURVE_S1.);
#7300 = LINE('',#7301,#7302);
#7301 = CARTESIAN_POINT('',(296.59631140436,-43.33638571905,12.1));
#7302 = VECTOR('',#7303,1.);
#7303 = DIRECTION('',(0.,0.,1.));
#7304 = PCURVE('',#4132,#7305);
#7305 = DEFINITIONAL_REPRESENTATION('',(#7306),#7310);
#7306 = LINE('',#7307,#7308);
#7307 = CARTESIAN_POINT('',(-0.,0.));
#7308 = VECTOR('',#7309,1.);
#7309 = DIRECTION('',(-0.,-1.));
#7310 = ( GEOMETRIC_REPRESENTATION_CONTEXT(2) 
PARAMETRIC_REPRESENTATION_CONTEXT() REPRESENTATION_CONTEXT('2D SPACE',''
  ) );
#7311 = PCURVE('',#4103,#7312);
#7312 = DEFINITIONAL_REPRESENTATION('',(#7313),#7317);
#7313 = LINE('',#7314,#7315);
#7314 = CARTESIAN_POINT('',(56.742901707186,0.));
#7315 = VECTOR('',#7316,1.);
#7316 = DIRECTION('',(0.,-1.));
#7317 = ( GEOMETRIC_REPRESENTATION_CONTEXT(2) 
PARAMETRIC_REPRESENTATION_CONTEXT() REPRESENTATION_CONTEXT('2D SPACE',''
  ) );
#7318 = ORIENTED_EDGE('',*,*,#5107,.T.);
#7319 = ORIENTED_EDGE('',*,*,#7217,.F.);
#7320 = ORIENTED_EDGE('',*,*,#4115,.F.);
#7321 = ADVANCED_FACE('',(#7322),#434,.F.);
#7322 = FACE_BOUND('',#7323,.F.);
#7323 = EDGE_LOOP('',(#7324,#7325,#7326,#7347));
#7324 = ORIENTED_EDGE('',*,*,#418,.F.);
#7325 = ORIENTED_EDGE('',*,*,#7274,.T.);
#7326 = ORIENTED_EDGE('',*,*,#7327,.T.);
#7327 = EDGE_CURVE('',#7247,#7328,#7330,.T.);
#7328 = VERTEX_POINT('',#7329);
#7329 = CARTESIAN_POINT('',(191.00527709,-34.84702571049,17.1));
#7330 = SURFACE_CURVE('',#7331,(#7335,#7341),.PCURVE_S1.);
#7331 = LINE('',#7332,#7333);
#7332 = CARTESIAN_POINT('',(191.00533253525,-34.76337684476,17.1));
#7333 = VECTOR('',#7334,1.);
#7334 = DIRECTION('',(-6.628330148892E-04,-0.999999780326,0.));
#7335 = PCURVE('',#434,#7336);
#7336 = DEFINITIONAL_REPRESENTATION('',(#7337),#7340);
#7337 = B_SPLINE_CURVE_WITH_KNOTS('',1,(#7338,#7339),.UNSPECIFIED.,.F.,
  .F.,(2,2),(-10.81337922018,8.364888410501E-02),
  .PIECEWISE_BEZIER_KNOTS.);
#7338 = CARTESIAN_POINT('',(0.,-5.));
#7339 = CARTESIAN_POINT('',(10.897028104286,-5.));
#7340 = ( GEOMETRIC_REPRESENTATION_CONTEXT(2) 
PARAMETRIC_REPRESENTATION_CONTEXT() REPRESENTATION_CONTEXT('2D SPACE',''
  ) );
#7341 = PCURVE('',#7086,#7342);
#7342 = DEFINITIONAL_REPRESENTATION('',(#7343),#7346);
#7343 = B_SPLINE_CURVE_WITH_KNOTS('',1,(#7344,#7345),.UNSPECIFIED.,.F.,
  .F.,(2,2),(-10.81337922018,8.364888410501E-02),
  .PIECEWISE_BEZIER_KNOTS.);
#7344 = CARTESIAN_POINT('',(27.78583503839,21.608345818341));
#7345 = CARTESIAN_POINT('',(27.778612128398,10.711320107846));
#7346 = ( GEOMETRIC_REPRESENTATION_CONTEXT(2) 
PARAMETRIC_REPRESENTATION_CONTEXT() REPRESENTATION_CONTEXT('2D SPACE',''
  ) );
#7347 = ORIENTED_EDGE('',*,*,#7348,.F.);
#7348 = EDGE_CURVE('',#419,#7328,#7349,.T.);
#7349 = SURFACE_CURVE('',#7350,(#7354,#7361),.PCURVE_S1.);
#7350 = LINE('',#7351,#7352);
#7351 = CARTESIAN_POINT('',(191.00527709,-34.84702571049,12.1));
#7352 = VECTOR('',#7353,1.);
#7353 = DIRECTION('',(0.,0.,1.));
#7354 = PCURVE('',#434,#7355);
#7355 = DEFINITIONAL_REPRESENTATION('',(#7356),#7360);
#7356 = LINE('',#7357,#7358);
#7357 = CARTESIAN_POINT('',(10.897028104286,0.));
#7358 = VECTOR('',#7359,1.);
#7359 = DIRECTION('',(0.,-1.));
#7360 = ( GEOMETRIC_REPRESENTATION_CONTEXT(2) 
PARAMETRIC_REPRESENTATION_CONTEXT() REPRESENTATION_CONTEXT('2D SPACE',''
  ) );
#7361 = PCURVE('',#467,#7362);
#7362 = DEFINITIONAL_REPRESENTATION('',(#7363),#7367);
#7363 = LINE('',#7364,#7365);
#7364 = CARTESIAN_POINT('',(0.,0.));
#7365 = VECTOR('',#7366,1.);
#7366 = DIRECTION('',(0.,-1.));
#7367 = ( GEOMETRIC_REPRESENTATION_CONTEXT(2) 
PARAMETRIC_REPRESENTATION_CONTEXT() REPRESENTATION_CONTEXT('2D SPACE',''
  ) );
#7368 = ADVANCED_FACE('',(#7369),#4103,.F.);
#7369 = FACE_BOUND('',#7370,.F.);
#7370 = EDGE_LOOP('',(#7371,#7392,#7393,#7394));
#7371 = ORIENTED_EDGE('',*,*,#7372,.T.);
#7372 = EDGE_CURVE('',#4059,#5061,#7373,.T.);
#7373 = SURFACE_CURVE('',#7374,(#7378,#7385),.PCURVE_S1.);
#7374 = LINE('',#7375,#7376);
#7375 = CARTESIAN_POINT('',(296.60929611171,-100.0792859405,12.1));
#7376 = VECTOR('',#7377,1.);
#7377 = DIRECTION('',(0.,0.,1.));
#7378 = PCURVE('',#4103,#7379);
#7379 = DEFINITIONAL_REPRESENTATION('',(#7380),#7384);
#7380 = LINE('',#7381,#7382);
#7381 = CARTESIAN_POINT('',(0.,0.));
#7382 = VECTOR('',#7383,1.);
#7383 = DIRECTION('',(0.,-1.));
#7384 = ( GEOMETRIC_REPRESENTATION_CONTEXT(2) 
PARAMETRIC_REPRESENTATION_CONTEXT() REPRESENTATION_CONTEXT('2D SPACE',''
  ) );
#7385 = PCURVE('',#4075,#7386);
#7386 = DEFINITIONAL_REPRESENTATION('',(#7387),#7391);
#7387 = LINE('',#7388,#7389);
#7388 = CARTESIAN_POINT('',(-1.505087651532,0.));
#7389 = VECTOR('',#7390,1.);
#7390 = DIRECTION('',(-0.,-1.));
#7391 = ( GEOMETRIC_REPRESENTATION_CONTEXT(2) 
PARAMETRIC_REPRESENTATION_CONTEXT() REPRESENTATION_CONTEXT('2D SPACE',''
  ) );
#7392 = ORIENTED_EDGE('',*,*,#5084,.T.);
#7393 = ORIENTED_EDGE('',*,*,#7298,.F.);
#7394 = ORIENTED_EDGE('',*,*,#4087,.F.);
#7395 = ADVANCED_FACE('',(#7396),#467,.F.);
#7396 = FACE_BOUND('',#7397,.F.);
#7397 = EDGE_LOOP('',(#7398,#7399,#7400,#7428));
#7398 = ORIENTED_EDGE('',*,*,#446,.F.);
#7399 = ORIENTED_EDGE('',*,*,#7348,.T.);
#7400 = ORIENTED_EDGE('',*,*,#7401,.T.);
#7401 = EDGE_CURVE('',#7328,#7402,#7404,.T.);
#7402 = VERTEX_POINT('',#7403);
#7403 = CARTESIAN_POINT('',(189.5125,-36.2,17.1));
#7404 = SURFACE_CURVE('',#7405,(#7410,#7417),.PCURVE_S1.);
#7405 = CIRCLE('',#7406,1.5);
#7406 = AXIS2_PLACEMENT_3D('',#7407,#7408,#7409);
#7407 = CARTESIAN_POINT('',(189.5125,-34.7,17.1));
#7408 = DIRECTION('',(0.,0.,-1.));
#7409 = DIRECTION('',(0.995184726672,-9.801714032955E-02,0.));
#7410 = PCURVE('',#467,#7411);
#7411 = DEFINITIONAL_REPRESENTATION('',(#7412),#7416);
#7412 = LINE('',#7413,#7414);
#7413 = CARTESIAN_POINT('',(0.,-5.));
#7414 = VECTOR('',#7415,1.);
#7415 = DIRECTION('',(1.,0.));
#7416 = ( GEOMETRIC_REPRESENTATION_CONTEXT(2) 
PARAMETRIC_REPRESENTATION_CONTEXT() REPRESENTATION_CONTEXT('2D SPACE',''
  ) );
#7417 = PCURVE('',#7086,#7418);
#7418 = DEFINITIONAL_REPRESENTATION('',(#7419),#7427);
#7419 = ( BOUNDED_CURVE() B_SPLINE_CURVE(2,(#7420,#7421,#7422,#7423,
#7424,#7425,#7426),.UNSPECIFIED.,.T.,.F.) B_SPLINE_CURVE_WITH_KNOTS((1,2
    ,2,2,2,1),(-2.094395102393,0.,2.094395102393,4.188790204786,
6.28318530718,8.377580409573),.UNSPECIFIED.) CURVE() 
GEOMETRIC_REPRESENTATION_ITEM() RATIONAL_B_SPLINE_CURVE((1.,0.5,1.,0.5,
1.,0.5,1.)) REPRESENTATION_ITEM('') );
#7420 = CARTESIAN_POINT('',(27.778612128398,10.711320107846));
#7421 = CARTESIAN_POINT('',(27.523956127803,8.125754343577));
#7422 = CARTESIAN_POINT('',(25.412118493088,9.639075791453));
#7423 = CARTESIAN_POINT('',(23.300280858373,11.152397239329));
#7424 = CARTESIAN_POINT('',(25.666774493683,12.224641555722));
#7425 = CARTESIAN_POINT('',(28.033268128993,13.296885872116));
#7426 = CARTESIAN_POINT('',(27.778612128398,10.711320107846));
#7427 = ( GEOMETRIC_REPRESENTATION_CONTEXT(2) 
PARAMETRIC_REPRESENTATION_CONTEXT() REPRESENTATION_CONTEXT('2D SPACE',''
  ) );
#7428 = ORIENTED_EDGE('',*,*,#7429,.F.);
#7429 = EDGE_CURVE('',#447,#7402,#7430,.T.);
#7430 = SURFACE_CURVE('',#7431,(#7435,#7442),.PCURVE_S1.);
#7431 = LINE('',#7432,#7433);
#7432 = CARTESIAN_POINT('',(189.5125,-36.2,12.1));
#7433 = VECTOR('',#7434,1.);
#7434 = DIRECTION('',(0.,0.,1.));
#7435 = PCURVE('',#467,#7436);
#7436 = DEFINITIONAL_REPRESENTATION('',(#7437),#7441);
#7437 = LINE('',#7438,#7439);
#7438 = CARTESIAN_POINT('',(1.47262155637,0.));
#7439 = VECTOR('',#7440,1.);
#7440 = DIRECTION('',(0.,-1.));
#7441 = ( GEOMETRIC_REPRESENTATION_CONTEXT(2) 
PARAMETRIC_REPRESENTATION_CONTEXT() REPRESENTATION_CONTEXT('2D SPACE',''
  ) );
#7442 = PCURVE('',#495,#7443);
#7443 = DEFINITIONAL_REPRESENTATION('',(#7444),#7448);
#7444 = LINE('',#7445,#7446);
#7445 = CARTESIAN_POINT('',(0.,0.));
#7446 = VECTOR('',#7447,1.);
#7447 = DIRECTION('',(0.,-1.));
#7448 = ( GEOMETRIC_REPRESENTATION_CONTEXT(2) 
PARAMETRIC_REPRESENTATION_CONTEXT() REPRESENTATION_CONTEXT('2D SPACE',''
  ) );
#7449 = ADVANCED_FACE('',(#7450),#4075,.T.);
#7450 = FACE_BOUND('',#7451,.F.);
#7451 = EDGE_LOOP('',(#7452,#7473,#7474,#7475));
#7452 = ORIENTED_EDGE('',*,*,#7453,.T.);
#7453 = EDGE_CURVE('',#4031,#5038,#7454,.T.);
#7454 = SURFACE_CURVE('',#7455,(#7459,#7466),.PCURVE_S1.);
#7455 = LINE('',#7456,#7457);
#7456 = CARTESIAN_POINT('',(288.10736428099,-108.9650614043,12.1));
#7457 = VECTOR('',#7458,1.);
#7458 = DIRECTION('',(0.,0.,1.));
#7459 = PCURVE('',#4075,#7460);
#7460 = DEFINITIONAL_REPRESENTATION('',(#7461),#7465);
#7461 = LINE('',#7462,#7463);
#7462 = CARTESIAN_POINT('',(-0.,0.));
#7463 = VECTOR('',#7464,1.);
#7464 = DIRECTION('',(-0.,-1.));
#7465 = ( GEOMETRIC_REPRESENTATION_CONTEXT(2) 
PARAMETRIC_REPRESENTATION_CONTEXT() REPRESENTATION_CONTEXT('2D SPACE',''
  ) );
#7466 = PCURVE('',#4046,#7467);
#7467 = DEFINITIONAL_REPRESENTATION('',(#7468),#7472);
#7468 = LINE('',#7469,#7470);
#7469 = CARTESIAN_POINT('',(37.849010617035,0.));
#7470 = VECTOR('',#7471,1.);
#7471 = DIRECTION('',(0.,-1.));
#7472 = ( GEOMETRIC_REPRESENTATION_CONTEXT(2) 
PARAMETRIC_REPRESENTATION_CONTEXT() REPRESENTATION_CONTEXT('2D SPACE',''
  ) );
#7473 = ORIENTED_EDGE('',*,*,#5060,.T.);
#7474 = ORIENTED_EDGE('',*,*,#7372,.F.);
#7475 = ORIENTED_EDGE('',*,*,#4058,.F.);
#7476 = ADVANCED_FACE('',(#7477),#495,.F.);
#7477 = FACE_BOUND('',#7478,.F.);
#7478 = EDGE_LOOP('',(#7479,#7480,#7481,#7502));
#7479 = ORIENTED_EDGE('',*,*,#479,.F.);
#7480 = ORIENTED_EDGE('',*,*,#7429,.T.);
#7481 = ORIENTED_EDGE('',*,*,#7482,.T.);
#7482 = EDGE_CURVE('',#7402,#7483,#7485,.T.);
#7483 = VERTEX_POINT('',#7484);
#7484 = CARTESIAN_POINT('',(175.63657212575,-36.20169863318,17.1));
#7485 = SURFACE_CURVE('',#7486,(#7490,#7496),.PCURVE_S1.);
#7486 = LINE('',#7487,#7488);
#7487 = CARTESIAN_POINT('',(176.36900987294,-36.20160897121,17.1));
#7488 = VECTOR('',#7489,1.);
#7489 = DIRECTION('',(-0.999999992507,-1.224158258184E-04,0.));
#7490 = PCURVE('',#495,#7491);
#7491 = DEFINITIONAL_REPRESENTATION('',(#7492),#7495);
#7492 = B_SPLINE_CURVE_WITH_KNOTS('',1,(#7493,#7494),.UNSPECIFIED.,.F.,
  .F.,(2,2),(-13.14349022553,0.732437752678),.PIECEWISE_BEZIER_KNOTS.);
#7493 = CARTESIAN_POINT('',(0.,-5.));
#7494 = CARTESIAN_POINT('',(13.875927978211,-5.));
#7495 = ( GEOMETRIC_REPRESENTATION_CONTEXT(2) 
PARAMETRIC_REPRESENTATION_CONTEXT() REPRESENTATION_CONTEXT('2D SPACE',''
  ) );
#7496 = PCURVE('',#7086,#7497);
#7497 = DEFINITIONAL_REPRESENTATION('',(#7498),#7501);
#7498 = B_SPLINE_CURVE_WITH_KNOTS('',1,(#7499,#7500),.UNSPECIFIED.,.F.,
  .F.,(2,2),(-13.14349022553,0.732437752678),.PIECEWISE_BEZIER_KNOTS.);
#7499 = CARTESIAN_POINT('',(26.28583503839,9.358345818341));
#7500 = CARTESIAN_POINT('',(12.409907164148,9.356647185158));
#7501 = ( GEOMETRIC_REPRESENTATION_CONTEXT(2) 
PARAMETRIC_REPRESENTATION_CONTEXT() REPRESENTATION_CONTEXT('2D SPACE',''
  ) );
#7502 = ORIENTED_EDGE('',*,*,#7503,.F.);
#7503 = EDGE_CURVE('',#480,#7483,#7504,.T.);
#7504 = SURFACE_CURVE('',#7505,(#7509,#7516),.PCURVE_S1.);
#7505 = LINE('',#7506,#7507);
#7506 = CARTESIAN_POINT('',(175.63657212575,-36.20169863318,12.1));
#7507 = VECTOR('',#7508,1.);
#7508 = DIRECTION('',(0.,0.,1.));
#7509 = PCURVE('',#495,#7510);
#7510 = DEFINITIONAL_REPRESENTATION('',(#7511),#7515);
#7511 = LINE('',#7512,#7513);
#7512 = CARTESIAN_POINT('',(13.875927978211,0.));
#7513 = VECTOR('',#7514,1.);
#7514 = DIRECTION('',(0.,-1.));
#7515 = ( GEOMETRIC_REPRESENTATION_CONTEXT(2) 
PARAMETRIC_REPRESENTATION_CONTEXT() REPRESENTATION_CONTEXT('2D SPACE',''
  ) );
#7516 = PCURVE('',#524,#7517);
#7517 = DEFINITIONAL_REPRESENTATION('',(#7518),#7522);
#7518 = LINE('',#7519,#7520);
#7519 = CARTESIAN_POINT('',(-0.,0.));
#7520 = VECTOR('',#7521,1.);
#7521 = DIRECTION('',(-0.,-1.));
#7522 = ( GEOMETRIC_REPRESENTATION_CONTEXT(2) 
PARAMETRIC_REPRESENTATION_CONTEXT() REPRESENTATION_CONTEXT('2D SPACE',''
  ) );
#7523 = ADVANCED_FACE('',(#7524),#4046,.F.);
#7524 = FACE_BOUND('',#7525,.F.);
#7525 = EDGE_LOOP('',(#7526,#7547,#7548,#7549));
#7526 = ORIENTED_EDGE('',*,*,#7527,.T.);
#7527 = EDGE_CURVE('',#3998,#5010,#7528,.T.);
#7528 = SURFACE_CURVE('',#7529,(#7533,#7540),.PCURVE_S1.);
#7529 = LINE('',#7530,#7531);
#7530 = CARTESIAN_POINT('',(250.25835675492,-108.9803577927,12.1));
#7531 = VECTOR('',#7532,1.);
#7532 = DIRECTION('',(0.,0.,1.));
#7533 = PCURVE('',#4046,#7534);
#7534 = DEFINITIONAL_REPRESENTATION('',(#7535),#7539);
#7535 = LINE('',#7536,#7537);
#7536 = CARTESIAN_POINT('',(0.,0.));
#7537 = VECTOR('',#7538,1.);
#7538 = DIRECTION('',(0.,-1.));
#7539 = ( GEOMETRIC_REPRESENTATION_CONTEXT(2) 
PARAMETRIC_REPRESENTATION_CONTEXT() REPRESENTATION_CONTEXT('2D SPACE',''
  ) );
#7540 = PCURVE('',#4018,#7541);
#7541 = DEFINITIONAL_REPRESENTATION('',(#7542),#7546);
#7542 = LINE('',#7543,#7544);
#7543 = CARTESIAN_POINT('',(0.938174477326,0.));
#7544 = VECTOR('',#7545,1.);
#7545 = DIRECTION('',(0.,-1.));
#7546 = ( GEOMETRIC_REPRESENTATION_CONTEXT(2) 
PARAMETRIC_REPRESENTATION_CONTEXT() REPRESENTATION_CONTEXT('2D SPACE',''
  ) );
#7547 = ORIENTED_EDGE('',*,*,#5037,.T.);
#7548 = ORIENTED_EDGE('',*,*,#7453,.F.);
#7549 = ORIENTED_EDGE('',*,*,#4030,.F.);
#7550 = ADVANCED_FACE('',(#7551),#524,.T.);
#7551 = FACE_BOUND('',#7552,.F.);
#7552 = EDGE_LOOP('',(#7553,#7554,#7555,#7583,#7602,#7603));
#7553 = ORIENTED_EDGE('',*,*,#507,.F.);
#7554 = ORIENTED_EDGE('',*,*,#7503,.T.);
#7555 = ORIENTED_EDGE('',*,*,#7556,.F.);
#7556 = EDGE_CURVE('',#7557,#7483,#7559,.T.);
#7557 = VERTEX_POINT('',#7558);
#7558 = CARTESIAN_POINT('',(177.38139346321,-38.93400641017,17.1));
#7559 = SURFACE_CURVE('',#7560,(#7565,#7572),.PCURVE_S1.);
#7560 = CIRCLE('',#7561,4.242224518081);
#7561 = AXIS2_PLACEMENT_3D('',#7562,#7563,#7564);
#7562 = CARTESIAN_POINT('',(179.81308040296,-35.45789256151,17.1));
#7563 = DIRECTION('',(-0.,0.,-1.));
#7564 = DIRECTION('',(-0.984509013939,-0.175333971246,0.));
#7565 = PCURVE('',#524,#7566);
#7566 = DEFINITIONAL_REPRESENTATION('',(#7567),#7571);
#7567 = LINE('',#7568,#7569);
#7568 = CARTESIAN_POINT('',(-6.28318530718,-5.));
#7569 = VECTOR('',#7570,1.);
#7570 = DIRECTION('',(1.,-0.));
#7571 = ( GEOMETRIC_REPRESENTATION_CONTEXT(2) 
PARAMETRIC_REPRESENTATION_CONTEXT() REPRESENTATION_CONTEXT('2D SPACE',''
  ) );
#7572 = PCURVE('',#7086,#7573);
#7573 = DEFINITIONAL_REPRESENTATION('',(#7574),#7582);
#7574 = ( BOUNDED_CURVE() B_SPLINE_CURVE(2,(#7575,#7576,#7577,#7578,
#7579,#7580,#7581),.UNSPECIFIED.,.T.,.F.) B_SPLINE_CURVE_WITH_KNOTS((1,2
    ,2,2,2,1),(-2.094395102393,0.,2.094395102393,4.188790204786,
6.28318530718,8.377580409573),.UNSPECIFIED.) CURVE() 
GEOMETRIC_REPRESENTATION_ITEM() RATIONAL_B_SPLINE_CURVE((1.,0.5,1.,0.5,
1.,0.5,1.)) REPRESENTATION_ITEM('') );
#7575 = CARTESIAN_POINT('',(12.409907164148,9.356647185158));
#7576 = CARTESIAN_POINT('',(11.121597257033,16.590571719507));
#7577 = CARTESIAN_POINT('',(18.030514626396,14.089318559842));
#7578 = CARTESIAN_POINT('',(24.93943199576,11.588065400176));
#7579 = CARTESIAN_POINT('',(19.318824533511,6.855394025493));
#7580 = CARTESIAN_POINT('',(13.698217071263,2.122722650809));
#7581 = CARTESIAN_POINT('',(12.409907164148,9.356647185158));
#7582 = ( GEOMETRIC_REPRESENTATION_CONTEXT(2) 
PARAMETRIC_REPRESENTATION_CONTEXT() REPRESENTATION_CONTEXT('2D SPACE',''
  ) );
#7583 = ORIENTED_EDGE('',*,*,#7584,.F.);
#7584 = EDGE_CURVE('',#5665,#7557,#7585,.T.);
#7585 = SURFACE_CURVE('',#7586,(#7590,#7596),.PCURVE_S1.);
#7586 = LINE('',#7587,#7588);
#7587 = CARTESIAN_POINT('',(177.38139346321,-38.93400641017,12.1));
#7588 = VECTOR('',#7589,1.);
#7589 = DIRECTION('',(-0.,-0.,-1.));
#7590 = PCURVE('',#524,#7591);
#7591 = DEFINITIONAL_REPRESENTATION('',(#7592),#7595);
#7592 = B_SPLINE_CURVE_WITH_KNOTS('',1,(#7593,#7594),.UNSPECIFIED.,.F.,
  .F.,(2,2),(-6.5000024,-4.9999976),.PIECEWISE_BEZIER_KNOTS.);
#7593 = CARTESIAN_POINT('',(-0.784132961063,-6.5000024));
#7594 = CARTESIAN_POINT('',(-0.784132961063,-4.9999976));
#7595 = ( GEOMETRIC_REPRESENTATION_CONTEXT(2) 
PARAMETRIC_REPRESENTATION_CONTEXT() REPRESENTATION_CONTEXT('2D SPACE',''
  ) );
#7596 = PCURVE('',#5681,#7597);
#7597 = DEFINITIONAL_REPRESENTATION('',(#7598),#7601);
#7598 = B_SPLINE_CURVE_WITH_KNOTS('',1,(#7599,#7600),.UNSPECIFIED.,.F.,
  .F.,(2,2),(-6.5000024,-4.9999976),.PIECEWISE_BEZIER_KNOTS.);
#7599 = CARTESIAN_POINT('',(-1.87611572466,-1.5000024));
#7600 = CARTESIAN_POINT('',(-1.87611572466,2.399999999625E-06));
#7601 = ( GEOMETRIC_REPRESENTATION_CONTEXT(2) 
PARAMETRIC_REPRESENTATION_CONTEXT() REPRESENTATION_CONTEXT('2D SPACE',''
  ) );
#7602 = ORIENTED_EDGE('',*,*,#5693,.T.);
#7603 = ORIENTED_EDGE('',*,*,#7604,.F.);
#7604 = EDGE_CURVE('',#508,#5694,#7605,.T.);
#7605 = SURFACE_CURVE('',#7606,(#7610,#7617),.PCURVE_S1.);
#7606 = LINE('',#7607,#7608);
#7607 = CARTESIAN_POINT('',(179.84459773336,-39.7,12.1));
#7608 = VECTOR('',#7609,1.);
#7609 = DIRECTION('',(0.,0.,1.));
#7610 = PCURVE('',#524,#7611);
#7611 = DEFINITIONAL_REPRESENTATION('',(#7612),#7616);
#7612 = LINE('',#7613,#7614);
#7613 = CARTESIAN_POINT('',(-1.40198084581,0.));
#7614 = VECTOR('',#7615,1.);
#7615 = DIRECTION('',(-0.,-1.));
#7616 = ( GEOMETRIC_REPRESENTATION_CONTEXT(2) 
PARAMETRIC_REPRESENTATION_CONTEXT() REPRESENTATION_CONTEXT('2D SPACE',''
  ) );
#7617 = PCURVE('',#552,#7618);
#7618 = DEFINITIONAL_REPRESENTATION('',(#7619),#7623);
#7619 = LINE('',#7620,#7621);
#7620 = CARTESIAN_POINT('',(0.,0.));
#7621 = VECTOR('',#7622,1.);
#7622 = DIRECTION('',(0.,-1.));
#7623 = ( GEOMETRIC_REPRESENTATION_CONTEXT(2) 
PARAMETRIC_REPRESENTATION_CONTEXT() REPRESENTATION_CONTEXT('2D SPACE',''
  ) );
#7624 = ADVANCED_FACE('',(#7625),#4018,.F.);
#7625 = FACE_BOUND('',#7626,.F.);
#7626 = EDGE_LOOP('',(#7627,#7648,#7649,#7650));
#7627 = ORIENTED_EDGE('',*,*,#7628,.T.);
#7628 = EDGE_CURVE('',#3970,#4987,#7629,.T.);
#7629 = SURFACE_CURVE('',#7630,(#7634,#7641),.PCURVE_S1.);
#7630 = LINE('',#7631,#7632);
#7631 = CARTESIAN_POINT('',(230.05654010592,-119.1665876445,12.1));
#7632 = VECTOR('',#7633,1.);
#7633 = DIRECTION('',(0.,0.,1.));
#7634 = PCURVE('',#4018,#7635);
#7635 = DEFINITIONAL_REPRESENTATION('',(#7636),#7640);
#7636 = LINE('',#7637,#7638);
#7637 = CARTESIAN_POINT('',(0.,0.));
#7638 = VECTOR('',#7639,1.);
#7639 = DIRECTION('',(0.,-1.));
#7640 = ( GEOMETRIC_REPRESENTATION_CONTEXT(2) 
PARAMETRIC_REPRESENTATION_CONTEXT() REPRESENTATION_CONTEXT('2D SPACE',''
  ) );
#7641 = PCURVE('',#3985,#7642);
#7642 = DEFINITIONAL_REPRESENTATION('',(#7643),#7647);
#7643 = LINE('',#7644,#7645);
#7644 = CARTESIAN_POINT('',(2.578775450378,0.));
#7645 = VECTOR('',#7646,1.);
#7646 = DIRECTION('',(0.,-1.));
#7647 = ( GEOMETRIC_REPRESENTATION_CONTEXT(2) 
PARAMETRIC_REPRESENTATION_CONTEXT() REPRESENTATION_CONTEXT('2D SPACE',''
  ) );
#7648 = ORIENTED_EDGE('',*,*,#5009,.T.);
#7649 = ORIENTED_EDGE('',*,*,#7527,.F.);
#7650 = ORIENTED_EDGE('',*,*,#3997,.F.);
#7651 = ADVANCED_FACE('',(#7652),#552,.F.);
#7652 = FACE_BOUND('',#7653,.F.);
#7653 = EDGE_LOOP('',(#7654,#7655,#7656,#7677));
#7654 = ORIENTED_EDGE('',*,*,#7604,.T.);
#7655 = ORIENTED_EDGE('',*,*,#5717,.T.);
#7656 = ORIENTED_EDGE('',*,*,#7657,.F.);
#7657 = EDGE_CURVE('',#537,#5718,#7658,.T.);
#7658 = SURFACE_CURVE('',#7659,(#7663,#7670),.PCURVE_S1.);
#7659 = LINE('',#7660,#7661);
#7660 = CARTESIAN_POINT('',(188.10589461415,-39.69920366102,12.1));
#7661 = VECTOR('',#7662,1.);
#7662 = DIRECTION('',(0.,0.,1.));
#7663 = PCURVE('',#552,#7664);
#7664 = DEFINITIONAL_REPRESENTATION('',(#7665),#7669);
#7665 = LINE('',#7666,#7667);
#7666 = CARTESIAN_POINT('',(8.261296919166,0.));
#7667 = VECTOR('',#7668,1.);
#7668 = DIRECTION('',(0.,-1.));
#7669 = ( GEOMETRIC_REPRESENTATION_CONTEXT(2) 
PARAMETRIC_REPRESENTATION_CONTEXT() REPRESENTATION_CONTEXT('2D SPACE',''
  ) );
#7670 = PCURVE('',#581,#7671);
#7671 = DEFINITIONAL_REPRESENTATION('',(#7672),#7676);
#7672 = LINE('',#7673,#7674);
#7673 = CARTESIAN_POINT('',(-0.,0.));
#7674 = VECTOR('',#7675,1.);
#7675 = DIRECTION('',(-0.,-1.));
#7676 = ( GEOMETRIC_REPRESENTATION_CONTEXT(2) 
PARAMETRIC_REPRESENTATION_CONTEXT() REPRESENTATION_CONTEXT('2D SPACE',''
  ) );
#7677 = ORIENTED_EDGE('',*,*,#536,.F.);
#7678 = ADVANCED_FACE('',(#7679),#3985,.F.);
#7679 = FACE_BOUND('',#7680,.F.);
#7680 = EDGE_LOOP('',(#7681,#7702,#7703,#7704));
#7681 = ORIENTED_EDGE('',*,*,#7682,.T.);
#7682 = EDGE_CURVE('',#3941,#4963,#7683,.T.);
#7683 = SURFACE_CURVE('',#7684,(#7688,#7695),.PCURVE_S1.);
#7684 = LINE('',#7685,#7686);
#7685 = CARTESIAN_POINT('',(228.63110811507,-121.3155935689,12.1));
#7686 = VECTOR('',#7687,1.);
#7687 = DIRECTION('',(0.,0.,1.));
#7688 = PCURVE('',#3985,#7689);
#7689 = DEFINITIONAL_REPRESENTATION('',(#7690),#7694);
#7690 = LINE('',#7691,#7692);
#7691 = CARTESIAN_POINT('',(0.,0.));
#7692 = VECTOR('',#7693,1.);
#7693 = DIRECTION('',(0.,-1.));
#7694 = ( GEOMETRIC_REPRESENTATION_CONTEXT(2) 
PARAMETRIC_REPRESENTATION_CONTEXT() REPRESENTATION_CONTEXT('2D SPACE',''
  ) );
#7695 = PCURVE('',#3957,#7696);
#7696 = DEFINITIONAL_REPRESENTATION('',(#7697),#7701);
#7697 = LINE('',#7698,#7699);
#7698 = CARTESIAN_POINT('',(-0.970773980103,0.));
#7699 = VECTOR('',#7700,1.);
#7700 = DIRECTION('',(-0.,-1.));
#7701 = ( GEOMETRIC_REPRESENTATION_CONTEXT(2) 
PARAMETRIC_REPRESENTATION_CONTEXT() REPRESENTATION_CONTEXT('2D SPACE',''
  ) );
#7702 = ORIENTED_EDGE('',*,*,#4986,.T.);
#7703 = ORIENTED_EDGE('',*,*,#7628,.F.);
#7704 = ORIENTED_EDGE('',*,*,#3969,.F.);
#7705 = ADVANCED_FACE('',(#7706),#581,.T.);
#7706 = FACE_BOUND('',#7707,.F.);
#7707 = EDGE_LOOP('',(#7708,#7709,#7710,#7731));
#7708 = ORIENTED_EDGE('',*,*,#7657,.T.);
#7709 = ORIENTED_EDGE('',*,*,#5740,.T.);
#7710 = ORIENTED_EDGE('',*,*,#7711,.F.);
#7711 = EDGE_CURVE('',#565,#5741,#7712,.T.);
#7712 = SURFACE_CURVE('',#7713,(#7717,#7724),.PCURVE_S1.);
#7713 = LINE('',#7714,#7715);
#7714 = CARTESIAN_POINT('',(191.5490644249,-37.93992718165,12.1));
#7715 = VECTOR('',#7716,1.);
#7716 = DIRECTION('',(0.,0.,1.));
#7717 = PCURVE('',#581,#7718);
#7718 = DEFINITIONAL_REPRESENTATION('',(#7719),#7723);
#7719 = LINE('',#7720,#7721);
#7720 = CARTESIAN_POINT('',(-0.945545711276,0.));
#7721 = VECTOR('',#7722,1.);
#7722 = DIRECTION('',(-0.,-1.));
#7723 = ( GEOMETRIC_REPRESENTATION_CONTEXT(2) 
PARAMETRIC_REPRESENTATION_CONTEXT() REPRESENTATION_CONTEXT('2D SPACE',''
  ) );
#7724 = PCURVE('',#614,#7725);
#7725 = DEFINITIONAL_REPRESENTATION('',(#7726),#7730);
#7726 = LINE('',#7727,#7728);
#7727 = CARTESIAN_POINT('',(0.,0.));
#7728 = VECTOR('',#7729,1.);
#7729 = DIRECTION('',(0.,-1.));
#7730 = ( GEOMETRIC_REPRESENTATION_CONTEXT(2) 
PARAMETRIC_REPRESENTATION_CONTEXT() REPRESENTATION_CONTEXT('2D SPACE',''
  ) );
#7731 = ORIENTED_EDGE('',*,*,#564,.F.);
#7732 = ADVANCED_FACE('',(#7733),#3957,.T.);
#7733 = FACE_BOUND('',#7734,.F.);
#7734 = EDGE_LOOP('',(#7735,#7756,#7757,#7758));
#7735 = ORIENTED_EDGE('',*,*,#7736,.T.);
#7736 = EDGE_CURVE('',#3913,#4940,#7737,.T.);
#7737 = SURFACE_CURVE('',#7738,(#7742,#7749),.PCURVE_S1.);
#7738 = LINE('',#7739,#7740);
#7739 = CARTESIAN_POINT('',(221.43236428105,-125.6338114043,12.1));
#7740 = VECTOR('',#7741,1.);
#7741 = DIRECTION('',(0.,0.,1.));
#7742 = PCURVE('',#3957,#7743);
#7743 = DEFINITIONAL_REPRESENTATION('',(#7744),#7748);
#7744 = LINE('',#7745,#7746);
#7745 = CARTESIAN_POINT('',(-0.,0.));
#7746 = VECTOR('',#7747,1.);
#7747 = DIRECTION('',(-0.,-1.));
#7748 = ( GEOMETRIC_REPRESENTATION_CONTEXT(2) 
PARAMETRIC_REPRESENTATION_CONTEXT() REPRESENTATION_CONTEXT('2D SPACE',''
  ) );
#7749 = PCURVE('',#3928,#7750);
#7750 = DEFINITIONAL_REPRESENTATION('',(#7751),#7755);
#7751 = LINE('',#7752,#7753);
#7752 = CARTESIAN_POINT('',(15.467178321651,0.));
#7753 = VECTOR('',#7754,1.);
#7754 = DIRECTION('',(0.,-1.));
#7755 = ( GEOMETRIC_REPRESENTATION_CONTEXT(2) 
PARAMETRIC_REPRESENTATION_CONTEXT() REPRESENTATION_CONTEXT('2D SPACE',''
  ) );
#7756 = ORIENTED_EDGE('',*,*,#4962,.T.);
#7757 = ORIENTED_EDGE('',*,*,#7682,.F.);
#7758 = ORIENTED_EDGE('',*,*,#3940,.F.);
#7759 = ADVANCED_FACE('',(#7760),#614,.F.);
#7760 = FACE_BOUND('',#7761,.F.);
#7761 = EDGE_LOOP('',(#7762,#7763,#7764,#7785));
#7762 = ORIENTED_EDGE('',*,*,#7711,.T.);
#7763 = ORIENTED_EDGE('',*,*,#5764,.T.);
#7764 = ORIENTED_EDGE('',*,*,#7765,.F.);
#7765 = EDGE_CURVE('',#594,#5765,#7766,.T.);
#7766 = SURFACE_CURVE('',#7767,(#7771,#7778),.PCURVE_S1.);
#7767 = LINE('',#7768,#7769);
#7768 = CARTESIAN_POINT('',(192.69512742754,-37.13640283526,12.1));
#7769 = VECTOR('',#7770,1.);
#7770 = DIRECTION('',(0.,0.,1.));
#7771 = PCURVE('',#614,#7772);
#7772 = DEFINITIONAL_REPRESENTATION('',(#7773),#7777);
#7773 = LINE('',#7774,#7775);
#7774 = CARTESIAN_POINT('',(0.693087732286,0.));
#7775 = VECTOR('',#7776,1.);
#7776 = DIRECTION('',(0.,-1.));
#7777 = ( GEOMETRIC_REPRESENTATION_CONTEXT(2) 
PARAMETRIC_REPRESENTATION_CONTEXT() REPRESENTATION_CONTEXT('2D SPACE',''
  ) );
#7778 = PCURVE('',#643,#7779);
#7779 = DEFINITIONAL_REPRESENTATION('',(#7780),#7784);
#7780 = LINE('',#7781,#7782);
#7781 = CARTESIAN_POINT('',(-0.,0.));
#7782 = VECTOR('',#7783,1.);
#7783 = DIRECTION('',(-0.,-1.));
#7784 = ( GEOMETRIC_REPRESENTATION_CONTEXT(2) 
PARAMETRIC_REPRESENTATION_CONTEXT() REPRESENTATION_CONTEXT('2D SPACE',''
  ) );
#7785 = ORIENTED_EDGE('',*,*,#593,.F.);
#7786 = ADVANCED_FACE('',(#7787),#3928,.F.);
#7787 = FACE_BOUND('',#7788,.F.);
#7788 = EDGE_LOOP('',(#7789,#7810,#7811,#7812));
#7789 = ORIENTED_EDGE('',*,*,#7790,.T.);
#7790 = EDGE_CURVE('',#3880,#4912,#7791,.T.);
#7791 = SURFACE_CURVE('',#7792,(#7796,#7803),.PCURVE_S1.);
#7792 = LINE('',#7793,#7794);
#7793 = CARTESIAN_POINT('',(205.9651951554,-125.6506777149,12.1));
#7794 = VECTOR('',#7795,1.);
#7795 = DIRECTION('',(0.,0.,1.));
#7796 = PCURVE('',#3928,#7797);
#7797 = DEFINITIONAL_REPRESENTATION('',(#7798),#7802);
#7798 = LINE('',#7799,#7800);
#7799 = CARTESIAN_POINT('',(0.,0.));
#7800 = VECTOR('',#7801,1.);
#7801 = DIRECTION('',(0.,-1.));
#7802 = ( GEOMETRIC_REPRESENTATION_CONTEXT(2) 
PARAMETRIC_REPRESENTATION_CONTEXT() REPRESENTATION_CONTEXT('2D SPACE',''
  ) );
#7803 = PCURVE('',#3900,#7804);
#7804 = DEFINITIONAL_REPRESENTATION('',(#7805),#7809);
#7805 = LINE('',#7806,#7807);
#7806 = CARTESIAN_POINT('',(0.199486479159,0.));
#7807 = VECTOR('',#7808,1.);
#7808 = DIRECTION('',(0.,-1.));
#7809 = ( GEOMETRIC_REPRESENTATION_CONTEXT(2) 
PARAMETRIC_REPRESENTATION_CONTEXT() REPRESENTATION_CONTEXT('2D SPACE',''
  ) );
#7810 = ORIENTED_EDGE('',*,*,#4939,.T.);
#7811 = ORIENTED_EDGE('',*,*,#7736,.F.);
#7812 = ORIENTED_EDGE('',*,*,#3912,.F.);
#7813 = ADVANCED_FACE('',(#7814),#643,.T.);
#7814 = FACE_BOUND('',#7815,.F.);
#7815 = EDGE_LOOP('',(#7816,#7817,#7818,#7819,#7840,#7873));
#7816 = ORIENTED_EDGE('',*,*,#626,.F.);
#7817 = ORIENTED_EDGE('',*,*,#7765,.T.);
#7818 = ORIENTED_EDGE('',*,*,#5792,.T.);
#7819 = ORIENTED_EDGE('',*,*,#7820,.T.);
#7820 = EDGE_CURVE('',#5793,#7821,#7823,.T.);
#7821 = VERTEX_POINT('',#7822);
#7822 = CARTESIAN_POINT('',(193.5629033231,-36.59130092043,17.1));
#7823 = SURFACE_CURVE('',#7824,(#7828,#7834),.PCURVE_S1.);
#7824 = LINE('',#7825,#7826);
#7825 = CARTESIAN_POINT('',(193.5629033231,-36.59130092042,12.1));
#7826 = VECTOR('',#7827,1.);
#7827 = DIRECTION('',(-0.,-0.,-1.));
#7828 = PCURVE('',#643,#7829);
#7829 = DEFINITIONAL_REPRESENTATION('',(#7830),#7833);
#7830 = B_SPLINE_CURVE_WITH_KNOTS('',1,(#7831,#7832),.UNSPECIFIED.,.F.,
  .F.,(2,2),(-6.5000024,-4.9999976),.PIECEWISE_BEZIER_KNOTS.);
#7831 = CARTESIAN_POINT('',(-0.241373585924,-6.5000024));
#7832 = CARTESIAN_POINT('',(-0.241373585924,-4.9999976));
#7833 = ( GEOMETRIC_REPRESENTATION_CONTEXT(2) 
PARAMETRIC_REPRESENTATION_CONTEXT() REPRESENTATION_CONTEXT('2D SPACE',''
  ) );
#7834 = PCURVE('',#5833,#7835);
#7835 = DEFINITIONAL_REPRESENTATION('',(#7836),#7839);
#7836 = B_SPLINE_CURVE_WITH_KNOTS('',1,(#7837,#7838),.UNSPECIFIED.,.F.,
  .F.,(2,2),(-6.5000024,-4.9999976),.PIECEWISE_BEZIER_KNOTS.);
#7837 = CARTESIAN_POINT('',(-0.247786904583,-1.5000024));
#7838 = CARTESIAN_POINT('',(-0.247786904583,2.399999999625E-06));
#7839 = ( GEOMETRIC_REPRESENTATION_CONTEXT(2) 
PARAMETRIC_REPRESENTATION_CONTEXT() REPRESENTATION_CONTEXT('2D SPACE',''
  ) );
#7840 = ORIENTED_EDGE('',*,*,#7841,.F.);
#7841 = EDGE_CURVE('',#7842,#7821,#7844,.T.);
#7842 = VERTEX_POINT('',#7843);
#7843 = CARTESIAN_POINT('',(195.13749999999,-33.25797061446,17.1));
#7844 = SURFACE_CURVE('',#7845,(#7850,#7857),.PCURVE_S1.);
#7845 = CIRCLE('',#7846,4.255935851755);
#7846 = AXIS2_PLACEMENT_3D('',#7847,#7848,#7849);
#7847 = CARTESIAN_POINT('',(190.88165755161,-33.28616687062,17.1));
#7848 = DIRECTION('',(0.,-0.,-1.));
#7849 = DIRECTION('',(0.4261036677,-0.904674341613,0.));
#7850 = PCURVE('',#643,#7851);
#7851 = DEFINITIONAL_REPRESENTATION('',(#7852),#7856);
#7852 = LINE('',#7853,#7854);
#7853 = CARTESIAN_POINT('',(-6.28318530718,-5.));
#7854 = VECTOR('',#7855,1.);
#7855 = DIRECTION('',(1.,-0.));
#7856 = ( GEOMETRIC_REPRESENTATION_CONTEXT(2) 
PARAMETRIC_REPRESENTATION_CONTEXT() REPRESENTATION_CONTEXT('2D SPACE',''
  ) );
#7857 = PCURVE('',#7858,#7863);
#7858 = PLANE('',#7859);
#7859 = AXIS2_PLACEMENT_3D('',#7860,#7861,#7862);
#7860 = CARTESIAN_POINT('',(202.32390762793,-30.33320269001,17.1));
#7861 = DIRECTION('',(0.,0.,1.));
#7862 = DIRECTION('',(1.,0.,-0.));
#7863 = DEFINITIONAL_REPRESENTATION('',(#7864),#7872);
#7864 = ( BOUNDED_CURVE() B_SPLINE_CURVE(2,(#7865,#7866,#7867,#7868,
#7869,#7870,#7871),.UNSPECIFIED.,.T.,.F.) B_SPLINE_CURVE_WITH_KNOTS((1,2
    ,2,2,2,1),(-2.094395102393,0.,2.094395102393,4.188790204786,
6.28318530718,8.377580409573),.UNSPECIFIED.) CURVE() 
GEOMETRIC_REPRESENTATION_ITEM() RATIONAL_B_SPLINE_CURVE((1.,0.5,1.,0.5,
1.,0.5,1.)) REPRESENTATION_ITEM('') );
#7865 = CARTESIAN_POINT('',(-9.628780200389,-6.803200145248));
#7866 = CARTESIAN_POINT('',(-16.29758451226,-9.944222108352));
#7867 = CARTESIAN_POINT('',(-15.68338717021,-2.59835717985));
#7868 = CARTESIAN_POINT('',(-15.06918982817,4.747507748651));
#7869 = CARTESIAN_POINT('',(-9.014582858345,0.542664783253));
#7870 = CARTESIAN_POINT('',(-2.959975888516,-3.662178182144));
#7871 = CARTESIAN_POINT('',(-9.628780200389,-6.803200145248));
#7872 = ( GEOMETRIC_REPRESENTATION_CONTEXT(2) 
PARAMETRIC_REPRESENTATION_CONTEXT() REPRESENTATION_CONTEXT('2D SPACE',''
  ) );
#7873 = ORIENTED_EDGE('',*,*,#7874,.F.);
#7874 = EDGE_CURVE('',#627,#7842,#7875,.T.);
#7875 = SURFACE_CURVE('',#7876,(#7880,#7887),.PCURVE_S1.);
#7876 = LINE('',#7877,#7878);
#7877 = CARTESIAN_POINT('',(195.13749999999,-33.25797061446,12.1));
#7878 = VECTOR('',#7879,1.);
#7879 = DIRECTION('',(0.,0.,1.));
#7880 = PCURVE('',#643,#7881);
#7881 = DEFINITIONAL_REPRESENTATION('',(#7882),#7886);
#7882 = LINE('',#7883,#7884);
#7883 = CARTESIAN_POINT('',(-1.137240038377,0.));
#7884 = VECTOR('',#7885,1.);
#7885 = DIRECTION('',(-0.,-1.));
#7886 = ( GEOMETRIC_REPRESENTATION_CONTEXT(2) 
PARAMETRIC_REPRESENTATION_CONTEXT() REPRESENTATION_CONTEXT('2D SPACE',''
  ) );
#7887 = PCURVE('',#671,#7888);
#7888 = DEFINITIONAL_REPRESENTATION('',(#7889),#7893);
#7889 = LINE('',#7890,#7891);
#7890 = CARTESIAN_POINT('',(0.,0.));
#7891 = VECTOR('',#7892,1.);
#7892 = DIRECTION('',(0.,-1.));
#7893 = ( GEOMETRIC_REPRESENTATION_CONTEXT(2) 
PARAMETRIC_REPRESENTATION_CONTEXT() REPRESENTATION_CONTEXT('2D SPACE',''
  ) );
#7894 = ADVANCED_FACE('',(#7895),#3900,.F.);
#7895 = FACE_BOUND('',#7896,.F.);
#7896 = EDGE_LOOP('',(#7897,#7918,#7919,#7920));
#7897 = ORIENTED_EDGE('',*,*,#7898,.T.);
#7898 = EDGE_CURVE('',#3852,#4889,#7899,.T.);
#7899 = SURFACE_CURVE('',#7900,(#7904,#7911),.PCURVE_S1.);
#7900 = LINE('',#7901,#7902);
#7901 = CARTESIAN_POINT('',(200.79207927547,-126.1796286508,12.1));
#7902 = VECTOR('',#7903,1.);
#7903 = DIRECTION('',(0.,0.,1.));
#7904 = PCURVE('',#3900,#7905);
#7905 = DEFINITIONAL_REPRESENTATION('',(#7906),#7910);
#7906 = LINE('',#7907,#7908);
#7907 = CARTESIAN_POINT('',(0.,0.));
#7908 = VECTOR('',#7909,1.);
#7909 = DIRECTION('',(0.,-1.));
#7910 = ( GEOMETRIC_REPRESENTATION_CONTEXT(2) 
PARAMETRIC_REPRESENTATION_CONTEXT() REPRESENTATION_CONTEXT('2D SPACE',''
  ) );
#7911 = PCURVE('',#3867,#7912);
#7912 = DEFINITIONAL_REPRESENTATION('',(#7913),#7917);
#7913 = LINE('',#7914,#7915);
#7914 = CARTESIAN_POINT('',(12.044006164266,0.));
#7915 = VECTOR('',#7916,1.);
#7916 = DIRECTION('',(0.,-1.));
#7917 = ( GEOMETRIC_REPRESENTATION_CONTEXT(2) 
PARAMETRIC_REPRESENTATION_CONTEXT() REPRESENTATION_CONTEXT('2D SPACE',''
  ) );
#7918 = ORIENTED_EDGE('',*,*,#4911,.T.);
#7919 = ORIENTED_EDGE('',*,*,#7790,.F.);
#7920 = ORIENTED_EDGE('',*,*,#3879,.F.);
#7921 = ADVANCED_FACE('',(#7922),#671,.F.);
#7922 = FACE_BOUND('',#7923,.F.);
#7923 = EDGE_LOOP('',(#7924,#7925,#7926,#7947));
#7924 = ORIENTED_EDGE('',*,*,#655,.F.);
#7925 = ORIENTED_EDGE('',*,*,#7874,.T.);
#7926 = ORIENTED_EDGE('',*,*,#7927,.T.);
#7927 = EDGE_CURVE('',#7842,#7928,#7930,.T.);
#7928 = VERTEX_POINT('',#7929);
#7929 = CARTESIAN_POINT('',(195.15601427289,-23.95430838265,17.1));
#7930 = SURFACE_CURVE('',#7931,(#7935,#7941),.PCURVE_S1.);
#7931 = LINE('',#7932,#7933);
#7932 = CARTESIAN_POINT('',(195.14042435957,-31.78844200189,17.1));
#7933 = VECTOR('',#7934,1.);
#7934 = DIRECTION('',(1.989994453634E-03,0.999998019959,-0.));
#7935 = PCURVE('',#671,#7936);
#7936 = DEFINITIONAL_REPRESENTATION('',(#7937),#7940);
#7937 = B_SPLINE_CURVE_WITH_KNOTS('',1,(#7938,#7939),.UNSPECIFIED.,.F.,
  .F.,(2,2),(-1.469531522307,7.834149131177),.PIECEWISE_BEZIER_KNOTS.);
#7938 = CARTESIAN_POINT('',(0.,-5.));
#7939 = CARTESIAN_POINT('',(9.303680653483,-5.));
#7940 = ( GEOMETRIC_REPRESENTATION_CONTEXT(2) 
PARAMETRIC_REPRESENTATION_CONTEXT() REPRESENTATION_CONTEXT('2D SPACE',''
  ) );
#7941 = PCURVE('',#7858,#7942);
#7942 = DEFINITIONAL_REPRESENTATION('',(#7943),#7946);
#7943 = B_SPLINE_CURVE_WITH_KNOTS('',1,(#7944,#7945),.UNSPECIFIED.,.F.,
  .F.,(2,2),(-1.469531522307,7.834149131177),.PIECEWISE_BEZIER_KNOTS.);
#7944 = CARTESIAN_POINT('',(-7.186407627942,-2.924767924452));
#7945 = CARTESIAN_POINT('',(-7.167893355044,6.378894307363));
#7946 = ( GEOMETRIC_REPRESENTATION_CONTEXT(2) 
PARAMETRIC_REPRESENTATION_CONTEXT() REPRESENTATION_CONTEXT('2D SPACE',''
  ) );
#7947 = ORIENTED_EDGE('',*,*,#7948,.F.);
#7948 = EDGE_CURVE('',#656,#7928,#7949,.T.);
#7949 = SURFACE_CURVE('',#7950,(#7954,#7961),.PCURVE_S1.);
#7950 = LINE('',#7951,#7952);
#7951 = CARTESIAN_POINT('',(195.15601427289,-23.95430838265,12.1));
#7952 = VECTOR('',#7953,1.);
#7953 = DIRECTION('',(0.,0.,1.));
#7954 = PCURVE('',#671,#7955);
#7955 = DEFINITIONAL_REPRESENTATION('',(#7956),#7960);
#7956 = LINE('',#7957,#7958);
#7957 = CARTESIAN_POINT('',(9.303680653483,0.));
#7958 = VECTOR('',#7959,1.);
#7959 = DIRECTION('',(0.,-1.));
#7960 = ( GEOMETRIC_REPRESENTATION_CONTEXT(2) 
PARAMETRIC_REPRESENTATION_CONTEXT() REPRESENTATION_CONTEXT('2D SPACE',''
  ) );
#7961 = PCURVE('',#704,#7962);
#7962 = DEFINITIONAL_REPRESENTATION('',(#7963),#7967);
#7963 = LINE('',#7964,#7965);
#7964 = CARTESIAN_POINT('',(0.,0.));
#7965 = VECTOR('',#7966,1.);
#7966 = DIRECTION('',(0.,-1.));
#7967 = ( GEOMETRIC_REPRESENTATION_CONTEXT(2) 
PARAMETRIC_REPRESENTATION_CONTEXT() REPRESENTATION_CONTEXT('2D SPACE',''
  ) );
#7968 = ADVANCED_FACE('',(#7969),#3867,.F.);
#7969 = FACE_BOUND('',#7970,.F.);
#7970 = EDGE_LOOP('',(#7971,#7992,#7993,#7994));
#7971 = ORIENTED_EDGE('',*,*,#7972,.T.);
#7972 = EDGE_CURVE('',#3819,#4861,#7973,.T.);
#7973 = SURFACE_CURVE('',#7974,(#7978,#7985),.PCURVE_S1.);
#7974 = LINE('',#7975,#7976);
#7975 = CARTESIAN_POINT('',(189.0079197656,-128.6679351293,12.1));
#7976 = VECTOR('',#7977,1.);
#7977 = DIRECTION('',(0.,0.,1.));
#7978 = PCURVE('',#3867,#7979);
#7979 = DEFINITIONAL_REPRESENTATION('',(#7980),#7984);
#7980 = LINE('',#7981,#7982);
#7981 = CARTESIAN_POINT('',(0.,0.));
#7982 = VECTOR('',#7983,1.);
#7983 = DIRECTION('',(0.,-1.));
#7984 = ( GEOMETRIC_REPRESENTATION_CONTEXT(2) 
PARAMETRIC_REPRESENTATION_CONTEXT() REPRESENTATION_CONTEXT('2D SPACE',''
  ) );
#7985 = PCURVE('',#3839,#7986);
#7986 = DEFINITIONAL_REPRESENTATION('',(#7987),#7991);
#7987 = LINE('',#7988,#7989);
#7988 = CARTESIAN_POINT('',(0.199292326223,0.));
#7989 = VECTOR('',#7990,1.);
#7990 = DIRECTION('',(0.,-1.));
#7991 = ( GEOMETRIC_REPRESENTATION_CONTEXT(2) 
PARAMETRIC_REPRESENTATION_CONTEXT() REPRESENTATION_CONTEXT('2D SPACE',''
  ) );
#7992 = ORIENTED_EDGE('',*,*,#4888,.T.);
#7993 = ORIENTED_EDGE('',*,*,#7898,.F.);
#7994 = ORIENTED_EDGE('',*,*,#3851,.F.);
#7995 = ADVANCED_FACE('',(#7996),#704,.F.);
#7996 = FACE_BOUND('',#7997,.F.);
#7997 = EDGE_LOOP('',(#7998,#7999,#8000,#8028));
#7998 = ORIENTED_EDGE('',*,*,#683,.F.);
#7999 = ORIENTED_EDGE('',*,*,#7948,.T.);
#8000 = ORIENTED_EDGE('',*,*,#8001,.T.);
#8001 = EDGE_CURVE('',#7928,#8002,#8004,.T.);
#8002 = VERTEX_POINT('',#8003);
#8003 = CARTESIAN_POINT('',(196.90652196897,-22.45,17.1));
#8004 = SURFACE_CURVE('',#8005,(#8010,#8017),.PCURVE_S1.);
#8005 = CIRCLE('',#8006,1.751337237098);
#8006 = AXIS2_PLACEMENT_3D('',#8007,#8008,#8009);
#8007 = CARTESIAN_POINT('',(196.88985337954,-24.20125791252,17.1));
#8008 = DIRECTION('',(0.,0.,-1.));
#8009 = DIRECTION('',(-0.990008703019,0.141006269176,0.));
#8010 = PCURVE('',#704,#8011);
#8011 = DEFINITIONAL_REPRESENTATION('',(#8012),#8016);
#8012 = LINE('',#8013,#8014);
#8013 = CARTESIAN_POINT('',(0.,-5.));
#8014 = VECTOR('',#8015,1.);
#8015 = DIRECTION('',(1.,0.));
#8016 = ( GEOMETRIC_REPRESENTATION_CONTEXT(2) 
PARAMETRIC_REPRESENTATION_CONTEXT() REPRESENTATION_CONTEXT('2D SPACE',''
  ) );
#8017 = PCURVE('',#7858,#8018);
#8018 = DEFINITIONAL_REPRESENTATION('',(#8019),#8027);
#8019 = ( BOUNDED_CURVE() B_SPLINE_CURVE(2,(#8020,#8021,#8022,#8023,
#8024,#8025,#8026),.UNSPECIFIED.,.T.,.F.) B_SPLINE_CURVE_WITH_KNOTS((1,2
    ,2,2,2,1),(-2.094395102393,0.,2.094395102393,4.188790204786,
6.28318530718,8.377580409573),.UNSPECIFIED.) CURVE() 
GEOMETRIC_REPRESENTATION_ITEM() RATIONAL_B_SPLINE_CURVE((1.,0.5,1.,0.5,
1.,0.5,1.)) REPRESENTATION_ITEM('') );
#8020 = CARTESIAN_POINT('',(-7.167893355044,6.378894307363));
#8021 = CARTESIAN_POINT('',(-6.740164222401,9.381991732226));
#8022 = CARTESIAN_POINT('',(-4.353270128751,7.510018724987));
#8023 = CARTESIAN_POINT('',(-1.966376035101,5.638045717748));
#8024 = CARTESIAN_POINT('',(-4.780999261394,4.506921300123));
#8025 = CARTESIAN_POINT('',(-7.595622487686,3.375796882499));
#8026 = CARTESIAN_POINT('',(-7.167893355044,6.378894307363));
#8027 = ( GEOMETRIC_REPRESENTATION_CONTEXT(2) 
PARAMETRIC_REPRESENTATION_CONTEXT() REPRESENTATION_CONTEXT('2D SPACE',''
  ) );
#8028 = ORIENTED_EDGE('',*,*,#8029,.F.);
#8029 = EDGE_CURVE('',#684,#8002,#8030,.T.);
#8030 = SURFACE_CURVE('',#8031,(#8035,#8042),.PCURVE_S1.);
#8031 = LINE('',#8032,#8033);
#8032 = CARTESIAN_POINT('',(196.90652196897,-22.45,12.1));
#8033 = VECTOR('',#8034,1.);
#8034 = DIRECTION('',(0.,0.,1.));
#8035 = PCURVE('',#704,#8036);
#8036 = DEFINITIONAL_REPRESENTATION('',(#8037),#8041);
#8037 = LINE('',#8038,#8039);
#8038 = CARTESIAN_POINT('',(1.438836340082,0.));
#8039 = VECTOR('',#8040,1.);
#8040 = DIRECTION('',(0.,-1.));
#8041 = ( GEOMETRIC_REPRESENTATION_CONTEXT(2) 
PARAMETRIC_REPRESENTATION_CONTEXT() REPRESENTATION_CONTEXT('2D SPACE',''
  ) );
#8042 = PCURVE('',#732,#8043);
#8043 = DEFINITIONAL_REPRESENTATION('',(#8044),#8048);
#8044 = LINE('',#8045,#8046);
#8045 = CARTESIAN_POINT('',(0.,0.));
#8046 = VECTOR('',#8047,1.);
#8047 = DIRECTION('',(0.,-1.));
#8048 = ( GEOMETRIC_REPRESENTATION_CONTEXT(2) 
PARAMETRIC_REPRESENTATION_CONTEXT() REPRESENTATION_CONTEXT('2D SPACE',''
  ) );
#8049 = ADVANCED_FACE('',(#8050),#3839,.F.);
#8050 = FACE_BOUND('',#8051,.F.);
#8051 = EDGE_LOOP('',(#8052,#8073,#8074,#8075));
#8052 = ORIENTED_EDGE('',*,*,#8053,.T.);
#8053 = EDGE_CURVE('',#3791,#4838,#8054,.T.);
#8054 = SURFACE_CURVE('',#8055,(#8059,#8066),.PCURVE_S1.);
#8055 = LINE('',#8056,#8057);
#8056 = CARTESIAN_POINT('',(184.06073669108,-130.2536900091,12.1));
#8057 = VECTOR('',#8058,1.);
#8058 = DIRECTION('',(0.,0.,1.));
#8059 = PCURVE('',#3839,#8060);
#8060 = DEFINITIONAL_REPRESENTATION('',(#8061),#8065);
#8061 = LINE('',#8062,#8063);
#8062 = CARTESIAN_POINT('',(0.,0.));
#8063 = VECTOR('',#8064,1.);
#8064 = DIRECTION('',(0.,-1.));
#8065 = ( GEOMETRIC_REPRESENTATION_CONTEXT(2) 
PARAMETRIC_REPRESENTATION_CONTEXT() REPRESENTATION_CONTEXT('2D SPACE',''
  ) );
#8066 = PCURVE('',#3806,#8067);
#8067 = DEFINITIONAL_REPRESENTATION('',(#8068),#8072);
#8068 = LINE('',#8069,#8070);
#8069 = CARTESIAN_POINT('',(15.223886502111,0.));
#8070 = VECTOR('',#8071,1.);
#8071 = DIRECTION('',(0.,-1.));
#8072 = ( GEOMETRIC_REPRESENTATION_CONTEXT(2) 
PARAMETRIC_REPRESENTATION_CONTEXT() REPRESENTATION_CONTEXT('2D SPACE',''
  ) );
#8073 = ORIENTED_EDGE('',*,*,#4860,.T.);
#8074 = ORIENTED_EDGE('',*,*,#7972,.F.);
#8075 = ORIENTED_EDGE('',*,*,#3818,.F.);
#8076 = ADVANCED_FACE('',(#8077),#732,.F.);
#8077 = FACE_BOUND('',#8078,.F.);
#8078 = EDGE_LOOP('',(#8079,#8080,#8081,#8102));
#8079 = ORIENTED_EDGE('',*,*,#716,.F.);
#8080 = ORIENTED_EDGE('',*,*,#8029,.T.);
#8081 = ORIENTED_EDGE('',*,*,#8082,.T.);
#8082 = EDGE_CURVE('',#8002,#8083,#8085,.T.);
#8083 = VERTEX_POINT('',#8084);
#8084 = CARTESIAN_POINT('',(208.13319161735,-22.46851427289,17.1));
#8085 = SURFACE_CURVE('',#8086,(#8090,#8096),.PCURVE_S1.);
#8086 = LINE('',#8087,#8088);
#8087 = CARTESIAN_POINT('',(199.6217076395,-22.45447770265,17.1));
#8088 = VECTOR('',#8089,1.);
#8089 = DIRECTION('',(0.999998640183,-1.649130890783E-03,0.));
#8090 = PCURVE('',#732,#8091);
#8091 = DEFINITIONAL_REPRESENTATION('',(#8092),#8095);
#8092 = B_SPLINE_CURVE_WITH_KNOTS('',1,(#8093,#8094),.UNSPECIFIED.,.F.,
  .F.,(2,2),(-2.71518936269,8.511495551926),.PIECEWISE_BEZIER_KNOTS.);
#8093 = CARTESIAN_POINT('',(0.,-5.));
#8094 = CARTESIAN_POINT('',(11.226684914616,-5.));
#8095 = ( GEOMETRIC_REPRESENTATION_CONTEXT(2) 
PARAMETRIC_REPRESENTATION_CONTEXT() REPRESENTATION_CONTEXT('2D SPACE',''
  ) );
#8096 = PCURVE('',#7858,#8097);
#8097 = DEFINITIONAL_REPRESENTATION('',(#8098),#8101);
#8098 = B_SPLINE_CURVE_WITH_KNOTS('',1,(#8099,#8100),.UNSPECIFIED.,.F.,
  .F.,(2,2),(-2.71518936269,8.511495551926),.PIECEWISE_BEZIER_KNOTS.);
#8099 = CARTESIAN_POINT('',(-5.417385658961,7.883202690013));
#8100 = CARTESIAN_POINT('',(5.809283989415,7.864688417119));
#8101 = ( GEOMETRIC_REPRESENTATION_CONTEXT(2) 
PARAMETRIC_REPRESENTATION_CONTEXT() REPRESENTATION_CONTEXT('2D SPACE',''
  ) );
#8102 = ORIENTED_EDGE('',*,*,#8103,.F.);
#8103 = EDGE_CURVE('',#717,#8083,#8104,.T.);
#8104 = SURFACE_CURVE('',#8105,(#8109,#8116),.PCURVE_S1.);
#8105 = LINE('',#8106,#8107);
#8106 = CARTESIAN_POINT('',(208.13319161735,-22.46851427289,12.1));
#8107 = VECTOR('',#8108,1.);
#8108 = DIRECTION('',(0.,0.,1.));
#8109 = PCURVE('',#732,#8110);
#8110 = DEFINITIONAL_REPRESENTATION('',(#8111),#8115);
#8111 = LINE('',#8112,#8113);
#8112 = CARTESIAN_POINT('',(11.226684914616,0.));
#8113 = VECTOR('',#8114,1.);
#8114 = DIRECTION('',(0.,-1.));
#8115 = ( GEOMETRIC_REPRESENTATION_CONTEXT(2) 
PARAMETRIC_REPRESENTATION_CONTEXT() REPRESENTATION_CONTEXT('2D SPACE',''
  ) );
#8116 = PCURVE('',#765,#8117);
#8117 = DEFINITIONAL_REPRESENTATION('',(#8118),#8122);
#8118 = LINE('',#8119,#8120);
#8119 = CARTESIAN_POINT('',(0.,0.));
#8120 = VECTOR('',#8121,1.);
#8121 = DIRECTION('',(0.,-1.));
#8122 = ( GEOMETRIC_REPRESENTATION_CONTEXT(2) 
PARAMETRIC_REPRESENTATION_CONTEXT() REPRESENTATION_CONTEXT('2D SPACE',''
  ) );
#8123 = ADVANCED_FACE('',(#8124),#3806,.F.);
#8124 = FACE_BOUND('',#8125,.F.);
#8125 = EDGE_LOOP('',(#8126,#8147,#8148,#8149));
#8126 = ORIENTED_EDGE('',*,*,#8127,.T.);
#8127 = EDGE_CURVE('',#3762,#4814,#8128,.T.);
#8128 = SURFACE_CURVE('',#8129,(#8133,#8140),.PCURVE_S1.);
#8129 = LINE('',#8130,#8131);
#8130 = CARTESIAN_POINT('',(170.13714905644,-136.4100223271,12.1));
#8131 = VECTOR('',#8132,1.);
#8132 = DIRECTION('',(0.,0.,1.));
#8133 = PCURVE('',#3806,#8134);
#8134 = DEFINITIONAL_REPRESENTATION('',(#8135),#8139);
#8135 = LINE('',#8136,#8137);
#8136 = CARTESIAN_POINT('',(0.,0.));
#8137 = VECTOR('',#8138,1.);
#8138 = DIRECTION('',(0.,-1.));
#8139 = ( GEOMETRIC_REPRESENTATION_CONTEXT(2) 
PARAMETRIC_REPRESENTATION_CONTEXT() REPRESENTATION_CONTEXT('2D SPACE',''
  ) );
#8140 = PCURVE('',#3778,#8141);
#8141 = DEFINITIONAL_REPRESENTATION('',(#8142),#8146);
#8142 = LINE('',#8143,#8144);
#8143 = CARTESIAN_POINT('',(-1.505017935094,0.));
#8144 = VECTOR('',#8145,1.);
#8145 = DIRECTION('',(-0.,-1.));
#8146 = ( GEOMETRIC_REPRESENTATION_CONTEXT(2) 
PARAMETRIC_REPRESENTATION_CONTEXT() REPRESENTATION_CONTEXT('2D SPACE',''
  ) );
#8147 = ORIENTED_EDGE('',*,*,#4837,.T.);
#8148 = ORIENTED_EDGE('',*,*,#8053,.F.);
#8149 = ORIENTED_EDGE('',*,*,#3790,.F.);
#8150 = ADVANCED_FACE('',(#8151),#765,.F.);
#8151 = FACE_BOUND('',#8152,.F.);
#8152 = EDGE_LOOP('',(#8153,#8154,#8155,#8183));
#8153 = ORIENTED_EDGE('',*,*,#744,.F.);
#8154 = ORIENTED_EDGE('',*,*,#8103,.T.);
#8155 = ORIENTED_EDGE('',*,*,#8156,.T.);
#8156 = EDGE_CURVE('',#8083,#8157,#8159,.T.);
#8157 = VERTEX_POINT('',#8158);
#8158 = CARTESIAN_POINT('',(209.6375,-24.21902197013,17.1));
#8159 = SURFACE_CURVE('',#8160,(#8165,#8172),.PCURVE_S1.);
#8160 = CIRCLE('',#8161,1.751337237119);
#8161 = AXIS2_PLACEMENT_3D('',#8162,#8163,#8164);
#8162 = CARTESIAN_POINT('',(207.88624208746,-24.20235337956,17.1));
#8163 = DIRECTION('',(0.,0.,-1.));
#8164 = DIRECTION('',(0.141006269182,0.990008703018,0.));
#8165 = PCURVE('',#765,#8166);
#8166 = DEFINITIONAL_REPRESENTATION('',(#8167),#8171);
#8167 = LINE('',#8168,#8169);
#8168 = CARTESIAN_POINT('',(0.,-5.));
#8169 = VECTOR('',#8170,1.);
#8170 = DIRECTION('',(1.,0.));
#8171 = ( GEOMETRIC_REPRESENTATION_CONTEXT(2) 
PARAMETRIC_REPRESENTATION_CONTEXT() REPRESENTATION_CONTEXT('2D SPACE',''
  ) );
#8172 = PCURVE('',#7858,#8173);
#8173 = DEFINITIONAL_REPRESENTATION('',(#8174),#8182);
#8174 = ( BOUNDED_CURVE() B_SPLINE_CURVE(2,(#8175,#8176,#8177,#8178,
#8179,#8180,#8181),.UNSPECIFIED.,.T.,.F.) B_SPLINE_CURVE_WITH_KNOTS((1,2
    ,2,2,2,1),(-2.094395102393,0.,2.094395102393,4.188790204786,
6.28318530718,8.377580409573),.UNSPECIFIED.) CURVE() 
GEOMETRIC_REPRESENTATION_ITEM() RATIONAL_B_SPLINE_CURVE((1.,0.5,1.,0.5,
1.,0.5,1.)) REPRESENTATION_ITEM('') );
#8175 = CARTESIAN_POINT('',(5.809283989415,7.864688417119));
#8176 = CARTESIAN_POINT('',(8.812381414314,7.436959284453));
#8177 = CARTESIAN_POINT('',(6.940408407037,5.050065190784));
#8178 = CARTESIAN_POINT('',(5.06843539976,2.663171097116));
#8179 = CARTESIAN_POINT('',(3.937310982138,5.477794323451));
#8180 = CARTESIAN_POINT('',(2.806186564517,8.292417549786));
#8181 = CARTESIAN_POINT('',(5.809283989415,7.864688417119));
#8182 = ( GEOMETRIC_REPRESENTATION_CONTEXT(2) 
PARAMETRIC_REPRESENTATION_CONTEXT() REPRESENTATION_CONTEXT('2D SPACE',''
  ) );
#8183 = ORIENTED_EDGE('',*,*,#8184,.F.);
#8184 = EDGE_CURVE('',#745,#8157,#8185,.T.);
#8185 = SURFACE_CURVE('',#8186,(#8190,#8197),.PCURVE_S1.);
#8186 = LINE('',#8187,#8188);
#8187 = CARTESIAN_POINT('',(209.6375,-24.21902197013,12.1));
#8188 = VECTOR('',#8189,1.);
#8189 = DIRECTION('',(0.,0.,1.));
#8190 = PCURVE('',#765,#8191);
#8191 = DEFINITIONAL_REPRESENTATION('',(#8192),#8196);
#8192 = LINE('',#8193,#8194);
#8193 = CARTESIAN_POINT('',(1.438836340728,0.));
#8194 = VECTOR('',#8195,1.);
#8195 = DIRECTION('',(0.,-1.));
#8196 = ( GEOMETRIC_REPRESENTATION_CONTEXT(2) 
PARAMETRIC_REPRESENTATION_CONTEXT() REPRESENTATION_CONTEXT('2D SPACE',''
  ) );
#8197 = PCURVE('',#793,#8198);
#8198 = DEFINITIONAL_REPRESENTATION('',(#8199),#8203);
#8199 = LINE('',#8200,#8201);
#8200 = CARTESIAN_POINT('',(0.,0.));
#8201 = VECTOR('',#8202,1.);
#8202 = DIRECTION('',(0.,-1.));
#8203 = ( GEOMETRIC_REPRESENTATION_CONTEXT(2) 
PARAMETRIC_REPRESENTATION_CONTEXT() REPRESENTATION_CONTEXT('2D SPACE',''
  ) );
#8204 = ADVANCED_FACE('',(#8205),#3778,.T.);
#8205 = FACE_BOUND('',#8206,.F.);
#8206 = EDGE_LOOP('',(#8207,#8228,#8229,#8230));
#8207 = ORIENTED_EDGE('',*,*,#8208,.T.);
#8208 = EDGE_CURVE('',#3734,#4791,#8209,.T.);
#8209 = SURFACE_CURVE('',#8210,(#8214,#8221),.PCURVE_S1.);
#8210 = LINE('',#8211,#8212);
#8211 = CARTESIAN_POINT('',(158.57078349724,-132.2328108109,12.1));
#8212 = VECTOR('',#8213,1.);
#8213 = DIRECTION('',(0.,0.,1.));
#8214 = PCURVE('',#3778,#8215);
#8215 = DEFINITIONAL_REPRESENTATION('',(#8216),#8220);
#8216 = LINE('',#8217,#8218);
#8217 = CARTESIAN_POINT('',(-0.,0.));
#8218 = VECTOR('',#8219,1.);
#8219 = DIRECTION('',(-0.,-1.));
#8220 = ( GEOMETRIC_REPRESENTATION_CONTEXT(2) 
PARAMETRIC_REPRESENTATION_CONTEXT() REPRESENTATION_CONTEXT('2D SPACE',''
  ) );
#8221 = PCURVE('',#3749,#8222);
#8222 = DEFINITIONAL_REPRESENTATION('',(#8223),#8227);
#8223 = LINE('',#8224,#8225);
#8224 = CARTESIAN_POINT('',(22.317541886881,0.));
#8225 = VECTOR('',#8226,1.);
#8226 = DIRECTION('',(0.,-1.));
#8227 = ( GEOMETRIC_REPRESENTATION_CONTEXT(2) 
PARAMETRIC_REPRESENTATION_CONTEXT() REPRESENTATION_CONTEXT('2D SPACE',''
  ) );
#8228 = ORIENTED_EDGE('',*,*,#4813,.T.);
#8229 = ORIENTED_EDGE('',*,*,#8127,.F.);
#8230 = ORIENTED_EDGE('',*,*,#3761,.F.);
#8231 = ADVANCED_FACE('',(#8232),#793,.F.);
#8232 = FACE_BOUND('',#8233,.F.);
#8233 = EDGE_LOOP('',(#8234,#8235,#8236,#8257));
#8234 = ORIENTED_EDGE('',*,*,#777,.F.);
#8235 = ORIENTED_EDGE('',*,*,#8184,.T.);
#8236 = ORIENTED_EDGE('',*,*,#8237,.T.);
#8237 = EDGE_CURVE('',#8157,#8238,#8240,.T.);
#8238 = VERTEX_POINT('',#8239);
#8239 = CARTESIAN_POINT('',(209.65827718215,-31.08926215248,17.1));
#8240 = SURFACE_CURVE('',#8241,(#8245,#8251),.PCURVE_S1.);
#8241 = LINE('',#8242,#8243);
#8242 = CARTESIAN_POINT('',(209.64671181328,-27.265025481,17.1));
#8243 = VECTOR('',#8244,1.);
#8244 = DIRECTION('',(3.024215543397E-03,-0.99999542705,0.));
#8245 = PCURVE('',#793,#8246);
#8246 = DEFINITIONAL_REPRESENTATION('',(#8247),#8250);
#8247 = B_SPLINE_CURVE_WITH_KNOTS('',1,(#8248,#8249),.UNSPECIFIED.,.F.,
  .F.,(2,2),(-3.04601744015,3.824254159608),.PIECEWISE_BEZIER_KNOTS.);
#8248 = CARTESIAN_POINT('',(0.,-5.));
#8249 = CARTESIAN_POINT('',(6.870271599758,-5.));
#8250 = ( GEOMETRIC_REPRESENTATION_CONTEXT(2) 
PARAMETRIC_REPRESENTATION_CONTEXT() REPRESENTATION_CONTEXT('2D SPACE',''
  ) );
#8251 = PCURVE('',#7858,#8252);
#8252 = DEFINITIONAL_REPRESENTATION('',(#8253),#8256);
#8253 = B_SPLINE_CURVE_WITH_KNOTS('',1,(#8254,#8255),.UNSPECIFIED.,.F.,
  .F.,(2,2),(-3.04601744015,3.824254159608),.PIECEWISE_BEZIER_KNOTS.);
#8254 = CARTESIAN_POINT('',(7.313592372063,6.114180719874));
#8255 = CARTESIAN_POINT('',(7.334369554222,-0.756059462474));
#8256 = ( GEOMETRIC_REPRESENTATION_CONTEXT(2) 
PARAMETRIC_REPRESENTATION_CONTEXT() REPRESENTATION_CONTEXT('2D SPACE',''
  ) );
#8257 = ORIENTED_EDGE('',*,*,#8258,.F.);
#8258 = EDGE_CURVE('',#778,#8238,#8259,.T.);
#8259 = SURFACE_CURVE('',#8260,(#8264,#8271),.PCURVE_S1.);
#8260 = LINE('',#8261,#8262);
#8261 = CARTESIAN_POINT('',(209.65827718215,-31.08926215248,12.1));
#8262 = VECTOR('',#8263,1.);
#8263 = DIRECTION('',(0.,0.,1.));
#8264 = PCURVE('',#793,#8265);
#8265 = DEFINITIONAL_REPRESENTATION('',(#8266),#8270);
#8266 = LINE('',#8267,#8268);
#8267 = CARTESIAN_POINT('',(6.870271599758,0.));
#8268 = VECTOR('',#8269,1.);
#8269 = DIRECTION('',(0.,-1.));
#8270 = ( GEOMETRIC_REPRESENTATION_CONTEXT(2) 
PARAMETRIC_REPRESENTATION_CONTEXT() REPRESENTATION_CONTEXT('2D SPACE',''
  ) );
#8271 = PCURVE('',#822,#8272);
#8272 = DEFINITIONAL_REPRESENTATION('',(#8273),#8277);
#8273 = LINE('',#8274,#8275);
#8274 = CARTESIAN_POINT('',(-0.,0.));
#8275 = VECTOR('',#8276,1.);
#8276 = DIRECTION('',(-0.,-1.));
#8277 = ( GEOMETRIC_REPRESENTATION_CONTEXT(2) 
PARAMETRIC_REPRESENTATION_CONTEXT() REPRESENTATION_CONTEXT('2D SPACE',''
  ) );
#8278 = ADVANCED_FACE('',(#8279),#3749,.F.);
#8279 = FACE_BOUND('',#8280,.F.);
#8280 = EDGE_LOOP('',(#8281,#8302,#8303,#8304));
#8281 = ORIENTED_EDGE('',*,*,#8282,.T.);
#8282 = EDGE_CURVE('',#3701,#4763,#8283,.T.);
#8283 = SURFACE_CURVE('',#8284,(#8288,#8295),.PCURVE_S1.);
#8284 = LINE('',#8285,#8286);
#8285 = CARTESIAN_POINT('',(149.5131415761,-111.8359532417,12.1));
#8286 = VECTOR('',#8287,1.);
#8287 = DIRECTION('',(0.,0.,1.));
#8288 = PCURVE('',#3749,#8289);
#8289 = DEFINITIONAL_REPRESENTATION('',(#8290),#8294);
#8290 = LINE('',#8291,#8292);
#8291 = CARTESIAN_POINT('',(0.,0.));
#8292 = VECTOR('',#8293,1.);
#8293 = DIRECTION('',(0.,-1.));
#8294 = ( GEOMETRIC_REPRESENTATION_CONTEXT(2) 
PARAMETRIC_REPRESENTATION_CONTEXT() REPRESENTATION_CONTEXT('2D SPACE',''
  ) );
#8295 = PCURVE('',#3721,#8296);
#8296 = DEFINITIONAL_REPRESENTATION('',(#8297),#8301);
#8297 = LINE('',#8298,#8299);
#8298 = CARTESIAN_POINT('',(1.15228282755,0.));
#8299 = VECTOR('',#8300,1.);
#8300 = DIRECTION('',(0.,-1.));
#8301 = ( GEOMETRIC_REPRESENTATION_CONTEXT(2) 
PARAMETRIC_REPRESENTATION_CONTEXT() REPRESENTATION_CONTEXT('2D SPACE',''
  ) );
#8302 = ORIENTED_EDGE('',*,*,#4790,.T.);
#8303 = ORIENTED_EDGE('',*,*,#8208,.F.);
#8304 = ORIENTED_EDGE('',*,*,#3733,.F.);
#8305 = ADVANCED_FACE('',(#8306),#822,.T.);
#8306 = FACE_BOUND('',#8307,.F.);
#8307 = EDGE_LOOP('',(#8308,#8309,#8310,#8338,#8357,#8358));
#8308 = ORIENTED_EDGE('',*,*,#805,.F.);
#8309 = ORIENTED_EDGE('',*,*,#8258,.T.);
#8310 = ORIENTED_EDGE('',*,*,#8311,.F.);
#8311 = EDGE_CURVE('',#8312,#8238,#8314,.T.);
#8312 = VERTEX_POINT('',#8313);
#8313 = CARTESIAN_POINT('',(211.63808773581,-34.29126130135,17.1));
#8314 = SURFACE_CURVE('',#8315,(#8320,#8327),.PCURVE_S1.);
#8315 = CIRCLE('',#8316,4.252978802815);
#8316 = AXIS2_PLACEMENT_3D('',#8317,#8318,#8319);
#8317 = CARTESIAN_POINT('',(213.89196253593,-30.68461783649,17.1));
#8318 = DIRECTION('',(-0.,0.,-1.));
#8319 = DIRECTION('',(-0.995463544509,-9.514374153984E-02,0.));
#8320 = PCURVE('',#822,#8321);
#8321 = DEFINITIONAL_REPRESENTATION('',(#8322),#8326);
#8322 = LINE('',#8323,#8324);
#8323 = CARTESIAN_POINT('',(-6.28318530718,-5.));
#8324 = VECTOR('',#8325,1.);
#8325 = DIRECTION('',(1.,-0.));
#8326 = ( GEOMETRIC_REPRESENTATION_CONTEXT(2) 
PARAMETRIC_REPRESENTATION_CONTEXT() REPRESENTATION_CONTEXT('2D SPACE',''
  ) );
#8327 = PCURVE('',#7858,#8328);
#8328 = DEFINITIONAL_REPRESENTATION('',(#8329),#8337);
#8329 = ( BOUNDED_CURVE() B_SPLINE_CURVE(2,(#8330,#8331,#8332,#8333,
#8334,#8335,#8336),.UNSPECIFIED.,.T.,.F.) B_SPLINE_CURVE_WITH_KNOTS((1,2
    ,2,2,2,1),(-2.094395102393,0.,2.094395102393,4.188790204786,
6.28318530718,8.377580409573),.UNSPECIFIED.) CURVE() 
GEOMETRIC_REPRESENTATION_ITEM() RATIONAL_B_SPLINE_CURVE((1.,0.5,1.,0.5,
1.,0.5,1.)) REPRESENTATION_ITEM('') );
#8330 = CARTESIAN_POINT('',(7.334369554222,-0.756059462474));
#8331 = CARTESIAN_POINT('',(6.633505039935,6.576898673518));
#8332 = CARTESIAN_POINT('',(13.334465327735,3.517386079506));
#8333 = CARTESIAN_POINT('',(20.035425615535,0.457873485495));
#8334 = CARTESIAN_POINT('',(14.035329842022,-3.815572056485));
#8335 = CARTESIAN_POINT('',(8.03523406851,-8.089017598465));
#8336 = CARTESIAN_POINT('',(7.334369554222,-0.756059462474));
#8337 = ( GEOMETRIC_REPRESENTATION_CONTEXT(2) 
PARAMETRIC_REPRESENTATION_CONTEXT() REPRESENTATION_CONTEXT('2D SPACE',''
  ) );
#8338 = ORIENTED_EDGE('',*,*,#8339,.F.);
#8339 = EDGE_CURVE('',#5936,#8312,#8340,.T.);
#8340 = SURFACE_CURVE('',#8341,(#8345,#8351),.PCURVE_S1.);
#8341 = LINE('',#8342,#8343);
#8342 = CARTESIAN_POINT('',(211.63808773581,-34.29126130135,12.1));
#8343 = VECTOR('',#8344,1.);
#8344 = DIRECTION('',(-0.,-0.,-1.));
#8345 = PCURVE('',#822,#8346);
#8346 = DEFINITIONAL_REPRESENTATION('',(#8347),#8350);
#8347 = B_SPLINE_CURVE_WITH_KNOTS('',1,(#8348,#8349),.UNSPECIFIED.,.F.,
  .F.,(2,2),(-6.5000024,-4.9999976),.PIECEWISE_BEZIER_KNOTS.);
#8348 = CARTESIAN_POINT('',(-0.916964440239,-6.5000024));
#8349 = CARTESIAN_POINT('',(-0.916964440239,-4.9999976));
#8350 = ( GEOMETRIC_REPRESENTATION_CONTEXT(2) 
PARAMETRIC_REPRESENTATION_CONTEXT() REPRESENTATION_CONTEXT('2D SPACE',''
  ) );
#8351 = PCURVE('',#5952,#8352);
#8352 = DEFINITIONAL_REPRESENTATION('',(#8353),#8356);
#8353 = B_SPLINE_CURVE_WITH_KNOTS('',1,(#8354,#8355),.UNSPECIFIED.,.F.,
  .F.,(2,2),(-6.5000024,-4.9999976),.PIECEWISE_BEZIER_KNOTS.);
#8354 = CARTESIAN_POINT('',(-1.754138223272,-1.5000024));
#8355 = CARTESIAN_POINT('',(-1.754138223272,2.399999999625E-06));
#8356 = ( GEOMETRIC_REPRESENTATION_CONTEXT(2) 
PARAMETRIC_REPRESENTATION_CONTEXT() REPRESENTATION_CONTEXT('2D SPACE',''
  ) );
#8357 = ORIENTED_EDGE('',*,*,#5964,.T.);
#8358 = ORIENTED_EDGE('',*,*,#8359,.F.);
#8359 = EDGE_CURVE('',#806,#5965,#8360,.T.);
#8360 = SURFACE_CURVE('',#8361,(#8365,#8372),.PCURVE_S1.);
#8361 = LINE('',#8362,#8363);
#8362 = CARTESIAN_POINT('',(213.92063308849,-34.93749999999,12.1));
#8363 = VECTOR('',#8364,1.);
#8364 = DIRECTION('',(0.,0.,1.));
#8365 = PCURVE('',#822,#8366);
#8366 = DEFINITIONAL_REPRESENTATION('',(#8367),#8371);
#8367 = LINE('',#8368,#8369);
#8368 = CARTESIAN_POINT('',(-1.482249790392,0.));
#8369 = VECTOR('',#8370,1.);
#8370 = DIRECTION('',(-0.,-1.));
#8371 = ( GEOMETRIC_REPRESENTATION_CONTEXT(2) 
PARAMETRIC_REPRESENTATION_CONTEXT() REPRESENTATION_CONTEXT('2D SPACE',''
  ) );
#8372 = PCURVE('',#850,#8373);
#8373 = DEFINITIONAL_REPRESENTATION('',(#8374),#8378);
#8374 = LINE('',#8375,#8376);
#8375 = CARTESIAN_POINT('',(0.,0.));
#8376 = VECTOR('',#8377,1.);
#8377 = DIRECTION('',(0.,-1.));
#8378 = ( GEOMETRIC_REPRESENTATION_CONTEXT(2) 
PARAMETRIC_REPRESENTATION_CONTEXT() REPRESENTATION_CONTEXT('2D SPACE',''
  ) );
#8379 = ADVANCED_FACE('',(#8380),#3721,.F.);
#8380 = FACE_BOUND('',#8381,.F.);
#8381 = EDGE_LOOP('',(#8382,#8403,#8404,#8405));
#8382 = ORIENTED_EDGE('',*,*,#8383,.T.);
#8383 = EDGE_CURVE('',#3673,#4740,#8384,.T.);
#8384 = SURFACE_CURVE('',#8385,(#8389,#8396),.PCURVE_S1.);
#8385 = LINE('',#8386,#8387);
#8386 = CARTESIAN_POINT('',(126.7002287104,-96.90346444051,12.1));
#8387 = VECTOR('',#8388,1.);
#8388 = DIRECTION('',(0.,0.,1.));
#8389 = PCURVE('',#3721,#8390);
#8390 = DEFINITIONAL_REPRESENTATION('',(#8391),#8395);
#8391 = LINE('',#8392,#8393);
#8392 = CARTESIAN_POINT('',(0.,0.));
#8393 = VECTOR('',#8394,1.);
#8394 = DIRECTION('',(0.,-1.));
#8395 = ( GEOMETRIC_REPRESENTATION_CONTEXT(2) 
PARAMETRIC_REPRESENTATION_CONTEXT() REPRESENTATION_CONTEXT('2D SPACE',''
  ) );
#8396 = PCURVE('',#3688,#8397);
#8397 = DEFINITIONAL_REPRESENTATION('',(#8398),#8402);
#8398 = LINE('',#8399,#8400);
#8399 = CARTESIAN_POINT('',(21.313198468969,0.));
#8400 = VECTOR('',#8401,1.);
#8401 = DIRECTION('',(0.,-1.));
#8402 = ( GEOMETRIC_REPRESENTATION_CONTEXT(2) 
PARAMETRIC_REPRESENTATION_CONTEXT() REPRESENTATION_CONTEXT('2D SPACE',''
  ) );
#8403 = ORIENTED_EDGE('',*,*,#4762,.T.);
#8404 = ORIENTED_EDGE('',*,*,#8282,.F.);
#8405 = ORIENTED_EDGE('',*,*,#3700,.F.);
#8406 = ADVANCED_FACE('',(#8407),#850,.F.);
#8407 = FACE_BOUND('',#8408,.F.);
#8408 = EDGE_LOOP('',(#8409,#8410,#8411,#8412,#8433,#8434,#8455,#8481));
#8409 = ORIENTED_EDGE('',*,*,#834,.F.);
#8410 = ORIENTED_EDGE('',*,*,#8359,.T.);
#8411 = ORIENTED_EDGE('',*,*,#5988,.T.);
#8412 = ORIENTED_EDGE('',*,*,#8413,.F.);
#8413 = EDGE_CURVE('',#1007,#5989,#8414,.T.);
#8414 = SURFACE_CURVE('',#8415,(#8419,#8426),.PCURVE_S1.);
#8415 = LINE('',#8416,#8417);
#8416 = CARTESIAN_POINT('',(231.11203866224,-34.94796564356,12.1));
#8417 = VECTOR('',#8418,1.);
#8418 = DIRECTION('',(0.,0.,1.));
#8419 = PCURVE('',#850,#8420);
#8420 = DEFINITIONAL_REPRESENTATION('',(#8421),#8425);
#8421 = LINE('',#8422,#8423);
#8422 = CARTESIAN_POINT('',(17.191408759345,0.));
#8423 = VECTOR('',#8424,1.);
#8424 = DIRECTION('',(0.,-1.));
#8425 = ( GEOMETRIC_REPRESENTATION_CONTEXT(2) 
PARAMETRIC_REPRESENTATION_CONTEXT() REPRESENTATION_CONTEXT('2D SPACE',''
  ) );
#8426 = PCURVE('',#1050,#8427);
#8427 = DEFINITIONAL_REPRESENTATION('',(#8428),#8432);
#8428 = LINE('',#8429,#8430);
#8429 = CARTESIAN_POINT('',(0.,0.));
#8430 = VECTOR('',#8431,1.);
#8431 = DIRECTION('',(0.,-1.));
#8432 = ( GEOMETRIC_REPRESENTATION_CONTEXT(2) 
PARAMETRIC_REPRESENTATION_CONTEXT() REPRESENTATION_CONTEXT('2D SPACE',''
  ) );
#8433 = ORIENTED_EDGE('',*,*,#1006,.F.);
#8434 = ORIENTED_EDGE('',*,*,#8435,.T.);
#8435 = EDGE_CURVE('',#981,#8436,#8438,.T.);
#8436 = VERTEX_POINT('',#8437);
#8437 = CARTESIAN_POINT('',(226.89793280368,-34.94540021459,15.85));
#8438 = SURFACE_CURVE('',#8439,(#8443,#8449),.PCURVE_S1.);
#8439 = LINE('',#8440,#8441);
#8440 = CARTESIAN_POINT('',(226.89793280368,-34.94540021459,11.6));
#8441 = VECTOR('',#8442,1.);
#8442 = DIRECTION('',(0.,0.,1.));
#8443 = PCURVE('',#850,#8444);
#8444 = DEFINITIONAL_REPRESENTATION('',(#8445),#8448);
#8445 = B_SPLINE_CURVE_WITH_KNOTS('',1,(#8446,#8447),.UNSPECIFIED.,.F.,
  .F.,(2,2),(0.5,4.25),.PIECEWISE_BEZIER_KNOTS.);
#8446 = CARTESIAN_POINT('',(12.977302119903,0.));
#8447 = CARTESIAN_POINT('',(12.977302119903,-3.75));
#8448 = ( GEOMETRIC_REPRESENTATION_CONTEXT(2) 
PARAMETRIC_REPRESENTATION_CONTEXT() REPRESENTATION_CONTEXT('2D SPACE',''
  ) );
#8449 = PCURVE('',#995,#8450);
#8450 = DEFINITIONAL_REPRESENTATION('',(#8451),#8454);
#8451 = B_SPLINE_CURVE_WITH_KNOTS('',1,(#8452,#8453),.UNSPECIFIED.,.F.,
  .F.,(2,2),(0.5,4.25),.PIECEWISE_BEZIER_KNOTS.);
#8452 = CARTESIAN_POINT('',(0.742102664596,-1.));
#8453 = CARTESIAN_POINT('',(0.742102664596,-4.75));
#8454 = ( GEOMETRIC_REPRESENTATION_CONTEXT(2) 
PARAMETRIC_REPRESENTATION_CONTEXT() REPRESENTATION_CONTEXT('2D SPACE',''
  ) );
#8455 = ORIENTED_EDGE('',*,*,#8456,.F.);
#8456 = EDGE_CURVE('',#8457,#8436,#8459,.T.);
#8457 = VERTEX_POINT('',#8458);
#8458 = CARTESIAN_POINT('',(215.90766378128,-34.93870964832,15.85));
#8459 = SURFACE_CURVE('',#8460,(#8464,#8470),.PCURVE_S1.);
#8460 = LINE('',#8461,#8462);
#8461 = CARTESIAN_POINT('',(217.66013402772,-34.93977650285,15.85));
#8462 = VECTOR('',#8463,1.);
#8463 = DIRECTION('',(0.999999814698,-6.087717249787E-04,0.));
#8464 = PCURVE('',#850,#8465);
#8465 = DEFINITIONAL_REPRESENTATION('',(#8466),#8469);
#8466 = B_SPLINE_CURVE_WITH_KNOTS('',1,(#8467,#8468),.UNSPECIFIED.,.F.,
  .F.,(2,2),(-1.760134353876,9.239867684441),.PIECEWISE_BEZIER_KNOTS.);
#8467 = CARTESIAN_POINT('',(1.979367278283,-3.75));
#8468 = CARTESIAN_POINT('',(12.9793693166,-3.75));
#8469 = ( GEOMETRIC_REPRESENTATION_CONTEXT(2) 
PARAMETRIC_REPRESENTATION_CONTEXT() REPRESENTATION_CONTEXT('2D SPACE',''
  ) );
#8470 = PCURVE('',#8471,#8476);
#8471 = PLANE('',#8472);
#8472 = AXIS2_PLACEMENT_3D('',#8473,#8474,#8475);
#8473 = CARTESIAN_POINT('',(221.40024675078,-33.93710534006,15.85));
#8474 = DIRECTION('',(0.,0.,1.));
#8475 = DIRECTION('',(1.,0.,-0.));
#8476 = DEFINITIONAL_REPRESENTATION('',(#8477),#8480);
#8477 = B_SPLINE_CURVE_WITH_KNOTS('',1,(#8478,#8479),.UNSPECIFIED.,.F.,
  .F.,(2,2),(-1.760134353876,9.239867684441),.PIECEWISE_BEZIER_KNOTS.);
#8478 = CARTESIAN_POINT('',(-5.500246750781,-1.001599642763));
#8479 = CARTESIAN_POINT('',(5.499753249219,-1.008296132979));
#8480 = ( GEOMETRIC_REPRESENTATION_CONTEXT(2) 
PARAMETRIC_REPRESENTATION_CONTEXT() REPRESENTATION_CONTEXT('2D SPACE',''
  ) );
#8481 = ORIENTED_EDGE('',*,*,#8482,.T.);
#8482 = EDGE_CURVE('',#8457,#835,#8483,.T.);
#8483 = SURFACE_CURVE('',#8484,(#8488,#8494),.PCURVE_S1.);
#8484 = LINE('',#8485,#8486);
#8485 = CARTESIAN_POINT('',(215.90766378128,-34.93870964832,11.6));
#8486 = VECTOR('',#8487,1.);
#8487 = DIRECTION('',(0.,0.,-1.));
#8488 = PCURVE('',#850,#8489);
#8489 = DEFINITIONAL_REPRESENTATION('',(#8490),#8493);
#8490 = B_SPLINE_CURVE_WITH_KNOTS('',1,(#8491,#8492),.UNSPECIFIED.,.F.,
  .F.,(2,2),(-4.25,-0.5),.PIECEWISE_BEZIER_KNOTS.);
#8491 = CARTESIAN_POINT('',(1.987031060986,-3.75));
#8492 = CARTESIAN_POINT('',(1.987031060986,0.));
#8493 = ( GEOMETRIC_REPRESENTATION_CONTEXT(2) 
PARAMETRIC_REPRESENTATION_CONTEXT() REPRESENTATION_CONTEXT('2D SPACE',''
  ) );
#8494 = PCURVE('',#877,#8495);
#8495 = DEFINITIONAL_REPRESENTATION('',(#8496),#8499);
#8496 = B_SPLINE_CURVE_WITH_KNOTS('',1,(#8497,#8498),.UNSPECIFIED.,.F.,
  .F.,(2,2),(-4.25,-0.5),.PIECEWISE_BEZIER_KNOTS.);
#8497 = CARTESIAN_POINT('',(2.751220322433,-4.75));
#8498 = CARTESIAN_POINT('',(2.751220322433,-1.));
#8499 = ( GEOMETRIC_REPRESENTATION_CONTEXT(2) 
PARAMETRIC_REPRESENTATION_CONTEXT() REPRESENTATION_CONTEXT('2D SPACE',''
  ) );
#8500 = ADVANCED_FACE('',(#8501),#3688,.F.);
#8501 = FACE_BOUND('',#8502,.F.);
#8502 = EDGE_LOOP('',(#8503,#8524,#8525,#8526));
#8503 = ORIENTED_EDGE('',*,*,#8504,.T.);
#8504 = EDGE_CURVE('',#3644,#4716,#8505,.T.);
#8505 = SURFACE_CURVE('',#8506,(#8510,#8517),.PCURVE_S1.);
#8506 = LINE('',#8507,#8508);
#8507 = CARTESIAN_POINT('',(105.387030523,-96.9,12.1));
#8508 = VECTOR('',#8509,1.);
#8509 = DIRECTION('',(0.,0.,1.));
#8510 = PCURVE('',#3688,#8511);
#8511 = DEFINITIONAL_REPRESENTATION('',(#8512),#8516);
#8512 = LINE('',#8513,#8514);
#8513 = CARTESIAN_POINT('',(0.,0.));
#8514 = VECTOR('',#8515,1.);
#8515 = DIRECTION('',(0.,-1.));
#8516 = ( GEOMETRIC_REPRESENTATION_CONTEXT(2) 
PARAMETRIC_REPRESENTATION_CONTEXT() REPRESENTATION_CONTEXT('2D SPACE',''
  ) );
#8517 = PCURVE('',#3660,#8518);
#8518 = DEFINITIONAL_REPRESENTATION('',(#8519),#8523);
#8519 = LINE('',#8520,#8521);
#8520 = CARTESIAN_POINT('',(-1.544588442194,0.));
#8521 = VECTOR('',#8522,1.);
#8522 = DIRECTION('',(-0.,-1.));
#8523 = ( GEOMETRIC_REPRESENTATION_CONTEXT(2) 
PARAMETRIC_REPRESENTATION_CONTEXT() REPRESENTATION_CONTEXT('2D SPACE',''
  ) );
#8524 = ORIENTED_EDGE('',*,*,#4739,.T.);
#8525 = ORIENTED_EDGE('',*,*,#8383,.F.);
#8526 = ORIENTED_EDGE('',*,*,#3672,.F.);
#8527 = ADVANCED_FACE('',(#8528),#877,.T.);
#8528 = FACE_BOUND('',#8529,.T.);
#8529 = EDGE_LOOP('',(#8530,#8531,#8554,#8575));
#8530 = ORIENTED_EDGE('',*,*,#862,.T.);
#8531 = ORIENTED_EDGE('',*,*,#8532,.T.);
#8532 = EDGE_CURVE('',#863,#8533,#8535,.T.);
#8533 = VERTEX_POINT('',#8534);
#8534 = CARTESIAN_POINT('',(215.9,-32.1875,15.85));
#8535 = SURFACE_CURVE('',#8536,(#8540,#8547),.PCURVE_S1.);
#8536 = LINE('',#8537,#8538);
#8537 = CARTESIAN_POINT('',(215.9,-32.1875,11.1));
#8538 = VECTOR('',#8539,1.);
#8539 = DIRECTION('',(0.,0.,1.));
#8540 = PCURVE('',#877,#8541);
#8541 = DEFINITIONAL_REPRESENTATION('',(#8542),#8546);
#8542 = LINE('',#8543,#8544);
#8543 = CARTESIAN_POINT('',(0.,0.));
#8544 = VECTOR('',#8545,1.);
#8545 = DIRECTION('',(0.,-1.));
#8546 = ( GEOMETRIC_REPRESENTATION_CONTEXT(2) 
PARAMETRIC_REPRESENTATION_CONTEXT() REPRESENTATION_CONTEXT('2D SPACE',''
  ) );
#8547 = PCURVE('',#909,#8548);
#8548 = DEFINITIONAL_REPRESENTATION('',(#8549),#8553);
#8549 = LINE('',#8550,#8551);
#8550 = CARTESIAN_POINT('',(-1.488320898493,0.));
#8551 = VECTOR('',#8552,1.);
#8552 = DIRECTION('',(-0.,-1.));
#8553 = ( GEOMETRIC_REPRESENTATION_CONTEXT(2) 
PARAMETRIC_REPRESENTATION_CONTEXT() REPRESENTATION_CONTEXT('2D SPACE',''
  ) );
#8554 = ORIENTED_EDGE('',*,*,#8555,.T.);
#8555 = EDGE_CURVE('',#8533,#8457,#8556,.T.);
#8556 = SURFACE_CURVE('',#8557,(#8561,#8568),.PCURVE_S1.);
#8557 = LINE('',#8558,#8559);
#8558 = CARTESIAN_POINT('',(215.9,-32.1875,15.85));
#8559 = VECTOR('',#8560,1.);
#8560 = DIRECTION('',(2.785593440065E-03,-0.999996120227,0.));
#8561 = PCURVE('',#877,#8562);
#8562 = DEFINITIONAL_REPRESENTATION('',(#8563),#8567);
#8563 = LINE('',#8564,#8565);
#8564 = CARTESIAN_POINT('',(0.,-4.75));
#8565 = VECTOR('',#8566,1.);
#8566 = DIRECTION('',(1.,0.));
#8567 = ( GEOMETRIC_REPRESENTATION_CONTEXT(2) 
PARAMETRIC_REPRESENTATION_CONTEXT() REPRESENTATION_CONTEXT('2D SPACE',''
  ) );
#8568 = PCURVE('',#8471,#8569);
#8569 = DEFINITIONAL_REPRESENTATION('',(#8570),#8574);
#8570 = LINE('',#8571,#8572);
#8571 = CARTESIAN_POINT('',(-5.500246750781,1.749605340066));
#8572 = VECTOR('',#8573,1.);
#8573 = DIRECTION('',(2.785593440065E-03,-0.999996120227));
#8574 = ( GEOMETRIC_REPRESENTATION_CONTEXT(2) 
PARAMETRIC_REPRESENTATION_CONTEXT() REPRESENTATION_CONTEXT('2D SPACE',''
  ) );
#8575 = ORIENTED_EDGE('',*,*,#8482,.T.);
#8576 = ADVANCED_FACE('',(#8577),#3660,.T.);
#8577 = FACE_BOUND('',#8578,.F.);
#8578 = EDGE_LOOP('',(#8579,#8600,#8601,#8602));
#8579 = ORIENTED_EDGE('',*,*,#8580,.T.);
#8580 = EDGE_CURVE('',#3616,#4693,#8581,.T.);
#8581 = SURFACE_CURVE('',#8582,(#8586,#8593),.PCURVE_S1.);
#8582 = LINE('',#8583,#8584);
#8583 = CARTESIAN_POINT('',(95.178652927875,-87.35333493579,12.1));
#8584 = VECTOR('',#8585,1.);
#8585 = DIRECTION('',(0.,0.,1.));
#8586 = PCURVE('',#3660,#8587);
#8587 = DEFINITIONAL_REPRESENTATION('',(#8588),#8592);
#8588 = LINE('',#8589,#8590);
#8589 = CARTESIAN_POINT('',(-0.,0.));
#8590 = VECTOR('',#8591,1.);
#8591 = DIRECTION('',(-0.,-1.));
#8592 = ( GEOMETRIC_REPRESENTATION_CONTEXT(2) 
PARAMETRIC_REPRESENTATION_CONTEXT() REPRESENTATION_CONTEXT('2D SPACE',''
  ) );
#8593 = PCURVE('',#3631,#8594);
#8594 = DEFINITIONAL_REPRESENTATION('',(#8595),#8599);
#8595 = LINE('',#8596,#8597);
#8596 = CARTESIAN_POINT('',(41.626308592019,0.));
#8597 = VECTOR('',#8598,1.);
#8598 = DIRECTION('',(0.,-1.));
#8599 = ( GEOMETRIC_REPRESENTATION_CONTEXT(2) 
PARAMETRIC_REPRESENTATION_CONTEXT() REPRESENTATION_CONTEXT('2D SPACE',''
  ) );
#8600 = ORIENTED_EDGE('',*,*,#4715,.T.);
#8601 = ORIENTED_EDGE('',*,*,#8504,.F.);
#8602 = ORIENTED_EDGE('',*,*,#3643,.F.);
#8603 = ADVANCED_FACE('',(#8604),#909,.F.);
#8604 = FACE_BOUND('',#8605,.T.);
#8605 = EDGE_LOOP('',(#8606,#8607,#8630,#8652));
#8606 = ORIENTED_EDGE('',*,*,#888,.T.);
#8607 = ORIENTED_EDGE('',*,*,#8608,.T.);
#8608 = EDGE_CURVE('',#889,#8609,#8611,.T.);
#8609 = VERTEX_POINT('',#8610);
#8610 = CARTESIAN_POINT('',(217.2774490225,-30.69291754522,15.85));
#8611 = SURFACE_CURVE('',#8612,(#8616,#8623),.PCURVE_S1.);
#8612 = LINE('',#8613,#8614);
#8613 = CARTESIAN_POINT('',(217.2774490225,-30.69291754522,11.1));
#8614 = VECTOR('',#8615,1.);
#8615 = DIRECTION('',(0.,0.,1.));
#8616 = PCURVE('',#909,#8617);
#8617 = DEFINITIONAL_REPRESENTATION('',(#8618),#8622);
#8618 = LINE('',#8619,#8620);
#8619 = CARTESIAN_POINT('',(-0.,0.));
#8620 = VECTOR('',#8621,1.);
#8621 = DIRECTION('',(-0.,-1.));
#8622 = ( GEOMETRIC_REPRESENTATION_CONTEXT(2) 
PARAMETRIC_REPRESENTATION_CONTEXT() REPRESENTATION_CONTEXT('2D SPACE',''
  ) );
#8623 = PCURVE('',#936,#8624);
#8624 = DEFINITIONAL_REPRESENTATION('',(#8625),#8629);
#8625 = LINE('',#8626,#8627);
#8626 = CARTESIAN_POINT('',(8.122552784179,0.));
#8627 = VECTOR('',#8628,1.);
#8628 = DIRECTION('',(0.,-1.));
#8629 = ( GEOMETRIC_REPRESENTATION_CONTEXT(2) 
PARAMETRIC_REPRESENTATION_CONTEXT() REPRESENTATION_CONTEXT('2D SPACE',''
  ) );
#8630 = ORIENTED_EDGE('',*,*,#8631,.T.);
#8631 = EDGE_CURVE('',#8609,#8533,#8632,.T.);
#8632 = SURFACE_CURVE('',#8633,(#8638,#8645),.PCURVE_S1.);
#8633 = CIRCLE('',#8634,1.500338035332);
#8634 = AXIS2_PLACEMENT_3D('',#8635,#8636,#8637);
#8635 = CARTESIAN_POINT('',(217.40033786526,-32.18821435609,15.85));
#8636 = DIRECTION('',(0.,0.,1.));
#8637 = DIRECTION('',(-8.190743676987E-02,0.996639940902,0.));
#8638 = PCURVE('',#909,#8639);
#8639 = DEFINITIONAL_REPRESENTATION('',(#8640),#8644);
#8640 = LINE('',#8641,#8642);
#8641 = CARTESIAN_POINT('',(-0.,-4.75));
#8642 = VECTOR('',#8643,1.);
#8643 = DIRECTION('',(-1.,0.));
#8644 = ( GEOMETRIC_REPRESENTATION_CONTEXT(2) 
PARAMETRIC_REPRESENTATION_CONTEXT() REPRESENTATION_CONTEXT('2D SPACE',''
  ) );
#8645 = PCURVE('',#8471,#8646);
#8646 = DEFINITIONAL_REPRESENTATION('',(#8647),#8651);
#8647 = CIRCLE('',#8648,1.500338035332);
#8648 = AXIS2_PLACEMENT_2D('',#8649,#8650);
#8649 = CARTESIAN_POINT('',(-3.999908885512,1.748890983974));
#8650 = DIRECTION('',(-8.190743676987E-02,0.996639940902));
#8651 = ( GEOMETRIC_REPRESENTATION_CONTEXT(2) 
PARAMETRIC_REPRESENTATION_CONTEXT() REPRESENTATION_CONTEXT('2D SPACE',''
  ) );
#8652 = ORIENTED_EDGE('',*,*,#8532,.F.);
#8653 = ADVANCED_FACE('',(#8654),#3631,.F.);
#8654 = FACE_BOUND('',#8655,.F.);
#8655 = EDGE_LOOP('',(#8656,#8677,#8678,#8679));
#8656 = ORIENTED_EDGE('',*,*,#8657,.T.);
#8657 = EDGE_CURVE('',#3587,#4669,#8658,.T.);
#8658 = SURFACE_CURVE('',#8659,(#8663,#8670),.PCURVE_S1.);
#8659 = LINE('',#8660,#8661);
#8660 = CARTESIAN_POINT('',(95.16,-45.727030523,12.1));
#8661 = VECTOR('',#8662,1.);
#8662 = DIRECTION('',(0.,0.,1.));
#8663 = PCURVE('',#3631,#8664);
#8664 = DEFINITIONAL_REPRESENTATION('',(#8665),#8669);
#8665 = LINE('',#8666,#8667);
#8666 = CARTESIAN_POINT('',(0.,0.));
#8667 = VECTOR('',#8668,1.);
#8668 = DIRECTION('',(0.,-1.));
#8669 = ( GEOMETRIC_REPRESENTATION_CONTEXT(2) 
PARAMETRIC_REPRESENTATION_CONTEXT() REPRESENTATION_CONTEXT('2D SPACE',''
  ) );
#8670 = PCURVE('',#3603,#8671);
#8671 = DEFINITIONAL_REPRESENTATION('',(#8672),#8676);
#8672 = LINE('',#8673,#8674);
#8673 = CARTESIAN_POINT('',(-1.544588442194,0.));
#8674 = VECTOR('',#8675,1.);
#8675 = DIRECTION('',(-0.,-1.));
#8676 = ( GEOMETRIC_REPRESENTATION_CONTEXT(2) 
PARAMETRIC_REPRESENTATION_CONTEXT() REPRESENTATION_CONTEXT('2D SPACE',''
  ) );
#8677 = ORIENTED_EDGE('',*,*,#4692,.T.);
#8678 = ORIENTED_EDGE('',*,*,#8580,.F.);
#8679 = ORIENTED_EDGE('',*,*,#3615,.F.);
#8680 = ADVANCED_FACE('',(#8681),#936,.T.);
#8681 = FACE_BOUND('',#8682,.T.);
#8682 = EDGE_LOOP('',(#8683,#8684,#8707,#8728));
#8683 = ORIENTED_EDGE('',*,*,#921,.T.);
#8684 = ORIENTED_EDGE('',*,*,#8685,.T.);
#8685 = EDGE_CURVE('',#922,#8686,#8688,.T.);
#8686 = VERTEX_POINT('',#8687);
#8687 = CARTESIAN_POINT('',(225.4,-30.6875,15.85));
#8688 = SURFACE_CURVE('',#8689,(#8693,#8700),.PCURVE_S1.);
#8689 = LINE('',#8690,#8691);
#8690 = CARTESIAN_POINT('',(225.4,-30.6875,11.1));
#8691 = VECTOR('',#8692,1.);
#8692 = DIRECTION('',(0.,0.,1.));
#8693 = PCURVE('',#936,#8694);
#8694 = DEFINITIONAL_REPRESENTATION('',(#8695),#8699);
#8695 = LINE('',#8696,#8697);
#8696 = CARTESIAN_POINT('',(0.,0.));
#8697 = VECTOR('',#8698,1.);
#8698 = DIRECTION('',(0.,-1.));
#8699 = ( GEOMETRIC_REPRESENTATION_CONTEXT(2) 
PARAMETRIC_REPRESENTATION_CONTEXT() REPRESENTATION_CONTEXT('2D SPACE',''
  ) );
#8700 = PCURVE('',#968,#8701);
#8701 = DEFINITIONAL_REPRESENTATION('',(#8702),#8706);
#8702 = LINE('',#8703,#8704);
#8703 = CARTESIAN_POINT('',(-1.455531117313,0.));
#8704 = VECTOR('',#8705,1.);
#8705 = DIRECTION('',(-0.,-1.));
#8706 = ( GEOMETRIC_REPRESENTATION_CONTEXT(2) 
PARAMETRIC_REPRESENTATION_CONTEXT() REPRESENTATION_CONTEXT('2D SPACE',''
  ) );
#8707 = ORIENTED_EDGE('',*,*,#8708,.T.);
#8708 = EDGE_CURVE('',#8686,#8609,#8709,.T.);
#8709 = SURFACE_CURVE('',#8710,(#8714,#8721),.PCURVE_S1.);
#8710 = LINE('',#8711,#8712);
#8711 = CARTESIAN_POINT('',(225.4,-30.6875,15.85));
#8712 = VECTOR('',#8713,1.);
#8713 = DIRECTION('',(-0.999999777572,-6.669756872211E-04,0.));
#8714 = PCURVE('',#936,#8715);
#8715 = DEFINITIONAL_REPRESENTATION('',(#8716),#8720);
#8716 = LINE('',#8717,#8718);
#8717 = CARTESIAN_POINT('',(0.,-4.75));
#8718 = VECTOR('',#8719,1.);
#8719 = DIRECTION('',(1.,0.));
#8720 = ( GEOMETRIC_REPRESENTATION_CONTEXT(2) 
PARAMETRIC_REPRESENTATION_CONTEXT() REPRESENTATION_CONTEXT('2D SPACE',''
  ) );
#8721 = PCURVE('',#8471,#8722);
#8722 = DEFINITIONAL_REPRESENTATION('',(#8723),#8727);
#8723 = LINE('',#8724,#8725);
#8724 = CARTESIAN_POINT('',(3.999753249219,3.249605340066));
#8725 = VECTOR('',#8726,1.);
#8726 = DIRECTION('',(-0.999999777572,-6.669756872211E-04));
#8727 = ( GEOMETRIC_REPRESENTATION_CONTEXT(2) 
PARAMETRIC_REPRESENTATION_CONTEXT() REPRESENTATION_CONTEXT('2D SPACE',''
  ) );
#8728 = ORIENTED_EDGE('',*,*,#8608,.F.);
#8729 = ADVANCED_FACE('',(#8730),#3603,.T.);
#8730 = FACE_BOUND('',#8731,.F.);
#8731 = EDGE_LOOP('',(#8732,#8753,#8754,#8755));
#8732 = ORIENTED_EDGE('',*,*,#8733,.T.);
#8733 = EDGE_CURVE('',#3559,#4646,#8734,.T.);
#8734 = SURFACE_CURVE('',#8735,(#8739,#8746),.PCURVE_S1.);
#8735 = LINE('',#8736,#8737);
#8736 = CARTESIAN_POINT('',(104.7066650642,-35.51865292787,12.1));
#8737 = VECTOR('',#8738,1.);
#8738 = DIRECTION('',(0.,0.,1.));
#8739 = PCURVE('',#3603,#8740);
#8740 = DEFINITIONAL_REPRESENTATION('',(#8741),#8745);
#8741 = LINE('',#8742,#8743);
#8742 = CARTESIAN_POINT('',(-0.,0.));
#8743 = VECTOR('',#8744,1.);
#8744 = DIRECTION('',(-0.,-1.));
#8745 = ( GEOMETRIC_REPRESENTATION_CONTEXT(2) 
PARAMETRIC_REPRESENTATION_CONTEXT() REPRESENTATION_CONTEXT('2D SPACE',''
  ) );
#8746 = PCURVE('',#3574,#8747);
#8747 = DEFINITIONAL_REPRESENTATION('',(#8748),#8752);
#8748 = LINE('',#8749,#8750);
#8749 = CARTESIAN_POINT('',(19.05637364323,0.));
#8750 = VECTOR('',#8751,1.);
#8751 = DIRECTION('',(0.,-1.));
#8752 = ( GEOMETRIC_REPRESENTATION_CONTEXT(2) 
PARAMETRIC_REPRESENTATION_CONTEXT() REPRESENTATION_CONTEXT('2D SPACE',''
  ) );
#8753 = ORIENTED_EDGE('',*,*,#4668,.T.);
#8754 = ORIENTED_EDGE('',*,*,#8657,.F.);
#8755 = ORIENTED_EDGE('',*,*,#3586,.F.);
#8756 = ADVANCED_FACE('',(#8757),#968,.F.);
#8757 = FACE_BOUND('',#8758,.T.);
#8758 = EDGE_LOOP('',(#8759,#8760,#8783,#8805));
#8759 = ORIENTED_EDGE('',*,*,#947,.T.);
#8760 = ORIENTED_EDGE('',*,*,#8761,.T.);
#8761 = EDGE_CURVE('',#948,#8762,#8764,.T.);
#8762 = VERTEX_POINT('',#8763);
#8763 = CARTESIAN_POINT('',(226.88977298165,-32.01611762244,15.85));
#8764 = SURFACE_CURVE('',#8765,(#8769,#8776),.PCURVE_S1.);
#8765 = LINE('',#8766,#8767);
#8766 = CARTESIAN_POINT('',(226.88977298165,-32.01611762244,11.1));
#8767 = VECTOR('',#8768,1.);
#8768 = DIRECTION('',(0.,0.,1.));
#8769 = PCURVE('',#968,#8770);
#8770 = DEFINITIONAL_REPRESENTATION('',(#8771),#8775);
#8771 = LINE('',#8772,#8773);
#8772 = CARTESIAN_POINT('',(-0.,0.));
#8773 = VECTOR('',#8774,1.);
#8774 = DIRECTION('',(-0.,-1.));
#8775 = ( GEOMETRIC_REPRESENTATION_CONTEXT(2) 
PARAMETRIC_REPRESENTATION_CONTEXT() REPRESENTATION_CONTEXT('2D SPACE',''
  ) );
#8776 = PCURVE('',#995,#8777);
#8777 = DEFINITIONAL_REPRESENTATION('',(#8778),#8782);
#8778 = LINE('',#8779,#8780);
#8779 = CARTESIAN_POINT('',(3.671396621742,0.));
#8780 = VECTOR('',#8781,1.);
#8781 = DIRECTION('',(0.,-1.));
#8782 = ( GEOMETRIC_REPRESENTATION_CONTEXT(2) 
PARAMETRIC_REPRESENTATION_CONTEXT() REPRESENTATION_CONTEXT('2D SPACE',''
  ) );
#8783 = ORIENTED_EDGE('',*,*,#8784,.T.);
#8784 = EDGE_CURVE('',#8762,#8686,#8785,.T.);
#8785 = SURFACE_CURVE('',#8786,(#8791,#8798),.PCURVE_S1.);
#8786 = CIRCLE('',#8787,1.500413123523);
#8787 = AXIS2_PLACEMENT_3D('',#8788,#8789,#8790);
#8788 = CARTESIAN_POINT('',(225.39922747232,-32.18791292464,15.85));
#8789 = DIRECTION('',(0.,0.,1.));
#8790 = DIRECTION('',(0.993423401836,0.11449866674,-0.));
#8791 = PCURVE('',#968,#8792);
#8792 = DEFINITIONAL_REPRESENTATION('',(#8793),#8797);
#8793 = LINE('',#8794,#8795);
#8794 = CARTESIAN_POINT('',(-0.,-4.75));
#8795 = VECTOR('',#8796,1.);
#8796 = DIRECTION('',(-1.,0.));
#8797 = ( GEOMETRIC_REPRESENTATION_CONTEXT(2) 
PARAMETRIC_REPRESENTATION_CONTEXT() REPRESENTATION_CONTEXT('2D SPACE',''
  ) );
#8798 = PCURVE('',#8471,#8799);
#8799 = DEFINITIONAL_REPRESENTATION('',(#8800),#8804);
#8800 = CIRCLE('',#8801,1.500413123523);
#8801 = AXIS2_PLACEMENT_2D('',#8802,#8803);
#8802 = CARTESIAN_POINT('',(3.998980721544,1.749192415421));
#8803 = DIRECTION('',(0.993423401836,0.11449866674));
#8804 = ( GEOMETRIC_REPRESENTATION_CONTEXT(2) 
PARAMETRIC_REPRESENTATION_CONTEXT() REPRESENTATION_CONTEXT('2D SPACE',''
  ) );
#8805 = ORIENTED_EDGE('',*,*,#8685,.F.);
#8806 = ADVANCED_FACE('',(#8807),#3574,.F.);
#8807 = FACE_BOUND('',#8808,.F.);
#8808 = EDGE_LOOP('',(#8809,#8830,#8831,#8832));
#8809 = ORIENTED_EDGE('',*,*,#8810,.T.);
#8810 = EDGE_CURVE('',#3526,#4618,#8811,.T.);
#8811 = SURFACE_CURVE('',#8812,(#8816,#8823),.PCURVE_S1.);
#8812 = LINE('',#8813,#8814);
#8813 = CARTESIAN_POINT('',(123.76302957842,-35.5,12.1));
#8814 = VECTOR('',#8815,1.);
#8815 = DIRECTION('',(0.,0.,1.));
#8816 = PCURVE('',#3574,#8817);
#8817 = DEFINITIONAL_REPRESENTATION('',(#8818),#8822);
#8818 = LINE('',#8819,#8820);
#8819 = CARTESIAN_POINT('',(0.,0.));
#8820 = VECTOR('',#8821,1.);
#8821 = DIRECTION('',(0.,-1.));
#8822 = ( GEOMETRIC_REPRESENTATION_CONTEXT(2) 
PARAMETRIC_REPRESENTATION_CONTEXT() REPRESENTATION_CONTEXT('2D SPACE',''
  ) );
#8823 = PCURVE('',#3546,#8824);
#8824 = DEFINITIONAL_REPRESENTATION('',(#8825),#8829);
#8825 = LINE('',#8826,#8827);
#8826 = CARTESIAN_POINT('',(1.015494093356,0.));
#8827 = VECTOR('',#8828,1.);
#8828 = DIRECTION('',(0.,-1.));
#8829 = ( GEOMETRIC_REPRESENTATION_CONTEXT(2) 
PARAMETRIC_REPRESENTATION_CONTEXT() REPRESENTATION_CONTEXT('2D SPACE',''
  ) );
#8830 = ORIENTED_EDGE('',*,*,#4645,.T.);
#8831 = ORIENTED_EDGE('',*,*,#8733,.F.);
#8832 = ORIENTED_EDGE('',*,*,#3558,.F.);
#8833 = ADVANCED_FACE('',(#8834),#995,.T.);
#8834 = FACE_BOUND('',#8835,.T.);
#8835 = EDGE_LOOP('',(#8836,#8837,#8858,#8859));
#8836 = ORIENTED_EDGE('',*,*,#8435,.T.);
#8837 = ORIENTED_EDGE('',*,*,#8838,.T.);
#8838 = EDGE_CURVE('',#8436,#8762,#8839,.T.);
#8839 = SURFACE_CURVE('',#8840,(#8844,#8851),.PCURVE_S1.);
#8840 = LINE('',#8841,#8842);
#8841 = CARTESIAN_POINT('',(226.9,-35.6875,15.85));
#8842 = VECTOR('',#8843,1.);
#8843 = DIRECTION('',(-2.785593440065E-03,0.999996120227,0.));
#8844 = PCURVE('',#995,#8845);
#8845 = DEFINITIONAL_REPRESENTATION('',(#8846),#8850);
#8846 = LINE('',#8847,#8848);
#8847 = CARTESIAN_POINT('',(0.,-4.75));
#8848 = VECTOR('',#8849,1.);
#8849 = DIRECTION('',(1.,0.));
#8850 = ( GEOMETRIC_REPRESENTATION_CONTEXT(2) 
PARAMETRIC_REPRESENTATION_CONTEXT() REPRESENTATION_CONTEXT('2D SPACE',''
  ) );
#8851 = PCURVE('',#8471,#8852);
#8852 = DEFINITIONAL_REPRESENTATION('',(#8853),#8857);
#8853 = LINE('',#8854,#8855);
#8854 = CARTESIAN_POINT('',(5.499753249219,-1.750394659934));
#8855 = VECTOR('',#8856,1.);
#8856 = DIRECTION('',(-2.785593440065E-03,0.999996120227));
#8857 = ( GEOMETRIC_REPRESENTATION_CONTEXT(2) 
PARAMETRIC_REPRESENTATION_CONTEXT() REPRESENTATION_CONTEXT('2D SPACE',''
  ) );
#8858 = ORIENTED_EDGE('',*,*,#8761,.F.);
#8859 = ORIENTED_EDGE('',*,*,#980,.T.);
#8860 = ADVANCED_FACE('',(#8861),#3546,.F.);
#8861 = FACE_BOUND('',#8862,.F.);
#8862 = EDGE_LOOP('',(#8863,#8884,#8885,#8886));
#8863 = ORIENTED_EDGE('',*,*,#8864,.T.);
#8864 = EDGE_CURVE('',#3497,#4594,#8865,.T.);
#8865 = SURFACE_CURVE('',#8866,(#8870,#8877),.PCURVE_S1.);
#8866 = LINE('',#8867,#8868);
#8867 = CARTESIAN_POINT('',(144.99733932084,-23.76538353484,12.1));
#8868 = VECTOR('',#8869,1.);
#8869 = DIRECTION('',(0.,0.,1.));
#8870 = PCURVE('',#3546,#8871);
#8871 = DEFINITIONAL_REPRESENTATION('',(#8872),#8876);
#8872 = LINE('',#8873,#8874);
#8873 = CARTESIAN_POINT('',(0.,0.));
#8874 = VECTOR('',#8875,1.);
#8875 = DIRECTION('',(0.,-1.));
#8876 = ( GEOMETRIC_REPRESENTATION_CONTEXT(2) 
PARAMETRIC_REPRESENTATION_CONTEXT() REPRESENTATION_CONTEXT('2D SPACE',''
  ) );
#8877 = PCURVE('',#3513,#8878);
#8878 = DEFINITIONAL_REPRESENTATION('',(#8879),#8883);
#8879 = LINE('',#8880,#8881);
#8880 = CARTESIAN_POINT('',(-1.030835089459,0.));
#8881 = VECTOR('',#8882,1.);
#8882 = DIRECTION('',(-0.,-1.));
#8883 = ( GEOMETRIC_REPRESENTATION_CONTEXT(2) 
PARAMETRIC_REPRESENTATION_CONTEXT() REPRESENTATION_CONTEXT('2D SPACE',''
  ) );
#8884 = ORIENTED_EDGE('',*,*,#4617,.T.);
#8885 = ORIENTED_EDGE('',*,*,#8810,.F.);
#8886 = ORIENTED_EDGE('',*,*,#3525,.F.);
#8887 = ADVANCED_FACE('',(#8888),#3513,.T.);
#8888 = FACE_BOUND('',#8889,.F.);
#8889 = EDGE_LOOP('',(#8890,#8891,#8892,#8893));
#8890 = ORIENTED_EDGE('',*,*,#6743,.T.);
#8891 = ORIENTED_EDGE('',*,*,#4593,.T.);
#8892 = ORIENTED_EDGE('',*,*,#8864,.F.);
#8893 = ORIENTED_EDGE('',*,*,#3496,.F.);
#8894 = ADVANCED_FACE('',(#8895),#1050,.F.);
#8895 = FACE_BOUND('',#8896,.F.);
#8896 = EDGE_LOOP('',(#8897,#8898,#8899,#8920));
#8897 = ORIENTED_EDGE('',*,*,#8413,.T.);
#8898 = ORIENTED_EDGE('',*,*,#6011,.T.);
#8899 = ORIENTED_EDGE('',*,*,#8900,.F.);
#8900 = EDGE_CURVE('',#1030,#6012,#8901,.T.);
#8901 = SURFACE_CURVE('',#8902,(#8906,#8913),.PCURVE_S1.);
#8902 = LINE('',#8903,#8904);
#8903 = CARTESIAN_POINT('',(232.2891076049,-35.58582067205,12.1));
#8904 = VECTOR('',#8905,1.);
#8905 = DIRECTION('',(0.,0.,1.));
#8906 = PCURVE('',#1050,#8907);
#8907 = DEFINITIONAL_REPRESENTATION('',(#8908),#8912);
#8908 = LINE('',#8909,#8910);
#8909 = CARTESIAN_POINT('',(0.785904805601,0.));
#8910 = VECTOR('',#8911,1.);
#8911 = DIRECTION('',(0.,-1.));
#8912 = ( GEOMETRIC_REPRESENTATION_CONTEXT(2) 
PARAMETRIC_REPRESENTATION_CONTEXT() REPRESENTATION_CONTEXT('2D SPACE',''
  ) );
#8913 = PCURVE('',#1079,#8914);
#8914 = DEFINITIONAL_REPRESENTATION('',(#8915),#8919);
#8915 = LINE('',#8916,#8917);
#8916 = CARTESIAN_POINT('',(-0.,0.));
#8917 = VECTOR('',#8918,1.);
#8918 = DIRECTION('',(-0.,-1.));
#8919 = ( GEOMETRIC_REPRESENTATION_CONTEXT(2) 
PARAMETRIC_REPRESENTATION_CONTEXT() REPRESENTATION_CONTEXT('2D SPACE',''
  ) );
#8920 = ORIENTED_EDGE('',*,*,#1029,.F.);
#8921 = ADVANCED_FACE('',(#8922),#1079,.T.);
#8922 = FACE_BOUND('',#8923,.F.);
#8923 = EDGE_LOOP('',(#8924,#8925,#8926,#8947));
#8924 = ORIENTED_EDGE('',*,*,#8900,.T.);
#8925 = ORIENTED_EDGE('',*,*,#6039,.T.);
#8926 = ORIENTED_EDGE('',*,*,#8927,.F.);
#8927 = EDGE_CURVE('',#1063,#6040,#8928,.T.);
#8928 = SURFACE_CURVE('',#8929,(#8933,#8940),.PCURVE_S1.);
#8929 = LINE('',#8930,#8931);
#8930 = CARTESIAN_POINT('',(235.74999927641,-37.31874999999,12.1));
#8931 = VECTOR('',#8932,1.);
#8932 = DIRECTION('',(0.,0.,1.));
#8933 = PCURVE('',#1079,#8934);
#8934 = DEFINITIONAL_REPRESENTATION('',(#8935),#8939);
#8935 = LINE('',#8936,#8937);
#8936 = CARTESIAN_POINT('',(-0.939248763256,0.));
#8937 = VECTOR('',#8938,1.);
#8938 = DIRECTION('',(-0.,-1.));
#8939 = ( GEOMETRIC_REPRESENTATION_CONTEXT(2) 
PARAMETRIC_REPRESENTATION_CONTEXT() REPRESENTATION_CONTEXT('2D SPACE',''
  ) );
#8940 = PCURVE('',#1107,#8941);
#8941 = DEFINITIONAL_REPRESENTATION('',(#8942),#8946);
#8942 = LINE('',#8943,#8944);
#8943 = CARTESIAN_POINT('',(0.,0.));
#8944 = VECTOR('',#8945,1.);
#8945 = DIRECTION('',(0.,-1.));
#8946 = ( GEOMETRIC_REPRESENTATION_CONTEXT(2) 
PARAMETRIC_REPRESENTATION_CONTEXT() REPRESENTATION_CONTEXT('2D SPACE',''
  ) );
#8947 = ORIENTED_EDGE('',*,*,#1062,.F.);
#8948 = ADVANCED_FACE('',(#8949),#3462,.T.);
#8949 = FACE_BOUND('',#8950,.T.);
#8950 = EDGE_LOOP('',(#8951,#8952,#8973,#8974));
#8951 = ORIENTED_EDGE('',*,*,#6765,.T.);
#8952 = ORIENTED_EDGE('',*,*,#8953,.F.);
#8953 = EDGE_CURVE('',#7169,#6766,#8954,.T.);
#8954 = SURFACE_CURVE('',#8955,(#8959,#8966),.PCURVE_S1.);
#8955 = LINE('',#8956,#8957);
#8956 = CARTESIAN_POINT('',(162.0125,-22.95,14.7));
#8957 = VECTOR('',#8958,1.);
#8958 = DIRECTION('',(0.,1.,0.));
#8959 = PCURVE('',#3462,#8960);
#8960 = DEFINITIONAL_REPRESENTATION('',(#8961),#8965);
#8961 = LINE('',#8962,#8963);
#8962 = CARTESIAN_POINT('',(9.4,1.55));
#8963 = VECTOR('',#8964,1.);
#8964 = DIRECTION('',(0.,-1.));
#8965 = ( GEOMETRIC_REPRESENTATION_CONTEXT(2) 
PARAMETRIC_REPRESENTATION_CONTEXT() REPRESENTATION_CONTEXT('2D SPACE',''
  ) );
#8966 = PCURVE('',#6803,#8967);
#8967 = DEFINITIONAL_REPRESENTATION('',(#8968),#8972);
#8968 = LINE('',#8969,#8970);
#8969 = CARTESIAN_POINT('',(-0.,1.55));
#8970 = VECTOR('',#8971,1.);
#8971 = DIRECTION('',(-0.,-1.));
#8972 = ( GEOMETRIC_REPRESENTATION_CONTEXT(2) 
PARAMETRIC_REPRESENTATION_CONTEXT() REPRESENTATION_CONTEXT('2D SPACE',''
  ) );
#8973 = ORIENTED_EDGE('',*,*,#7195,.T.);
#8974 = ORIENTED_EDGE('',*,*,#3447,.T.);
#8975 = ADVANCED_FACE('',(#8976),#1107,.F.);
#8976 = FACE_BOUND('',#8977,.F.);
#8977 = EDGE_LOOP('',(#8978,#8979,#8980,#9001));
#8978 = ORIENTED_EDGE('',*,*,#8927,.T.);
#8979 = ORIENTED_EDGE('',*,*,#6063,.T.);
#8980 = ORIENTED_EDGE('',*,*,#8981,.F.);
#8981 = EDGE_CURVE('',#1092,#6064,#8982,.T.);
#8982 = SURFACE_CURVE('',#8983,(#8987,#8994),.PCURVE_S1.);
#8983 = LINE('',#8984,#8985);
#8984 = CARTESIAN_POINT('',(249.88132020485,-37.33738819394,12.1));
#8985 = VECTOR('',#8986,1.);
#8986 = DIRECTION('',(0.,0.,1.));
#8987 = PCURVE('',#1107,#8988);
#8988 = DEFINITIONAL_REPRESENTATION('',(#8989),#8993);
#8989 = LINE('',#8990,#8991);
#8990 = CARTESIAN_POINT('',(14.131333219657,0.));
#8991 = VECTOR('',#8992,1.);
#8992 = DIRECTION('',(0.,-1.));
#8993 = ( GEOMETRIC_REPRESENTATION_CONTEXT(2) 
PARAMETRIC_REPRESENTATION_CONTEXT() REPRESENTATION_CONTEXT('2D SPACE',''
  ) );
#8994 = PCURVE('',#1140,#8995);
#8995 = DEFINITIONAL_REPRESENTATION('',(#8996),#9000);
#8996 = LINE('',#8997,#8998);
#8997 = CARTESIAN_POINT('',(0.,0.));
#8998 = VECTOR('',#8999,1.);
#8999 = DIRECTION('',(0.,-1.));
#9000 = ( GEOMETRIC_REPRESENTATION_CONTEXT(2) 
PARAMETRIC_REPRESENTATION_CONTEXT() REPRESENTATION_CONTEXT('2D SPACE',''
  ) );
#9001 = ORIENTED_EDGE('',*,*,#1091,.F.);
#9002 = ADVANCED_FACE('',(#9003),#1140,.F.);
#9003 = FACE_BOUND('',#9004,.F.);
#9004 = EDGE_LOOP('',(#9005,#9006,#9007,#9028));
#9005 = ORIENTED_EDGE('',*,*,#8981,.T.);
#9006 = ORIENTED_EDGE('',*,*,#6086,.T.);
#9007 = ORIENTED_EDGE('',*,*,#9008,.F.);
#9008 = EDGE_CURVE('',#1120,#6087,#9009,.T.);
#9009 = SURFACE_CURVE('',#9010,(#9014,#9021),.PCURVE_S1.);
#9010 = LINE('',#9011,#9012);
#9011 = CARTESIAN_POINT('',(251.36801113554,-38.81390913459,12.1));
#9012 = VECTOR('',#9013,1.);
#9013 = DIRECTION('',(0.,0.,1.));
#9014 = PCURVE('',#1140,#9015);
#9015 = DEFINITIONAL_REPRESENTATION('',(#9016),#9020);
#9016 = LINE('',#9017,#9018);
#9017 = CARTESIAN_POINT('',(1.278882510262,0.));
#9018 = VECTOR('',#9019,1.);
#9019 = DIRECTION('',(0.,-1.));
#9020 = ( GEOMETRIC_REPRESENTATION_CONTEXT(2) 
PARAMETRIC_REPRESENTATION_CONTEXT() REPRESENTATION_CONTEXT('2D SPACE',''
  ) );
#9021 = PCURVE('',#1169,#9022);
#9022 = DEFINITIONAL_REPRESENTATION('',(#9023),#9027);
#9023 = LINE('',#9024,#9025);
#9024 = CARTESIAN_POINT('',(-0.,0.));
#9025 = VECTOR('',#9026,1.);
#9026 = DIRECTION('',(-0.,-1.));
#9027 = ( GEOMETRIC_REPRESENTATION_CONTEXT(2) 
PARAMETRIC_REPRESENTATION_CONTEXT() REPRESENTATION_CONTEXT('2D SPACE',''
  ) );
#9028 = ORIENTED_EDGE('',*,*,#1119,.F.);
#9029 = ADVANCED_FACE('',(#9030),#3412,.F.);
#9030 = FACE_BOUND('',#9031,.F.);
#9031 = EDGE_LOOP('',(#9032,#9033,#9056,#9082));
#9032 = ORIENTED_EDGE('',*,*,#3391,.F.);
#9033 = ORIENTED_EDGE('',*,*,#9034,.T.);
#9034 = EDGE_CURVE('',#3364,#9035,#9037,.T.);
#9035 = VERTEX_POINT('',#9036);
#9036 = CARTESIAN_POINT('',(153.51972290999,-23.8029742895,17.1));
#9037 = SURFACE_CURVE('',#9038,(#9042,#9049),.PCURVE_S1.);
#9038 = LINE('',#9039,#9040);
#9039 = CARTESIAN_POINT('',(153.51972290999,-23.8029742895,12.1));
#9040 = VECTOR('',#9041,1.);
#9041 = DIRECTION('',(0.,0.,1.));
#9042 = PCURVE('',#3412,#9043);
#9043 = DEFINITIONAL_REPRESENTATION('',(#9044),#9048);
#9044 = LINE('',#9045,#9046);
#9045 = CARTESIAN_POINT('',(0.,0.));
#9046 = VECTOR('',#9047,1.);
#9047 = DIRECTION('',(0.,-1.));
#9048 = ( GEOMETRIC_REPRESENTATION_CONTEXT(2) 
PARAMETRIC_REPRESENTATION_CONTEXT() REPRESENTATION_CONTEXT('2D SPACE',''
  ) );
#9049 = PCURVE('',#3379,#9050);
#9050 = DEFINITIONAL_REPRESENTATION('',(#9051),#9055);
#9051 = LINE('',#9052,#9053);
#9052 = CARTESIAN_POINT('',(14.6638944036,0.));
#9053 = VECTOR('',#9054,1.);
#9054 = DIRECTION('',(0.,-1.));
#9055 = ( GEOMETRIC_REPRESENTATION_CONTEXT(2) 
PARAMETRIC_REPRESENTATION_CONTEXT() REPRESENTATION_CONTEXT('2D SPACE',''
  ) );
#9056 = ORIENTED_EDGE('',*,*,#9057,.T.);
#9057 = EDGE_CURVE('',#9035,#7049,#9058,.T.);
#9058 = SURFACE_CURVE('',#9059,(#9064,#9071),.PCURVE_S1.);
#9059 = CIRCLE('',#9060,1.5);
#9060 = AXIS2_PLACEMENT_3D('',#9061,#9062,#9063);
#9061 = CARTESIAN_POINT('',(155.0125,-23.95,17.1));
#9062 = DIRECTION('',(0.,0.,-1.));
#9063 = DIRECTION('',(-0.995184726672,9.801714032956E-02,0.));
#9064 = PCURVE('',#3412,#9065);
#9065 = DEFINITIONAL_REPRESENTATION('',(#9066),#9070);
#9066 = LINE('',#9067,#9068);
#9067 = CARTESIAN_POINT('',(0.,-5.));
#9068 = VECTOR('',#9069,1.);
#9069 = DIRECTION('',(1.,0.));
#9070 = ( GEOMETRIC_REPRESENTATION_CONTEXT(2) 
PARAMETRIC_REPRESENTATION_CONTEXT() REPRESENTATION_CONTEXT('2D SPACE',''
  ) );
#9071 = PCURVE('',#7086,#9072);
#9072 = DEFINITIONAL_REPRESENTATION('',(#9073),#9081);
#9073 = ( BOUNDED_CURVE() B_SPLINE_CURVE(2,(#9074,#9075,#9076,#9077,
#9078,#9079,#9080),.UNSPECIFIED.,.T.,.F.) B_SPLINE_CURVE_WITH_KNOTS((1,2
    ,2,2,2,1),(-2.094395102393,0.,2.094395102393,4.188790204786,
6.28318530718,8.377580409573),.UNSPECIFIED.) CURVE() 
GEOMETRIC_REPRESENTATION_ITEM() RATIONAL_B_SPLINE_CURVE((1.,0.5,1.,0.5,
1.,0.5,1.)) REPRESENTATION_ITEM('') );
#9074 = CARTESIAN_POINT('',(-9.706942051619,21.755371528835));
#9075 = CARTESIAN_POINT('',(-9.452286051024,24.340937293104));
#9076 = CARTESIAN_POINT('',(-7.340448416309,22.827615845228));
#9077 = CARTESIAN_POINT('',(-5.228610781594,21.314294397352));
#9078 = CARTESIAN_POINT('',(-7.595104416904,20.242050080959));
#9079 = CARTESIAN_POINT('',(-9.961598052214,19.169805764566));
#9080 = CARTESIAN_POINT('',(-9.706942051619,21.755371528835));
#9081 = ( GEOMETRIC_REPRESENTATION_CONTEXT(2) 
PARAMETRIC_REPRESENTATION_CONTEXT() REPRESENTATION_CONTEXT('2D SPACE',''
  ) );
#9082 = ORIENTED_EDGE('',*,*,#7048,.F.);
#9083 = ADVANCED_FACE('',(#9084),#1169,.T.);
#9084 = FACE_BOUND('',#9085,.F.);
#9085 = EDGE_LOOP('',(#9086,#9087,#9088,#9109));
#9086 = ORIENTED_EDGE('',*,*,#9008,.T.);
#9087 = ORIENTED_EDGE('',*,*,#6114,.T.);
#9088 = ORIENTED_EDGE('',*,*,#9089,.F.);
#9089 = EDGE_CURVE('',#1153,#6115,#9090,.T.);
#9090 = SURFACE_CURVE('',#9091,(#9095,#9102),.PCURVE_S1.);
#9091 = LINE('',#9092,#9093);
#9092 = CARTESIAN_POINT('',(255.53293010634,-42.08124999999,12.1));
#9093 = VECTOR('',#9094,1.);
#9094 = DIRECTION('',(0.,0.,1.));
#9095 = PCURVE('',#1169,#9096);
#9096 = DEFINITIONAL_REPRESENTATION('',(#9097),#9101);
#9097 = LINE('',#9098,#9099);
#9098 = CARTESIAN_POINT('',(-1.343951964859,0.));
#9099 = VECTOR('',#9100,1.);
#9100 = DIRECTION('',(-0.,-1.));
#9101 = ( GEOMETRIC_REPRESENTATION_CONTEXT(2) 
PARAMETRIC_REPRESENTATION_CONTEXT() REPRESENTATION_CONTEXT('2D SPACE',''
  ) );
#9102 = PCURVE('',#1197,#9103);
#9103 = DEFINITIONAL_REPRESENTATION('',(#9104),#9108);
#9104 = LINE('',#9105,#9106);
#9105 = CARTESIAN_POINT('',(0.,0.));
#9106 = VECTOR('',#9107,1.);
#9107 = DIRECTION('',(0.,-1.));
#9108 = ( GEOMETRIC_REPRESENTATION_CONTEXT(2) 
PARAMETRIC_REPRESENTATION_CONTEXT() REPRESENTATION_CONTEXT('2D SPACE',''
  ) );
#9109 = ORIENTED_EDGE('',*,*,#1152,.F.);
#9110 = ADVANCED_FACE('',(#9111),#3379,.F.);
#9111 = FACE_BOUND('',#9112,.F.);
#9112 = EDGE_LOOP('',(#9113,#9114,#9137,#9156));
#9113 = ORIENTED_EDGE('',*,*,#3363,.F.);
#9114 = ORIENTED_EDGE('',*,*,#9115,.T.);
#9115 = EDGE_CURVE('',#3335,#9116,#9118,.T.);
#9116 = VERTEX_POINT('',#9117);
#9117 = CARTESIAN_POINT('',(153.51249999997,-38.46686691423,17.1));
#9118 = SURFACE_CURVE('',#9119,(#9123,#9130),.PCURVE_S1.);
#9119 = LINE('',#9120,#9121);
#9120 = CARTESIAN_POINT('',(153.51249999997,-38.46686691423,12.1));
#9121 = VECTOR('',#9122,1.);
#9122 = DIRECTION('',(0.,0.,1.));
#9123 = PCURVE('',#3379,#9124);
#9124 = DEFINITIONAL_REPRESENTATION('',(#9125),#9129);
#9125 = LINE('',#9126,#9127);
#9126 = CARTESIAN_POINT('',(0.,0.));
#9127 = VECTOR('',#9128,1.);
#9128 = DIRECTION('',(0.,-1.));
#9129 = ( GEOMETRIC_REPRESENTATION_CONTEXT(2) 
PARAMETRIC_REPRESENTATION_CONTEXT() REPRESENTATION_CONTEXT('2D SPACE',''
  ) );
#9130 = PCURVE('',#3351,#9131);
#9131 = DEFINITIONAL_REPRESENTATION('',(#9132),#9136);
#9132 = LINE('',#9133,#9134);
#9133 = CARTESIAN_POINT('',(-1.485043632197,0.));
#9134 = VECTOR('',#9135,1.);
#9135 = DIRECTION('',(-0.,-1.));
#9136 = ( GEOMETRIC_REPRESENTATION_CONTEXT(2) 
PARAMETRIC_REPRESENTATION_CONTEXT() REPRESENTATION_CONTEXT('2D SPACE',''
  ) );
#9137 = ORIENTED_EDGE('',*,*,#9138,.T.);
#9138 = EDGE_CURVE('',#9116,#9035,#9139,.T.);
#9139 = SURFACE_CURVE('',#9140,(#9144,#9150),.PCURVE_S1.);
#9140 = LINE('',#9141,#9142);
#9141 = CARTESIAN_POINT('',(153.51075467415,-42.01021308116,17.1));
#9142 = VECTOR('',#9143,1.);
#9143 = DIRECTION('',(4.925642408726E-04,0.99999987869,-0.));
#9144 = PCURVE('',#3379,#9145);
#9145 = DEFINITIONAL_REPRESENTATION('',(#9146),#9149);
#9146 = B_SPLINE_CURVE_WITH_KNOTS('',1,(#9147,#9148),.UNSPECIFIED.,.F.,
  .F.,(2,2),(3.543346596776,18.207241000377),.PIECEWISE_BEZIER_KNOTS.);
#9147 = CARTESIAN_POINT('',(0.,-5.));
#9148 = CARTESIAN_POINT('',(14.6638944036,-5.));
#9149 = ( GEOMETRIC_REPRESENTATION_CONTEXT(2) 
PARAMETRIC_REPRESENTATION_CONTEXT() REPRESENTATION_CONTEXT('2D SPACE',''
  ) );
#9150 = PCURVE('',#7086,#9151);
#9151 = DEFINITIONAL_REPRESENTATION('',(#9152),#9155);
#9152 = B_SPLINE_CURVE_WITH_KNOTS('',1,(#9153,#9154),.UNSPECIFIED.,.F.,
  .F.,(2,2),(3.543346596776,18.207241000377),.PIECEWISE_BEZIER_KNOTS.);
#9153 = CARTESIAN_POINT('',(-9.714164961634,7.091478904109));
#9154 = CARTESIAN_POINT('',(-9.706942051619,21.755371528835));
#9155 = ( GEOMETRIC_REPRESENTATION_CONTEXT(2) 
PARAMETRIC_REPRESENTATION_CONTEXT() REPRESENTATION_CONTEXT('2D SPACE',''
  ) );
#9156 = ORIENTED_EDGE('',*,*,#9034,.F.);
#9157 = ADVANCED_FACE('',(#9158),#1197,.F.);
#9158 = FACE_BOUND('',#9159,.F.);
#9159 = EDGE_LOOP('',(#9160,#9161,#9162,#9163,#9184,#9185,#9206,#9232));
#9160 = ORIENTED_EDGE('',*,*,#1181,.F.);
#9161 = ORIENTED_EDGE('',*,*,#9089,.T.);
#9162 = ORIENTED_EDGE('',*,*,#6138,.T.);
#9163 = ORIENTED_EDGE('',*,*,#9164,.F.);
#9164 = EDGE_CURVE('',#1354,#6139,#9165,.T.);
#9165 = SURFACE_CURVE('',#9166,(#9170,#9177),.PCURVE_S1.);
#9166 = LINE('',#9167,#9168);
#9167 = CARTESIAN_POINT('',(287.85819161735,-42.09976427289,12.1));
#9168 = VECTOR('',#9169,1.);
#9169 = DIRECTION('',(0.,0.,1.));
#9170 = PCURVE('',#1197,#9171);
#9171 = DEFINITIONAL_REPRESENTATION('',(#9172),#9176);
#9172 = LINE('',#9173,#9174);
#9173 = CARTESIAN_POINT('',(32.325266813026,0.));
#9174 = VECTOR('',#9175,1.);
#9175 = DIRECTION('',(0.,-1.));
#9176 = ( GEOMETRIC_REPRESENTATION_CONTEXT(2) 
PARAMETRIC_REPRESENTATION_CONTEXT() REPRESENTATION_CONTEXT('2D SPACE',''
  ) );
#9177 = PCURVE('',#1397,#9178);
#9178 = DEFINITIONAL_REPRESENTATION('',(#9179),#9183);
#9179 = LINE('',#9180,#9181);
#9180 = CARTESIAN_POINT('',(0.,0.));
#9181 = VECTOR('',#9182,1.);
#9182 = DIRECTION('',(0.,-1.));
#9183 = ( GEOMETRIC_REPRESENTATION_CONTEXT(2) 
PARAMETRIC_REPRESENTATION_CONTEXT() REPRESENTATION_CONTEXT('2D SPACE',''
  ) );
#9184 = ORIENTED_EDGE('',*,*,#1353,.F.);
#9185 = ORIENTED_EDGE('',*,*,#9186,.T.);
#9186 = EDGE_CURVE('',#1328,#9187,#9189,.T.);
#9187 = VERTEX_POINT('',#9188);
#9188 = CARTESIAN_POINT('',(274.49794105459,-42.09211219791,15.85));
#9189 = SURFACE_CURVE('',#9190,(#9194,#9200),.PCURVE_S1.);
#9190 = LINE('',#9191,#9192);
#9191 = CARTESIAN_POINT('',(274.49794105459,-42.09211219791,11.6));
#9192 = VECTOR('',#9193,1.);
#9193 = DIRECTION('',(0.,0.,1.));
#9194 = PCURVE('',#1197,#9195);
#9195 = DEFINITIONAL_REPRESENTATION('',(#9196),#9199);
#9196 = B_SPLINE_CURVE_WITH_KNOTS('',1,(#9197,#9198),.UNSPECIFIED.,.F.,
  .F.,(2,2),(0.5,4.25),.PIECEWISE_BEZIER_KNOTS.);
#9197 = CARTESIAN_POINT('',(18.965014058911,0.));
#9198 = CARTESIAN_POINT('',(18.965014058911,-3.75));
#9199 = ( GEOMETRIC_REPRESENTATION_CONTEXT(2) 
PARAMETRIC_REPRESENTATION_CONTEXT() REPRESENTATION_CONTEXT('2D SPACE',''
  ) );
#9200 = PCURVE('',#1342,#9201);
#9201 = DEFINITIONAL_REPRESENTATION('',(#9202),#9205);
#9202 = B_SPLINE_CURVE_WITH_KNOTS('',1,(#9203,#9204),.UNSPECIFIED.,.F.,
  .F.,(2,2),(0.5,4.25),.PIECEWISE_BEZIER_KNOTS.);
#9203 = CARTESIAN_POINT('',(0.739140669785,-1.));
#9204 = CARTESIAN_POINT('',(0.739140669785,-4.75));
#9205 = ( GEOMETRIC_REPRESENTATION_CONTEXT(2) 
PARAMETRIC_REPRESENTATION_CONTEXT() REPRESENTATION_CONTEXT('2D SPACE',''
  ) );
#9206 = ORIENTED_EDGE('',*,*,#9207,.F.);
#9207 = EDGE_CURVE('',#9208,#9187,#9210,.T.);
#9208 = VERTEX_POINT('',#9209);
#9209 = CARTESIAN_POINT('',(263.507673135,-42.08581752897,15.85));
#9210 = SURFACE_CURVE('',#9211,(#9215,#9221),.PCURVE_S1.);
#9211 = LINE('',#9212,#9213);
#9212 = CARTESIAN_POINT('',(262.26629973203,-42.08510653315,15.85));
#9213 = VECTOR('',#9214,1.);
#9214 = DIRECTION('',(0.999999835979,-5.727492677011E-04,0.));
#9215 = PCURVE('',#1197,#9216);
#9216 = DEFINITIONAL_REPRESENTATION('',(#9217),#9220);
#9217 = B_SPLINE_CURVE_WITH_KNOTS('',1,(#9218,#9219),.UNSPECIFIED.,.F.,
  .F.,(2,2),(1.233700470317,12.233702274547),.PIECEWISE_BEZIER_KNOTS.);
#9218 = CARTESIAN_POINT('',(7.96707120042,-3.75));
#9219 = CARTESIAN_POINT('',(18.96707300465,-3.75));
#9220 = ( GEOMETRIC_REPRESENTATION_CONTEXT(2) 
PARAMETRIC_REPRESENTATION_CONTEXT() REPRESENTATION_CONTEXT('2D SPACE',''
  ) );
#9221 = PCURVE('',#9222,#9227);
#9222 = PLANE('',#9223);
#9223 = AXIS2_PLACEMENT_3D('',#9224,#9225,#9226);
#9224 = CARTESIAN_POINT('',(269.00024675078,-41.08085534006,15.85));
#9225 = DIRECTION('',(0.,0.,1.));
#9226 = DIRECTION('',(1.,0.,-0.));
#9227 = DEFINITIONAL_REPRESENTATION('',(#9228),#9231);
#9228 = B_SPLINE_CURVE_WITH_KNOTS('',1,(#9229,#9230),.UNSPECIFIED.,.F.,
  .F.,(2,2),(1.233700470317,12.233702274547),.PIECEWISE_BEZIER_KNOTS.);
#9229 = CARTESIAN_POINT('',(-5.500246750781,-1.004957794128));
#9230 = CARTESIAN_POINT('',(5.499753249219,-1.011258037107));
#9231 = ( GEOMETRIC_REPRESENTATION_CONTEXT(2) 
PARAMETRIC_REPRESENTATION_CONTEXT() REPRESENTATION_CONTEXT('2D SPACE',''
  ) );
#9232 = ORIENTED_EDGE('',*,*,#9233,.T.);
#9233 = EDGE_CURVE('',#9208,#1182,#9234,.T.);
#9234 = SURFACE_CURVE('',#9235,(#9239,#9245),.PCURVE_S1.);
#9235 = LINE('',#9236,#9237);
#9236 = CARTESIAN_POINT('',(263.507673135,-42.08581752897,11.6));
#9237 = VECTOR('',#9238,1.);
#9238 = DIRECTION('',(0.,0.,-1.));
#9239 = PCURVE('',#1197,#9240);
#9240 = DEFINITIONAL_REPRESENTATION('',(#9241),#9244);
#9241 = B_SPLINE_CURVE_WITH_KNOTS('',1,(#9242,#9243),.UNSPECIFIED.,.F.,
  .F.,(2,2),(-4.25,-0.5),.PIECEWISE_BEZIER_KNOTS.);
#9242 = CARTESIAN_POINT('',(7.974744336687,-3.75));
#9243 = CARTESIAN_POINT('',(7.974744336687,0.));
#9244 = ( GEOMETRIC_REPRESENTATION_CONTEXT(2) 
PARAMETRIC_REPRESENTATION_CONTEXT() REPRESENTATION_CONTEXT('2D SPACE',''
  ) );
#9245 = PCURVE('',#1224,#9246);
#9246 = DEFINITIONAL_REPRESENTATION('',(#9247),#9250);
#9247 = B_SPLINE_CURVE_WITH_KNOTS('',1,(#9248,#9249),.UNSPECIFIED.,.F.,
  .F.,(2,2),(-4.25,-0.5),.PIECEWISE_BEZIER_KNOTS.);
#9248 = CARTESIAN_POINT('',(2.754578216116,-4.75));
#9249 = CARTESIAN_POINT('',(2.754578216116,-1.));
#9250 = ( GEOMETRIC_REPRESENTATION_CONTEXT(2) 
PARAMETRIC_REPRESENTATION_CONTEXT() REPRESENTATION_CONTEXT('2D SPACE',''
  ) );
#9251 = ADVANCED_FACE('',(#9252),#3351,.T.);
#9252 = FACE_BOUND('',#9253,.F.);
#9253 = EDGE_LOOP('',(#9254,#9255,#9278,#9311,#9337,#9363));
#9254 = ORIENTED_EDGE('',*,*,#3334,.F.);
#9255 = ORIENTED_EDGE('',*,*,#9256,.T.);
#9256 = EDGE_CURVE('',#3307,#9257,#9259,.T.);
#9257 = VERTEX_POINT('',#9258);
#9258 = CARTESIAN_POINT('',(149.65326447854,-42.72989847481,12.9));
#9259 = SURFACE_CURVE('',#9260,(#9264,#9271),.PCURVE_S1.);
#9260 = LINE('',#9261,#9262);
#9261 = CARTESIAN_POINT('',(149.65326447854,-42.72989847481,12.1));
#9262 = VECTOR('',#9263,1.);
#9263 = DIRECTION('',(0.,0.,1.));
#9264 = PCURVE('',#3351,#9265);
#9265 = DEFINITIONAL_REPRESENTATION('',(#9266),#9270);
#9266 = LINE('',#9267,#9268);
#9267 = CARTESIAN_POINT('',(-0.,0.));
#9268 = VECTOR('',#9269,1.);
#9269 = DIRECTION('',(-0.,-1.));
#9270 = ( GEOMETRIC_REPRESENTATION_CONTEXT(2) 
PARAMETRIC_REPRESENTATION_CONTEXT() REPRESENTATION_CONTEXT('2D SPACE',''
  ) );
#9271 = PCURVE('',#3322,#9272);
#9272 = DEFINITIONAL_REPRESENTATION('',(#9273),#9277);
#9273 = LINE('',#9274,#9275);
#9274 = CARTESIAN_POINT('',(14.871756093606,0.));
#9275 = VECTOR('',#9276,1.);
#9276 = DIRECTION('',(0.,-1.));
#9277 = ( GEOMETRIC_REPRESENTATION_CONTEXT(2) 
PARAMETRIC_REPRESENTATION_CONTEXT() REPRESENTATION_CONTEXT('2D SPACE',''
  ) );
#9278 = ORIENTED_EDGE('',*,*,#9279,.F.);
#9279 = EDGE_CURVE('',#9280,#9257,#9282,.T.);
#9280 = VERTEX_POINT('',#9281);
#9281 = CARTESIAN_POINT('',(152.36635226357,-41.4,12.9));
#9282 = SURFACE_CURVE('',#9283,(#9288,#9295),.PCURVE_S1.);
#9283 = CIRCLE('',#9284,4.252325519367);
#9284 = AXIS2_PLACEMENT_3D('',#9285,#9286,#9287);
#9285 = CARTESIAN_POINT('',(149.26027272033,-38.49577166983,12.9));
#9286 = DIRECTION('',(0.,-0.,-1.));
#9287 = DIRECTION('',(9.24180795726E-02,-0.995720291331,0.));
#9288 = PCURVE('',#3351,#9289);
#9289 = DEFINITIONAL_REPRESENTATION('',(#9290),#9294);
#9290 = LINE('',#9291,#9292);
#9291 = CARTESIAN_POINT('',(-6.28318530718,-0.8));
#9292 = VECTOR('',#9293,1.);
#9293 = DIRECTION('',(1.,-0.));
#9294 = ( GEOMETRIC_REPRESENTATION_CONTEXT(2) 
PARAMETRIC_REPRESENTATION_CONTEXT() REPRESENTATION_CONTEXT('2D SPACE',''
  ) );
#9295 = PCURVE('',#9296,#9301);
#9296 = PLANE('',#9297);
#9297 = AXIS2_PLACEMENT_3D('',#9298,#9299,#9300);
#9298 = CARTESIAN_POINT('',(133.86189312679,-66.19910867746,12.9));
#9299 = DIRECTION('',(0.,0.,1.));
#9300 = DIRECTION('',(1.,0.,-0.));
#9301 = DEFINITIONAL_REPRESENTATION('',(#9302),#9310);
#9302 = ( BOUNDED_CURVE() B_SPLINE_CURVE(2,(#9303,#9304,#9305,#9306,
#9307,#9308,#9309),.UNSPECIFIED.,.T.,.F.) B_SPLINE_CURVE_WITH_KNOTS((1,2
    ,2,2,2,1),(-2.094395102393,0.,2.094395102393,4.188790204786,
6.28318530718,8.377580409573),.UNSPECIFIED.) CURVE() 
GEOMETRIC_REPRESENTATION_ITEM() RATIONAL_B_SPLINE_CURVE((1.,0.5,1.,0.5,
1.,0.5,1.)) REPRESENTATION_ITEM('') );
#9303 = CARTESIAN_POINT('',(15.79137135175,23.469210202647));
#9304 = CARTESIAN_POINT('',(8.457648599838,22.788528510458));
#9305 = CARTESIAN_POINT('',(11.535022338468,29.48005956402));
#9306 = CARTESIAN_POINT('',(14.612396077097,36.171590617582));
#9307 = CARTESIAN_POINT('',(18.868745090379,30.160741256208));
#9308 = CARTESIAN_POINT('',(23.125094103661,24.149891894835));
#9309 = CARTESIAN_POINT('',(15.79137135175,23.469210202647));
#9310 = ( GEOMETRIC_REPRESENTATION_CONTEXT(2) 
PARAMETRIC_REPRESENTATION_CONTEXT() REPRESENTATION_CONTEXT('2D SPACE',''
  ) );
#9311 = ORIENTED_EDGE('',*,*,#9312,.F.);
#9312 = EDGE_CURVE('',#9313,#9280,#9315,.T.);
#9313 = VERTEX_POINT('',#9314);
#9314 = CARTESIAN_POINT('',(152.36635226357,-41.4,17.1));
#9315 = SURFACE_CURVE('',#9316,(#9320,#9326),.PCURVE_S1.);
#9316 = LINE('',#9317,#9318);
#9317 = CARTESIAN_POINT('',(152.36635226357,-41.4,12.1));
#9318 = VECTOR('',#9319,1.);
#9319 = DIRECTION('',(-0.,-0.,-1.));
#9320 = PCURVE('',#3351,#9321);
#9321 = DEFINITIONAL_REPRESENTATION('',(#9322),#9325);
#9322 = B_SPLINE_CURVE_WITH_KNOTS('',1,(#9323,#9324),.UNSPECIFIED.,.F.,
  .F.,(2,2),(-5.0000006,-0.329),.PIECEWISE_BEZIER_KNOTS.);
#9323 = CARTESIAN_POINT('',(-0.726419570889,-5.0000006));
#9324 = CARTESIAN_POINT('',(-0.726419570889,-0.329));
#9325 = ( GEOMETRIC_REPRESENTATION_CONTEXT(2) 
PARAMETRIC_REPRESENTATION_CONTEXT() REPRESENTATION_CONTEXT('2D SPACE',''
  ) );
#9326 = PCURVE('',#9327,#9332);
#9327 = PLANE('',#9328);
#9328 = AXIS2_PLACEMENT_3D('',#9329,#9330,#9331);
#9329 = CARTESIAN_POINT('',(162.56,-41.4,12.9));
#9330 = DIRECTION('',(0.,-1.,0.));
#9331 = DIRECTION('',(-1.,0.,0.));
#9332 = DEFINITIONAL_REPRESENTATION('',(#9333),#9336);
#9333 = B_SPLINE_CURVE_WITH_KNOTS('',1,(#9334,#9335),.UNSPECIFIED.,.F.,
  .F.,(2,2),(-5.0000006,-0.329),.PIECEWISE_BEZIER_KNOTS.);
#9334 = CARTESIAN_POINT('',(10.193647736429,-4.2000006));
#9335 = CARTESIAN_POINT('',(10.193647736429,0.471));
#9336 = ( GEOMETRIC_REPRESENTATION_CONTEXT(2) 
PARAMETRIC_REPRESENTATION_CONTEXT() REPRESENTATION_CONTEXT('2D SPACE',''
  ) );
#9337 = ORIENTED_EDGE('',*,*,#9338,.F.);
#9338 = EDGE_CURVE('',#9116,#9313,#9339,.T.);
#9339 = SURFACE_CURVE('',#9340,(#9345,#9352),.PCURVE_S1.);
#9340 = CIRCLE('',#9341,4.252325519367);
#9341 = AXIS2_PLACEMENT_3D('',#9342,#9343,#9344);
#9342 = CARTESIAN_POINT('',(149.26027272033,-38.49577166983,17.1));
#9343 = DIRECTION('',(0.,-0.,-1.));
#9344 = DIRECTION('',(9.24180795726E-02,-0.995720291331,0.));
#9345 = PCURVE('',#3351,#9346);
#9346 = DEFINITIONAL_REPRESENTATION('',(#9347),#9351);
#9347 = LINE('',#9348,#9349);
#9348 = CARTESIAN_POINT('',(-6.28318530718,-5.));
#9349 = VECTOR('',#9350,1.);
#9350 = DIRECTION('',(1.,-0.));
#9351 = ( GEOMETRIC_REPRESENTATION_CONTEXT(2) 
PARAMETRIC_REPRESENTATION_CONTEXT() REPRESENTATION_CONTEXT('2D SPACE',''
  ) );
#9352 = PCURVE('',#7086,#9353);
#9353 = DEFINITIONAL_REPRESENTATION('',(#9354),#9362);
#9354 = ( BOUNDED_CURVE() B_SPLINE_CURVE(2,(#9355,#9356,#9357,#9358,
#9359,#9360,#9361),.UNSPECIFIED.,.T.,.F.) B_SPLINE_CURVE_WITH_KNOTS((1,2
    ,2,2,2,1),(-2.094395102393,0.,2.094395102393,4.188790204786,
6.28318530718,8.377580409573),.UNSPECIFIED.) CURVE() 
GEOMETRIC_REPRESENTATION_ITEM() RATIONAL_B_SPLINE_CURVE((1.,0.5,1.,0.5,
1.,0.5,1.)) REPRESENTATION_ITEM('') );
#9355 = CARTESIAN_POINT('',(-13.57340048306,2.828447343526));
#9356 = CARTESIAN_POINT('',(-20.90712323497,2.147765651338));
#9357 = CARTESIAN_POINT('',(-17.82974949634,8.8392967049));
#9358 = CARTESIAN_POINT('',(-14.75237575771,15.530827758461));
#9359 = CARTESIAN_POINT('',(-10.49602674443,9.519978397088));
#9360 = CARTESIAN_POINT('',(-6.239677731151,3.509129035715));
#9361 = CARTESIAN_POINT('',(-13.57340048306,2.828447343526));
#9362 = ( GEOMETRIC_REPRESENTATION_CONTEXT(2) 
PARAMETRIC_REPRESENTATION_CONTEXT() REPRESENTATION_CONTEXT('2D SPACE',''
  ) );
#9363 = ORIENTED_EDGE('',*,*,#9115,.F.);
#9364 = ADVANCED_FACE('',(#9365),#1224,.T.);
#9365 = FACE_BOUND('',#9366,.T.);
#9366 = EDGE_LOOP('',(#9367,#9368,#9391,#9412));
#9367 = ORIENTED_EDGE('',*,*,#1209,.T.);
#9368 = ORIENTED_EDGE('',*,*,#9369,.T.);
#9369 = EDGE_CURVE('',#1210,#9370,#9372,.T.);
#9370 = VERTEX_POINT('',#9371);
#9371 = CARTESIAN_POINT('',(263.5,-39.33125,15.85));
#9372 = SURFACE_CURVE('',#9373,(#9377,#9384),.PCURVE_S1.);
#9373 = LINE('',#9374,#9375);
#9374 = CARTESIAN_POINT('',(263.5,-39.33125,11.1));
#9375 = VECTOR('',#9376,1.);
#9376 = DIRECTION('',(0.,0.,1.));
#9377 = PCURVE('',#1224,#9378);
#9378 = DEFINITIONAL_REPRESENTATION('',(#9379),#9383);
#9379 = LINE('',#9380,#9381);
#9380 = CARTESIAN_POINT('',(0.,0.));
#9381 = VECTOR('',#9382,1.);
#9382 = DIRECTION('',(0.,-1.));
#9383 = ( GEOMETRIC_REPRESENTATION_CONTEXT(2) 
PARAMETRIC_REPRESENTATION_CONTEXT() REPRESENTATION_CONTEXT('2D SPACE',''
  ) );
#9384 = PCURVE('',#1256,#9385);
#9385 = DEFINITIONAL_REPRESENTATION('',(#9386),#9390);
#9386 = LINE('',#9387,#9388);
#9387 = CARTESIAN_POINT('',(-1.488320898493,0.));
#9388 = VECTOR('',#9389,1.);
#9389 = DIRECTION('',(-0.,-1.));
#9390 = ( GEOMETRIC_REPRESENTATION_CONTEXT(2) 
PARAMETRIC_REPRESENTATION_CONTEXT() REPRESENTATION_CONTEXT('2D SPACE',''
  ) );
#9391 = ORIENTED_EDGE('',*,*,#9392,.T.);
#9392 = EDGE_CURVE('',#9370,#9208,#9393,.T.);
#9393 = SURFACE_CURVE('',#9394,(#9398,#9405),.PCURVE_S1.);
#9394 = LINE('',#9395,#9396);
#9395 = CARTESIAN_POINT('',(263.5,-39.33125,15.85));
#9396 = VECTOR('',#9397,1.);
#9397 = DIRECTION('',(2.785593440065E-03,-0.999996120227,0.));
#9398 = PCURVE('',#1224,#9399);
#9399 = DEFINITIONAL_REPRESENTATION('',(#9400),#9404);
#9400 = LINE('',#9401,#9402);
#9401 = CARTESIAN_POINT('',(0.,-4.75));
#9402 = VECTOR('',#9403,1.);
#9403 = DIRECTION('',(1.,0.));
#9404 = ( GEOMETRIC_REPRESENTATION_CONTEXT(2) 
PARAMETRIC_REPRESENTATION_CONTEXT() REPRESENTATION_CONTEXT('2D SPACE',''
  ) );
#9405 = PCURVE('',#9222,#9406);
#9406 = DEFINITIONAL_REPRESENTATION('',(#9407),#9411);
#9407 = LINE('',#9408,#9409);
#9408 = CARTESIAN_POINT('',(-5.500246750781,1.749605340066));
#9409 = VECTOR('',#9410,1.);
#9410 = DIRECTION('',(2.785593440065E-03,-0.999996120227));
#9411 = ( GEOMETRIC_REPRESENTATION_CONTEXT(2) 
PARAMETRIC_REPRESENTATION_CONTEXT() REPRESENTATION_CONTEXT('2D SPACE',''
  ) );
#9412 = ORIENTED_EDGE('',*,*,#9233,.T.);
#9413 = ADVANCED_FACE('',(#9414),#3322,.F.);
#9414 = FACE_BOUND('',#9415,.F.);
#9415 = EDGE_LOOP('',(#9416,#9417,#9440,#9459));
#9416 = ORIENTED_EDGE('',*,*,#3306,.F.);
#9417 = ORIENTED_EDGE('',*,*,#9418,.T.);
#9418 = EDGE_CURVE('',#3274,#9419,#9421,.T.);
#9419 = VERTEX_POINT('',#9420);
#9420 = CARTESIAN_POINT('',(134.78152197014,-42.75,12.9));
#9421 = SURFACE_CURVE('',#9422,(#9426,#9433),.PCURVE_S1.);
#9422 = LINE('',#9423,#9424);
#9423 = CARTESIAN_POINT('',(134.78152197014,-42.75,12.1));
#9424 = VECTOR('',#9425,1.);
#9425 = DIRECTION('',(0.,0.,1.));
#9426 = PCURVE('',#3322,#9427);
#9427 = DEFINITIONAL_REPRESENTATION('',(#9428),#9432);
#9428 = LINE('',#9429,#9430);
#9429 = CARTESIAN_POINT('',(0.,0.));
#9430 = VECTOR('',#9431,1.);
#9431 = DIRECTION('',(0.,-1.));
#9432 = ( GEOMETRIC_REPRESENTATION_CONTEXT(2) 
PARAMETRIC_REPRESENTATION_CONTEXT() REPRESENTATION_CONTEXT('2D SPACE',''
  ) );
#9433 = PCURVE('',#3294,#9434);
#9434 = DEFINITIONAL_REPRESENTATION('',(#9435),#9439);
#9435 = LINE('',#9436,#9437);
#9436 = CARTESIAN_POINT('',(1.438836340729,0.));
#9437 = VECTOR('',#9438,1.);
#9438 = DIRECTION('',(0.,-1.));
#9439 = ( GEOMETRIC_REPRESENTATION_CONTEXT(2) 
PARAMETRIC_REPRESENTATION_CONTEXT() REPRESENTATION_CONTEXT('2D SPACE',''
  ) );
#9440 = ORIENTED_EDGE('',*,*,#9441,.T.);
#9441 = EDGE_CURVE('',#9419,#9257,#9442,.T.);
#9442 = SURFACE_CURVE('',#9443,(#9447,#9453),.PCURVE_S1.);
#9443 = LINE('',#9444,#9445);
#9444 = CARTESIAN_POINT('',(134.30586081764,-42.75064293169,12.9));
#9445 = VECTOR('',#9446,1.);
#9446 = DIRECTION('',(0.99999908651,1.351657804172E-03,-0.));
#9447 = PCURVE('',#3322,#9448);
#9448 = DEFINITIONAL_REPRESENTATION('',(#9449),#9452);
#9449 = B_SPLINE_CURVE_WITH_KNOTS('',1,(#9450,#9451),.UNSPECIFIED.,.F.,
  .F.,(2,2),(0.475661587008,15.347417680613),.PIECEWISE_BEZIER_KNOTS.);
#9450 = CARTESIAN_POINT('',(0.,-0.8));
#9451 = CARTESIAN_POINT('',(14.871756093606,-0.8));
#9452 = ( GEOMETRIC_REPRESENTATION_CONTEXT(2) 
PARAMETRIC_REPRESENTATION_CONTEXT() REPRESENTATION_CONTEXT('2D SPACE',''
  ) );
#9453 = PCURVE('',#9296,#9454);
#9454 = DEFINITIONAL_REPRESENTATION('',(#9455),#9458);
#9455 = B_SPLINE_CURVE_WITH_KNOTS('',1,(#9456,#9457),.UNSPECIFIED.,.F.,
  .F.,(2,2),(0.475661587008,15.347417680613),.PIECEWISE_BEZIER_KNOTS.);
#9456 = CARTESIAN_POINT('',(0.919628843342,23.449108677461));
#9457 = CARTESIAN_POINT('',(15.79137135175,23.469210202647));
#9458 = ( GEOMETRIC_REPRESENTATION_CONTEXT(2) 
PARAMETRIC_REPRESENTATION_CONTEXT() REPRESENTATION_CONTEXT('2D SPACE',''
  ) );
#9459 = ORIENTED_EDGE('',*,*,#9256,.F.);
#9460 = ADVANCED_FACE('',(#9461),#1256,.F.);
#9461 = FACE_BOUND('',#9462,.T.);
#9462 = EDGE_LOOP('',(#9463,#9464,#9487,#9509));
#9463 = ORIENTED_EDGE('',*,*,#1235,.T.);
#9464 = ORIENTED_EDGE('',*,*,#9465,.T.);
#9465 = EDGE_CURVE('',#1236,#9466,#9468,.T.);
#9466 = VERTEX_POINT('',#9467);
#9467 = CARTESIAN_POINT('',(264.8774490225,-37.83666754522,15.85));
#9468 = SURFACE_CURVE('',#9469,(#9473,#9480),.PCURVE_S1.);
#9469 = LINE('',#9470,#9471);
#9470 = CARTESIAN_POINT('',(264.8774490225,-37.83666754522,11.1));
#9471 = VECTOR('',#9472,1.);
#9472 = DIRECTION('',(0.,0.,1.));
#9473 = PCURVE('',#1256,#9474);
#9474 = DEFINITIONAL_REPRESENTATION('',(#9475),#9479);
#9475 = LINE('',#9476,#9477);
#9476 = CARTESIAN_POINT('',(-0.,0.));
#9477 = VECTOR('',#9478,1.);
#9478 = DIRECTION('',(-0.,-1.));
#9479 = ( GEOMETRIC_REPRESENTATION_CONTEXT(2) 
PARAMETRIC_REPRESENTATION_CONTEXT() REPRESENTATION_CONTEXT('2D SPACE',''
  ) );
#9480 = PCURVE('',#1283,#9481);
#9481 = DEFINITIONAL_REPRESENTATION('',(#9482),#9486);
#9482 = LINE('',#9483,#9484);
#9483 = CARTESIAN_POINT('',(8.122552784179,0.));
#9484 = VECTOR('',#9485,1.);
#9485 = DIRECTION('',(0.,-1.));
#9486 = ( GEOMETRIC_REPRESENTATION_CONTEXT(2) 
PARAMETRIC_REPRESENTATION_CONTEXT() REPRESENTATION_CONTEXT('2D SPACE',''
  ) );
#9487 = ORIENTED_EDGE('',*,*,#9488,.T.);
#9488 = EDGE_CURVE('',#9466,#9370,#9489,.T.);
#9489 = SURFACE_CURVE('',#9490,(#9495,#9502),.PCURVE_S1.);
#9490 = CIRCLE('',#9491,1.500338035332);
#9491 = AXIS2_PLACEMENT_3D('',#9492,#9493,#9494);
#9492 = CARTESIAN_POINT('',(265.00033786526,-39.33196435609,15.85));
#9493 = DIRECTION('',(0.,0.,1.));
#9494 = DIRECTION('',(-8.190743676982E-02,0.996639940902,0.));
#9495 = PCURVE('',#1256,#9496);
#9496 = DEFINITIONAL_REPRESENTATION('',(#9497),#9501);
#9497 = LINE('',#9498,#9499);
#9498 = CARTESIAN_POINT('',(-0.,-4.75));
#9499 = VECTOR('',#9500,1.);
#9500 = DIRECTION('',(-1.,0.));
#9501 = ( GEOMETRIC_REPRESENTATION_CONTEXT(2) 
PARAMETRIC_REPRESENTATION_CONTEXT() REPRESENTATION_CONTEXT('2D SPACE',''
  ) );
#9502 = PCURVE('',#9222,#9503);
#9503 = DEFINITIONAL_REPRESENTATION('',(#9504),#9508);
#9504 = CIRCLE('',#9505,1.500338035332);
#9505 = AXIS2_PLACEMENT_2D('',#9506,#9507);
#9506 = CARTESIAN_POINT('',(-3.999908885512,1.748890983974));
#9507 = DIRECTION('',(-8.190743676982E-02,0.996639940902));
#9508 = ( GEOMETRIC_REPRESENTATION_CONTEXT(2) 
PARAMETRIC_REPRESENTATION_CONTEXT() REPRESENTATION_CONTEXT('2D SPACE',''
  ) );
#9509 = ORIENTED_EDGE('',*,*,#9369,.F.);
#9510 = ADVANCED_FACE('',(#9511),#3294,.F.);
#9511 = FACE_BOUND('',#9512,.F.);
#9512 = EDGE_LOOP('',(#9513,#9514,#9537,#9563));
#9513 = ORIENTED_EDGE('',*,*,#3273,.F.);
#9514 = ORIENTED_EDGE('',*,*,#9515,.T.);
#9515 = EDGE_CURVE('',#3246,#9516,#9518,.T.);
#9516 = VERTEX_POINT('',#9517);
#9517 = CARTESIAN_POINT('',(133.03101427289,-44.25430838264,12.9));
#9518 = SURFACE_CURVE('',#9519,(#9523,#9530),.PCURVE_S1.);
#9519 = LINE('',#9520,#9521);
#9520 = CARTESIAN_POINT('',(133.03101427289,-44.25430838264,12.1));
#9521 = VECTOR('',#9522,1.);
#9522 = DIRECTION('',(0.,0.,1.));
#9523 = PCURVE('',#3294,#9524);
#9524 = DEFINITIONAL_REPRESENTATION('',(#9525),#9529);
#9525 = LINE('',#9526,#9527);
#9526 = CARTESIAN_POINT('',(0.,0.));
#9527 = VECTOR('',#9528,1.);
#9528 = DIRECTION('',(0.,-1.));
#9529 = ( GEOMETRIC_REPRESENTATION_CONTEXT(2) 
PARAMETRIC_REPRESENTATION_CONTEXT() REPRESENTATION_CONTEXT('2D SPACE',''
  ) );
#9530 = PCURVE('',#3261,#9531);
#9531 = DEFINITIONAL_REPRESENTATION('',(#9532),#9536);
#9532 = LINE('',#9533,#9534);
#9533 = CARTESIAN_POINT('',(6.726695128186,0.));
#9534 = VECTOR('',#9535,1.);
#9535 = DIRECTION('',(0.,-1.));
#9536 = ( GEOMETRIC_REPRESENTATION_CONTEXT(2) 
PARAMETRIC_REPRESENTATION_CONTEXT() REPRESENTATION_CONTEXT('2D SPACE',''
  ) );
#9537 = ORIENTED_EDGE('',*,*,#9538,.T.);
#9538 = EDGE_CURVE('',#9516,#9419,#9539,.T.);
#9539 = SURFACE_CURVE('',#9540,(#9545,#9552),.PCURVE_S1.);
#9540 = CIRCLE('',#9541,1.751337237119);
#9541 = AXIS2_PLACEMENT_3D('',#9542,#9543,#9544);
#9542 = CARTESIAN_POINT('',(134.76485337956,-44.50125791253,12.9));
#9543 = DIRECTION('',(0.,0.,-1.));
#9544 = DIRECTION('',(-0.990008703018,0.141006269181,0.));
#9545 = PCURVE('',#3294,#9546);
#9546 = DEFINITIONAL_REPRESENTATION('',(#9547),#9551);
#9547 = LINE('',#9548,#9549);
#9548 = CARTESIAN_POINT('',(0.,-0.8));
#9549 = VECTOR('',#9550,1.);
#9550 = DIRECTION('',(1.,0.));
#9551 = ( GEOMETRIC_REPRESENTATION_CONTEXT(2) 
PARAMETRIC_REPRESENTATION_CONTEXT() REPRESENTATION_CONTEXT('2D SPACE',''
  ) );
#9552 = PCURVE('',#9296,#9553);
#9553 = DEFINITIONAL_REPRESENTATION('',(#9554),#9562);
#9554 = ( BOUNDED_CURVE() B_SPLINE_CURVE(2,(#9555,#9556,#9557,#9558,
#9559,#9560,#9561),.UNSPECIFIED.,.T.,.F.) B_SPLINE_CURVE_WITH_KNOTS((1,2
    ,2,2,2,1),(-2.094395102393,0.,2.094395102393,4.188790204786,
6.28318530718,8.377580409573),.UNSPECIFIED.) CURVE() 
GEOMETRIC_REPRESENTATION_ITEM() RATIONAL_B_SPLINE_CURVE((1.,0.5,1.,0.5,
1.,0.5,1.)) REPRESENTATION_ITEM('') );
#9555 = CARTESIAN_POINT('',(-0.830878853905,21.944800294812));
#9556 = CARTESIAN_POINT('',(-0.403149721241,24.947897719711));
#9557 = CARTESIAN_POINT('',(1.983744372429,23.075924712436));
#9558 = CARTESIAN_POINT('',(4.370638466099,21.203951705161));
#9559 = CARTESIAN_POINT('',(1.556015239765,20.072827287537));
#9560 = CARTESIAN_POINT('',(-1.258607986569,18.941702869913));
#9561 = CARTESIAN_POINT('',(-0.830878853905,21.944800294812));
#9562 = ( GEOMETRIC_REPRESENTATION_CONTEXT(2) 
PARAMETRIC_REPRESENTATION_CONTEXT() REPRESENTATION_CONTEXT('2D SPACE',''
  ) );
#9563 = ORIENTED_EDGE('',*,*,#9418,.F.);
#9564 = ADVANCED_FACE('',(#9565),#1283,.T.);
#9565 = FACE_BOUND('',#9566,.T.);
#9566 = EDGE_LOOP('',(#9567,#9568,#9591,#9612));
#9567 = ORIENTED_EDGE('',*,*,#1268,.T.);
#9568 = ORIENTED_EDGE('',*,*,#9569,.T.);
#9569 = EDGE_CURVE('',#1269,#9570,#9572,.T.);
#9570 = VERTEX_POINT('',#9571);
#9571 = CARTESIAN_POINT('',(273.,-37.83125,15.85));
#9572 = SURFACE_CURVE('',#9573,(#9577,#9584),.PCURVE_S1.);
#9573 = LINE('',#9574,#9575);
#9574 = CARTESIAN_POINT('',(273.,-37.83125,11.1));
#9575 = VECTOR('',#9576,1.);
#9576 = DIRECTION('',(0.,0.,1.));
#9577 = PCURVE('',#1283,#9578);
#9578 = DEFINITIONAL_REPRESENTATION('',(#9579),#9583);
#9579 = LINE('',#9580,#9581);
#9580 = CARTESIAN_POINT('',(0.,0.));
#9581 = VECTOR('',#9582,1.);
#9582 = DIRECTION('',(0.,-1.));
#9583 = ( GEOMETRIC_REPRESENTATION_CONTEXT(2) 
PARAMETRIC_REPRESENTATION_CONTEXT() REPRESENTATION_CONTEXT('2D SPACE',''
  ) );
#9584 = PCURVE('',#1315,#9585);
#9585 = DEFINITIONAL_REPRESENTATION('',(#9586),#9590);
#9586 = LINE('',#9587,#9588);
#9587 = CARTESIAN_POINT('',(-1.455531117313,0.));
#9588 = VECTOR('',#9589,1.);
#9589 = DIRECTION('',(-0.,-1.));
#9590 = ( GEOMETRIC_REPRESENTATION_CONTEXT(2) 
PARAMETRIC_REPRESENTATION_CONTEXT() REPRESENTATION_CONTEXT('2D SPACE',''
  ) );
#9591 = ORIENTED_EDGE('',*,*,#9592,.T.);
#9592 = EDGE_CURVE('',#9570,#9466,#9593,.T.);
#9593 = SURFACE_CURVE('',#9594,(#9598,#9605),.PCURVE_S1.);
#9594 = LINE('',#9595,#9596);
#9595 = CARTESIAN_POINT('',(273.,-37.83125,15.85));
#9596 = VECTOR('',#9597,1.);
#9597 = DIRECTION('',(-0.999999777572,-6.669756872207E-04,0.));
#9598 = PCURVE('',#1283,#9599);
#9599 = DEFINITIONAL_REPRESENTATION('',(#9600),#9604);
#9600 = LINE('',#9601,#9602);
#9601 = CARTESIAN_POINT('',(0.,-4.75));
#9602 = VECTOR('',#9603,1.);
#9603 = DIRECTION('',(1.,0.));
#9604 = ( GEOMETRIC_REPRESENTATION_CONTEXT(2) 
PARAMETRIC_REPRESENTATION_CONTEXT() REPRESENTATION_CONTEXT('2D SPACE',''
  ) );
#9605 = PCURVE('',#9222,#9606);
#9606 = DEFINITIONAL_REPRESENTATION('',(#9607),#9611);
#9607 = LINE('',#9608,#9609);
#9608 = CARTESIAN_POINT('',(3.999753249219,3.249605340066));
#9609 = VECTOR('',#9610,1.);
#9610 = DIRECTION('',(-0.999999777572,-6.669756872207E-04));
#9611 = ( GEOMETRIC_REPRESENTATION_CONTEXT(2) 
PARAMETRIC_REPRESENTATION_CONTEXT() REPRESENTATION_CONTEXT('2D SPACE',''
  ) );
#9612 = ORIENTED_EDGE('',*,*,#9465,.F.);
#9613 = ADVANCED_FACE('',(#9614),#3261,.F.);
#9614 = FACE_BOUND('',#9615,.F.);
#9615 = EDGE_LOOP('',(#9616,#9617,#9640,#9659));
#9616 = ORIENTED_EDGE('',*,*,#3245,.F.);
#9617 = ORIENTED_EDGE('',*,*,#9618,.T.);
#9618 = EDGE_CURVE('',#3213,#9619,#9621,.T.);
#9619 = VERTEX_POINT('',#9620);
#9620 = CARTESIAN_POINT('',(133.0125,-50.98097803183,12.9));
#9621 = SURFACE_CURVE('',#9622,(#9626,#9633),.PCURVE_S1.);
#9622 = LINE('',#9623,#9624);
#9623 = CARTESIAN_POINT('',(133.0125,-50.98097803183,12.1));
#9624 = VECTOR('',#9625,1.);
#9625 = DIRECTION('',(0.,0.,1.));
#9626 = PCURVE('',#3261,#9627);
#9627 = DEFINITIONAL_REPRESENTATION('',(#9628),#9632);
#9628 = LINE('',#9629,#9630);
#9629 = CARTESIAN_POINT('',(0.,0.));
#9630 = VECTOR('',#9631,1.);
#9631 = DIRECTION('',(0.,-1.));
#9632 = ( GEOMETRIC_REPRESENTATION_CONTEXT(2) 
PARAMETRIC_REPRESENTATION_CONTEXT() REPRESENTATION_CONTEXT('2D SPACE',''
  ) );
#9633 = PCURVE('',#3233,#9634);
#9634 = DEFINITIONAL_REPRESENTATION('',(#9635),#9639);
#9635 = LINE('',#9636,#9637);
#9636 = CARTESIAN_POINT('',(1.438836339629,0.));
#9637 = VECTOR('',#9638,1.);
#9638 = DIRECTION('',(0.,-1.));
#9639 = ( GEOMETRIC_REPRESENTATION_CONTEXT(2) 
PARAMETRIC_REPRESENTATION_CONTEXT() REPRESENTATION_CONTEXT('2D SPACE',''
  ) );
#9640 = ORIENTED_EDGE('',*,*,#9641,.T.);
#9641 = EDGE_CURVE('',#9619,#9516,#9642,.T.);
#9642 = SURFACE_CURVE('',#9643,(#9647,#9653),.PCURVE_S1.);
#9643 = LINE('',#9644,#9645);
#9644 = CARTESIAN_POINT('',(132.99156042508,-58.58881679982,12.9));
#9645 = VECTOR('',#9646,1.);
#9646 = DIRECTION('',(2.752357961928E-03,0.999996212256,-0.));
#9647 = PCURVE('',#3261,#9648);
#9648 = DEFINITIONAL_REPRESENTATION('',(#9649),#9652);
#9649 = B_SPLINE_CURVE_WITH_KNOTS('',1,(#9650,#9651),.UNSPECIFIED.,.F.,
  .F.,(2,2),(7.607867584652,14.334562712838),.PIECEWISE_BEZIER_KNOTS.);
#9650 = CARTESIAN_POINT('',(0.,-0.8));
#9651 = CARTESIAN_POINT('',(6.726695128186,-0.8));
#9652 = ( GEOMETRIC_REPRESENTATION_CONTEXT(2) 
PARAMETRIC_REPRESENTATION_CONTEXT() REPRESENTATION_CONTEXT('2D SPACE',''
  ) );
#9653 = PCURVE('',#9296,#9654);
#9654 = DEFINITIONAL_REPRESENTATION('',(#9655),#9658);
#9655 = B_SPLINE_CURVE_WITH_KNOTS('',1,(#9656,#9657),.UNSPECIFIED.,.F.,
  .F.,(2,2),(7.607867584652,14.334562712838),.PIECEWISE_BEZIER_KNOTS.);
#9656 = CARTESIAN_POINT('',(-0.849393126798,15.218130645627));
#9657 = CARTESIAN_POINT('',(-0.830878853905,21.944800294812));
#9658 = ( GEOMETRIC_REPRESENTATION_CONTEXT(2) 
PARAMETRIC_REPRESENTATION_CONTEXT() REPRESENTATION_CONTEXT('2D SPACE',''
  ) );
#9659 = ORIENTED_EDGE('',*,*,#9515,.F.);
#9660 = ADVANCED_FACE('',(#9661),#1315,.F.);
#9661 = FACE_BOUND('',#9662,.T.);
#9662 = EDGE_LOOP('',(#9663,#9664,#9687,#9709));
#9663 = ORIENTED_EDGE('',*,*,#1294,.T.);
#9664 = ORIENTED_EDGE('',*,*,#9665,.T.);
#9665 = EDGE_CURVE('',#1295,#9666,#9668,.T.);
#9666 = VERTEX_POINT('',#9667);
#9667 = CARTESIAN_POINT('',(274.48977298165,-39.15986762244,15.85));
#9668 = SURFACE_CURVE('',#9669,(#9673,#9680),.PCURVE_S1.);
#9669 = LINE('',#9670,#9671);
#9670 = CARTESIAN_POINT('',(274.48977298165,-39.15986762244,11.1));
#9671 = VECTOR('',#9672,1.);
#9672 = DIRECTION('',(0.,0.,1.));
#9673 = PCURVE('',#1315,#9674);
#9674 = DEFINITIONAL_REPRESENTATION('',(#9675),#9679);
#9675 = LINE('',#9676,#9677);
#9676 = CARTESIAN_POINT('',(-0.,0.));
#9677 = VECTOR('',#9678,1.);
#9678 = DIRECTION('',(-0.,-1.));
#9679 = ( GEOMETRIC_REPRESENTATION_CONTEXT(2) 
PARAMETRIC_REPRESENTATION_CONTEXT() REPRESENTATION_CONTEXT('2D SPACE',''
  ) );
#9680 = PCURVE('',#1342,#9681);
#9681 = DEFINITIONAL_REPRESENTATION('',(#9682),#9686);
#9682 = LINE('',#9683,#9684);
#9683 = CARTESIAN_POINT('',(3.671396621743,0.));
#9684 = VECTOR('',#9685,1.);
#9685 = DIRECTION('',(0.,-1.));
#9686 = ( GEOMETRIC_REPRESENTATION_CONTEXT(2) 
PARAMETRIC_REPRESENTATION_CONTEXT() REPRESENTATION_CONTEXT('2D SPACE',''
  ) );
#9687 = ORIENTED_EDGE('',*,*,#9688,.T.);
#9688 = EDGE_CURVE('',#9666,#9570,#9689,.T.);
#9689 = SURFACE_CURVE('',#9690,(#9695,#9702),.PCURVE_S1.);
#9690 = CIRCLE('',#9691,1.500413123523);
#9691 = AXIS2_PLACEMENT_3D('',#9692,#9693,#9694);
#9692 = CARTESIAN_POINT('',(272.99922747232,-39.33166292464,15.85));
#9693 = DIRECTION('',(0.,0.,1.));
#9694 = DIRECTION('',(0.993423401836,0.11449866674,-0.));
#9695 = PCURVE('',#1315,#9696);
#9696 = DEFINITIONAL_REPRESENTATION('',(#9697),#9701);
#9697 = LINE('',#9698,#9699);
#9698 = CARTESIAN_POINT('',(-0.,-4.75));
#9699 = VECTOR('',#9700,1.);
#9700 = DIRECTION('',(-1.,0.));
#9701 = ( GEOMETRIC_REPRESENTATION_CONTEXT(2) 
PARAMETRIC_REPRESENTATION_CONTEXT() REPRESENTATION_CONTEXT('2D SPACE',''
  ) );
#9702 = PCURVE('',#9222,#9703);
#9703 = DEFINITIONAL_REPRESENTATION('',(#9704),#9708);
#9704 = CIRCLE('',#9705,1.500413123523);
#9705 = AXIS2_PLACEMENT_2D('',#9706,#9707);
#9706 = CARTESIAN_POINT('',(3.998980721544,1.749192415421));
#9707 = DIRECTION('',(0.993423401836,0.11449866674));
#9708 = ( GEOMETRIC_REPRESENTATION_CONTEXT(2) 
PARAMETRIC_REPRESENTATION_CONTEXT() REPRESENTATION_CONTEXT('2D SPACE',''
  ) );
#9709 = ORIENTED_EDGE('',*,*,#9569,.F.);
#9710 = ADVANCED_FACE('',(#9711),#3233,.F.);
#9711 = FACE_BOUND('',#9712,.F.);
#9712 = EDGE_LOOP('',(#9713,#9714,#9737,#9763));
#9713 = ORIENTED_EDGE('',*,*,#3212,.F.);
#9714 = ORIENTED_EDGE('',*,*,#9715,.T.);
#9715 = EDGE_CURVE('',#3185,#9716,#9718,.T.);
#9716 = VERTEX_POINT('',#9717);
#9717 = CARTESIAN_POINT('',(134.51680838264,-52.7314857271,12.9));
#9718 = SURFACE_CURVE('',#9719,(#9723,#9730),.PCURVE_S1.);
#9719 = LINE('',#9720,#9721);
#9720 = CARTESIAN_POINT('',(134.51680838264,-52.7314857271,12.1));
#9721 = VECTOR('',#9722,1.);
#9722 = DIRECTION('',(0.,0.,1.));
#9723 = PCURVE('',#3233,#9724);
#9724 = DEFINITIONAL_REPRESENTATION('',(#9725),#9729);
#9725 = LINE('',#9726,#9727);
#9726 = CARTESIAN_POINT('',(0.,0.));
#9727 = VECTOR('',#9728,1.);
#9728 = DIRECTION('',(0.,-1.));
#9729 = ( GEOMETRIC_REPRESENTATION_CONTEXT(2) 
PARAMETRIC_REPRESENTATION_CONTEXT() REPRESENTATION_CONTEXT('2D SPACE',''
  ) );
#9730 = PCURVE('',#3200,#9731);
#9731 = DEFINITIONAL_REPRESENTATION('',(#9732),#9736);
#9732 = LINE('',#9733,#9734);
#9733 = CARTESIAN_POINT('',(14.71257017801,0.));
#9734 = VECTOR('',#9735,1.);
#9735 = DIRECTION('',(0.,-1.));
#9736 = ( GEOMETRIC_REPRESENTATION_CONTEXT(2) 
PARAMETRIC_REPRESENTATION_CONTEXT() REPRESENTATION_CONTEXT('2D SPACE',''
  ) );
#9737 = ORIENTED_EDGE('',*,*,#9738,.T.);
#9738 = EDGE_CURVE('',#9716,#9619,#9739,.T.);
#9739 = SURFACE_CURVE('',#9740,(#9745,#9752),.PCURVE_S1.);
#9740 = CIRCLE('',#9741,1.751337237082);
#9741 = AXIS2_PLACEMENT_3D('',#9742,#9743,#9744);
#9742 = CARTESIAN_POINT('',(134.76375791251,-50.99764662047,12.9));
#9743 = DIRECTION('',(0.,0.,-1.));
#9744 = DIRECTION('',(-0.141006269174,-0.990008703019,-0.));
#9745 = PCURVE('',#3233,#9746);
#9746 = DEFINITIONAL_REPRESENTATION('',(#9747),#9751);
#9747 = LINE('',#9748,#9749);
#9748 = CARTESIAN_POINT('',(0.,-0.8));
#9749 = VECTOR('',#9750,1.);
#9750 = DIRECTION('',(1.,0.));
#9751 = ( GEOMETRIC_REPRESENTATION_CONTEXT(2) 
PARAMETRIC_REPRESENTATION_CONTEXT() REPRESENTATION_CONTEXT('2D SPACE',''
  ) );
#9752 = PCURVE('',#9296,#9753);
#9753 = DEFINITIONAL_REPRESENTATION('',(#9754),#9762);
#9754 = ( BOUNDED_CURVE() B_SPLINE_CURVE(2,(#9755,#9756,#9757,#9758,
#9759,#9760,#9761),.UNSPECIFIED.,.T.,.F.) B_SPLINE_CURVE_WITH_KNOTS((1,2
    ,2,2,2,1),(-2.094395102393,0.,2.094395102393,4.188790204786,
6.28318530718,8.377580409573),.UNSPECIFIED.) CURVE() 
GEOMETRIC_REPRESENTATION_ITEM() RATIONAL_B_SPLINE_CURVE((1.,0.5,1.,0.5,
1.,0.5,1.)) REPRESENTATION_ITEM('') );
#9755 = CARTESIAN_POINT('',(0.65491525585,13.467622950355));
#9756 = CARTESIAN_POINT('',(-2.348182168989,13.895352082989));
#9757 = CARTESIAN_POINT('',(-0.47620916177,16.282246176621));
#9758 = CARTESIAN_POINT('',(1.395763845449,18.669140270254));
#9759 = CARTESIAN_POINT('',(2.526888263069,15.854517043987));
#9760 = CARTESIAN_POINT('',(3.658012680688,13.039893817721));
#9761 = CARTESIAN_POINT('',(0.65491525585,13.467622950355));
#9762 = ( GEOMETRIC_REPRESENTATION_CONTEXT(2) 
PARAMETRIC_REPRESENTATION_CONTEXT() REPRESENTATION_CONTEXT('2D SPACE',''
  ) );
#9763 = ORIENTED_EDGE('',*,*,#9618,.F.);
#9764 = ADVANCED_FACE('',(#9765),#1342,.T.);
#9765 = FACE_BOUND('',#9766,.T.);
#9766 = EDGE_LOOP('',(#9767,#9768,#9789,#9790));
#9767 = ORIENTED_EDGE('',*,*,#9186,.T.);
#9768 = ORIENTED_EDGE('',*,*,#9769,.T.);
#9769 = EDGE_CURVE('',#9187,#9666,#9770,.T.);
#9770 = SURFACE_CURVE('',#9771,(#9775,#9782),.PCURVE_S1.);
#9771 = LINE('',#9772,#9773);
#9772 = CARTESIAN_POINT('',(274.5,-42.83125,15.85));
#9773 = VECTOR('',#9774,1.);
#9774 = DIRECTION('',(-2.785593440065E-03,0.999996120227,0.));
#9775 = PCURVE('',#1342,#9776);
#9776 = DEFINITIONAL_REPRESENTATION('',(#9777),#9781);
#9777 = LINE('',#9778,#9779);
#9778 = CARTESIAN_POINT('',(0.,-4.75));
#9779 = VECTOR('',#9780,1.);
#9780 = DIRECTION('',(1.,0.));
#9781 = ( GEOMETRIC_REPRESENTATION_CONTEXT(2) 
PARAMETRIC_REPRESENTATION_CONTEXT() REPRESENTATION_CONTEXT('2D SPACE',''
  ) );
#9782 = PCURVE('',#9222,#9783);
#9783 = DEFINITIONAL_REPRESENTATION('',(#9784),#9788);
#9784 = LINE('',#9785,#9786);
#9785 = CARTESIAN_POINT('',(5.499753249219,-1.750394659934));
#9786 = VECTOR('',#9787,1.);
#9787 = DIRECTION('',(-2.785593440065E-03,0.999996120227));
#9788 = ( GEOMETRIC_REPRESENTATION_CONTEXT(2) 
PARAMETRIC_REPRESENTATION_CONTEXT() REPRESENTATION_CONTEXT('2D SPACE',''
  ) );
#9789 = ORIENTED_EDGE('',*,*,#9665,.F.);
#9790 = ORIENTED_EDGE('',*,*,#1327,.T.);
#9791 = ADVANCED_FACE('',(#9792),#3200,.F.);
#9792 = FACE_BOUND('',#9793,.F.);
#9793 = EDGE_LOOP('',(#9794,#9795,#9818,#9837));
#9794 = ORIENTED_EDGE('',*,*,#3184,.F.);
#9795 = ORIENTED_EDGE('',*,*,#9796,.T.);
#9796 = EDGE_CURVE('',#3156,#9797,#9799,.T.);
#9797 = VERTEX_POINT('',#9798);
#9798 = CARTESIAN_POINT('',(149.22936691148,-52.75,12.9));
#9799 = SURFACE_CURVE('',#9800,(#9804,#9811),.PCURVE_S1.);
#9800 = LINE('',#9801,#9802);
#9801 = CARTESIAN_POINT('',(149.22936691148,-52.75,12.1));
#9802 = VECTOR('',#9803,1.);
#9803 = DIRECTION('',(0.,0.,1.));
#9804 = PCURVE('',#3200,#9805);
#9805 = DEFINITIONAL_REPRESENTATION('',(#9806),#9810);
#9806 = LINE('',#9807,#9808);
#9807 = CARTESIAN_POINT('',(0.,0.));
#9808 = VECTOR('',#9809,1.);
#9809 = DIRECTION('',(0.,-1.));
#9810 = ( GEOMETRIC_REPRESENTATION_CONTEXT(2) 
PARAMETRIC_REPRESENTATION_CONTEXT() REPRESENTATION_CONTEXT('2D SPACE',''
  ) );
#9811 = PCURVE('',#3172,#9812);
#9812 = DEFINITIONAL_REPRESENTATION('',(#9813),#9817);
#9813 = LINE('',#9814,#9815);
#9814 = CARTESIAN_POINT('',(-1.485043632817,0.));
#9815 = VECTOR('',#9816,1.);
#9816 = DIRECTION('',(-0.,-1.));
#9817 = ( GEOMETRIC_REPRESENTATION_CONTEXT(2) 
PARAMETRIC_REPRESENTATION_CONTEXT() REPRESENTATION_CONTEXT('2D SPACE',''
  ) );
#9818 = ORIENTED_EDGE('',*,*,#9819,.T.);
#9819 = EDGE_CURVE('',#9797,#9716,#9820,.T.);
#9820 = SURFACE_CURVE('',#9821,(#9825,#9831),.PCURVE_S1.);
#9821 = LINE('',#9822,#9823);
#9822 = CARTESIAN_POINT('',(141.55410434771,-52.7403414552,12.9));
#9823 = VECTOR('',#9824,1.);
#9824 = DIRECTION('',(-0.999999208217,1.258398272563E-03,0.));
#9825 = PCURVE('',#3200,#9826);
#9826 = DEFINITIONAL_REPRESENTATION('',(#9827),#9830);
#9827 = B_SPLINE_CURVE_WITH_KNOTS('',1,(#9828,#9829),.UNSPECIFIED.,.F.,
  .F.,(2,2),(-7.675268640926,7.037301537084),.PIECEWISE_BEZIER_KNOTS.);
#9828 = CARTESIAN_POINT('',(0.,-0.8));
#9829 = CARTESIAN_POINT('',(14.71257017801,-0.8));
#9830 = ( GEOMETRIC_REPRESENTATION_CONTEXT(2) 
PARAMETRIC_REPRESENTATION_CONTEXT() REPRESENTATION_CONTEXT('2D SPACE',''
  ) );
#9831 = PCURVE('',#9296,#9832);
#9832 = DEFINITIONAL_REPRESENTATION('',(#9833),#9836);
#9833 = B_SPLINE_CURVE_WITH_KNOTS('',1,(#9834,#9835),.UNSPECIFIED.,.F.,
  .F.,(2,2),(-7.675268640926,7.037301537084),.PIECEWISE_BEZIER_KNOTS.);
#9834 = CARTESIAN_POINT('',(15.36747378469,13.449108677458));
#9835 = CARTESIAN_POINT('',(0.65491525585,13.467622950355));
#9836 = ( GEOMETRIC_REPRESENTATION_CONTEXT(2) 
PARAMETRIC_REPRESENTATION_CONTEXT() REPRESENTATION_CONTEXT('2D SPACE',''
  ) );
#9837 = ORIENTED_EDGE('',*,*,#9715,.F.);
#9838 = ADVANCED_FACE('',(#9839),#3172,.T.);
#9839 = FACE_BOUND('',#9840,.F.);
#9840 = EDGE_LOOP('',(#9841,#9842,#9865,#9891));
#9841 = ORIENTED_EDGE('',*,*,#3155,.F.);
#9842 = ORIENTED_EDGE('',*,*,#9843,.T.);
#9843 = EDGE_CURVE('',#3128,#9844,#9846,.T.);
#9844 = VERTEX_POINT('',#9845);
#9845 = CARTESIAN_POINT('',(153.49239847481,-56.60923552145,12.9));
#9846 = SURFACE_CURVE('',#9847,(#9851,#9858),.PCURVE_S1.);
#9847 = LINE('',#9848,#9849);
#9848 = CARTESIAN_POINT('',(153.49239847481,-56.60923552145,12.1));
#9849 = VECTOR('',#9850,1.);
#9850 = DIRECTION('',(0.,0.,1.));
#9851 = PCURVE('',#3172,#9852);
#9852 = DEFINITIONAL_REPRESENTATION('',(#9853),#9857);
#9853 = LINE('',#9854,#9855);
#9854 = CARTESIAN_POINT('',(-0.,0.));
#9855 = VECTOR('',#9856,1.);
#9856 = DIRECTION('',(-0.,-1.));
#9857 = ( GEOMETRIC_REPRESENTATION_CONTEXT(2) 
PARAMETRIC_REPRESENTATION_CONTEXT() REPRESENTATION_CONTEXT('2D SPACE',''
  ) );
#9858 = PCURVE('',#3143,#9859);
#9859 = DEFINITIONAL_REPRESENTATION('',(#9860),#9864);
#9860 = LINE('',#9861,#9862);
#9861 = CARTESIAN_POINT('',(16.371754848914,0.));
#9862 = VECTOR('',#9863,1.);
#9863 = DIRECTION('',(0.,-1.));
#9864 = ( GEOMETRIC_REPRESENTATION_CONTEXT(2) 
PARAMETRIC_REPRESENTATION_CONTEXT() REPRESENTATION_CONTEXT('2D SPACE',''
  ) );
#9865 = ORIENTED_EDGE('',*,*,#9866,.F.);
#9866 = EDGE_CURVE('',#9797,#9844,#9867,.T.);
#9867 = SURFACE_CURVE('',#9868,(#9873,#9880),.PCURVE_S1.);
#9868 = CIRCLE('',#9869,4.252325519445);
#9869 = AXIS2_PLACEMENT_3D('',#9870,#9871,#9872);
#9870 = CARTESIAN_POINT('',(149.25827166976,-57.0022272797,12.9));
#9871 = DIRECTION('',(0.,-0.,-1.));
#9872 = DIRECTION('',(0.99572029133,9.241807957984E-02,-0.));
#9873 = PCURVE('',#3172,#9874);
#9874 = DEFINITIONAL_REPRESENTATION('',(#9875),#9879);
#9875 = LINE('',#9876,#9877);
#9876 = CARTESIAN_POINT('',(-6.28318530718,-0.8));
#9877 = VECTOR('',#9878,1.);
#9878 = DIRECTION('',(1.,-0.));
#9879 = ( GEOMETRIC_REPRESENTATION_CONTEXT(2) 
PARAMETRIC_REPRESENTATION_CONTEXT() REPRESENTATION_CONTEXT('2D SPACE',''
  ) );
#9880 = PCURVE('',#9296,#9881);
#9881 = DEFINITIONAL_REPRESENTATION('',(#9882),#9890);
#9882 = ( BOUNDED_CURVE() B_SPLINE_CURVE(2,(#9883,#9884,#9885,#9886,
#9887,#9888,#9889),.UNSPECIFIED.,.T.,.F.) B_SPLINE_CURVE_WITH_KNOTS((1,2
    ,2,2,2,1),(-2.094395102393,0.,2.094395102393,4.188790204786,
6.28318530718,8.377580409573),.UNSPECIFIED.) CURVE() 
GEOMETRIC_REPRESENTATION_ITEM() RATIONAL_B_SPLINE_CURVE((1.,0.5,1.,0.5,
1.,0.5,1.)) REPRESENTATION_ITEM('') );
#9883 = CARTESIAN_POINT('',(19.630505348016,9.589873156008));
#9884 = CARTESIAN_POINT('',(20.31118704027,2.256150403967));
#9885 = CARTESIAN_POINT('',(13.619655986564,5.333524142604));
#9886 = CARTESIAN_POINT('',(6.928124932858,8.410897881241));
#9887 = CARTESIAN_POINT('',(12.93897429431,12.667246894645));
#9888 = CARTESIAN_POINT('',(18.949823655762,16.923595908048));
#9889 = CARTESIAN_POINT('',(19.630505348016,9.589873156008));
#9890 = ( GEOMETRIC_REPRESENTATION_CONTEXT(2) 
PARAMETRIC_REPRESENTATION_CONTEXT() REPRESENTATION_CONTEXT('2D SPACE',''
  ) );
#9891 = ORIENTED_EDGE('',*,*,#9796,.F.);
#9892 = ADVANCED_FACE('',(#9893),#1397,.F.);
#9893 = FACE_BOUND('',#9894,.F.);
#9894 = EDGE_LOOP('',(#9895,#9896,#9897,#9918));
#9895 = ORIENTED_EDGE('',*,*,#9164,.T.);
#9896 = ORIENTED_EDGE('',*,*,#6161,.T.);
#9897 = ORIENTED_EDGE('',*,*,#9898,.F.);
#9898 = EDGE_CURVE('',#1377,#6162,#9899,.T.);
#9899 = SURFACE_CURVE('',#9900,(#9904,#9911),.PCURVE_S1.);
#9900 = LINE('',#9901,#9902);
#9901 = CARTESIAN_POINT('',(289.3625,-43.85027196991,12.1));
#9902 = VECTOR('',#9903,1.);
#9903 = DIRECTION('',(0.,0.,1.));
#9904 = PCURVE('',#1397,#9905);
#9905 = DEFINITIONAL_REPRESENTATION('',(#9906),#9910);
#9906 = LINE('',#9907,#9908);
#9907 = CARTESIAN_POINT('',(1.438836340599,0.));
#9908 = VECTOR('',#9909,1.);
#9909 = DIRECTION('',(0.,-1.));
#9910 = ( GEOMETRIC_REPRESENTATION_CONTEXT(2) 
PARAMETRIC_REPRESENTATION_CONTEXT() REPRESENTATION_CONTEXT('2D SPACE',''
  ) );
#9911 = PCURVE('',#1425,#9912);
#9912 = DEFINITIONAL_REPRESENTATION('',(#9913),#9917);
#9913 = LINE('',#9914,#9915);
#9914 = CARTESIAN_POINT('',(0.,0.));
#9915 = VECTOR('',#9916,1.);
#9916 = DIRECTION('',(0.,-1.));
#9917 = ( GEOMETRIC_REPRESENTATION_CONTEXT(2) 
PARAMETRIC_REPRESENTATION_CONTEXT() REPRESENTATION_CONTEXT('2D SPACE',''
  ) );
#9918 = ORIENTED_EDGE('',*,*,#1376,.F.);
#9919 = ADVANCED_FACE('',(#9920),#3143,.F.);
#9920 = FACE_BOUND('',#9921,.F.);
#9921 = EDGE_LOOP('',(#9922,#9923,#9946,#9965));
#9922 = ORIENTED_EDGE('',*,*,#3127,.F.);
#9923 = ORIENTED_EDGE('',*,*,#9924,.T.);
#9924 = EDGE_CURVE('',#3095,#9925,#9927,.T.);
#9925 = VERTEX_POINT('',#9926);
#9926 = CARTESIAN_POINT('',(153.5125,-72.98097802986,12.9));
#9927 = SURFACE_CURVE('',#9928,(#9932,#9939),.PCURVE_S1.);
#9928 = LINE('',#9929,#9930);
#9929 = CARTESIAN_POINT('',(153.5125,-72.98097802986,12.1));
#9930 = VECTOR('',#9931,1.);
#9931 = DIRECTION('',(0.,0.,1.));
#9932 = PCURVE('',#3143,#9933);
#9933 = DEFINITIONAL_REPRESENTATION('',(#9934),#9938);
#9934 = LINE('',#9935,#9936);
#9935 = CARTESIAN_POINT('',(0.,0.));
#9936 = VECTOR('',#9937,1.);
#9937 = DIRECTION('',(0.,-1.));
#9938 = ( GEOMETRIC_REPRESENTATION_CONTEXT(2) 
PARAMETRIC_REPRESENTATION_CONTEXT() REPRESENTATION_CONTEXT('2D SPACE',''
  ) );
#9939 = PCURVE('',#3115,#9940);
#9940 = DEFINITIONAL_REPRESENTATION('',(#9941),#9945);
#9941 = LINE('',#9942,#9943);
#9942 = CARTESIAN_POINT('',(1.438836340728,0.));
#9943 = VECTOR('',#9944,1.);
#9944 = DIRECTION('',(0.,-1.));
#9945 = ( GEOMETRIC_REPRESENTATION_CONTEXT(2) 
PARAMETRIC_REPRESENTATION_CONTEXT() REPRESENTATION_CONTEXT('2D SPACE',''
  ) );
#9946 = ORIENTED_EDGE('',*,*,#9947,.T.);
#9947 = EDGE_CURVE('',#9925,#9844,#9948,.T.);
#9948 = SURFACE_CURVE('',#9949,(#9953,#9959),.PCURVE_S1.);
#9949 = LINE('',#9950,#9951);
#9950 = CARTESIAN_POINT('',(153.5083217426,-69.57798479636,12.9));
#9951 = VECTOR('',#9952,1.);
#9952 = DIRECTION('',(-1.227817382506E-03,0.999999246232,0.));
#9953 = PCURVE('',#3143,#9954);
#9954 = DEFINITIONAL_REPRESENTATION('',(#9955),#9958);
#9955 = B_SPLINE_CURVE_WITH_KNOTS('',1,(#9956,#9957),.UNSPECIFIED.,.F.,
  .F.,(2,2),(-3.40299579857,12.968759050344),.PIECEWISE_BEZIER_KNOTS.);
#9956 = CARTESIAN_POINT('',(0.,-0.8));
#9957 = CARTESIAN_POINT('',(16.371754848914,-0.8));
#9958 = ( GEOMETRIC_REPRESENTATION_CONTEXT(2) 
PARAMETRIC_REPRESENTATION_CONTEXT() REPRESENTATION_CONTEXT('2D SPACE',''
  ) );
#9959 = PCURVE('',#9296,#9960);
#9960 = DEFINITIONAL_REPRESENTATION('',(#9961),#9964);
#9961 = B_SPLINE_CURVE_WITH_KNOTS('',1,(#9962,#9963),.UNSPECIFIED.,.F.,
  .F.,(2,2),(-3.40299579857,12.968759050344),.PIECEWISE_BEZIER_KNOTS.);
#9962 = CARTESIAN_POINT('',(19.650606873202,-6.7818693524));
#9963 = CARTESIAN_POINT('',(19.630505348016,9.589873156008));
#9964 = ( GEOMETRIC_REPRESENTATION_CONTEXT(2) 
PARAMETRIC_REPRESENTATION_CONTEXT() REPRESENTATION_CONTEXT('2D SPACE',''
  ) );
#9965 = ORIENTED_EDGE('',*,*,#9843,.F.);
#9966 = ADVANCED_FACE('',(#9967),#1425,.F.);
#9967 = FACE_BOUND('',#9968,.F.);
#9968 = EDGE_LOOP('',(#9969,#9970,#9971,#9972,#9993,#9994,#10015,#10041)
  );
#9969 = ORIENTED_EDGE('',*,*,#1409,.F.);
#9970 = ORIENTED_EDGE('',*,*,#9898,.T.);
#9971 = ORIENTED_EDGE('',*,*,#6189,.T.);
#9972 = ORIENTED_EDGE('',*,*,#9973,.F.);
#9973 = EDGE_CURVE('',#1582,#6190,#9974,.T.);
#9974 = SURFACE_CURVE('',#9975,(#9979,#9986),.PCURVE_S1.);
#9975 = LINE('',#9976,#9977);
#9976 = CARTESIAN_POINT('',(289.3439857271,-100.2269416173,12.1));
#9977 = VECTOR('',#9978,1.);
#9978 = DIRECTION('',(0.,0.,1.));
#9979 = PCURVE('',#1425,#9980);
#9980 = DEFINITIONAL_REPRESENTATION('',(#9981),#9985);
#9981 = LINE('',#9982,#9983);
#9982 = CARTESIAN_POINT('',(56.376672687517,0.));
#9983 = VECTOR('',#9984,1.);
#9984 = DIRECTION('',(0.,-1.));
#9985 = ( GEOMETRIC_REPRESENTATION_CONTEXT(2) 
PARAMETRIC_REPRESENTATION_CONTEXT() REPRESENTATION_CONTEXT('2D SPACE',''
  ) );
#9986 = PCURVE('',#1625,#9987);
#9987 = DEFINITIONAL_REPRESENTATION('',(#9988),#9992);
#9988 = LINE('',#9989,#9990);
#9989 = CARTESIAN_POINT('',(0.,0.));
#9990 = VECTOR('',#9991,1.);
#9991 = DIRECTION('',(0.,-1.));
#9992 = ( GEOMETRIC_REPRESENTATION_CONTEXT(2) 
PARAMETRIC_REPRESENTATION_CONTEXT() REPRESENTATION_CONTEXT('2D SPACE',''
  ) );
#9993 = ORIENTED_EDGE('',*,*,#1581,.F.);
#9994 = ORIENTED_EDGE('',*,*,#9995,.T.);
#9995 = EDGE_CURVE('',#1556,#9996,#9998,.T.);
#9996 = VERTEX_POINT('',#9997);
#9997 = CARTESIAN_POINT('',(289.35148284144,-77.39794148625,15.85));
#9998 = SURFACE_CURVE('',#9999,(#10003,#10009),.PCURVE_S1.);
#9999 = LINE('',#10000,#10001);
#10000 = CARTESIAN_POINT('',(289.35148284144,-77.39794148625,11.6));
#10001 = VECTOR('',#10002,1.);
#10002 = DIRECTION('',(-0.,-0.,1.));
#10003 = PCURVE('',#1425,#10004);
#10004 = DEFINITIONAL_REPRESENTATION('',(#10005),#10008);
#10005 = B_SPLINE_CURVE_WITH_KNOTS('',1,(#10006,#10007),.UNSPECIFIED.,
  .F.,.F.,(2,2),(0.5,4.25),.PIECEWISE_BEZIER_KNOTS.);
#10006 = CARTESIAN_POINT('',(33.547671325382,0.));
#10007 = CARTESIAN_POINT('',(33.547671325382,-3.75));
#10008 = ( GEOMETRIC_REPRESENTATION_CONTEXT(2) 
PARAMETRIC_REPRESENTATION_CONTEXT() REPRESENTATION_CONTEXT('2D SPACE',''
  ) );
#10009 = PCURVE('',#1570,#10010);
#10010 = DEFINITIONAL_REPRESENTATION('',(#10011),#10014);
#10011 = B_SPLINE_CURVE_WITH_KNOTS('',1,(#10012,#10013),.UNSPECIFIED.,
  .F.,.F.,(2,2),(0.5,4.25),.PIECEWISE_BEZIER_KNOTS.);
#10012 = CARTESIAN_POINT('',(0.73898570854,-1.));
#10013 = CARTESIAN_POINT('',(0.73898570854,-4.75));
#10014 = ( GEOMETRIC_REPRESENTATION_CONTEXT(2) 
PARAMETRIC_REPRESENTATION_CONTEXT() REPRESENTATION_CONTEXT('2D SPACE',''
  ) );
#10015 = ORIENTED_EDGE('',*,*,#10016,.F.);
#10016 = EDGE_CURVE('',#10017,#9996,#10019,.T.);
#10017 = VERTEX_POINT('',#10018);
#10018 = CARTESIAN_POINT('',(289.355092077,-66.40768104722,15.85));
#10019 = SURFACE_CURVE('',#10020,(#10024,#10030),.PCURVE_S1.);
#10020 = LINE('',#10021,#10022);
#10021 = CARTESIAN_POINT('',(289.35789420515,-57.87509358143,15.85));
#10022 = VECTOR('',#10023,1.);
#10023 = DIRECTION('',(-3.284030789964E-04,-0.999999946076,0.));
#10024 = PCURVE('',#1425,#10025);
#10025 = DEFINITIONAL_REPRESENTATION('',(#10026),#10029);
#10026 = B_SPLINE_CURVE_WITH_KNOTS('',1,(#10027,#10028),.UNSPECIFIED.,
  .F.,.F.,(2,2),(8.524906878263,19.524907471431),
  .PIECEWISE_BEZIER_KNOTS.);
#10027 = CARTESIAN_POINT('',(22.549729246068,-3.75));
#10028 = CARTESIAN_POINT('',(33.549729839235,-3.75));
#10029 = ( GEOMETRIC_REPRESENTATION_CONTEXT(2) 
PARAMETRIC_REPRESENTATION_CONTEXT() REPRESENTATION_CONTEXT('2D SPACE',''
  ) );
#10030 = PCURVE('',#10031,#10036);
#10031 = PLANE('',#10032);
#10032 = AXIS2_PLACEMENT_3D('',#10033,#10034,#10035);
#10033 = CARTESIAN_POINT('',(290.36289465993,-71.90024675078,15.85));
#10034 = DIRECTION('',(0.,0.,1.));
#10035 = DIRECTION('',(1.,0.,-0.));
#10036 = DEFINITIONAL_REPRESENTATION('',(#10037),#10040);
#10037 = B_SPLINE_CURVE_WITH_KNOTS('',1,(#10038,#10039),.UNSPECIFIED.,
  .F.,.F.,(2,2),(8.524906878263,19.524907471431),
  .PIECEWISE_BEZIER_KNOTS.);
#10038 = CARTESIAN_POINT('',(-1.007800060449,5.500246750781));
#10039 = CARTESIAN_POINT('',(-1.011412494513,-5.499753249219));
#10040 = ( GEOMETRIC_REPRESENTATION_CONTEXT(2) 
PARAMETRIC_REPRESENTATION_CONTEXT() REPRESENTATION_CONTEXT('2D SPACE',''
  ) );
#10041 = ORIENTED_EDGE('',*,*,#10042,.T.);
#10042 = EDGE_CURVE('',#10017,#1410,#10043,.T.);
#10043 = SURFACE_CURVE('',#10044,(#10048,#10054),.PCURVE_S1.);
#10044 = LINE('',#10045,#10046);
#10045 = CARTESIAN_POINT('',(289.355092077,-66.40768104722,11.6));
#10046 = VECTOR('',#10047,1.);
#10047 = DIRECTION('',(0.,0.,-1.));
#10048 = PCURVE('',#1425,#10049);
#10049 = DEFINITIONAL_REPRESENTATION('',(#10050),#10053);
#10050 = B_SPLINE_CURVE_WITH_KNOTS('',1,(#10051,#10052),.UNSPECIFIED.,
  .F.,.F.,(2,2),(-4.25,-0.5),.PIECEWISE_BEZIER_KNOTS.);
#10051 = CARTESIAN_POINT('',(22.557410293705,-3.75));
#10052 = CARTESIAN_POINT('',(22.557410293705,0.));
#10053 = ( GEOMETRIC_REPRESENTATION_CONTEXT(2) 
PARAMETRIC_REPRESENTATION_CONTEXT() REPRESENTATION_CONTEXT('2D SPACE',''
  ) );
#10054 = PCURVE('',#1452,#10055);
#10055 = DEFINITIONAL_REPRESENTATION('',(#10056),#10059);
#10056 = B_SPLINE_CURVE_WITH_KNOTS('',1,(#10057,#10058),.UNSPECIFIED.,
  .F.,.F.,(2,2),(-4.25,-0.5),.PIECEWISE_BEZIER_KNOTS.);
#10057 = CARTESIAN_POINT('',(2.757418621153,-4.75));
#10058 = CARTESIAN_POINT('',(2.757418621153,-1.));
#10059 = ( GEOMETRIC_REPRESENTATION_CONTEXT(2) 
PARAMETRIC_REPRESENTATION_CONTEXT() REPRESENTATION_CONTEXT('2D SPACE',''
  ) );
#10060 = ADVANCED_FACE('',(#10061),#3115,.F.);
#10061 = FACE_BOUND('',#10062,.F.);
#10062 = EDGE_LOOP('',(#10063,#10064,#10087,#10113));
#10063 = ORIENTED_EDGE('',*,*,#3094,.F.);
#10064 = ORIENTED_EDGE('',*,*,#10065,.T.);
#10065 = EDGE_CURVE('',#3067,#10066,#10068,.T.);
#10066 = VERTEX_POINT('',#10067);
#10067 = CARTESIAN_POINT('',(155.01680838264,-74.7314857271,12.9));
#10068 = SURFACE_CURVE('',#10069,(#10073,#10080),.PCURVE_S1.);
#10069 = LINE('',#10070,#10071);
#10070 = CARTESIAN_POINT('',(155.01680838264,-74.7314857271,12.1));
#10071 = VECTOR('',#10072,1.);
#10072 = DIRECTION('',(0.,0.,1.));
#10073 = PCURVE('',#3115,#10074);
#10074 = DEFINITIONAL_REPRESENTATION('',(#10075),#10079);
#10075 = LINE('',#10076,#10077);
#10076 = CARTESIAN_POINT('',(0.,0.));
#10077 = VECTOR('',#10078,1.);
#10078 = DIRECTION('',(0.,-1.));
#10079 = ( GEOMETRIC_REPRESENTATION_CONTEXT(2) 
PARAMETRIC_REPRESENTATION_CONTEXT() REPRESENTATION_CONTEXT('2D SPACE',''
  ) );
#10080 = PCURVE('',#3082,#10081);
#10081 = DEFINITIONAL_REPRESENTATION('',(#10082),#10086);
#10082 = LINE('',#10083,#10084);
#10083 = CARTESIAN_POINT('',(13.262571451665,0.));
#10084 = VECTOR('',#10085,1.);
#10085 = DIRECTION('',(0.,-1.));
#10086 = ( GEOMETRIC_REPRESENTATION_CONTEXT(2) 
PARAMETRIC_REPRESENTATION_CONTEXT() REPRESENTATION_CONTEXT('2D SPACE',''
  ) );
#10087 = ORIENTED_EDGE('',*,*,#10088,.T.);
#10088 = EDGE_CURVE('',#10066,#9925,#10089,.T.);
#10089 = SURFACE_CURVE('',#10090,(#10095,#10102),.PCURVE_S1.);
#10090 = CIRCLE('',#10091,1.751337237119);
#10091 = AXIS2_PLACEMENT_3D('',#10092,#10093,#10094);
#10092 = CARTESIAN_POINT('',(155.26375791253,-72.99764662043,12.9));
#10093 = DIRECTION('',(0.,0.,-1.));
#10094 = DIRECTION('',(-0.141006269181,-0.990008703018,-0.));
#10095 = PCURVE('',#3115,#10096);
#10096 = DEFINITIONAL_REPRESENTATION('',(#10097),#10101);
#10097 = LINE('',#10098,#10099);
#10098 = CARTESIAN_POINT('',(0.,-0.8));
#10099 = VECTOR('',#10100,1.);
#10100 = DIRECTION('',(1.,0.));
#10101 = ( GEOMETRIC_REPRESENTATION_CONTEXT(2) 
PARAMETRIC_REPRESENTATION_CONTEXT() REPRESENTATION_CONTEXT('2D SPACE',''
  ) );
#10102 = PCURVE('',#9296,#10103);
#10103 = DEFINITIONAL_REPRESENTATION('',(#10104),#10112);
#10104 = ( BOUNDED_CURVE() B_SPLINE_CURVE(2,(#10105,#10106,#10107,#10108
    ,#10109,#10110,#10111),.UNSPECIFIED.,.T.,.F.) 
B_SPLINE_CURVE_WITH_KNOTS((1,2,2,2,2,1),(-2.094395102393,0.,
    2.094395102393,4.188790204786,6.28318530718,8.377580409573),
.UNSPECIFIED.) CURVE() GEOMETRIC_REPRESENTATION_ITEM() 
RATIONAL_B_SPLINE_CURVE((1.,0.5,1.,0.5,1.,0.5,1.)) REPRESENTATION_ITEM(
  '') );
#10105 = CARTESIAN_POINT('',(21.15491525585,-8.532377049645));
#10106 = CARTESIAN_POINT('',(18.151817830952,-8.104647916981));
#10107 = CARTESIAN_POINT('',(20.023790838228,-5.717753823311));
#10108 = CARTESIAN_POINT('',(21.895763845503,-3.330859729642));
#10109 = CARTESIAN_POINT('',(23.026888263126,-6.145482955976));
#10110 = CARTESIAN_POINT('',(24.158012680749,-8.96010618231));
#10111 = CARTESIAN_POINT('',(21.15491525585,-8.532377049645));
#10112 = ( GEOMETRIC_REPRESENTATION_CONTEXT(2) 
PARAMETRIC_REPRESENTATION_CONTEXT() REPRESENTATION_CONTEXT('2D SPACE',''
  ) );
#10113 = ORIENTED_EDGE('',*,*,#9924,.F.);
#10114 = ADVANCED_FACE('',(#10115),#1452,.T.);
#10115 = FACE_BOUND('',#10116,.T.);
#10116 = EDGE_LOOP('',(#10117,#10118,#10141,#10162));
#10117 = ORIENTED_EDGE('',*,*,#1437,.T.);
#10118 = ORIENTED_EDGE('',*,*,#10119,.T.);
#10119 = EDGE_CURVE('',#1438,#10120,#10122,.T.);
#10120 = VERTEX_POINT('',#10121);
#10121 = CARTESIAN_POINT('',(292.1125,-66.4,15.85));
#10122 = SURFACE_CURVE('',#10123,(#10127,#10134),.PCURVE_S1.);
#10123 = LINE('',#10124,#10125);
#10124 = CARTESIAN_POINT('',(292.1125,-66.4,11.1));
#10125 = VECTOR('',#10126,1.);
#10126 = DIRECTION('',(0.,0.,1.));
#10127 = PCURVE('',#1452,#10128);
#10128 = DEFINITIONAL_REPRESENTATION('',(#10129),#10133);
#10129 = LINE('',#10130,#10131);
#10130 = CARTESIAN_POINT('',(0.,0.));
#10131 = VECTOR('',#10132,1.);
#10132 = DIRECTION('',(0.,-1.));
#10133 = ( GEOMETRIC_REPRESENTATION_CONTEXT(2) 
PARAMETRIC_REPRESENTATION_CONTEXT() REPRESENTATION_CONTEXT('2D SPACE',''
  ) );
#10134 = PCURVE('',#1484,#10135);
#10135 = DEFINITIONAL_REPRESENTATION('',(#10136),#10140);
#10136 = LINE('',#10137,#10138);
#10137 = CARTESIAN_POINT('',(-1.488320898493,0.));
#10138 = VECTOR('',#10139,1.);
#10139 = DIRECTION('',(-0.,-1.));
#10140 = ( GEOMETRIC_REPRESENTATION_CONTEXT(2) 
PARAMETRIC_REPRESENTATION_CONTEXT() REPRESENTATION_CONTEXT('2D SPACE',''
  ) );
#10141 = ORIENTED_EDGE('',*,*,#10142,.T.);
#10142 = EDGE_CURVE('',#10120,#10017,#10143,.T.);
#10143 = SURFACE_CURVE('',#10144,(#10148,#10155),.PCURVE_S1.);
#10144 = LINE('',#10145,#10146);
#10145 = CARTESIAN_POINT('',(292.1125,-66.4,15.85));
#10146 = VECTOR('',#10147,1.);
#10147 = DIRECTION('',(-0.999996120227,-2.785593440069E-03,0.));
#10148 = PCURVE('',#1452,#10149);
#10149 = DEFINITIONAL_REPRESENTATION('',(#10150),#10154);
#10150 = LINE('',#10151,#10152);
#10151 = CARTESIAN_POINT('',(0.,-4.75));
#10152 = VECTOR('',#10153,1.);
#10153 = DIRECTION('',(1.,0.));
#10154 = ( GEOMETRIC_REPRESENTATION_CONTEXT(2) 
PARAMETRIC_REPRESENTATION_CONTEXT() REPRESENTATION_CONTEXT('2D SPACE',''
  ) );
#10155 = PCURVE('',#10031,#10156);
#10156 = DEFINITIONAL_REPRESENTATION('',(#10157),#10161);
#10157 = LINE('',#10158,#10159);
#10158 = CARTESIAN_POINT('',(1.749605340066,5.500246750781));
#10159 = VECTOR('',#10160,1.);
#10160 = DIRECTION('',(-0.999996120227,-2.785593440069E-03));
#10161 = ( GEOMETRIC_REPRESENTATION_CONTEXT(2) 
PARAMETRIC_REPRESENTATION_CONTEXT() REPRESENTATION_CONTEXT('2D SPACE',''
  ) );
#10162 = ORIENTED_EDGE('',*,*,#10042,.T.);
#10163 = ADVANCED_FACE('',(#10164),#3082,.F.);
#10164 = FACE_BOUND('',#10165,.F.);
#10165 = EDGE_LOOP('',(#10166,#10167,#10190,#10211,#10237,#10256));
#10166 = ORIENTED_EDGE('',*,*,#3066,.F.);
#10167 = ORIENTED_EDGE('',*,*,#10168,.T.);
#10168 = EDGE_CURVE('',#3038,#10169,#10171,.T.);
#10169 = VERTEX_POINT('',#10170);
#10170 = CARTESIAN_POINT('',(168.27936691153,-74.75,17.1));
#10171 = SURFACE_CURVE('',#10172,(#10176,#10183),.PCURVE_S1.);
#10172 = LINE('',#10173,#10174);
#10173 = CARTESIAN_POINT('',(168.27936691153,-74.75,12.1));
#10174 = VECTOR('',#10175,1.);
#10175 = DIRECTION('',(0.,0.,1.));
#10176 = PCURVE('',#3082,#10177);
#10177 = DEFINITIONAL_REPRESENTATION('',(#10178),#10182);
#10178 = LINE('',#10179,#10180);
#10179 = CARTESIAN_POINT('',(0.,0.));
#10180 = VECTOR('',#10181,1.);
#10181 = DIRECTION('',(0.,-1.));
#10182 = ( GEOMETRIC_REPRESENTATION_CONTEXT(2) 
PARAMETRIC_REPRESENTATION_CONTEXT() REPRESENTATION_CONTEXT('2D SPACE',''
  ) );
#10183 = PCURVE('',#3054,#10184);
#10184 = DEFINITIONAL_REPRESENTATION('',(#10185),#10189);
#10185 = LINE('',#10186,#10187);
#10186 = CARTESIAN_POINT('',(-1.485043632806,0.));
#10187 = VECTOR('',#10188,1.);
#10188 = DIRECTION('',(-0.,-1.));
#10189 = ( GEOMETRIC_REPRESENTATION_CONTEXT(2) 
PARAMETRIC_REPRESENTATION_CONTEXT() REPRESENTATION_CONTEXT('2D SPACE',''
  ) );
#10190 = ORIENTED_EDGE('',*,*,#10191,.T.);
#10191 = EDGE_CURVE('',#10169,#10192,#10194,.T.);
#10192 = VERTEX_POINT('',#10193);
#10193 = CARTESIAN_POINT('',(166.65426060059,-74.7477313833,17.1));
#10194 = SURFACE_CURVE('',#10195,(#10199,#10205),.PCURVE_S1.);
#10195 = LINE('',#10196,#10197);
#10196 = CARTESIAN_POINT('',(165.73264540973,-74.74644482648,17.1));
#10197 = VECTOR('',#10198,1.);
#10198 = DIRECTION('',(-0.999999025621,1.39597912552E-03,0.));
#10199 = PCURVE('',#3082,#10200);
#10200 = DEFINITIONAL_REPRESENTATION('',(#10201),#10204);
#10201 = B_SPLINE_CURVE_WITH_KNOTS('',1,(#10202,#10203),.UNSPECIFIED.,
  .F.,.F.,(2,2),(-2.546723983278,10.715847468387),
  .PIECEWISE_BEZIER_KNOTS.);
#10202 = CARTESIAN_POINT('',(0.,-5.));
#10203 = CARTESIAN_POINT('',(13.262571451665,-5.));
#10204 = ( GEOMETRIC_REPRESENTATION_CONTEXT(2) 
PARAMETRIC_REPRESENTATION_CONTEXT() REPRESENTATION_CONTEXT('2D SPACE',''
  ) );
#10205 = PCURVE('',#7086,#10206);
#10206 = DEFINITIONAL_REPRESENTATION('',(#10207),#10210);
#10207 = B_SPLINE_CURVE_WITH_KNOTS('',1,(#10208,#10209),.UNSPECIFIED.,
  .F.,.F.,(2,2),(-2.546723983278,10.715847468387),
  .PIECEWISE_BEZIER_KNOTS.);
#10208 = CARTESIAN_POINT('',(5.052701949927,-29.19165418166));
#10209 = CARTESIAN_POINT('',(-8.209856578962,-29.17313990876));
#10210 = ( GEOMETRIC_REPRESENTATION_CONTEXT(2) 
PARAMETRIC_REPRESENTATION_CONTEXT() REPRESENTATION_CONTEXT('2D SPACE',''
  ) );
#10211 = ORIENTED_EDGE('',*,*,#10212,.T.);
#10212 = EDGE_CURVE('',#10192,#10213,#10215,.T.);
#10213 = VERTEX_POINT('',#10214);
#10214 = CARTESIAN_POINT('',(166.65426060059,-74.7477313833,12.9));
#10215 = SURFACE_CURVE('',#10216,(#10220,#10226),.PCURVE_S1.);
#10216 = LINE('',#10217,#10218);
#10217 = CARTESIAN_POINT('',(166.65426060059,-74.7477313833,12.5));
#10218 = VECTOR('',#10219,1.);
#10219 = DIRECTION('',(0.,0.,-1.));
#10220 = PCURVE('',#3082,#10221);
#10221 = DEFINITIONAL_REPRESENTATION('',(#10222),#10225);
#10222 = B_SPLINE_CURVE_WITH_KNOTS('',1,(#10223,#10224),.UNSPECIFIED.,
  .F.,.F.,(2,2),(-4.6,-0.4),.PIECEWISE_BEZIER_KNOTS.);
#10223 = CARTESIAN_POINT('',(1.625107894412,-5.));
#10224 = CARTESIAN_POINT('',(1.625107894412,-0.8));
#10225 = ( GEOMETRIC_REPRESENTATION_CONTEXT(2) 
PARAMETRIC_REPRESENTATION_CONTEXT() REPRESENTATION_CONTEXT('2D SPACE',''
  ) );
#10226 = PCURVE('',#10227,#10232);
#10227 = PLANE('',#10228);
#10228 = AXIS2_PLACEMENT_3D('',#10229,#10230,#10231);
#10229 = CARTESIAN_POINT('',(166.66,-86.9,12.9));
#10230 = DIRECTION('',(-0.999999888471,-4.722903140954E-04,0.));
#10231 = DIRECTION('',(-4.722903140954E-04,0.999999888471,0.));
#10232 = DEFINITIONAL_REPRESENTATION('',(#10233),#10236);
#10233 = B_SPLINE_CURVE_WITH_KNOTS('',1,(#10234,#10235),.UNSPECIFIED.,
  .F.,.F.,(2,2),(-4.6,-0.4),.PIECEWISE_BEZIER_KNOTS.);
#10234 = CARTESIAN_POINT('',(12.152269972025,-4.2));
#10235 = CARTESIAN_POINT('',(12.152269972025,0.));
#10236 = ( GEOMETRIC_REPRESENTATION_CONTEXT(2) 
PARAMETRIC_REPRESENTATION_CONTEXT() REPRESENTATION_CONTEXT('2D SPACE',''
  ) );
#10237 = ORIENTED_EDGE('',*,*,#10238,.T.);
#10238 = EDGE_CURVE('',#10213,#10066,#10239,.T.);
#10239 = SURFACE_CURVE('',#10240,(#10244,#10250),.PCURVE_S1.);
#10240 = LINE('',#10241,#10242);
#10241 = CARTESIAN_POINT('',(151.06469512774,-74.72596865412,12.9));
#10242 = VECTOR('',#10243,1.);
#10243 = DIRECTION('',(-0.999999025621,1.39597912552E-03,0.));
#10244 = PCURVE('',#3082,#10245);
#10245 = DEFINITIONAL_REPRESENTATION('',(#10246),#10249);
#10246 = B_SPLINE_CURVE_WITH_KNOTS('',1,(#10247,#10248),.UNSPECIFIED.,
  .F.,.F.,(2,2),(-15.59532006801,-3.952117105763),
  .PIECEWISE_BEZIER_KNOTS.);
#10247 = CARTESIAN_POINT('',(1.619368489417,-0.8));
#10248 = CARTESIAN_POINT('',(13.262571451665,-0.8));
#10249 = ( GEOMETRIC_REPRESENTATION_CONTEXT(2) 
PARAMETRIC_REPRESENTATION_CONTEXT() REPRESENTATION_CONTEXT('2D SPACE',''
  ) );
#10250 = PCURVE('',#9296,#10251);
#10251 = DEFINITIONAL_REPRESENTATION('',(#10252),#10255);
#10252 = B_SPLINE_CURVE_WITH_KNOTS('',1,(#10253,#10254),.UNSPECIFIED.,
  .F.,.F.,(2,2),(-15.59532006801,-3.952117105763),
  .PIECEWISE_BEZIER_KNOTS.);
#10253 = CARTESIAN_POINT('',(32.798106873202,-8.548630717935));
#10254 = CARTESIAN_POINT('',(21.15491525585,-8.532377049645));
#10255 = ( GEOMETRIC_REPRESENTATION_CONTEXT(2) 
PARAMETRIC_REPRESENTATION_CONTEXT() REPRESENTATION_CONTEXT('2D SPACE',''
  ) );
#10256 = ORIENTED_EDGE('',*,*,#10065,.F.);
#10257 = ADVANCED_FACE('',(#10258),#1484,.F.);
#10258 = FACE_BOUND('',#10259,.T.);
#10259 = EDGE_LOOP('',(#10260,#10261,#10284,#10306));
#10260 = ORIENTED_EDGE('',*,*,#1463,.T.);
#10261 = ORIENTED_EDGE('',*,*,#10262,.T.);
#10262 = EDGE_CURVE('',#1464,#10263,#10265,.T.);
#10263 = VERTEX_POINT('',#10264);
#10264 = CARTESIAN_POINT('',(293.60708245477,-67.7774490225,15.85));
#10265 = SURFACE_CURVE('',#10266,(#10270,#10277),.PCURVE_S1.);
#10266 = LINE('',#10267,#10268);
#10267 = CARTESIAN_POINT('',(293.60708245477,-67.7774490225,11.1));
#10268 = VECTOR('',#10269,1.);
#10269 = DIRECTION('',(0.,0.,1.));
#10270 = PCURVE('',#1484,#10271);
#10271 = DEFINITIONAL_REPRESENTATION('',(#10272),#10276);
#10272 = LINE('',#10273,#10274);
#10273 = CARTESIAN_POINT('',(-0.,0.));
#10274 = VECTOR('',#10275,1.);
#10275 = DIRECTION('',(-0.,-1.));
#10276 = ( GEOMETRIC_REPRESENTATION_CONTEXT(2) 
PARAMETRIC_REPRESENTATION_CONTEXT() REPRESENTATION_CONTEXT('2D SPACE',''
  ) );
#10277 = PCURVE('',#1511,#10278);
#10278 = DEFINITIONAL_REPRESENTATION('',(#10279),#10283);
#10279 = LINE('',#10280,#10281);
#10280 = CARTESIAN_POINT('',(8.122552784179,0.));
#10281 = VECTOR('',#10282,1.);
#10282 = DIRECTION('',(0.,-1.));
#10283 = ( GEOMETRIC_REPRESENTATION_CONTEXT(2) 
PARAMETRIC_REPRESENTATION_CONTEXT() REPRESENTATION_CONTEXT('2D SPACE',''
  ) );
#10284 = ORIENTED_EDGE('',*,*,#10285,.T.);
#10285 = EDGE_CURVE('',#10263,#10120,#10286,.T.);
#10286 = SURFACE_CURVE('',#10287,(#10292,#10299),.PCURVE_S1.);
#10287 = CIRCLE('',#10288,1.500338035332);
#10288 = AXIS2_PLACEMENT_3D('',#10289,#10290,#10291);
#10289 = CARTESIAN_POINT('',(292.1117856439,-67.90033786526,15.85));
#10290 = DIRECTION('',(0.,0.,1.));
#10291 = DIRECTION('',(0.996639940902,8.190743676996E-02,-0.));
#10292 = PCURVE('',#1484,#10293);
#10293 = DEFINITIONAL_REPRESENTATION('',(#10294),#10298);
#10294 = LINE('',#10295,#10296);
#10295 = CARTESIAN_POINT('',(-0.,-4.75));
#10296 = VECTOR('',#10297,1.);
#10297 = DIRECTION('',(-1.,0.));
#10298 = ( GEOMETRIC_REPRESENTATION_CONTEXT(2) 
PARAMETRIC_REPRESENTATION_CONTEXT() REPRESENTATION_CONTEXT('2D SPACE',''
  ) );
#10299 = PCURVE('',#10031,#10300);
#10300 = DEFINITIONAL_REPRESENTATION('',(#10301),#10305);
#10301 = CIRCLE('',#10302,1.500338035332);
#10302 = AXIS2_PLACEMENT_2D('',#10303,#10304);
#10303 = CARTESIAN_POINT('',(1.748890983973,3.999908885512));
#10304 = DIRECTION('',(0.996639940902,8.190743676996E-02));
#10305 = ( GEOMETRIC_REPRESENTATION_CONTEXT(2) 
PARAMETRIC_REPRESENTATION_CONTEXT() REPRESENTATION_CONTEXT('2D SPACE',''
  ) );
#10306 = ORIENTED_EDGE('',*,*,#10119,.F.);
#10307 = ADVANCED_FACE('',(#10308),#3054,.T.);
#10308 = FACE_BOUND('',#10309,.F.);
#10309 = EDGE_LOOP('',(#10310,#10311,#10332,#10333,#10354,#10380));
#10310 = ORIENTED_EDGE('',*,*,#3037,.F.);
#10311 = ORIENTED_EDGE('',*,*,#10312,.T.);
#10312 = EDGE_CURVE('',#3010,#5521,#10313,.T.);
#10313 = SURFACE_CURVE('',#10314,(#10318,#10325),.PCURVE_S1.);
#10314 = LINE('',#10315,#10316);
#10315 = CARTESIAN_POINT('',(172.54239847481,-78.60923552145,12.1));
#10316 = VECTOR('',#10317,1.);
#10317 = DIRECTION('',(0.,0.,1.));
#10318 = PCURVE('',#3054,#10319);
#10319 = DEFINITIONAL_REPRESENTATION('',(#10320),#10324);
#10320 = LINE('',#10321,#10322);
#10321 = CARTESIAN_POINT('',(-0.,0.));
#10322 = VECTOR('',#10323,1.);
#10323 = DIRECTION('',(-0.,-1.));
#10324 = ( GEOMETRIC_REPRESENTATION_CONTEXT(2) 
PARAMETRIC_REPRESENTATION_CONTEXT() REPRESENTATION_CONTEXT('2D SPACE',''
  ) );
#10325 = PCURVE('',#3025,#10326);
#10326 = DEFINITIONAL_REPRESENTATION('',(#10327),#10331);
#10327 = LINE('',#10328,#10329);
#10328 = CARTESIAN_POINT('',(12.01882213037,0.));
#10329 = VECTOR('',#10330,1.);
#10330 = DIRECTION('',(0.,-1.));
#10331 = ( GEOMETRIC_REPRESENTATION_CONTEXT(2) 
PARAMETRIC_REPRESENTATION_CONTEXT() REPRESENTATION_CONTEXT('2D SPACE',''
  ) );
#10332 = ORIENTED_EDGE('',*,*,#5520,.T.);
#10333 = ORIENTED_EDGE('',*,*,#10334,.T.);
#10334 = EDGE_CURVE('',#5523,#10335,#10337,.T.);
#10335 = VERTEX_POINT('',#10336);
#10336 = CARTESIAN_POINT('',(171.80073555655,-76.57633191454,17.1));
#10337 = SURFACE_CURVE('',#10338,(#10342,#10348),.PCURVE_S1.);
#10338 = LINE('',#10339,#10340);
#10339 = CARTESIAN_POINT('',(171.80073555655,-76.57633191454,12.1));
#10340 = VECTOR('',#10341,1.);
#10341 = DIRECTION('',(-0.,-0.,-1.));
#10342 = PCURVE('',#3054,#10343);
#10343 = DEFINITIONAL_REPRESENTATION('',(#10344),#10347);
#10344 = B_SPLINE_CURVE_WITH_KNOTS('',1,(#10345,#10346),.UNSPECIFIED.,
  .F.,.F.,(2,2),(-6.5000024,-4.9999976),.PIECEWISE_BEZIER_KNOTS.);
#10345 = CARTESIAN_POINT('',(-0.514548239769,-6.5000024));
#10346 = CARTESIAN_POINT('',(-0.514548239769,-4.9999976));
#10347 = ( GEOMETRIC_REPRESENTATION_CONTEXT(2) 
PARAMETRIC_REPRESENTATION_CONTEXT() REPRESENTATION_CONTEXT('2D SPACE',''
  ) );
#10348 = PCURVE('',#5563,#10349);
#10349 = DEFINITIONAL_REPRESENTATION('',(#10350),#10353);
#10350 = B_SPLINE_CURVE_WITH_KNOTS('',1,(#10351,#10352),.UNSPECIFIED.,
  .F.,.F.,(2,2),(-6.5000024,-4.9999976),.PIECEWISE_BEZIER_KNOTS.);
#10351 = CARTESIAN_POINT('',(-0.434426888372,-1.5000024));
#10352 = CARTESIAN_POINT('',(-0.434426888372,2.399999999625E-06));
#10353 = ( GEOMETRIC_REPRESENTATION_CONTEXT(2) 
PARAMETRIC_REPRESENTATION_CONTEXT() REPRESENTATION_CONTEXT('2D SPACE',''
  ) );
#10354 = ORIENTED_EDGE('',*,*,#10355,.F.);
#10355 = EDGE_CURVE('',#10169,#10335,#10356,.T.);
#10356 = SURFACE_CURVE('',#10357,(#10362,#10369),.PCURVE_S1.);
#10357 = CIRCLE('',#10358,4.252325519443);
#10358 = AXIS2_PLACEMENT_3D('',#10359,#10360,#10361);
#10359 = CARTESIAN_POINT('',(168.30827166976,-79.0022272797,17.1));
#10360 = DIRECTION('',(0.,-0.,-1.));
#10361 = DIRECTION('',(0.99572029133,9.241807957957E-02,-0.));
#10362 = PCURVE('',#3054,#10363);
#10363 = DEFINITIONAL_REPRESENTATION('',(#10364),#10368);
#10364 = LINE('',#10365,#10366);
#10365 = CARTESIAN_POINT('',(-6.28318530718,-5.));
#10366 = VECTOR('',#10367,1.);
#10367 = DIRECTION('',(1.,-0.));
#10368 = ( GEOMETRIC_REPRESENTATION_CONTEXT(2) 
PARAMETRIC_REPRESENTATION_CONTEXT() REPRESENTATION_CONTEXT('2D SPACE',''
  ) );
#10369 = PCURVE('',#7086,#10370);
#10370 = DEFINITIONAL_REPRESENTATION('',(#10371),#10379);
#10371 = ( BOUNDED_CURVE() B_SPLINE_CURVE(2,(#10372,#10373,#10374,#10375
    ,#10376,#10377,#10378),.UNSPECIFIED.,.T.,.F.) 
B_SPLINE_CURVE_WITH_KNOTS((1,2,2,2,2,1),(-2.094395102393,0.,
    2.094395102393,4.188790204786,6.28318530718,8.377580409573),
.UNSPECIFIED.) CURVE() GEOMETRIC_REPRESENTATION_ITEM() 
RATIONAL_B_SPLINE_CURVE((1.,0.5,1.,0.5,1.,0.5,1.)) REPRESENTATION_ITEM(
  '') );
#10372 = CARTESIAN_POINT('',(9.315733513204,-33.05088970311));
#10373 = CARTESIAN_POINT('',(9.996415205456,-40.38461245515));
#10374 = CARTESIAN_POINT('',(3.304884151753,-37.30723871651));
#10375 = CARTESIAN_POINT('',(-3.38664690195,-34.22986497787));
#10376 = CARTESIAN_POINT('',(2.624202459501,-29.97351596447));
#10377 = CARTESIAN_POINT('',(8.635051820952,-25.71716695107));
#10378 = CARTESIAN_POINT('',(9.315733513204,-33.05088970311));
#10379 = ( GEOMETRIC_REPRESENTATION_CONTEXT(2) 
PARAMETRIC_REPRESENTATION_CONTEXT() REPRESENTATION_CONTEXT('2D SPACE',''
  ) );
#10380 = ORIENTED_EDGE('',*,*,#10168,.F.);
#10381 = ADVANCED_FACE('',(#10382),#1511,.T.);
#10382 = FACE_BOUND('',#10383,.T.);
#10383 = EDGE_LOOP('',(#10384,#10385,#10408,#10429));
#10384 = ORIENTED_EDGE('',*,*,#1496,.T.);
#10385 = ORIENTED_EDGE('',*,*,#10386,.T.);
#10386 = EDGE_CURVE('',#1497,#10387,#10389,.T.);
#10387 = VERTEX_POINT('',#10388);
#10388 = CARTESIAN_POINT('',(293.6125,-75.9,15.85));
#10389 = SURFACE_CURVE('',#10390,(#10394,#10401),.PCURVE_S1.);
#10390 = LINE('',#10391,#10392);
#10391 = CARTESIAN_POINT('',(293.6125,-75.9,11.1));
#10392 = VECTOR('',#10393,1.);
#10393 = DIRECTION('',(0.,0.,1.));
#10394 = PCURVE('',#1511,#10395);
#10395 = DEFINITIONAL_REPRESENTATION('',(#10396),#10400);
#10396 = LINE('',#10397,#10398);
#10397 = CARTESIAN_POINT('',(0.,0.));
#10398 = VECTOR('',#10399,1.);
#10399 = DIRECTION('',(0.,-1.));
#10400 = ( GEOMETRIC_REPRESENTATION_CONTEXT(2) 
PARAMETRIC_REPRESENTATION_CONTEXT() REPRESENTATION_CONTEXT('2D SPACE',''
  ) );
#10401 = PCURVE('',#1543,#10402);
#10402 = DEFINITIONAL_REPRESENTATION('',(#10403),#10407);
#10403 = LINE('',#10404,#10405);
#10404 = CARTESIAN_POINT('',(-1.455531117313,0.));
#10405 = VECTOR('',#10406,1.);
#10406 = DIRECTION('',(-0.,-1.));
#10407 = ( GEOMETRIC_REPRESENTATION_CONTEXT(2) 
PARAMETRIC_REPRESENTATION_CONTEXT() REPRESENTATION_CONTEXT('2D SPACE',''
  ) );
#10408 = ORIENTED_EDGE('',*,*,#10409,.T.);
#10409 = EDGE_CURVE('',#10387,#10263,#10410,.T.);
#10410 = SURFACE_CURVE('',#10411,(#10415,#10422),.PCURVE_S1.);
#10411 = LINE('',#10412,#10413);
#10412 = CARTESIAN_POINT('',(293.6125,-75.9,15.85));
#10413 = VECTOR('',#10414,1.);
#10414 = DIRECTION('',(-6.669756872276E-04,0.999999777572,0.));
#10415 = PCURVE('',#1511,#10416);
#10416 = DEFINITIONAL_REPRESENTATION('',(#10417),#10421);
#10417 = LINE('',#10418,#10419);
#10418 = CARTESIAN_POINT('',(0.,-4.75));
#10419 = VECTOR('',#10420,1.);
#10420 = DIRECTION('',(1.,0.));
#10421 = ( GEOMETRIC_REPRESENTATION_CONTEXT(2) 
PARAMETRIC_REPRESENTATION_CONTEXT() REPRESENTATION_CONTEXT('2D SPACE',''
  ) );
#10422 = PCURVE('',#10031,#10423);
#10423 = DEFINITIONAL_REPRESENTATION('',(#10424),#10428);
#10424 = LINE('',#10425,#10426);
#10425 = CARTESIAN_POINT('',(3.249605340066,-3.999753249219));
#10426 = VECTOR('',#10427,1.);
#10427 = DIRECTION('',(-6.669756872276E-04,0.999999777572));
#10428 = ( GEOMETRIC_REPRESENTATION_CONTEXT(2) 
PARAMETRIC_REPRESENTATION_CONTEXT() REPRESENTATION_CONTEXT('2D SPACE',''
  ) );
#10429 = ORIENTED_EDGE('',*,*,#10262,.F.);
#10430 = ADVANCED_FACE('',(#10431),#3025,.F.);
#10431 = FACE_BOUND('',#10432,.F.);
#10432 = EDGE_LOOP('',(#10433,#10454,#10455,#10456));
#10433 = ORIENTED_EDGE('',*,*,#10434,.T.);
#10434 = EDGE_CURVE('',#2981,#6666,#10435,.T.);
#10435 = SURFACE_CURVE('',#10436,(#10440,#10447),.PCURVE_S1.);
#10436 = LINE('',#10437,#10438);
#10437 = CARTESIAN_POINT('',(172.5625,-90.62804084187,12.1));
#10438 = VECTOR('',#10439,1.);
#10439 = DIRECTION('',(0.,0.,1.));
#10440 = PCURVE('',#3025,#10441);
#10441 = DEFINITIONAL_REPRESENTATION('',(#10442),#10446);
#10442 = LINE('',#10443,#10444);
#10443 = CARTESIAN_POINT('',(0.,0.));
#10444 = VECTOR('',#10445,1.);
#10445 = DIRECTION('',(0.,-1.));
#10446 = ( GEOMETRIC_REPRESENTATION_CONTEXT(2) 
PARAMETRIC_REPRESENTATION_CONTEXT() REPRESENTATION_CONTEXT('2D SPACE',''
  ) );
#10447 = PCURVE('',#2997,#10448);
#10448 = DEFINITIONAL_REPRESENTATION('',(#10449),#10453);
#10449 = LINE('',#10450,#10451);
#10450 = CARTESIAN_POINT('',(-1.066616226794,0.));
#10451 = VECTOR('',#10452,1.);
#10452 = DIRECTION('',(-0.,-1.));
#10453 = ( GEOMETRIC_REPRESENTATION_CONTEXT(2) 
PARAMETRIC_REPRESENTATION_CONTEXT() REPRESENTATION_CONTEXT('2D SPACE',''
  ) );
#10454 = ORIENTED_EDGE('',*,*,#6689,.T.);
#10455 = ORIENTED_EDGE('',*,*,#10312,.F.);
#10456 = ORIENTED_EDGE('',*,*,#3009,.F.);
#10457 = ADVANCED_FACE('',(#10458),#1543,.F.);
#10458 = FACE_BOUND('',#10459,.T.);
#10459 = EDGE_LOOP('',(#10460,#10461,#10484,#10506));
#10460 = ORIENTED_EDGE('',*,*,#1522,.T.);
#10461 = ORIENTED_EDGE('',*,*,#10462,.T.);
#10462 = EDGE_CURVE('',#1523,#10463,#10465,.T.);
#10463 = VERTEX_POINT('',#10464);
#10464 = CARTESIAN_POINT('',(292.28388237755,-77.38977298165,15.85));
#10465 = SURFACE_CURVE('',#10466,(#10470,#10477),.PCURVE_S1.);
#10466 = LINE('',#10467,#10468);
#10467 = CARTESIAN_POINT('',(292.28388237755,-77.38977298165,11.1));
#10468 = VECTOR('',#10469,1.);
#10469 = DIRECTION('',(0.,0.,1.));
#10470 = PCURVE('',#1543,#10471);
#10471 = DEFINITIONAL_REPRESENTATION('',(#10472),#10476);
#10472 = LINE('',#10473,#10474);
#10473 = CARTESIAN_POINT('',(-0.,0.));
#10474 = VECTOR('',#10475,1.);
#10475 = DIRECTION('',(-0.,-1.));
#10476 = ( GEOMETRIC_REPRESENTATION_CONTEXT(2) 
PARAMETRIC_REPRESENTATION_CONTEXT() REPRESENTATION_CONTEXT('2D SPACE',''
  ) );
#10477 = PCURVE('',#1570,#10478);
#10478 = DEFINITIONAL_REPRESENTATION('',(#10479),#10483);
#10479 = LINE('',#10480,#10481);
#10480 = CARTESIAN_POINT('',(3.671396621742,0.));
#10481 = VECTOR('',#10482,1.);
#10482 = DIRECTION('',(0.,-1.));
#10483 = ( GEOMETRIC_REPRESENTATION_CONTEXT(2) 
PARAMETRIC_REPRESENTATION_CONTEXT() REPRESENTATION_CONTEXT('2D SPACE',''
  ) );
#10484 = ORIENTED_EDGE('',*,*,#10485,.T.);
#10485 = EDGE_CURVE('',#10463,#10387,#10486,.T.);
#10486 = SURFACE_CURVE('',#10487,(#10492,#10499),.PCURVE_S1.);
#10487 = CIRCLE('',#10488,1.500413123523);
#10488 = AXIS2_PLACEMENT_3D('',#10489,#10490,#10491);
#10489 = CARTESIAN_POINT('',(292.11208707535,-75.89922747232,15.85));
#10490 = DIRECTION('',(0.,0.,1.));
#10491 = DIRECTION('',(0.11449866674,-0.993423401836,0.));
#10492 = PCURVE('',#1543,#10493);
#10493 = DEFINITIONAL_REPRESENTATION('',(#10494),#10498);
#10494 = LINE('',#10495,#10496);
#10495 = CARTESIAN_POINT('',(-0.,-4.75));
#10496 = VECTOR('',#10497,1.);
#10497 = DIRECTION('',(-1.,0.));
#10498 = ( GEOMETRIC_REPRESENTATION_CONTEXT(2) 
PARAMETRIC_REPRESENTATION_CONTEXT() REPRESENTATION_CONTEXT('2D SPACE',''
  ) );
#10499 = PCURVE('',#10031,#10500);
#10500 = DEFINITIONAL_REPRESENTATION('',(#10501),#10505);
#10501 = CIRCLE('',#10502,1.500413123523);
#10502 = AXIS2_PLACEMENT_2D('',#10503,#10504);
#10503 = CARTESIAN_POINT('',(1.749192415421,-3.998980721544));
#10504 = DIRECTION('',(0.11449866674,-0.993423401836));
#10505 = ( GEOMETRIC_REPRESENTATION_CONTEXT(2) 
PARAMETRIC_REPRESENTATION_CONTEXT() REPRESENTATION_CONTEXT('2D SPACE',''
  ) );
#10506 = ORIENTED_EDGE('',*,*,#10386,.F.);
#10507 = ADVANCED_FACE('',(#10508),#2997,.T.);
#10508 = FACE_BOUND('',#10509,.F.);
#10509 = EDGE_LOOP('',(#10510,#10531,#10532,#10533));
#10510 = ORIENTED_EDGE('',*,*,#10511,.T.);
#10511 = EDGE_CURVE('',#2953,#6643,#10512,.T.);
#10512 = SURFACE_CURVE('',#10513,(#10517,#10524),.PCURVE_S1.);
#10513 = LINE('',#10514,#10515);
#10514 = CARTESIAN_POINT('',(170.38481042997,-94.36911699866,12.1));
#10515 = VECTOR('',#10516,1.);
#10516 = DIRECTION('',(0.,0.,1.));
#10517 = PCURVE('',#2997,#10518);
#10518 = DEFINITIONAL_REPRESENTATION('',(#10519),#10523);
#10519 = LINE('',#10520,#10521);
#10520 = CARTESIAN_POINT('',(-0.,0.));
#10521 = VECTOR('',#10522,1.);
#10522 = DIRECTION('',(-0.,-1.));
#10523 = ( GEOMETRIC_REPRESENTATION_CONTEXT(2) 
PARAMETRIC_REPRESENTATION_CONTEXT() REPRESENTATION_CONTEXT('2D SPACE',''
  ) );
#10524 = PCURVE('',#2968,#10525);
#10525 = DEFINITIONAL_REPRESENTATION('',(#10526),#10530);
#10526 = LINE('',#10527,#10528);
#10527 = CARTESIAN_POINT('',(17.127941608512,0.));
#10528 = VECTOR('',#10529,1.);
#10529 = DIRECTION('',(0.,-1.));
#10530 = ( GEOMETRIC_REPRESENTATION_CONTEXT(2) 
PARAMETRIC_REPRESENTATION_CONTEXT() REPRESENTATION_CONTEXT('2D SPACE',''
  ) );
#10531 = ORIENTED_EDGE('',*,*,#6665,.T.);
#10532 = ORIENTED_EDGE('',*,*,#10434,.F.);
#10533 = ORIENTED_EDGE('',*,*,#2980,.F.);
#10534 = ADVANCED_FACE('',(#10535),#1570,.T.);
#10535 = FACE_BOUND('',#10536,.T.);
#10536 = EDGE_LOOP('',(#10537,#10538,#10559,#10560));
#10537 = ORIENTED_EDGE('',*,*,#9995,.T.);
#10538 = ORIENTED_EDGE('',*,*,#10539,.T.);
#10539 = EDGE_CURVE('',#9996,#10463,#10540,.T.);
#10540 = SURFACE_CURVE('',#10541,(#10545,#10552),.PCURVE_S1.);
#10541 = LINE('',#10542,#10543);
#10542 = CARTESIAN_POINT('',(288.6125,-77.4,15.85));
#10543 = VECTOR('',#10544,1.);
#10544 = DIRECTION('',(0.999996120227,2.785593440069E-03,0.));
#10545 = PCURVE('',#1570,#10546);
#10546 = DEFINITIONAL_REPRESENTATION('',(#10547),#10551);
#10547 = LINE('',#10548,#10549);
#10548 = CARTESIAN_POINT('',(0.,-4.75));
#10549 = VECTOR('',#10550,1.);
#10550 = DIRECTION('',(1.,0.));
#10551 = ( GEOMETRIC_REPRESENTATION_CONTEXT(2) 
PARAMETRIC_REPRESENTATION_CONTEXT() REPRESENTATION_CONTEXT('2D SPACE',''
  ) );
#10552 = PCURVE('',#10031,#10553);
#10553 = DEFINITIONAL_REPRESENTATION('',(#10554),#10558);
#10554 = LINE('',#10555,#10556);
#10555 = CARTESIAN_POINT('',(-1.750394659934,-5.499753249219));
#10556 = VECTOR('',#10557,1.);
#10557 = DIRECTION('',(0.999996120227,2.785593440069E-03));
#10558 = ( GEOMETRIC_REPRESENTATION_CONTEXT(2) 
PARAMETRIC_REPRESENTATION_CONTEXT() REPRESENTATION_CONTEXT('2D SPACE',''
  ) );
#10559 = ORIENTED_EDGE('',*,*,#10462,.F.);
#10560 = ORIENTED_EDGE('',*,*,#1555,.T.);
#10561 = ADVANCED_FACE('',(#10562),#2968,.F.);
#10562 = FACE_BOUND('',#10563,.F.);
#10563 = EDGE_LOOP('',(#10564,#10592,#10613,#10614,#10615,#10616));
#10564 = ORIENTED_EDGE('',*,*,#10565,.F.);
#10565 = EDGE_CURVE('',#10566,#10568,#10570,.T.);
#10566 = VERTEX_POINT('',#10567);
#10567 = CARTESIAN_POINT('',(154.73118236815,-101.3211175917,15.85));
#10568 = VERTEX_POINT('',#10569);
#10569 = CARTESIAN_POINT('',(155.16882550274,-101.1267540027,15.85));
#10570 = SURFACE_CURVE('',#10571,(#10575,#10581),.PCURVE_S1.);
#10571 = LINE('',#10572,#10573);
#10572 = CARTESIAN_POINT('',(153.46425399042,-101.8837786438,15.85));
#10573 = VECTOR('',#10574,1.);
#10574 = DIRECTION('',(0.913923483604,0.405886518766,-0.));
#10575 = PCURVE('',#2968,#10576);
#10576 = DEFINITIONAL_REPRESENTATION('',(#10577),#10580);
#10577 = B_SPLINE_CURVE_WITH_KNOTS('',1,(#10578,#10579),.UNSPECIFIED.,
  .F.,.F.,(2,2),(1.386252132101,4.949755710963),
  .PIECEWISE_BEZIER_KNOTS.);
#10578 = CARTESIAN_POINT('',(0.,-3.75));
#10579 = CARTESIAN_POINT('',(3.563503578862,-3.75));
#10580 = ( GEOMETRIC_REPRESENTATION_CONTEXT(2) 
PARAMETRIC_REPRESENTATION_CONTEXT() REPRESENTATION_CONTEXT('2D SPACE',''
  ) );
#10581 = PCURVE('',#10582,#10587);
#10582 = PLANE('',#10583);
#10583 = AXIS2_PLACEMENT_3D('',#10584,#10585,#10586);
#10584 = CARTESIAN_POINT('',(153.275185405,-104.8734268724,15.85));
#10585 = DIRECTION('',(0.,0.,1.));
#10586 = DIRECTION('',(1.,0.,-0.));
#10587 = DEFINITIONAL_REPRESENTATION('',(#10588),#10591);
#10588 = B_SPLINE_CURVE_WITH_KNOTS('',1,(#10589,#10590),.UNSPECIFIED.,
  .F.,.F.,(2,2),(1.386252132101,4.949755710963),
  .PIECEWISE_BEZIER_KNOTS.);
#10589 = CARTESIAN_POINT('',(1.455996963149,3.552309280696));
#10590 = CARTESIAN_POINT('',(4.71276656778,4.998687342932));
#10591 = ( GEOMETRIC_REPRESENTATION_CONTEXT(2) 
PARAMETRIC_REPRESENTATION_CONTEXT() REPRESENTATION_CONTEXT('2D SPACE',''
  ) );
#10592 = ORIENTED_EDGE('',*,*,#10593,.T.);
#10593 = EDGE_CURVE('',#10566,#6610,#10594,.T.);
#10594 = SURFACE_CURVE('',#10595,(#10599,#10606),.PCURVE_S1.);
#10595 = LINE('',#10596,#10597);
#10596 = CARTESIAN_POINT('',(154.73118236815,-101.3211175917,12.1));
#10597 = VECTOR('',#10598,1.);
#10598 = DIRECTION('',(0.,0.,1.));
#10599 = PCURVE('',#2968,#10600);
#10600 = DEFINITIONAL_REPRESENTATION('',(#10601),#10605);
#10601 = LINE('',#10602,#10603);
#10602 = CARTESIAN_POINT('',(0.,0.));
#10603 = VECTOR('',#10604,1.);
#10604 = DIRECTION('',(0.,-1.));
#10605 = ( GEOMETRIC_REPRESENTATION_CONTEXT(2) 
PARAMETRIC_REPRESENTATION_CONTEXT() REPRESENTATION_CONTEXT('2D SPACE',''
  ) );
#10606 = PCURVE('',#6630,#10607);
#10607 = DEFINITIONAL_REPRESENTATION('',(#10608),#10612);
#10608 = LINE('',#10609,#10610);
#10609 = CARTESIAN_POINT('',(1.43883634073,0.));
#10610 = VECTOR('',#10611,1.);
#10611 = DIRECTION('',(0.,-1.));
#10612 = ( GEOMETRIC_REPRESENTATION_CONTEXT(2) 
PARAMETRIC_REPRESENTATION_CONTEXT() REPRESENTATION_CONTEXT('2D SPACE',''
  ) );
#10613 = ORIENTED_EDGE('',*,*,#6642,.T.);
#10614 = ORIENTED_EDGE('',*,*,#10511,.F.);
#10615 = ORIENTED_EDGE('',*,*,#2952,.F.);
#10616 = ORIENTED_EDGE('',*,*,#10617,.T.);
#10617 = EDGE_CURVE('',#2927,#10568,#10618,.T.);
#10618 = SURFACE_CURVE('',#10619,(#10623,#10629),.PCURVE_S1.);
#10619 = LINE('',#10620,#10621);
#10620 = CARTESIAN_POINT('',(155.16882550274,-101.1267540027,11.6));
#10621 = VECTOR('',#10622,1.);
#10622 = DIRECTION('',(0.,0.,1.));
#10623 = PCURVE('',#2968,#10624);
#10624 = DEFINITIONAL_REPRESENTATION('',(#10625),#10628);
#10625 = B_SPLINE_CURVE_WITH_KNOTS('',1,(#10626,#10627),.UNSPECIFIED.,
  .F.,.F.,(2,2),(0.5,4.25),.PIECEWISE_BEZIER_KNOTS.);
#10626 = CARTESIAN_POINT('',(0.478861898659,0.));
#10627 = CARTESIAN_POINT('',(0.478861898659,-3.75));
#10628 = ( GEOMETRIC_REPRESENTATION_CONTEXT(2) 
PARAMETRIC_REPRESENTATION_CONTEXT() REPRESENTATION_CONTEXT('2D SPACE',''
  ) );
#10629 = PCURVE('',#2941,#10630);
#10630 = DEFINITIONAL_REPRESENTATION('',(#10631),#10634);
#10631 = B_SPLINE_CURVE_WITH_KNOTS('',1,(#10632,#10633),.UNSPECIFIED.,
  .F.,.F.,(2,2),(0.5,4.25),.PIECEWISE_BEZIER_KNOTS.);
#10632 = CARTESIAN_POINT('',(6.667186656202,-1.));
#10633 = CARTESIAN_POINT('',(6.667186656202,-4.75));
#10634 = ( GEOMETRIC_REPRESENTATION_CONTEXT(2) 
PARAMETRIC_REPRESENTATION_CONTEXT() REPRESENTATION_CONTEXT('2D SPACE',''
  ) );
#10635 = ADVANCED_FACE('',(#10636),#2941,.T.);
#10636 = FACE_BOUND('',#10637,.T.);
#10637 = EDGE_LOOP('',(#10638,#10639,#10662,#10683));
#10638 = ORIENTED_EDGE('',*,*,#10617,.T.);
#10639 = ORIENTED_EDGE('',*,*,#10640,.T.);
#10640 = EDGE_CURVE('',#10568,#10641,#10643,.T.);
#10641 = VERTEX_POINT('',#10642);
#10642 = CARTESIAN_POINT('',(154.56138345075,-99.75065873897,15.85));
#10643 = SURFACE_CURVE('',#10644,(#10648,#10655),.PCURVE_S1.);
#10644 = LINE('',#10645,#10646);
#10645 = CARTESIAN_POINT('',(157.86123597485,-107.2261231306,15.85));
#10646 = VECTOR('',#10647,1.);
#10647 = DIRECTION('',(-0.403830072705,0.914834013567,0.));
#10648 = PCURVE('',#2941,#10649);
#10649 = DEFINITIONAL_REPRESENTATION('',(#10650),#10654);
#10650 = LINE('',#10651,#10652);
#10651 = CARTESIAN_POINT('',(0.,-4.75));
#10652 = VECTOR('',#10653,1.);
#10653 = DIRECTION('',(1.,0.));
#10654 = ( GEOMETRIC_REPRESENTATION_CONTEXT(2) 
PARAMETRIC_REPRESENTATION_CONTEXT() REPRESENTATION_CONTEXT('2D SPACE',''
  ) );
#10655 = PCURVE('',#10582,#10656);
#10656 = DEFINITIONAL_REPRESENTATION('',(#10657),#10661);
#10657 = LINE('',#10658,#10659);
#10658 = CARTESIAN_POINT('',(4.586050569848,-2.352696258181));
#10659 = VECTOR('',#10660,1.);
#10660 = DIRECTION('',(-0.403830072705,0.914834013567));
#10661 = ( GEOMETRIC_REPRESENTATION_CONTEXT(2) 
PARAMETRIC_REPRESENTATION_CONTEXT() REPRESENTATION_CONTEXT('2D SPACE',''
  ) );
#10662 = ORIENTED_EDGE('',*,*,#10663,.F.);
#10663 = EDGE_CURVE('',#2894,#10641,#10664,.T.);
#10664 = SURFACE_CURVE('',#10665,(#10669,#10676),.PCURVE_S1.);
#10665 = LINE('',#10666,#10667);
#10666 = CARTESIAN_POINT('',(154.56138345075,-99.75065873897,11.1));
#10667 = VECTOR('',#10668,1.);
#10668 = DIRECTION('',(0.,0.,1.));
#10669 = PCURVE('',#2941,#10670);
#10670 = DEFINITIONAL_REPRESENTATION('',(#10671),#10675);
#10671 = LINE('',#10672,#10673);
#10672 = CARTESIAN_POINT('',(8.171388777445,0.));
#10673 = VECTOR('',#10674,1.);
#10674 = DIRECTION('',(0.,-1.));
#10675 = ( GEOMETRIC_REPRESENTATION_CONTEXT(2) 
PARAMETRIC_REPRESENTATION_CONTEXT() REPRESENTATION_CONTEXT('2D SPACE',''
  ) );
#10676 = PCURVE('',#2914,#10677);
#10677 = DEFINITIONAL_REPRESENTATION('',(#10678),#10682);
#10678 = LINE('',#10679,#10680);
#10679 = CARTESIAN_POINT('',(-0.,0.));
#10680 = VECTOR('',#10681,1.);
#10681 = DIRECTION('',(-0.,-1.));
#10682 = ( GEOMETRIC_REPRESENTATION_CONTEXT(2) 
PARAMETRIC_REPRESENTATION_CONTEXT() REPRESENTATION_CONTEXT('2D SPACE',''
  ) );
#10683 = ORIENTED_EDGE('',*,*,#2926,.T.);
#10684 = ADVANCED_FACE('',(#10685),#1625,.F.);
#10685 = FACE_BOUND('',#10686,.F.);
#10686 = EDGE_LOOP('',(#10687,#10688,#10689,#10710));
#10687 = ORIENTED_EDGE('',*,*,#9973,.T.);
#10688 = ORIENTED_EDGE('',*,*,#6212,.T.);
#10689 = ORIENTED_EDGE('',*,*,#10690,.F.);
#10690 = EDGE_CURVE('',#1605,#6213,#10691,.T.);
#10691 = SURFACE_CURVE('',#10692,(#10696,#10703),.PCURVE_S1.);
#10692 = LINE('',#10693,#10694);
#10693 = CARTESIAN_POINT('',(287.5934780302,-101.73125,12.1));
#10694 = VECTOR('',#10695,1.);
#10695 = DIRECTION('',(0.,0.,1.));
#10696 = PCURVE('',#1625,#10697);
#10697 = DEFINITIONAL_REPRESENTATION('',(#10698),#10702);
#10698 = LINE('',#10699,#10700);
#10699 = CARTESIAN_POINT('',(1.438836340534,0.));
#10700 = VECTOR('',#10701,1.);
#10701 = DIRECTION('',(0.,-1.));
#10702 = ( GEOMETRIC_REPRESENTATION_CONTEXT(2) 
PARAMETRIC_REPRESENTATION_CONTEXT() REPRESENTATION_CONTEXT('2D SPACE',''
  ) );
#10703 = PCURVE('',#1653,#10704);
#10704 = DEFINITIONAL_REPRESENTATION('',(#10705),#10709);
#10705 = LINE('',#10706,#10707);
#10706 = CARTESIAN_POINT('',(0.,0.));
#10707 = VECTOR('',#10708,1.);
#10708 = DIRECTION('',(0.,-1.));
#10709 = ( GEOMETRIC_REPRESENTATION_CONTEXT(2) 
PARAMETRIC_REPRESENTATION_CONTEXT() REPRESENTATION_CONTEXT('2D SPACE',''
  ) );
#10710 = ORIENTED_EDGE('',*,*,#1604,.F.);
#10711 = ADVANCED_FACE('',(#10712),#2914,.F.);
#10712 = FACE_BOUND('',#10713,.T.);
#10713 = EDGE_LOOP('',(#10714,#10715,#10716,#10740));
#10714 = ORIENTED_EDGE('',*,*,#2893,.T.);
#10715 = ORIENTED_EDGE('',*,*,#10663,.T.);
#10716 = ORIENTED_EDGE('',*,*,#10717,.T.);
#10717 = EDGE_CURVE('',#10641,#10718,#10720,.T.);
#10718 = VERTEX_POINT('',#10719);
#10719 = CARTESIAN_POINT('',(152.66272246328,-99.13443249951,15.85));
#10720 = SURFACE_CURVE('',#10721,(#10726,#10733),.PCURVE_S1.);
#10721 = CIRCLE('',#10722,1.500413123523);
#10722 = AXIS2_PLACEMENT_3D('',#10723,#10724,#10725);
#10723 = CARTESIAN_POINT('',(153.26620879153,-100.5081296251,15.85));
#10724 = DIRECTION('',(0.,0.,1.));
#10725 = DIRECTION('',(0.863212030685,0.50484154948,-0.));
#10726 = PCURVE('',#2914,#10727);
#10727 = DEFINITIONAL_REPRESENTATION('',(#10728),#10732);
#10728 = LINE('',#10729,#10730);
#10729 = CARTESIAN_POINT('',(-0.,-4.75));
#10730 = VECTOR('',#10731,1.);
#10731 = DIRECTION('',(-1.,0.));
#10732 = ( GEOMETRIC_REPRESENTATION_CONTEXT(2) 
PARAMETRIC_REPRESENTATION_CONTEXT() REPRESENTATION_CONTEXT('2D SPACE',''
  ) );
#10733 = PCURVE('',#10582,#10734);
#10734 = DEFINITIONAL_REPRESENTATION('',(#10735),#10739);
#10735 = CIRCLE('',#10736,1.500413123523);
#10736 = AXIS2_PLACEMENT_2D('',#10737,#10738);
#10737 = CARTESIAN_POINT('',(-8.976613469883E-03,4.365297247367));
#10738 = DIRECTION('',(0.863212030685,0.50484154948));
#10739 = ( GEOMETRIC_REPRESENTATION_CONTEXT(2) 
PARAMETRIC_REPRESENTATION_CONTEXT() REPRESENTATION_CONTEXT('2D SPACE',''
  ) );
#10740 = ORIENTED_EDGE('',*,*,#10741,.F.);
#10741 = EDGE_CURVE('',#2868,#10718,#10742,.T.);
#10742 = SURFACE_CURVE('',#10743,(#10747,#10754),.PCURVE_S1.);
#10743 = LINE('',#10744,#10745);
#10744 = CARTESIAN_POINT('',(152.66272246328,-99.13443249951,11.1));
#10745 = VECTOR('',#10746,1.);
#10746 = DIRECTION('',(0.,0.,1.));
#10747 = PCURVE('',#2914,#10748);
#10748 = DEFINITIONAL_REPRESENTATION('',(#10749),#10753);
#10749 = LINE('',#10750,#10751);
#10750 = CARTESIAN_POINT('',(-1.455531117313,0.));
#10751 = VECTOR('',#10752,1.);
#10752 = DIRECTION('',(-0.,-1.));
#10753 = ( GEOMETRIC_REPRESENTATION_CONTEXT(2) 
PARAMETRIC_REPRESENTATION_CONTEXT() REPRESENTATION_CONTEXT('2D SPACE',''
  ) );
#10754 = PCURVE('',#2882,#10755);
#10755 = DEFINITIONAL_REPRESENTATION('',(#10756),#10760);
#10756 = LINE('',#10757,#10758);
#10757 = CARTESIAN_POINT('',(0.,0.));
#10758 = VECTOR('',#10759,1.);
#10759 = DIRECTION('',(0.,-1.));
#10760 = ( GEOMETRIC_REPRESENTATION_CONTEXT(2) 
PARAMETRIC_REPRESENTATION_CONTEXT() REPRESENTATION_CONTEXT('2D SPACE',''
  ) );
#10761 = ADVANCED_FACE('',(#10762),#1653,.F.);
#10762 = FACE_BOUND('',#10763,.F.);
#10763 = EDGE_LOOP('',(#10764,#10765,#10766,#10767,#10788,#10789,#10810,
    #10836));
#10764 = ORIENTED_EDGE('',*,*,#1637,.F.);
#10765 = ORIENTED_EDGE('',*,*,#10690,.T.);
#10766 = ORIENTED_EDGE('',*,*,#6240,.T.);
#10767 = ORIENTED_EDGE('',*,*,#10768,.F.);
#10768 = EDGE_CURVE('',#1810,#6241,#10769,.T.);
#10769 = SURFACE_CURVE('',#10770,(#10774,#10781),.PCURVE_S1.);
#10770 = LINE('',#10771,#10772);
#10771 = CARTESIAN_POINT('',(250.14367979514,-101.712611806,12.1));
#10772 = VECTOR('',#10773,1.);
#10773 = DIRECTION('',(0.,0.,1.));
#10774 = PCURVE('',#1653,#10775);
#10775 = DEFINITIONAL_REPRESENTATION('',(#10776),#10780);
#10776 = LINE('',#10777,#10778);
#10777 = CARTESIAN_POINT('',(37.449802873035,0.));
#10778 = VECTOR('',#10779,1.);
#10779 = DIRECTION('',(0.,-1.));
#10780 = ( GEOMETRIC_REPRESENTATION_CONTEXT(2) 
PARAMETRIC_REPRESENTATION_CONTEXT() REPRESENTATION_CONTEXT('2D SPACE',''
  ) );
#10781 = PCURVE('',#1853,#10782);
#10782 = DEFINITIONAL_REPRESENTATION('',(#10783),#10787);
#10783 = LINE('',#10784,#10785);
#10784 = CARTESIAN_POINT('',(0.,0.));
#10785 = VECTOR('',#10786,1.);
#10786 = DIRECTION('',(0.,-1.));
#10787 = ( GEOMETRIC_REPRESENTATION_CONTEXT(2) 
PARAMETRIC_REPRESENTATION_CONTEXT() REPRESENTATION_CONTEXT('2D SPACE',''
  ) );
#10788 = ORIENTED_EDGE('',*,*,#1809,.F.);
#10789 = ORIENTED_EDGE('',*,*,#10790,.T.);
#10790 = EDGE_CURVE('',#1784,#10791,#10793,.T.);
#10791 = VERTEX_POINT('',#10792);
#10792 = CARTESIAN_POINT('',(263.50205580397,-101.7192600662,15.85));
#10793 = SURFACE_CURVE('',#10794,(#10798,#10804),.PCURVE_S1.);
#10794 = LINE('',#10795,#10796);
#10795 = CARTESIAN_POINT('',(263.50205580397,-101.7192600662,11.6));
#10796 = VECTOR('',#10797,1.);
#10797 = DIRECTION('',(0.,0.,1.));
#10798 = PCURVE('',#1653,#10799);
#10799 = DEFINITIONAL_REPRESENTATION('',(#10800),#10803);
#10800 = B_SPLINE_CURVE_WITH_KNOTS('',1,(#10801,#10802),.UNSPECIFIED.,
  .F.,.F.,(2,2),(0.5,4.25),.PIECEWISE_BEZIER_KNOTS.);
#10801 = CARTESIAN_POINT('',(24.091425209836,0.));
#10802 = CARTESIAN_POINT('',(24.091425209836,-3.75));
#10803 = ( GEOMETRIC_REPRESENTATION_CONTEXT(2) 
PARAMETRIC_REPRESENTATION_CONTEXT() REPRESENTATION_CONTEXT('2D SPACE',''
  ) );
#10804 = PCURVE('',#1798,#10805);
#10805 = DEFINITIONAL_REPRESENTATION('',(#10806),#10809);
#10806 = B_SPLINE_CURVE_WITH_KNOTS('',1,(#10807,#10808),.UNSPECIFIED.,
  .F.,.F.,(2,2),(0.5,4.25),.PIECEWISE_BEZIER_KNOTS.);
#10807 = CARTESIAN_POINT('',(0.738012929571,-1.));
#10808 = CARTESIAN_POINT('',(0.738012929571,-4.75));
#10809 = ( GEOMETRIC_REPRESENTATION_CONTEXT(2) 
PARAMETRIC_REPRESENTATION_CONTEXT() REPRESENTATION_CONTEXT('2D SPACE',''
  ) );
#10810 = ORIENTED_EDGE('',*,*,#10811,.F.);
#10811 = EDGE_CURVE('',#10812,#10791,#10814,.T.);
#10812 = VERTEX_POINT('',#10813);
#10813 = CARTESIAN_POINT('',(274.49232142549,-101.7247297539,15.85));
#10814 = SURFACE_CURVE('',#10815,(#10819,#10825),.PCURVE_S1.);
#10815 = LINE('',#10816,#10817);
#10816 = CARTESIAN_POINT('',(278.29686688298,-101.7266232182,15.85));
#10817 = VECTOR('',#10818,1.);
#10818 = DIRECTION('',(-0.999999876155,4.976847009857E-04,0.));
#10819 = PCURVE('',#1653,#10820);
#10820 = DEFINITIONAL_REPRESENTATION('',(#10821),#10824);
#10821 = B_SPLINE_CURVE_WITH_KNOTS('',1,(#10822,#10823),.UNSPECIFIED.,
  .F.,.F.,(2,2),(3.796867353205,14.7968687155),
  .PIECEWISE_BEZIER_KNOTS.);
#10822 = CARTESIAN_POINT('',(13.09347965177,-3.75));
#10823 = CARTESIAN_POINT('',(24.093481014066,-3.75));
#10824 = ( GEOMETRIC_REPRESENTATION_CONTEXT(2) 
PARAMETRIC_REPRESENTATION_CONTEXT() REPRESENTATION_CONTEXT('2D SPACE',''
  ) );
#10825 = PCURVE('',#10826,#10831);
#10826 = PLANE('',#10827);
#10827 = AXIS2_PLACEMENT_3D('',#10828,#10829,#10830);
#10828 = CARTESIAN_POINT('',(268.99975324921,-102.7316446599,15.85));
#10829 = DIRECTION('',(0.,0.,1.));
#10830 = DIRECTION('',(1.,0.,-0.));
#10831 = DEFINITIONAL_REPRESENTATION('',(#10832),#10835);
#10832 = B_SPLINE_CURVE_WITH_KNOTS('',1,(#10833,#10834),.UNSPECIFIED.,
  .F.,.F.,(2,2),(3.796867353205,14.7968687155),
  .PIECEWISE_BEZIER_KNOTS.);
#10833 = CARTESIAN_POINT('',(5.500246750781,1.006911084439));
#10834 = CARTESIAN_POINT('',(-5.499753249219,1.012385616828));
#10835 = ( GEOMETRIC_REPRESENTATION_CONTEXT(2) 
PARAMETRIC_REPRESENTATION_CONTEXT() REPRESENTATION_CONTEXT('2D SPACE',''
  ) );
#10836 = ORIENTED_EDGE('',*,*,#10837,.T.);
#10837 = EDGE_CURVE('',#10812,#1638,#10838,.T.);
#10838 = SURFACE_CURVE('',#10839,(#10843,#10849),.PCURVE_S1.);
#10839 = LINE('',#10840,#10841);
#10840 = CARTESIAN_POINT('',(274.49232142549,-101.7247297539,11.6));
#10841 = VECTOR('',#10842,1.);
#10842 = DIRECTION('',(0.,0.,-1.));
#10843 = PCURVE('',#1653,#10844);
#10844 = DEFINITIONAL_REPRESENTATION('',(#10845),#10848);
#10845 = B_SPLINE_CURVE_WITH_KNOTS('',1,(#10846,#10847),.UNSPECIFIED.,
  .F.,.F.,(2,2),(-4.25,-0.5),.PIECEWISE_BEZIER_KNOTS.);
#10846 = CARTESIAN_POINT('',(13.101158227227,-3.75));
#10847 = CARTESIAN_POINT('',(13.101158227227,0.));
#10848 = ( GEOMETRIC_REPRESENTATION_CONTEXT(2) 
PARAMETRIC_REPRESENTATION_CONTEXT() REPRESENTATION_CONTEXT('2D SPACE',''
  ) );
#10849 = PCURVE('',#1680,#10850);
#10850 = DEFINITIONAL_REPRESENTATION('',(#10851),#10854);
#10851 = B_SPLINE_CURVE_WITH_KNOTS('',1,(#10852,#10853),.UNSPECIFIED.,
  .F.,.F.,(2,2),(-4.25,-0.5),.PIECEWISE_BEZIER_KNOTS.);
#10852 = CARTESIAN_POINT('',(2.756530940729,-4.75));
#10853 = CARTESIAN_POINT('',(2.756530940729,-1.));
#10854 = ( GEOMETRIC_REPRESENTATION_CONTEXT(2) 
PARAMETRIC_REPRESENTATION_CONTEXT() REPRESENTATION_CONTEXT('2D SPACE',''
  ) );
#10855 = ADVANCED_FACE('',(#10856),#2882,.T.);
#10856 = FACE_BOUND('',#10857,.T.);
#10857 = EDGE_LOOP('',(#10858,#10859,#10860,#10883));
#10858 = ORIENTED_EDGE('',*,*,#2867,.T.);
#10859 = ORIENTED_EDGE('',*,*,#10741,.T.);
#10860 = ORIENTED_EDGE('',*,*,#10861,.T.);
#10861 = EDGE_CURVE('',#10718,#10862,#10864,.T.);
#10862 = VERTEX_POINT('',#10863);
#10863 = CARTESIAN_POINT('',(149.30628229521,-100.6222035008,15.85));
#10864 = SURFACE_CURVE('',#10865,(#10869,#10876),.PCURVE_S1.);
#10865 = LINE('',#10866,#10867);
#10866 = CARTESIAN_POINT('',(152.66272246328,-99.13443249951,15.85));
#10867 = VECTOR('',#10868,1.);
#10868 = DIRECTION('',(-0.914213448963,-0.405232982043,0.));
#10869 = PCURVE('',#2882,#10870);
#10870 = DEFINITIONAL_REPRESENTATION('',(#10871),#10875);
#10871 = LINE('',#10872,#10873);
#10872 = CARTESIAN_POINT('',(0.,-4.75));
#10873 = VECTOR('',#10874,1.);
#10874 = DIRECTION('',(1.,0.));
#10875 = ( GEOMETRIC_REPRESENTATION_CONTEXT(2) 
PARAMETRIC_REPRESENTATION_CONTEXT() REPRESENTATION_CONTEXT('2D SPACE',''
  ) );
#10876 = PCURVE('',#10582,#10877);
#10877 = DEFINITIONAL_REPRESENTATION('',(#10878),#10882);
#10878 = LINE('',#10879,#10880);
#10879 = CARTESIAN_POINT('',(-0.612462941718,5.738994372958));
#10880 = VECTOR('',#10881,1.);
#10881 = DIRECTION('',(-0.914213448963,-0.405232982043));
#10882 = ( GEOMETRIC_REPRESENTATION_CONTEXT(2) 
PARAMETRIC_REPRESENTATION_CONTEXT() REPRESENTATION_CONTEXT('2D SPACE',''
  ) );
#10883 = ORIENTED_EDGE('',*,*,#10884,.F.);
#10884 = EDGE_CURVE('',#2835,#10862,#10885,.T.);
#10885 = SURFACE_CURVE('',#10886,(#10890,#10897),.PCURVE_S1.);
#10886 = LINE('',#10887,#10888);
#10887 = CARTESIAN_POINT('',(149.30628229521,-100.6222035008,11.1));
#10888 = VECTOR('',#10889,1.);
#10889 = DIRECTION('',(0.,0.,1.));
#10890 = PCURVE('',#2882,#10891);
#10891 = DEFINITIONAL_REPRESENTATION('',(#10892),#10896);
#10892 = LINE('',#10893,#10894);
#10893 = CARTESIAN_POINT('',(3.671396621743,0.));
#10894 = VECTOR('',#10895,1.);
#10895 = DIRECTION('',(0.,-1.));
#10896 = ( GEOMETRIC_REPRESENTATION_CONTEXT(2) 
PARAMETRIC_REPRESENTATION_CONTEXT() REPRESENTATION_CONTEXT('2D SPACE',''
  ) );
#10897 = PCURVE('',#2855,#10898);
#10898 = DEFINITIONAL_REPRESENTATION('',(#10899),#10903);
#10899 = LINE('',#10900,#10901);
#10900 = CARTESIAN_POINT('',(-0.,0.));
#10901 = VECTOR('',#10902,1.);
#10902 = DIRECTION('',(-0.,-1.));
#10903 = ( GEOMETRIC_REPRESENTATION_CONTEXT(2) 
PARAMETRIC_REPRESENTATION_CONTEXT() REPRESENTATION_CONTEXT('2D SPACE',''
  ) );
#10904 = ADVANCED_FACE('',(#10905),#1680,.T.);
#10905 = FACE_BOUND('',#10906,.T.);
#10906 = EDGE_LOOP('',(#10907,#10908,#10931,#10952));
#10907 = ORIENTED_EDGE('',*,*,#1665,.T.);
#10908 = ORIENTED_EDGE('',*,*,#10909,.T.);
#10909 = EDGE_CURVE('',#1666,#10910,#10912,.T.);
#10910 = VERTEX_POINT('',#10911);
#10911 = CARTESIAN_POINT('',(274.5,-104.48125,15.85));
#10912 = SURFACE_CURVE('',#10913,(#10917,#10924),.PCURVE_S1.);
#10913 = LINE('',#10914,#10915);
#10914 = CARTESIAN_POINT('',(274.5,-104.48125,11.1));
#10915 = VECTOR('',#10916,1.);
#10916 = DIRECTION('',(0.,0.,1.));
#10917 = PCURVE('',#1680,#10918);
#10918 = DEFINITIONAL_REPRESENTATION('',(#10919),#10923);
#10919 = LINE('',#10920,#10921);
#10920 = CARTESIAN_POINT('',(0.,0.));
#10921 = VECTOR('',#10922,1.);
#10922 = DIRECTION('',(0.,-1.));
#10923 = ( GEOMETRIC_REPRESENTATION_CONTEXT(2) 
PARAMETRIC_REPRESENTATION_CONTEXT() REPRESENTATION_CONTEXT('2D SPACE',''
  ) );
#10924 = PCURVE('',#1712,#10925);
#10925 = DEFINITIONAL_REPRESENTATION('',(#10926),#10930);
#10926 = LINE('',#10927,#10928);
#10927 = CARTESIAN_POINT('',(-1.488320898493,0.));
#10928 = VECTOR('',#10929,1.);
#10929 = DIRECTION('',(-0.,-1.));
#10930 = ( GEOMETRIC_REPRESENTATION_CONTEXT(2) 
PARAMETRIC_REPRESENTATION_CONTEXT() REPRESENTATION_CONTEXT('2D SPACE',''
  ) );
#10931 = ORIENTED_EDGE('',*,*,#10932,.T.);
#10932 = EDGE_CURVE('',#10910,#10812,#10933,.T.);
#10933 = SURFACE_CURVE('',#10934,(#10938,#10945),.PCURVE_S1.);
#10934 = LINE('',#10935,#10936);
#10935 = CARTESIAN_POINT('',(274.5,-104.48125,15.85));
#10936 = VECTOR('',#10937,1.);
#10937 = DIRECTION('',(-2.785593440065E-03,0.999996120227,0.));
#10938 = PCURVE('',#1680,#10939);
#10939 = DEFINITIONAL_REPRESENTATION('',(#10940),#10944);
#10940 = LINE('',#10941,#10942);
#10941 = CARTESIAN_POINT('',(0.,-4.75));
#10942 = VECTOR('',#10943,1.);
#10943 = DIRECTION('',(1.,0.));
#10944 = ( GEOMETRIC_REPRESENTATION_CONTEXT(2) 
PARAMETRIC_REPRESENTATION_CONTEXT() REPRESENTATION_CONTEXT('2D SPACE',''
  ) );
#10945 = PCURVE('',#10826,#10946);
#10946 = DEFINITIONAL_REPRESENTATION('',(#10947),#10951);
#10947 = LINE('',#10948,#10949);
#10948 = CARTESIAN_POINT('',(5.500246750781,-1.749605340066));
#10949 = VECTOR('',#10950,1.);
#10950 = DIRECTION('',(-2.785593440065E-03,0.999996120227));
#10951 = ( GEOMETRIC_REPRESENTATION_CONTEXT(2) 
PARAMETRIC_REPRESENTATION_CONTEXT() REPRESENTATION_CONTEXT('2D SPACE',''
  ) );
#10952 = ORIENTED_EDGE('',*,*,#10837,.T.);
#10953 = ADVANCED_FACE('',(#10954),#2855,.F.);
#10954 = FACE_BOUND('',#10955,.T.);
#10955 = EDGE_LOOP('',(#10956,#10957,#10958,#10982));
#10956 = ORIENTED_EDGE('',*,*,#2834,.T.);
#10957 = ORIENTED_EDGE('',*,*,#10884,.T.);
#10958 = ORIENTED_EDGE('',*,*,#10959,.T.);
#10959 = EDGE_CURVE('',#10862,#10960,#10962,.T.);
#10960 = VERTEX_POINT('',#10961);
#10961 = CARTESIAN_POINT('',(148.69005605576,-102.5208644882,15.85));
#10962 = SURFACE_CURVE('',#10963,(#10968,#10975),.PCURVE_S1.);
#10963 = CIRCLE('',#10964,1.500413123523);
#10964 = AXIS2_PLACEMENT_3D('',#10965,#10966,#10967);
#10965 = CARTESIAN_POINT('',(150.06375318135,-101.91737816,15.85));
#10966 = DIRECTION('',(0.,0.,1.));
#10967 = DIRECTION('',(-0.50484154948,0.863212030685,0.));
#10968 = PCURVE('',#2855,#10969);
#10969 = DEFINITIONAL_REPRESENTATION('',(#10970),#10974);
#10970 = LINE('',#10971,#10972);
#10971 = CARTESIAN_POINT('',(-0.,-4.75));
#10972 = VECTOR('',#10973,1.);
#10973 = DIRECTION('',(-1.,0.));
#10974 = ( GEOMETRIC_REPRESENTATION_CONTEXT(2) 
PARAMETRIC_REPRESENTATION_CONTEXT() REPRESENTATION_CONTEXT('2D SPACE',''
  ) );
#10975 = PCURVE('',#10582,#10976);
#10976 = DEFINITIONAL_REPRESENTATION('',(#10977),#10981);
#10977 = CIRCLE('',#10978,1.500413123523);
#10978 = AXIS2_PLACEMENT_2D('',#10979,#10980);
#10979 = CARTESIAN_POINT('',(-3.211432223652,2.956048712443));
#10980 = DIRECTION('',(-0.50484154948,0.863212030685));
#10981 = ( GEOMETRIC_REPRESENTATION_CONTEXT(2) 
PARAMETRIC_REPRESENTATION_CONTEXT() REPRESENTATION_CONTEXT('2D SPACE',''
  ) );
#10982 = ORIENTED_EDGE('',*,*,#10983,.F.);
#10983 = EDGE_CURVE('',#2809,#10960,#10984,.T.);
#10984 = SURFACE_CURVE('',#10985,(#10989,#10996),.PCURVE_S1.);
#10985 = LINE('',#10986,#10987);
#10986 = CARTESIAN_POINT('',(148.69005605576,-102.5208644882,11.1));
#10987 = VECTOR('',#10988,1.);
#10988 = DIRECTION('',(0.,0.,1.));
#10989 = PCURVE('',#2855,#10990);
#10990 = DEFINITIONAL_REPRESENTATION('',(#10991),#10995);
#10991 = LINE('',#10992,#10993);
#10992 = CARTESIAN_POINT('',(-1.455531117313,0.));
#10993 = VECTOR('',#10994,1.);
#10994 = DIRECTION('',(-0.,-1.));
#10995 = ( GEOMETRIC_REPRESENTATION_CONTEXT(2) 
PARAMETRIC_REPRESENTATION_CONTEXT() REPRESENTATION_CONTEXT('2D SPACE',''
  ) );
#10996 = PCURVE('',#2823,#10997);
#10997 = DEFINITIONAL_REPRESENTATION('',(#10998),#11002);
#10998 = LINE('',#10999,#11000);
#10999 = CARTESIAN_POINT('',(0.,0.));
#11000 = VECTOR('',#11001,1.);
#11001 = DIRECTION('',(0.,-1.));
#11002 = ( GEOMETRIC_REPRESENTATION_CONTEXT(2) 
PARAMETRIC_REPRESENTATION_CONTEXT() REPRESENTATION_CONTEXT('2D SPACE',''
  ) );
#11003 = ADVANCED_FACE('',(#11004),#1712,.F.);
#11004 = FACE_BOUND('',#11005,.T.);
#11005 = EDGE_LOOP('',(#11006,#11007,#11030,#11052));
#11006 = ORIENTED_EDGE('',*,*,#1691,.T.);
#11007 = ORIENTED_EDGE('',*,*,#11008,.T.);
#11008 = EDGE_CURVE('',#1692,#11009,#11011,.T.);
#11009 = VERTEX_POINT('',#11010);
#11010 = CARTESIAN_POINT('',(273.12255097749,-105.9758324547,15.85));
#11011 = SURFACE_CURVE('',#11012,(#11016,#11023),.PCURVE_S1.);
#11012 = LINE('',#11013,#11014);
#11013 = CARTESIAN_POINT('',(273.12255097749,-105.9758324547,11.1));
#11014 = VECTOR('',#11015,1.);
#11015 = DIRECTION('',(0.,0.,1.));
#11016 = PCURVE('',#1712,#11017);
#11017 = DEFINITIONAL_REPRESENTATION('',(#11018),#11022);
#11018 = LINE('',#11019,#11020);
#11019 = CARTESIAN_POINT('',(-0.,0.));
#11020 = VECTOR('',#11021,1.);
#11021 = DIRECTION('',(-0.,-1.));
#11022 = ( GEOMETRIC_REPRESENTATION_CONTEXT(2) 
PARAMETRIC_REPRESENTATION_CONTEXT() REPRESENTATION_CONTEXT('2D SPACE',''
  ) );
#11023 = PCURVE('',#1739,#11024);
#11024 = DEFINITIONAL_REPRESENTATION('',(#11025),#11029);
#11025 = LINE('',#11026,#11027);
#11026 = CARTESIAN_POINT('',(8.122552784179,0.));
#11027 = VECTOR('',#11028,1.);
#11028 = DIRECTION('',(0.,-1.));
#11029 = ( GEOMETRIC_REPRESENTATION_CONTEXT(2) 
PARAMETRIC_REPRESENTATION_CONTEXT() REPRESENTATION_CONTEXT('2D SPACE',''
  ) );
#11030 = ORIENTED_EDGE('',*,*,#11031,.T.);
#11031 = EDGE_CURVE('',#11009,#10910,#11032,.T.);
#11032 = SURFACE_CURVE('',#11033,(#11038,#11045),.PCURVE_S1.);
#11033 = CIRCLE('',#11034,1.500338035332);
#11034 = AXIS2_PLACEMENT_3D('',#11035,#11036,#11037);
#11035 = CARTESIAN_POINT('',(272.99966213473,-104.4805356439,15.85));
#11036 = DIRECTION('',(0.,0.,1.));
#11037 = DIRECTION('',(8.190743676989E-02,-0.996639940902,0.));
#11038 = PCURVE('',#1712,#11039);
#11039 = DEFINITIONAL_REPRESENTATION('',(#11040),#11044);
#11040 = LINE('',#11041,#11042);
#11041 = CARTESIAN_POINT('',(-0.,-4.75));
#11042 = VECTOR('',#11043,1.);
#11043 = DIRECTION('',(-1.,0.));
#11044 = ( GEOMETRIC_REPRESENTATION_CONTEXT(2) 
PARAMETRIC_REPRESENTATION_CONTEXT() REPRESENTATION_CONTEXT('2D SPACE',''
  ) );
#11045 = PCURVE('',#10826,#11046);
#11046 = DEFINITIONAL_REPRESENTATION('',(#11047),#11051);
#11047 = CIRCLE('',#11048,1.500338035332);
#11048 = AXIS2_PLACEMENT_2D('',#11049,#11050);
#11049 = CARTESIAN_POINT('',(3.999908885512,-1.748890983974));
#11050 = DIRECTION('',(8.190743676989E-02,-0.996639940902));
#11051 = ( GEOMETRIC_REPRESENTATION_CONTEXT(2) 
PARAMETRIC_REPRESENTATION_CONTEXT() REPRESENTATION_CONTEXT('2D SPACE',''
  ) );
#11052 = ORIENTED_EDGE('',*,*,#10909,.F.);
#11053 = ADVANCED_FACE('',(#11054),#2823,.T.);
#11054 = FACE_BOUND('',#11055,.T.);
#11055 = EDGE_LOOP('',(#11056,#11057,#11058,#11081));
#11056 = ORIENTED_EDGE('',*,*,#2808,.T.);
#11057 = ORIENTED_EDGE('',*,*,#10983,.T.);
#11058 = ORIENTED_EDGE('',*,*,#11059,.T.);
#11059 = EDGE_CURVE('',#10960,#11060,#11062,.T.);
#11060 = VERTEX_POINT('',#11061);
#11061 = CARTESIAN_POINT('',(151.96584262117,-109.9535683105,15.85));
#11062 = SURFACE_CURVE('',#11063,(#11067,#11074),.PCURVE_S1.);
#11063 = LINE('',#11064,#11065);
#11064 = CARTESIAN_POINT('',(148.69005605576,-102.5208644882,15.85));
#11065 = VECTOR('',#11066,1.);
#11066 = DIRECTION('',(0.403295201946,-0.915069931802,0.));
#11067 = PCURVE('',#2823,#11068);
#11068 = DEFINITIONAL_REPRESENTATION('',(#11069),#11073);
#11069 = LINE('',#11070,#11071);
#11070 = CARTESIAN_POINT('',(0.,-4.75));
#11071 = VECTOR('',#11072,1.);
#11072 = DIRECTION('',(1.,0.));
#11073 = ( GEOMETRIC_REPRESENTATION_CONTEXT(2) 
PARAMETRIC_REPRESENTATION_CONTEXT() REPRESENTATION_CONTEXT('2D SPACE',''
  ) );
#11074 = PCURVE('',#10582,#11075);
#11075 = DEFINITIONAL_REPRESENTATION('',(#11076),#11080);
#11076 = LINE('',#11077,#11078);
#11077 = CARTESIAN_POINT('',(-4.585129349244,2.352562384194));
#11078 = VECTOR('',#11079,1.);
#11079 = DIRECTION('',(0.403295201946,-0.915069931802));
#11080 = ( GEOMETRIC_REPRESENTATION_CONTEXT(2) 
PARAMETRIC_REPRESENTATION_CONTEXT() REPRESENTATION_CONTEXT('2D SPACE',''
  ) );
#11081 = ORIENTED_EDGE('',*,*,#11082,.F.);
#11082 = EDGE_CURVE('',#2776,#11060,#11083,.T.);
#11083 = SURFACE_CURVE('',#11084,(#11088,#11095),.PCURVE_S1.);
#11084 = LINE('',#11085,#11086);
#11085 = CARTESIAN_POINT('',(151.96584262117,-109.9535683105,11.1));
#11086 = VECTOR('',#11087,1.);
#11087 = DIRECTION('',(0.,0.,1.));
#11088 = PCURVE('',#2823,#11089);
#11089 = DEFINITIONAL_REPRESENTATION('',(#11090),#11094);
#11090 = LINE('',#11091,#11092);
#11091 = CARTESIAN_POINT('',(8.122552784179,0.));
#11092 = VECTOR('',#11093,1.);
#11093 = DIRECTION('',(0.,-1.));
#11094 = ( GEOMETRIC_REPRESENTATION_CONTEXT(2) 
PARAMETRIC_REPRESENTATION_CONTEXT() REPRESENTATION_CONTEXT('2D SPACE',''
  ) );
#11095 = PCURVE('',#2796,#11096);
#11096 = DEFINITIONAL_REPRESENTATION('',(#11097),#11101);
#11097 = LINE('',#11098,#11099);
#11098 = CARTESIAN_POINT('',(-0.,0.));
#11099 = VECTOR('',#11100,1.);
#11100 = DIRECTION('',(-0.,-1.));
#11101 = ( GEOMETRIC_REPRESENTATION_CONTEXT(2) 
PARAMETRIC_REPRESENTATION_CONTEXT() REPRESENTATION_CONTEXT('2D SPACE',''
  ) );
#11102 = ADVANCED_FACE('',(#11103),#1739,.T.);
#11103 = FACE_BOUND('',#11104,.T.);
#11104 = EDGE_LOOP('',(#11105,#11106,#11129,#11150));
#11105 = ORIENTED_EDGE('',*,*,#1724,.T.);
#11106 = ORIENTED_EDGE('',*,*,#11107,.T.);
#11107 = EDGE_CURVE('',#1725,#11108,#11110,.T.);
#11108 = VERTEX_POINT('',#11109);
#11109 = CARTESIAN_POINT('',(265.,-105.98125,15.85));
#11110 = SURFACE_CURVE('',#11111,(#11115,#11122),.PCURVE_S1.);
#11111 = LINE('',#11112,#11113);
#11112 = CARTESIAN_POINT('',(265.,-105.98125,11.1));
#11113 = VECTOR('',#11114,1.);
#11114 = DIRECTION('',(0.,0.,1.));
#11115 = PCURVE('',#1739,#11116);
#11116 = DEFINITIONAL_REPRESENTATION('',(#11117),#11121);
#11117 = LINE('',#11118,#11119);
#11118 = CARTESIAN_POINT('',(0.,0.));
#11119 = VECTOR('',#11120,1.);
#11120 = DIRECTION('',(0.,-1.));
#11121 = ( GEOMETRIC_REPRESENTATION_CONTEXT(2) 
PARAMETRIC_REPRESENTATION_CONTEXT() REPRESENTATION_CONTEXT('2D SPACE',''
  ) );
#11122 = PCURVE('',#1771,#11123);
#11123 = DEFINITIONAL_REPRESENTATION('',(#11124),#11128);
#11124 = LINE('',#11125,#11126);
#11125 = CARTESIAN_POINT('',(-1.455531117313,0.));
#11126 = VECTOR('',#11127,1.);
#11127 = DIRECTION('',(-0.,-1.));
#11128 = ( GEOMETRIC_REPRESENTATION_CONTEXT(2) 
PARAMETRIC_REPRESENTATION_CONTEXT() REPRESENTATION_CONTEXT('2D SPACE',''
  ) );
#11129 = ORIENTED_EDGE('',*,*,#11130,.T.);
#11130 = EDGE_CURVE('',#11108,#11009,#11131,.T.);
#11131 = SURFACE_CURVE('',#11132,(#11136,#11143),.PCURVE_S1.);
#11132 = LINE('',#11133,#11134);
#11133 = CARTESIAN_POINT('',(265.,-105.98125,15.85));
#11134 = VECTOR('',#11135,1.);
#11135 = DIRECTION('',(0.999999777572,6.669756872224E-04,0.));
#11136 = PCURVE('',#1739,#11137);
#11137 = DEFINITIONAL_REPRESENTATION('',(#11138),#11142);
#11138 = LINE('',#11139,#11140);
#11139 = CARTESIAN_POINT('',(0.,-4.75));
#11140 = VECTOR('',#11141,1.);
#11141 = DIRECTION('',(1.,0.));
#11142 = ( GEOMETRIC_REPRESENTATION_CONTEXT(2) 
PARAMETRIC_REPRESENTATION_CONTEXT() REPRESENTATION_CONTEXT('2D SPACE',''
  ) );
#11143 = PCURVE('',#10826,#11144);
#11144 = DEFINITIONAL_REPRESENTATION('',(#11145),#11149);
#11145 = LINE('',#11146,#11147);
#11146 = CARTESIAN_POINT('',(-3.999753249219,-3.249605340066));
#11147 = VECTOR('',#11148,1.);
#11148 = DIRECTION('',(0.999999777572,6.669756872224E-04));
#11149 = ( GEOMETRIC_REPRESENTATION_CONTEXT(2) 
PARAMETRIC_REPRESENTATION_CONTEXT() REPRESENTATION_CONTEXT('2D SPACE',''
  ) );
#11150 = ORIENTED_EDGE('',*,*,#11008,.F.);
#11151 = ADVANCED_FACE('',(#11152),#2796,.F.);
#11152 = FACE_BOUND('',#11153,.T.);
#11153 = EDGE_LOOP('',(#11154,#11155,#11156,#11180));
#11154 = ORIENTED_EDGE('',*,*,#2775,.T.);
#11155 = ORIENTED_EDGE('',*,*,#11082,.T.);
#11156 = ORIENTED_EDGE('',*,*,#11157,.T.);
#11157 = EDGE_CURVE('',#11060,#11158,#11160,.T.);
#11158 = VERTEX_POINT('',#11159);
#11159 = CARTESIAN_POINT('',(153.88856956732,-110.6125551194,15.85));
#11160 = SURFACE_CURVE('',#11161,(#11166,#11173),.PCURVE_S1.);
#11161 = CIRCLE('',#11162,1.500338035332);
#11162 = AXIS2_PLACEMENT_3D('',#11163,#11164,#11165);
#11163 = CARTESIAN_POINT('',(153.28506021764,-109.2389501233,15.85));
#11164 = DIRECTION('',(0.,0.,1.));
#11165 = DIRECTION('',(-0.879280245788,-0.47630478621,0.));
#11166 = PCURVE('',#2796,#11167);
#11167 = DEFINITIONAL_REPRESENTATION('',(#11168),#11172);
#11168 = LINE('',#11169,#11170);
#11169 = CARTESIAN_POINT('',(-0.,-4.75));
#11170 = VECTOR('',#11171,1.);
#11171 = DIRECTION('',(-1.,0.));
#11172 = ( GEOMETRIC_REPRESENTATION_CONTEXT(2) 
PARAMETRIC_REPRESENTATION_CONTEXT() REPRESENTATION_CONTEXT('2D SPACE',''
  ) );
#11173 = PCURVE('',#10582,#11174);
#11174 = DEFINITIONAL_REPRESENTATION('',(#11175),#11179);
#11175 = CIRCLE('',#11176,1.500338035332);
#11176 = AXIS2_PLACEMENT_2D('',#11177,#11178);
#11177 = CARTESIAN_POINT('',(9.874812641158E-03,-4.365523250917));
#11178 = DIRECTION('',(-0.879280245788,-0.47630478621));
#11179 = ( GEOMETRIC_REPRESENTATION_CONTEXT(2) 
PARAMETRIC_REPRESENTATION_CONTEXT() REPRESENTATION_CONTEXT('2D SPACE',''
  ) );
#11180 = ORIENTED_EDGE('',*,*,#11181,.F.);
#11181 = EDGE_CURVE('',#2750,#11158,#11182,.T.);
#11182 = SURFACE_CURVE('',#11183,(#11187,#11194),.PCURVE_S1.);
#11183 = LINE('',#11184,#11185);
#11184 = CARTESIAN_POINT('',(153.88856956732,-110.6125551194,11.1));
#11185 = VECTOR('',#11186,1.);
#11186 = DIRECTION('',(0.,0.,1.));
#11187 = PCURVE('',#2796,#11188);
#11188 = DEFINITIONAL_REPRESENTATION('',(#11189),#11193);
#11189 = LINE('',#11190,#11191);
#11190 = CARTESIAN_POINT('',(-1.488320898493,0.));
#11191 = VECTOR('',#11192,1.);
#11192 = DIRECTION('',(-0.,-1.));
#11193 = ( GEOMETRIC_REPRESENTATION_CONTEXT(2) 
PARAMETRIC_REPRESENTATION_CONTEXT() REPRESENTATION_CONTEXT('2D SPACE',''
  ) );
#11194 = PCURVE('',#2764,#11195);
#11195 = DEFINITIONAL_REPRESENTATION('',(#11196),#11200);
#11196 = LINE('',#11197,#11198);
#11197 = CARTESIAN_POINT('',(0.,0.));
#11198 = VECTOR('',#11199,1.);
#11199 = DIRECTION('',(0.,-1.));
#11200 = ( GEOMETRIC_REPRESENTATION_CONTEXT(2) 
PARAMETRIC_REPRESENTATION_CONTEXT() REPRESENTATION_CONTEXT('2D SPACE',''
  ) );
#11201 = ADVANCED_FACE('',(#11202),#1771,.F.);
#11202 = FACE_BOUND('',#11203,.T.);
#11203 = EDGE_LOOP('',(#11204,#11205,#11228,#11250));
#11204 = ORIENTED_EDGE('',*,*,#1750,.T.);
#11205 = ORIENTED_EDGE('',*,*,#11206,.T.);
#11206 = EDGE_CURVE('',#1751,#11207,#11209,.T.);
#11207 = VERTEX_POINT('',#11208);
#11208 = CARTESIAN_POINT('',(263.51022701834,-104.6526323775,15.85));
#11209 = SURFACE_CURVE('',#11210,(#11214,#11221),.PCURVE_S1.);
#11210 = LINE('',#11211,#11212);
#11211 = CARTESIAN_POINT('',(263.51022701834,-104.6526323775,11.1));
#11212 = VECTOR('',#11213,1.);
#11213 = DIRECTION('',(0.,0.,1.));
#11214 = PCURVE('',#1771,#11215);
#11215 = DEFINITIONAL_REPRESENTATION('',(#11216),#11220);
#11216 = LINE('',#11217,#11218);
#11217 = CARTESIAN_POINT('',(-0.,0.));
#11218 = VECTOR('',#11219,1.);
#11219 = DIRECTION('',(-0.,-1.));
#11220 = ( GEOMETRIC_REPRESENTATION_CONTEXT(2) 
PARAMETRIC_REPRESENTATION_CONTEXT() REPRESENTATION_CONTEXT('2D SPACE',''
  ) );
#11221 = PCURVE('',#1798,#11222);
#11222 = DEFINITIONAL_REPRESENTATION('',(#11223),#11227);
#11223 = LINE('',#11224,#11225);
#11224 = CARTESIAN_POINT('',(3.671396621743,0.));
#11225 = VECTOR('',#11226,1.);
#11226 = DIRECTION('',(0.,-1.));
#11227 = ( GEOMETRIC_REPRESENTATION_CONTEXT(2) 
PARAMETRIC_REPRESENTATION_CONTEXT() REPRESENTATION_CONTEXT('2D SPACE',''
  ) );
#11228 = ORIENTED_EDGE('',*,*,#11229,.T.);
#11229 = EDGE_CURVE('',#11207,#11108,#11230,.T.);
#11230 = SURFACE_CURVE('',#11231,(#11236,#11243),.PCURVE_S1.);
#11231 = CIRCLE('',#11232,1.500413123523);
#11232 = AXIS2_PLACEMENT_3D('',#11233,#11234,#11235);
#11233 = CARTESIAN_POINT('',(265.00077252767,-104.4808370753,15.85));
#11234 = DIRECTION('',(0.,0.,1.));
#11235 = DIRECTION('',(-0.993423401836,-0.11449866674,0.));
#11236 = PCURVE('',#1771,#11237);
#11237 = DEFINITIONAL_REPRESENTATION('',(#11238),#11242);
#11238 = LINE('',#11239,#11240);
#11239 = CARTESIAN_POINT('',(-0.,-4.75));
#11240 = VECTOR('',#11241,1.);
#11241 = DIRECTION('',(-1.,0.));
#11242 = ( GEOMETRIC_REPRESENTATION_CONTEXT(2) 
PARAMETRIC_REPRESENTATION_CONTEXT() REPRESENTATION_CONTEXT('2D SPACE',''
  ) );
#11243 = PCURVE('',#10826,#11244);
#11244 = DEFINITIONAL_REPRESENTATION('',(#11245),#11249);
#11245 = CIRCLE('',#11246,1.500413123523);
#11246 = AXIS2_PLACEMENT_2D('',#11247,#11248);
#11247 = CARTESIAN_POINT('',(-3.998980721544,-1.749192415421));
#11248 = DIRECTION('',(-0.993423401836,-0.11449866674));
#11249 = ( GEOMETRIC_REPRESENTATION_CONTEXT(2) 
PARAMETRIC_REPRESENTATION_CONTEXT() REPRESENTATION_CONTEXT('2D SPACE',''
  ) );
#11250 = ORIENTED_EDGE('',*,*,#11107,.F.);
#11251 = ADVANCED_FACE('',(#11252),#2764,.T.);
#11252 = FACE_BOUND('',#11253,.T.);
#11253 = EDGE_LOOP('',(#11254,#11255,#11256,#11279));
#11254 = ORIENTED_EDGE('',*,*,#2749,.T.);
#11255 = ORIENTED_EDGE('',*,*,#11181,.T.);
#11256 = ORIENTED_EDGE('',*,*,#11257,.T.);
#11257 = EDGE_CURVE('',#11158,#11258,#11260,.T.);
#11258 = VERTEX_POINT('',#11259);
#11259 = CARTESIAN_POINT('',(156.42727447391,-109.4872523129,15.85));
#11260 = SURFACE_CURVE('',#11261,(#11265,#11272),.PCURVE_S1.);
#11261 = LINE('',#11262,#11263);
#11262 = CARTESIAN_POINT('',(153.88856956732,-110.6125551194,15.85));
#11263 = VECTOR('',#11264,1.);
#11264 = DIRECTION('',(0.914213448963,0.405232982043,0.));
#11265 = PCURVE('',#2764,#11266);
#11266 = DEFINITIONAL_REPRESENTATION('',(#11267),#11271);
#11267 = LINE('',#11268,#11269);
#11268 = CARTESIAN_POINT('',(0.,-4.75));
#11269 = VECTOR('',#11270,1.);
#11270 = DIRECTION('',(1.,0.));
#11271 = ( GEOMETRIC_REPRESENTATION_CONTEXT(2) 
PARAMETRIC_REPRESENTATION_CONTEXT() REPRESENTATION_CONTEXT('2D SPACE',''
  ) );
#11272 = PCURVE('',#10582,#11273);
#11273 = DEFINITIONAL_REPRESENTATION('',(#11274),#11278);
#11274 = LINE('',#11275,#11276);
#11275 = CARTESIAN_POINT('',(0.613384162323,-5.739128246944));
#11276 = VECTOR('',#11277,1.);
#11277 = DIRECTION('',(0.914213448963,0.405232982043));
#11278 = ( GEOMETRIC_REPRESENTATION_CONTEXT(2) 
PARAMETRIC_REPRESENTATION_CONTEXT() REPRESENTATION_CONTEXT('2D SPACE',''
  ) );
#11279 = ORIENTED_EDGE('',*,*,#11280,.T.);
#11280 = EDGE_CURVE('',#11258,#2727,#11281,.T.);
#11281 = SURFACE_CURVE('',#11282,(#11286,#11292),.PCURVE_S1.);
#11282 = LINE('',#11283,#11284);
#11283 = CARTESIAN_POINT('',(156.42727447391,-109.4872523129,11.6));
#11284 = VECTOR('',#11285,1.);
#11285 = DIRECTION('',(-0.,0.,-1.));
#11286 = PCURVE('',#2764,#11287);
#11287 = DEFINITIONAL_REPRESENTATION('',(#11288),#11291);
#11288 = B_SPLINE_CURVE_WITH_KNOTS('',1,(#11289,#11290),.UNSPECIFIED.,
  .F.,.F.,(2,2),(-4.25,-0.5),.PIECEWISE_BEZIER_KNOTS.);
#11289 = CARTESIAN_POINT('',(2.776927980517,-4.75));
#11290 = CARTESIAN_POINT('',(2.776927980517,-1.));
#11291 = ( GEOMETRIC_REPRESENTATION_CONTEXT(2) 
PARAMETRIC_REPRESENTATION_CONTEXT() REPRESENTATION_CONTEXT('2D SPACE',''
  ) );
#11292 = PCURVE('',#2570,#11293);
#11293 = DEFINITIONAL_REPRESENTATION('',(#11294),#11297);
#11294 = B_SPLINE_CURVE_WITH_KNOTS('',1,(#11295,#11296),.UNSPECIFIED.,
  .F.,.F.,(2,2),(-4.25,-0.5),.PIECEWISE_BEZIER_KNOTS.);
#11295 = CARTESIAN_POINT('',(21.152291220843,-3.75));
#11296 = CARTESIAN_POINT('',(21.152291220843,0.));
#11297 = ( GEOMETRIC_REPRESENTATION_CONTEXT(2) 
PARAMETRIC_REPRESENTATION_CONTEXT() REPRESENTATION_CONTEXT('2D SPACE',''
  ) );
#11298 = ADVANCED_FACE('',(#11299),#1798,.T.);
#11299 = FACE_BOUND('',#11300,.T.);
#11300 = EDGE_LOOP('',(#11301,#11302,#11323,#11324));
#11301 = ORIENTED_EDGE('',*,*,#10790,.T.);
#11302 = ORIENTED_EDGE('',*,*,#11303,.T.);
#11303 = EDGE_CURVE('',#10791,#11207,#11304,.T.);
#11304 = SURFACE_CURVE('',#11305,(#11309,#11316),.PCURVE_S1.);
#11305 = LINE('',#11306,#11307);
#11306 = CARTESIAN_POINT('',(263.5,-100.98125,15.85));
#11307 = VECTOR('',#11308,1.);
#11308 = DIRECTION('',(2.785593440065E-03,-0.999996120227,0.));
#11309 = PCURVE('',#1798,#11310);
#11310 = DEFINITIONAL_REPRESENTATION('',(#11311),#11315);
#11311 = LINE('',#11312,#11313);
#11312 = CARTESIAN_POINT('',(0.,-4.75));
#11313 = VECTOR('',#11314,1.);
#11314 = DIRECTION('',(1.,0.));
#11315 = ( GEOMETRIC_REPRESENTATION_CONTEXT(2) 
PARAMETRIC_REPRESENTATION_CONTEXT() REPRESENTATION_CONTEXT('2D SPACE',''
  ) );
#11316 = PCURVE('',#10826,#11317);
#11317 = DEFINITIONAL_REPRESENTATION('',(#11318),#11322);
#11318 = LINE('',#11319,#11320);
#11319 = CARTESIAN_POINT('',(-5.499753249219,1.750394659934));
#11320 = VECTOR('',#11321,1.);
#11321 = DIRECTION('',(2.785593440065E-03,-0.999996120227));
#11322 = ( GEOMETRIC_REPRESENTATION_CONTEXT(2) 
PARAMETRIC_REPRESENTATION_CONTEXT() REPRESENTATION_CONTEXT('2D SPACE',''
  ) );
#11323 = ORIENTED_EDGE('',*,*,#11206,.F.);
#11324 = ORIENTED_EDGE('',*,*,#1783,.T.);
#11325 = ADVANCED_FACE('',(#11326),#2570,.F.);
#11326 = FACE_BOUND('',#11327,.F.);
#11327 = EDGE_LOOP('',(#11328,#11329,#11350,#11351,#11374,#11393,#11394,
    #11395,#11416,#11442));
#11328 = ORIENTED_EDGE('',*,*,#2554,.F.);
#11329 = ORIENTED_EDGE('',*,*,#11330,.T.);
#11330 = EDGE_CURVE('',#2522,#6559,#11331,.T.);
#11331 = SURFACE_CURVE('',#11332,(#11336,#11343),.PCURVE_S1.);
#11332 = LINE('',#11333,#11334);
#11333 = CARTESIAN_POINT('',(164.97731411631,-128.8345065368,12.1));
#11334 = VECTOR('',#11335,1.);
#11335 = DIRECTION('',(0.,0.,1.));
#11336 = PCURVE('',#2570,#11337);
#11337 = DEFINITIONAL_REPRESENTATION('',(#11338),#11342);
#11338 = LINE('',#11339,#11340);
#11339 = CARTESIAN_POINT('',(0.,0.));
#11340 = VECTOR('',#11341,1.);
#11341 = DIRECTION('',(0.,-1.));
#11342 = ( GEOMETRIC_REPRESENTATION_CONTEXT(2) 
PARAMETRIC_REPRESENTATION_CONTEXT() REPRESENTATION_CONTEXT('2D SPACE',''
  ) );
#11343 = PCURVE('',#2542,#11344);
#11344 = DEFINITIONAL_REPRESENTATION('',(#11345),#11349);
#11345 = LINE('',#11346,#11347);
#11346 = CARTESIAN_POINT('',(1.438836340471,0.));
#11347 = VECTOR('',#11348,1.);
#11348 = DIRECTION('',(0.,-1.));
#11349 = ( GEOMETRIC_REPRESENTATION_CONTEXT(2) 
PARAMETRIC_REPRESENTATION_CONTEXT() REPRESENTATION_CONTEXT('2D SPACE',''
  ) );
#11350 = ORIENTED_EDGE('',*,*,#6586,.T.);
#11351 = ORIENTED_EDGE('',*,*,#11352,.F.);
#11352 = EDGE_CURVE('',#11353,#6587,#11355,.T.);
#11353 = VERTEX_POINT('',#11354);
#11354 = CARTESIAN_POINT('',(153.73950409189,-103.4052949126,15.85));
#11355 = SURFACE_CURVE('',#11356,(#11360,#11367),.PCURVE_S1.);
#11356 = LINE('',#11357,#11358);
#11357 = CARTESIAN_POINT('',(153.73950409189,-103.4052949126,12.1));
#11358 = VECTOR('',#11359,1.);
#11359 = DIRECTION('',(0.,0.,1.));
#11360 = PCURVE('',#2570,#11361);
#11361 = DEFINITIONAL_REPRESENTATION('',(#11362),#11366);
#11362 = LINE('',#11363,#11364);
#11363 = CARTESIAN_POINT('',(27.801675812378,0.));
#11364 = VECTOR('',#11365,1.);
#11365 = DIRECTION('',(0.,-1.));
#11366 = ( GEOMETRIC_REPRESENTATION_CONTEXT(2) 
PARAMETRIC_REPRESENTATION_CONTEXT() REPRESENTATION_CONTEXT('2D SPACE',''
  ) );
#11367 = PCURVE('',#6630,#11368);
#11368 = DEFINITIONAL_REPRESENTATION('',(#11369),#11373);
#11369 = LINE('',#11370,#11371);
#11370 = CARTESIAN_POINT('',(0.,0.));
#11371 = VECTOR('',#11372,1.);
#11372 = DIRECTION('',(0.,-1.));
#11373 = ( GEOMETRIC_REPRESENTATION_CONTEXT(2) 
PARAMETRIC_REPRESENTATION_CONTEXT() REPRESENTATION_CONTEXT('2D SPACE',''
  ) );
#11374 = ORIENTED_EDGE('',*,*,#11375,.F.);
#11375 = EDGE_CURVE('',#11258,#11353,#11376,.T.);
#11376 = SURFACE_CURVE('',#11377,(#11381,#11387),.PCURVE_S1.);
#11377 = LINE('',#11378,#11379);
#11378 = CARTESIAN_POINT('',(159.59187562191,-116.6481948919,15.85));
#11379 = VECTOR('',#11380,1.);
#11380 = DIRECTION('',(-0.404213404266,0.914664705677,0.));
#11381 = PCURVE('',#2570,#11382);
#11382 = DEFINITIONAL_REPRESENTATION('',(#11383),#11386);
#11383 = B_SPLINE_CURVE_WITH_KNOTS('',1,(#11384,#11385),.UNSPECIFIED.,
  .F.,.F.,(2,2),(6.460188850165,14.478420231128),
  .PIECEWISE_BEZIER_KNOTS.);
#11384 = CARTESIAN_POINT('',(19.783444431416,-3.75));
#11385 = CARTESIAN_POINT('',(27.801675812378,-3.75));
#11386 = ( GEOMETRIC_REPRESENTATION_CONTEXT(2) 
PARAMETRIC_REPRESENTATION_CONTEXT() REPRESENTATION_CONTEXT('2D SPACE',''
  ) );
#11387 = PCURVE('',#10582,#11388);
#11388 = DEFINITIONAL_REPRESENTATION('',(#11389),#11392);
#11389 = B_SPLINE_CURVE_WITH_KNOTS('',1,(#11390,#11391),.UNSPECIFIED.,
  .F.,.F.,(2,2),(6.460188850165,14.478420231128),
  .PIECEWISE_BEZIER_KNOTS.);
#11390 = CARTESIAN_POINT('',(3.705395289584,-5.865861286249));
#11391 = CARTESIAN_POINT('',(0.464318686896,1.468131959872));
#11392 = ( GEOMETRIC_REPRESENTATION_CONTEXT(2) 
PARAMETRIC_REPRESENTATION_CONTEXT() REPRESENTATION_CONTEXT('2D SPACE',''
  ) );
#11393 = ORIENTED_EDGE('',*,*,#11280,.T.);
#11394 = ORIENTED_EDGE('',*,*,#2726,.F.);
#11395 = ORIENTED_EDGE('',*,*,#11396,.T.);
#11396 = EDGE_CURVE('',#2701,#11397,#11399,.T.);
#11397 = VERTEX_POINT('',#11398);
#11398 = CARTESIAN_POINT('',(157.2179056615,-111.2763133259,15.85));
#11399 = SURFACE_CURVE('',#11400,(#11404,#11410),.PCURVE_S1.);
#11400 = LINE('',#11401,#11402);
#11401 = CARTESIAN_POINT('',(157.2179056615,-111.2763133259,11.6));
#11402 = VECTOR('',#11403,1.);
#11403 = DIRECTION('',(0.,0.,1.));
#11404 = PCURVE('',#2570,#11405);
#11405 = DEFINITIONAL_REPRESENTATION('',(#11406),#11409);
#11406 = B_SPLINE_CURVE_WITH_KNOTS('',1,(#11407,#11408),.UNSPECIFIED.,
  .F.,.F.,(2,2),(0.5,4.25),.PIECEWISE_BEZIER_KNOTS.);
#11407 = CARTESIAN_POINT('',(19.196316532108,0.));
#11408 = CARTESIAN_POINT('',(19.196316532108,-3.75));
#11409 = ( GEOMETRIC_REPRESENTATION_CONTEXT(2) 
PARAMETRIC_REPRESENTATION_CONTEXT() REPRESENTATION_CONTEXT('2D SPACE',''
  ) );
#11410 = PCURVE('',#2715,#11411);
#11411 = DEFINITIONAL_REPRESENTATION('',(#11412),#11415);
#11412 = B_SPLINE_CURVE_WITH_KNOTS('',1,(#11413,#11414),.UNSPECIFIED.,
  .F.,.F.,(2,2),(0.5,4.25),.PIECEWISE_BEZIER_KNOTS.);
#11413 = CARTESIAN_POINT('',(0.737219248017,-1.));
#11414 = CARTESIAN_POINT('',(0.737219248017,-4.75));
#11415 = ( GEOMETRIC_REPRESENTATION_CONTEXT(2) 
PARAMETRIC_REPRESENTATION_CONTEXT() REPRESENTATION_CONTEXT('2D SPACE',''
  ) );
#11416 = ORIENTED_EDGE('',*,*,#11417,.F.);
#11417 = EDGE_CURVE('',#11418,#11397,#11420,.T.);
#11418 = VERTEX_POINT('',#11419);
#11419 = CARTESIAN_POINT('',(161.66032140936,-121.3287283365,15.85));
#11420 = SURFACE_CURVE('',#11421,(#11425,#11431),.PCURVE_S1.);
#11421 = LINE('',#11422,#11423);
#11422 = CARTESIAN_POINT('',(162.20886795414,-122.5699938626,15.85));
#11423 = VECTOR('',#11424,1.);
#11424 = DIRECTION('',(-0.404213404266,0.914664705677,0.));
#11425 = PCURVE('',#2570,#11426);
#11426 = DEFINITIONAL_REPRESENTATION('',(#11427),#11430);
#11427 = B_SPLINE_CURVE_WITH_KNOTS('',1,(#11428,#11429),.UNSPECIFIED.,
  .F.,.F.,(2,2),(-1.024844042587E-02,12.81576715173),
  .PIECEWISE_BEZIER_KNOTS.);
#11428 = CARTESIAN_POINT('',(6.838723248672,-3.75));
#11429 = CARTESIAN_POINT('',(19.664738840829,-3.75));
#11430 = ( GEOMETRIC_REPRESENTATION_CONTEXT(2) 
PARAMETRIC_REPRESENTATION_CONTEXT() REPRESENTATION_CONTEXT('2D SPACE',''
  ) );
#11431 = PCURVE('',#11432,#11437);
#11432 = PLANE('',#11433);
#11433 = AXIS2_PLACEMENT_3D('',#11434,#11435,#11436);
#11434 = CARTESIAN_POINT('',(158.51705230967,-116.713541453,15.85));
#11435 = DIRECTION('',(0.,0.,1.));
#11436 = DIRECTION('',(1.,0.,-0.));
#11437 = DEFINITIONAL_REPRESENTATION('',(#11438),#11441);
#11438 = B_SPLINE_CURVE_WITH_KNOTS('',1,(#11439,#11440),.UNSPECIFIED.,
  .F.,.F.,(2,2),(-1.024844042587E-02,12.81576715173),
  .PIECEWISE_BEZIER_KNOTS.);
#11439 = CARTESIAN_POINT('',(3.695958201463,-5.86582629633));
#11440 = CARTESIAN_POINT('',(-1.488489224208,5.865677480283));
#11441 = ( GEOMETRIC_REPRESENTATION_CONTEXT(2) 
PARAMETRIC_REPRESENTATION_CONTEXT() REPRESENTATION_CONTEXT('2D SPACE',''
  ) );
#11442 = ORIENTED_EDGE('',*,*,#11443,.T.);
#11443 = EDGE_CURVE('',#11418,#2555,#11444,.T.);
#11444 = SURFACE_CURVE('',#11445,(#11449,#11455),.PCURVE_S1.);
#11445 = LINE('',#11446,#11447);
#11446 = CARTESIAN_POINT('',(161.66032140936,-121.3287283365,11.6));
#11447 = VECTOR('',#11448,1.);
#11448 = DIRECTION('',(-0.,0.,-1.));
#11449 = PCURVE('',#2570,#11450);
#11450 = DEFINITIONAL_REPRESENTATION('',(#11451),#11454);
#11451 = B_SPLINE_CURVE_WITH_KNOTS('',1,(#11452,#11453),.UNSPECIFIED.,
  .F.,.F.,(2,2),(-4.25,-0.5),.PIECEWISE_BEZIER_KNOTS.);
#11452 = CARTESIAN_POINT('',(8.206043322524,-3.75));
#11453 = CARTESIAN_POINT('',(8.206043322524,0.));
#11454 = ( GEOMETRIC_REPRESENTATION_CONTEXT(2) 
PARAMETRIC_REPRESENTATION_CONTEXT() REPRESENTATION_CONTEXT('2D SPACE',''
  ) );
#11455 = PCURVE('',#2597,#11456);
#11456 = DEFINITIONAL_REPRESENTATION('',(#11457),#11460);
#11457 = B_SPLINE_CURVE_WITH_KNOTS('',1,(#11458,#11459),.UNSPECIFIED.,
  .F.,.F.,(2,2),(-4.25,-0.5),.PIECEWISE_BEZIER_KNOTS.);
#11458 = CARTESIAN_POINT('',(2.75547543046,-4.75));
#11459 = CARTESIAN_POINT('',(2.75547543046,-1.));
#11460 = ( GEOMETRIC_REPRESENTATION_CONTEXT(2) 
PARAMETRIC_REPRESENTATION_CONTEXT() REPRESENTATION_CONTEXT('2D SPACE',''
  ) );
#11461 = ADVANCED_FACE('',(#11462),#2715,.T.);
#11462 = FACE_BOUND('',#11463,.T.);
#11463 = EDGE_LOOP('',(#11464,#11465,#11488,#11509));
#11464 = ORIENTED_EDGE('',*,*,#11396,.T.);
#11465 = ORIENTED_EDGE('',*,*,#11466,.T.);
#11466 = EDGE_CURVE('',#11397,#11467,#11469,.T.);
#11467 = VERTEX_POINT('',#11468);
#11468 = CARTESIAN_POINT('',(154.53822679636,-112.4716032657,15.85));
#11469 = SURFACE_CURVE('',#11470,(#11474,#11481),.PCURVE_S1.);
#11470 = LINE('',#11471,#11472);
#11471 = CARTESIAN_POINT('',(157.89118153623,-110.9759938024,15.85));
#11472 = VECTOR('',#11473,1.);
#11473 = DIRECTION('',(-0.91326410228,-0.407367990257,0.));
#11474 = PCURVE('',#2715,#11475);
#11475 = DEFINITIONAL_REPRESENTATION('',(#11476),#11480);
#11476 = LINE('',#11477,#11478);
#11477 = CARTESIAN_POINT('',(0.,-4.75));
#11478 = VECTOR('',#11479,1.);
#11479 = DIRECTION('',(1.,0.));
#11480 = ( GEOMETRIC_REPRESENTATION_CONTEXT(2) 
PARAMETRIC_REPRESENTATION_CONTEXT() REPRESENTATION_CONTEXT('2D SPACE',''
  ) );
#11481 = PCURVE('',#11432,#11482);
#11482 = DEFINITIONAL_REPRESENTATION('',(#11483),#11487);
#11483 = LINE('',#11484,#11485);
#11484 = CARTESIAN_POINT('',(-0.625870773442,5.737547650588));
#11485 = VECTOR('',#11486,1.);
#11486 = DIRECTION('',(-0.91326410228,-0.407367990257));
#11487 = ( GEOMETRIC_REPRESENTATION_CONTEXT(2) 
PARAMETRIC_REPRESENTATION_CONTEXT() REPRESENTATION_CONTEXT('2D SPACE',''
  ) );
#11488 = ORIENTED_EDGE('',*,*,#11489,.F.);
#11489 = EDGE_CURVE('',#2668,#11467,#11490,.T.);
#11490 = SURFACE_CURVE('',#11491,(#11495,#11502),.PCURVE_S1.);
#11491 = LINE('',#11492,#11493);
#11492 = CARTESIAN_POINT('',(154.53822679636,-112.4716032657,11.1));
#11493 = VECTOR('',#11494,1.);
#11494 = DIRECTION('',(0.,0.,1.));
#11495 = PCURVE('',#2715,#11496);
#11496 = DEFINITIONAL_REPRESENTATION('',(#11497),#11501);
#11497 = LINE('',#11498,#11499);
#11498 = CARTESIAN_POINT('',(3.671396621742,0.));
#11499 = VECTOR('',#11500,1.);
#11500 = DIRECTION('',(0.,-1.));
#11501 = ( GEOMETRIC_REPRESENTATION_CONTEXT(2) 
PARAMETRIC_REPRESENTATION_CONTEXT() REPRESENTATION_CONTEXT('2D SPACE',''
  ) );
#11502 = PCURVE('',#2688,#11503);
#11503 = DEFINITIONAL_REPRESENTATION('',(#11504),#11508);
#11504 = LINE('',#11505,#11506);
#11505 = CARTESIAN_POINT('',(-0.,0.));
#11506 = VECTOR('',#11507,1.);
#11507 = DIRECTION('',(-0.,-1.));
#11508 = ( GEOMETRIC_REPRESENTATION_CONTEXT(2) 
PARAMETRIC_REPRESENTATION_CONTEXT() REPRESENTATION_CONTEXT('2D SPACE',''
  ) );
#11509 = ORIENTED_EDGE('',*,*,#2700,.T.);
#11510 = ADVANCED_FACE('',(#11511),#1853,.F.);
#11511 = FACE_BOUND('',#11512,.F.);
#11512 = EDGE_LOOP('',(#11513,#11514,#11515,#11536));
#11513 = ORIENTED_EDGE('',*,*,#10768,.T.);
#11514 = ORIENTED_EDGE('',*,*,#6263,.T.);
#11515 = ORIENTED_EDGE('',*,*,#11516,.F.);
#11516 = EDGE_CURVE('',#1833,#6264,#11517,.T.);
#11517 = SURFACE_CURVE('',#11518,(#11522,#11529),.PCURVE_S1.);
#11518 = LINE('',#11519,#11520);
#11519 = CARTESIAN_POINT('',(248.65698886445,-100.2360908654,12.1));
#11520 = VECTOR('',#11521,1.);
#11521 = DIRECTION('',(0.,0.,1.));
#11522 = PCURVE('',#1853,#11523);
#11523 = DEFINITIONAL_REPRESENTATION('',(#11524),#11528);
#11524 = LINE('',#11525,#11526);
#11525 = CARTESIAN_POINT('',(1.278882510264,0.));
#11526 = VECTOR('',#11527,1.);
#11527 = DIRECTION('',(0.,-1.));
#11528 = ( GEOMETRIC_REPRESENTATION_CONTEXT(2) 
PARAMETRIC_REPRESENTATION_CONTEXT() REPRESENTATION_CONTEXT('2D SPACE',''
  ) );
#11529 = PCURVE('',#1882,#11530);
#11530 = DEFINITIONAL_REPRESENTATION('',(#11531),#11535);
#11531 = LINE('',#11532,#11533);
#11532 = CARTESIAN_POINT('',(-0.,0.));
#11533 = VECTOR('',#11534,1.);
#11534 = DIRECTION('',(-0.,-1.));
#11535 = ( GEOMETRIC_REPRESENTATION_CONTEXT(2) 
PARAMETRIC_REPRESENTATION_CONTEXT() REPRESENTATION_CONTEXT('2D SPACE',''
  ) );
#11536 = ORIENTED_EDGE('',*,*,#1832,.F.);
#11537 = ADVANCED_FACE('',(#11538),#2688,.F.);
#11538 = FACE_BOUND('',#11539,.T.);
#11539 = EDGE_LOOP('',(#11540,#11541,#11542,#11566));
#11540 = ORIENTED_EDGE('',*,*,#2667,.T.);
#11541 = ORIENTED_EDGE('',*,*,#11489,.T.);
#11542 = ORIENTED_EDGE('',*,*,#11543,.T.);
#11543 = EDGE_CURVE('',#11467,#11544,#11546,.T.);
#11544 = VERTEX_POINT('',#11545);
#11545 = CARTESIAN_POINT('',(153.92643857401,-114.3716989197,15.85));
#11546 = SURFACE_CURVE('',#11547,(#11552,#11559),.PCURVE_S1.);
#11547 = CIRCLE('',#11548,1.500413123523);
#11548 = AXIS2_PLACEMENT_3D('',#11549,#11550,#11551);
#11549 = CARTESIAN_POINT('',(155.29872186784,-113.7650045134,15.85));
#11550 = DIRECTION('',(0.,0.,1.));
#11551 = DIRECTION('',(-0.506857117922,0.862030081849,0.));
#11552 = PCURVE('',#2688,#11553);
#11553 = DEFINITIONAL_REPRESENTATION('',(#11554),#11558);
#11554 = LINE('',#11555,#11556);
#11555 = CARTESIAN_POINT('',(-0.,-4.75));
#11556 = VECTOR('',#11557,1.);
#11557 = DIRECTION('',(-1.,0.));
#11558 = ( GEOMETRIC_REPRESENTATION_CONTEXT(2) 
PARAMETRIC_REPRESENTATION_CONTEXT() REPRESENTATION_CONTEXT('2D SPACE',''
  ) );
#11559 = PCURVE('',#11432,#11560);
#11560 = DEFINITIONAL_REPRESENTATION('',(#11561),#11565);
#11561 = CIRCLE('',#11562,1.500413123523);
#11562 = AXIS2_PLACEMENT_2D('',#11563,#11564);
#11563 = CARTESIAN_POINT('',(-3.218330441831,2.948536939675));
#11564 = DIRECTION('',(-0.506857117922,0.862030081849));
#11565 = ( GEOMETRIC_REPRESENTATION_CONTEXT(2) 
PARAMETRIC_REPRESENTATION_CONTEXT() REPRESENTATION_CONTEXT('2D SPACE',''
  ) );
#11566 = ORIENTED_EDGE('',*,*,#11567,.F.);
#11567 = EDGE_CURVE('',#2642,#11544,#11568,.T.);
#11568 = SURFACE_CURVE('',#11569,(#11573,#11580),.PCURVE_S1.);
#11569 = LINE('',#11570,#11571);
#11570 = CARTESIAN_POINT('',(153.92643857401,-114.3716989197,11.1));
#11571 = VECTOR('',#11572,1.);
#11572 = DIRECTION('',(0.,0.,1.));
#11573 = PCURVE('',#2688,#11574);
#11574 = DEFINITIONAL_REPRESENTATION('',(#11575),#11579);
#11575 = LINE('',#11576,#11577);
#11576 = CARTESIAN_POINT('',(-1.455531117313,0.));
#11577 = VECTOR('',#11578,1.);
#11578 = DIRECTION('',(-0.,-1.));
#11579 = ( GEOMETRIC_REPRESENTATION_CONTEXT(2) 
PARAMETRIC_REPRESENTATION_CONTEXT() REPRESENTATION_CONTEXT('2D SPACE',''
  ) );
#11580 = PCURVE('',#2656,#11581);
#11581 = DEFINITIONAL_REPRESENTATION('',(#11582),#11586);
#11582 = LINE('',#11583,#11584);
#11583 = CARTESIAN_POINT('',(0.,0.));
#11584 = VECTOR('',#11585,1.);
#11585 = DIRECTION('',(0.,-1.));
#11586 = ( GEOMETRIC_REPRESENTATION_CONTEXT(2) 
PARAMETRIC_REPRESENTATION_CONTEXT() REPRESENTATION_CONTEXT('2D SPACE',''
  ) );
#11587 = ADVANCED_FACE('',(#11588),#1882,.T.);
#11588 = FACE_BOUND('',#11589,.F.);
#11589 = EDGE_LOOP('',(#11590,#11591,#11592,#11613));
#11590 = ORIENTED_EDGE('',*,*,#11516,.T.);
#11591 = ORIENTED_EDGE('',*,*,#6291,.T.);
#11592 = ORIENTED_EDGE('',*,*,#11593,.F.);
#11593 = EDGE_CURVE('',#1866,#6292,#11594,.T.);
#11594 = SURFACE_CURVE('',#11595,(#11599,#11606),.PCURVE_S1.);
#11595 = LINE('',#11596,#11597);
#11596 = CARTESIAN_POINT('',(244.49206989392,-96.96875,12.1));
#11597 = VECTOR('',#11598,1.);
#11598 = DIRECTION('',(0.,0.,1.));
#11599 = PCURVE('',#1882,#11600);
#11600 = DEFINITIONAL_REPRESENTATION('',(#11601),#11605);
#11601 = LINE('',#11602,#11603);
#11602 = CARTESIAN_POINT('',(-1.343951964797,0.));
#11603 = VECTOR('',#11604,1.);
#11604 = DIRECTION('',(-0.,-1.));
#11605 = ( GEOMETRIC_REPRESENTATION_CONTEXT(2) 
PARAMETRIC_REPRESENTATION_CONTEXT() REPRESENTATION_CONTEXT('2D SPACE',''
  ) );
#11606 = PCURVE('',#1910,#11607);
#11607 = DEFINITIONAL_REPRESENTATION('',(#11608),#11612);
#11608 = LINE('',#11609,#11610);
#11609 = CARTESIAN_POINT('',(0.,0.));
#11610 = VECTOR('',#11611,1.);
#11611 = DIRECTION('',(0.,-1.));
#11612 = ( GEOMETRIC_REPRESENTATION_CONTEXT(2) 
PARAMETRIC_REPRESENTATION_CONTEXT() REPRESENTATION_CONTEXT('2D SPACE',''
  ) );
#11613 = ORIENTED_EDGE('',*,*,#1865,.F.);
#11614 = ADVANCED_FACE('',(#11615),#2656,.T.);
#11615 = FACE_BOUND('',#11616,.T.);
#11616 = EDGE_LOOP('',(#11617,#11618,#11619,#11642));
#11617 = ORIENTED_EDGE('',*,*,#2641,.T.);
#11618 = ORIENTED_EDGE('',*,*,#11567,.T.);
#11619 = ORIENTED_EDGE('',*,*,#11620,.T.);
#11620 = EDGE_CURVE('',#11544,#11621,#11623,.T.);
#11621 = VERTEX_POINT('',#11622);
#11622 = CARTESIAN_POINT('',(157.21958315434,-121.7967283813,15.85));
#11623 = SURFACE_CURVE('',#11624,(#11628,#11635),.PCURVE_S1.);
#11624 = LINE('',#11625,#11626);
#11625 = CARTESIAN_POINT('',(153.92643857401,-114.3716989197,15.85));
#11626 = VECTOR('',#11627,1.);
#11627 = DIRECTION('',(0.405432216673,-0.91412511052,0.));
#11628 = PCURVE('',#2656,#11629);
#11629 = DEFINITIONAL_REPRESENTATION('',(#11630),#11634);
#11630 = LINE('',#11631,#11632);
#11631 = CARTESIAN_POINT('',(0.,-4.75));
#11632 = VECTOR('',#11633,1.);
#11633 = DIRECTION('',(1.,0.));
#11634 = ( GEOMETRIC_REPRESENTATION_CONTEXT(2) 
PARAMETRIC_REPRESENTATION_CONTEXT() REPRESENTATION_CONTEXT('2D SPACE',''
  ) );
#11635 = PCURVE('',#11432,#11636);
#11636 = DEFINITIONAL_REPRESENTATION('',(#11637),#11641);
#11637 = LINE('',#11638,#11639);
#11638 = CARTESIAN_POINT('',(-4.59061373566,2.341842533305));
#11639 = VECTOR('',#11640,1.);
#11640 = DIRECTION('',(0.405432216673,-0.91412511052));
#11641 = ( GEOMETRIC_REPRESENTATION_CONTEXT(2) 
PARAMETRIC_REPRESENTATION_CONTEXT() REPRESENTATION_CONTEXT('2D SPACE',''
  ) );
#11642 = ORIENTED_EDGE('',*,*,#11643,.F.);
#11643 = EDGE_CURVE('',#2609,#11621,#11644,.T.);
#11644 = SURFACE_CURVE('',#11645,(#11649,#11656),.PCURVE_S1.);
#11645 = LINE('',#11646,#11647);
#11646 = CARTESIAN_POINT('',(157.21958315434,-121.7967283813,11.1));
#11647 = VECTOR('',#11648,1.);
#11648 = DIRECTION('',(0.,0.,1.));
#11649 = PCURVE('',#2656,#11650);
#11650 = DEFINITIONAL_REPRESENTATION('',(#11651),#11655);
#11651 = LINE('',#11652,#11653);
#11652 = CARTESIAN_POINT('',(8.122552784179,0.));
#11653 = VECTOR('',#11654,1.);
#11654 = DIRECTION('',(0.,-1.));
#11655 = ( GEOMETRIC_REPRESENTATION_CONTEXT(2) 
PARAMETRIC_REPRESENTATION_CONTEXT() REPRESENTATION_CONTEXT('2D SPACE',''
  ) );
#11656 = PCURVE('',#2629,#11657);
#11657 = DEFINITIONAL_REPRESENTATION('',(#11658),#11662);
#11658 = LINE('',#11659,#11660);
#11659 = CARTESIAN_POINT('',(-0.,0.));
#11660 = VECTOR('',#11661,1.);
#11661 = DIRECTION('',(-0.,-1.));
#11662 = ( GEOMETRIC_REPRESENTATION_CONTEXT(2) 
PARAMETRIC_REPRESENTATION_CONTEXT() REPRESENTATION_CONTEXT('2D SPACE',''
  ) );
#11663 = ADVANCED_FACE('',(#11664),#1910,.F.);
#11664 = FACE_BOUND('',#11665,.F.);
#11665 = EDGE_LOOP('',(#11666,#11667,#11668,#11689));
#11666 = ORIENTED_EDGE('',*,*,#11593,.T.);
#11667 = ORIENTED_EDGE('',*,*,#6315,.T.);
#11668 = ORIENTED_EDGE('',*,*,#11669,.F.);
#11669 = EDGE_CURVE('',#1895,#6316,#11670,.T.);
#11670 = SURFACE_CURVE('',#11671,(#11675,#11682),.PCURVE_S1.);
#11671 = LINE('',#11672,#11673);
#11672 = CARTESIAN_POINT('',(230.60178157603,-96.95018070178,12.1));
#11673 = VECTOR('',#11674,1.);
#11674 = DIRECTION('',(0.,0.,1.));
#11675 = PCURVE('',#1910,#11676);
#11676 = DEFINITIONAL_REPRESENTATION('',(#11677),#11681);
#11677 = LINE('',#11678,#11679);
#11678 = CARTESIAN_POINT('',(13.890300730117,0.));
#11679 = VECTOR('',#11680,1.);
#11680 = DIRECTION('',(0.,-1.));
#11681 = ( GEOMETRIC_REPRESENTATION_CONTEXT(2) 
PARAMETRIC_REPRESENTATION_CONTEXT() REPRESENTATION_CONTEXT('2D SPACE',''
  ) );
#11682 = PCURVE('',#1943,#11683);
#11683 = DEFINITIONAL_REPRESENTATION('',(#11684),#11688);
#11684 = LINE('',#11685,#11686);
#11685 = CARTESIAN_POINT('',(0.,0.));
#11686 = VECTOR('',#11687,1.);
#11687 = DIRECTION('',(0.,-1.));
#11688 = ( GEOMETRIC_REPRESENTATION_CONTEXT(2) 
PARAMETRIC_REPRESENTATION_CONTEXT() REPRESENTATION_CONTEXT('2D SPACE',''
  ) );
#11689 = ORIENTED_EDGE('',*,*,#1894,.F.);
#11690 = ADVANCED_FACE('',(#11691),#2629,.F.);
#11691 = FACE_BOUND('',#11692,.T.);
#11692 = EDGE_LOOP('',(#11693,#11694,#11695,#11719));
#11693 = ORIENTED_EDGE('',*,*,#2608,.T.);
#11694 = ORIENTED_EDGE('',*,*,#11643,.T.);
#11695 = ORIENTED_EDGE('',*,*,#11696,.T.);
#11696 = EDGE_CURVE('',#11621,#11697,#11699,.T.);
#11697 = VERTEX_POINT('',#11698);
#11698 = CARTESIAN_POINT('',(159.143844614,-122.4512208248,15.85));
#11699 = SURFACE_CURVE('',#11700,(#11705,#11712),.PCURVE_S1.);
#11700 = CIRCLE('',#11701,1.500338035332);
#11701 = AXIS2_PLACEMENT_3D('',#11702,#11703,#11704);
#11702 = CARTESIAN_POINT('',(158.53712740153,-121.079029714,15.85));
#11703 = DIRECTION('',(0.,0.,1.));
#11704 = DIRECTION('',(-0.878164930944,-0.478357976896,0.));
#11705 = PCURVE('',#2629,#11706);
#11706 = DEFINITIONAL_REPRESENTATION('',(#11707),#11711);
#11707 = LINE('',#11708,#11709);
#11708 = CARTESIAN_POINT('',(-0.,-4.75));
#11709 = VECTOR('',#11710,1.);
#11710 = DIRECTION('',(-1.,0.));
#11711 = ( GEOMETRIC_REPRESENTATION_CONTEXT(2) 
PARAMETRIC_REPRESENTATION_CONTEXT() REPRESENTATION_CONTEXT('2D SPACE',''
  ) );
#11712 = PCURVE('',#11432,#11713);
#11713 = DEFINITIONAL_REPRESENTATION('',(#11714),#11718);
#11714 = CIRCLE('',#11715,1.500338035332);
#11715 = AXIS2_PLACEMENT_2D('',#11716,#11717);
#11716 = CARTESIAN_POINT('',(2.007509186154E-02,-4.365488260998));
#11717 = DIRECTION('',(-0.878164930944,-0.478357976896));
#11718 = ( GEOMETRIC_REPRESENTATION_CONTEXT(2) 
PARAMETRIC_REPRESENTATION_CONTEXT() REPRESENTATION_CONTEXT('2D SPACE',''
  ) );
#11719 = ORIENTED_EDGE('',*,*,#11720,.F.);
#11720 = EDGE_CURVE('',#2583,#11697,#11721,.T.);
#11721 = SURFACE_CURVE('',#11722,(#11726,#11733),.PCURVE_S1.);
#11722 = LINE('',#11723,#11724);
#11723 = CARTESIAN_POINT('',(159.143844614,-122.4512208248,11.1));
#11724 = VECTOR('',#11725,1.);
#11725 = DIRECTION('',(0.,0.,1.));
#11726 = PCURVE('',#2629,#11727);
#11727 = DEFINITIONAL_REPRESENTATION('',(#11728),#11732);
#11728 = LINE('',#11729,#11730);
#11729 = CARTESIAN_POINT('',(-1.488320898493,0.));
#11730 = VECTOR('',#11731,1.);
#11731 = DIRECTION('',(-0.,-1.));
#11732 = ( GEOMETRIC_REPRESENTATION_CONTEXT(2) 
PARAMETRIC_REPRESENTATION_CONTEXT() REPRESENTATION_CONTEXT('2D SPACE',''
  ) );
#11733 = PCURVE('',#2597,#11734);
#11734 = DEFINITIONAL_REPRESENTATION('',(#11735),#11739);
#11735 = LINE('',#11736,#11737);
#11736 = CARTESIAN_POINT('',(0.,0.));
#11737 = VECTOR('',#11738,1.);
#11738 = DIRECTION('',(0.,-1.));
#11739 = ( GEOMETRIC_REPRESENTATION_CONTEXT(2) 
PARAMETRIC_REPRESENTATION_CONTEXT() REPRESENTATION_CONTEXT('2D SPACE',''
  ) );
#11740 = ADVANCED_FACE('',(#11741),#1943,.F.);
#11741 = FACE_BOUND('',#11742,.F.);
#11742 = EDGE_LOOP('',(#11743,#11744,#11745,#11766));
#11743 = ORIENTED_EDGE('',*,*,#11669,.T.);
#11744 = ORIENTED_EDGE('',*,*,#6338,.T.);
#11745 = ORIENTED_EDGE('',*,*,#11746,.F.);
#11746 = EDGE_CURVE('',#1923,#6339,#11747,.T.);
#11747 = SURFACE_CURVE('',#11748,(#11752,#11759),.PCURVE_S1.);
#11748 = LINE('',#11749,#11750);
#11749 = CARTESIAN_POINT('',(229.49515582179,-96.37209621286,12.1));
#11750 = VECTOR('',#11751,1.);
#11751 = DIRECTION('',(0.,0.,1.));
#11752 = PCURVE('',#1943,#11753);
#11753 = DEFINITIONAL_REPRESENTATION('',(#11754),#11758);
#11754 = LINE('',#11755,#11756);
#11755 = CARTESIAN_POINT('',(0.638288290849,0.));
#11756 = VECTOR('',#11757,1.);
#11757 = DIRECTION('',(0.,-1.));
#11758 = ( GEOMETRIC_REPRESENTATION_CONTEXT(2) 
PARAMETRIC_REPRESENTATION_CONTEXT() REPRESENTATION_CONTEXT('2D SPACE',''
  ) );
#11759 = PCURVE('',#1972,#11760);
#11760 = DEFINITIONAL_REPRESENTATION('',(#11761),#11765);
#11761 = LINE('',#11762,#11763);
#11762 = CARTESIAN_POINT('',(-0.,0.));
#11763 = VECTOR('',#11764,1.);
#11764 = DIRECTION('',(-0.,-1.));
#11765 = ( GEOMETRIC_REPRESENTATION_CONTEXT(2) 
PARAMETRIC_REPRESENTATION_CONTEXT() REPRESENTATION_CONTEXT('2D SPACE',''
  ) );
#11766 = ORIENTED_EDGE('',*,*,#1922,.F.);
#11767 = ADVANCED_FACE('',(#11768),#2597,.T.);
#11768 = FACE_BOUND('',#11769,.T.);
#11769 = EDGE_LOOP('',(#11770,#11771,#11772,#11793));
#11770 = ORIENTED_EDGE('',*,*,#2582,.T.);
#11771 = ORIENTED_EDGE('',*,*,#11720,.T.);
#11772 = ORIENTED_EDGE('',*,*,#11773,.T.);
#11773 = EDGE_CURVE('',#11697,#11418,#11774,.T.);
#11774 = SURFACE_CURVE('',#11775,(#11779,#11786),.PCURVE_S1.);
#11775 = LINE('',#11776,#11777);
#11776 = CARTESIAN_POINT('',(159.143844614,-122.4512208248,15.85));
#11777 = VECTOR('',#11778,1.);
#11778 = DIRECTION('',(0.91326410228,0.407367990257,0.));
#11779 = PCURVE('',#2597,#11780);
#11780 = DEFINITIONAL_REPRESENTATION('',(#11781),#11785);
#11781 = LINE('',#11782,#11783);
#11782 = CARTESIAN_POINT('',(0.,-4.75));
#11783 = VECTOR('',#11784,1.);
#11784 = DIRECTION('',(1.,0.));
#11785 = ( GEOMETRIC_REPRESENTATION_CONTEXT(2) 
PARAMETRIC_REPRESENTATION_CONTEXT() REPRESENTATION_CONTEXT('2D SPACE',''
  ) );
#11786 = PCURVE('',#11432,#11787);
#11787 = DEFINITIONAL_REPRESENTATION('',(#11788),#11792);
#11788 = LINE('',#11789,#11790);
#11789 = CARTESIAN_POINT('',(0.626792304336,-5.737679371722));
#11790 = VECTOR('',#11791,1.);
#11791 = DIRECTION('',(0.91326410228,0.407367990257));
#11792 = ( GEOMETRIC_REPRESENTATION_CONTEXT(2) 
PARAMETRIC_REPRESENTATION_CONTEXT() REPRESENTATION_CONTEXT('2D SPACE',''
  ) );
#11793 = ORIENTED_EDGE('',*,*,#11443,.T.);
#11794 = ADVANCED_FACE('',(#11795),#1972,.T.);
#11795 = FACE_BOUND('',#11796,.F.);
#11796 = EDGE_LOOP('',(#11797,#11798,#11799,#11820));
#11797 = ORIENTED_EDGE('',*,*,#11746,.T.);
#11798 = ORIENTED_EDGE('',*,*,#6366,.T.);
#11799 = ORIENTED_EDGE('',*,*,#11800,.F.);
#11800 = EDGE_CURVE('',#1956,#6367,#11801,.T.);
#11801 = SURFACE_CURVE('',#11802,(#11806,#11813),.PCURVE_S1.);
#11802 = LINE('',#11803,#11804);
#11803 = CARTESIAN_POINT('',(222.6875,-99.79627413384,12.1));
#11804 = VECTOR('',#11805,1.);
#11805 = DIRECTION('',(0.,0.,1.));
#11806 = PCURVE('',#1972,#11807);
#11807 = DEFINITIONAL_REPRESENTATION('',(#11808),#11812);
#11808 = LINE('',#11809,#11810);
#11809 = CARTESIAN_POINT('',(-2.223696022433,0.));
#11810 = VECTOR('',#11811,1.);
#11811 = DIRECTION('',(-0.,-1.));
#11812 = ( GEOMETRIC_REPRESENTATION_CONTEXT(2) 
PARAMETRIC_REPRESENTATION_CONTEXT() REPRESENTATION_CONTEXT('2D SPACE',''
  ) );
#11813 = PCURVE('',#2000,#11814);
#11814 = DEFINITIONAL_REPRESENTATION('',(#11815),#11819);
#11815 = LINE('',#11816,#11817);
#11816 = CARTESIAN_POINT('',(0.,0.));
#11817 = VECTOR('',#11818,1.);
#11818 = DIRECTION('',(0.,-1.));
#11819 = ( GEOMETRIC_REPRESENTATION_CONTEXT(2) 
PARAMETRIC_REPRESENTATION_CONTEXT() REPRESENTATION_CONTEXT('2D SPACE',''
  ) );
#11820 = ORIENTED_EDGE('',*,*,#1955,.F.);
#11821 = ADVANCED_FACE('',(#11822),#2000,.F.);
#11822 = FACE_BOUND('',#11823,.F.);
#11823 = EDGE_LOOP('',(#11824,#11825,#11826,#11847));
#11824 = ORIENTED_EDGE('',*,*,#11800,.T.);
#11825 = ORIENTED_EDGE('',*,*,#6390,.T.);
#11826 = ORIENTED_EDGE('',*,*,#11827,.F.);
#11827 = EDGE_CURVE('',#1985,#6391,#11828,.T.);
#11828 = SURFACE_CURVE('',#11829,(#11833,#11840),.PCURVE_S1.);
#11829 = LINE('',#11830,#11831);
#11830 = CARTESIAN_POINT('',(222.6689857271,-116.8956916173,12.1));
#11831 = VECTOR('',#11832,1.);
#11832 = DIRECTION('',(0.,0.,1.));
#11833 = PCURVE('',#2000,#11834);
#11834 = DEFINITIONAL_REPRESENTATION('',(#11835),#11839);
#11835 = LINE('',#11836,#11837);
#11836 = CARTESIAN_POINT('',(17.099427506603,0.));
#11837 = VECTOR('',#11838,1.);
#11838 = DIRECTION('',(0.,-1.));
#11839 = ( GEOMETRIC_REPRESENTATION_CONTEXT(2) 
PARAMETRIC_REPRESENTATION_CONTEXT() REPRESENTATION_CONTEXT('2D SPACE',''
  ) );
#11840 = PCURVE('',#2033,#11841);
#11841 = DEFINITIONAL_REPRESENTATION('',(#11842),#11846);
#11842 = LINE('',#11843,#11844);
#11843 = CARTESIAN_POINT('',(0.,0.));
#11844 = VECTOR('',#11845,1.);
#11845 = DIRECTION('',(0.,-1.));
#11846 = ( GEOMETRIC_REPRESENTATION_CONTEXT(2) 
PARAMETRIC_REPRESENTATION_CONTEXT() REPRESENTATION_CONTEXT('2D SPACE',''
  ) );
#11847 = ORIENTED_EDGE('',*,*,#1984,.F.);
#11848 = ADVANCED_FACE('',(#11849),#2542,.F.);
#11849 = FACE_BOUND('',#11850,.F.);
#11850 = EDGE_LOOP('',(#11851,#11872,#11873,#11874));
#11851 = ORIENTED_EDGE('',*,*,#11852,.T.);
#11852 = EDGE_CURVE('',#2494,#6536,#11853,.T.);
#11853 = SURFACE_CURVE('',#11854,(#11858,#11865),.PCURVE_S1.);
#11854 = LINE('',#11855,#11856);
#11855 = CARTESIAN_POINT('',(167.06149143694,-129.8261848127,12.1));
#11856 = VECTOR('',#11857,1.);
#11857 = DIRECTION('',(0.,0.,1.));
#11858 = PCURVE('',#2542,#11859);
#11859 = DEFINITIONAL_REPRESENTATION('',(#11860),#11864);
#11860 = LINE('',#11861,#11862);
#11861 = CARTESIAN_POINT('',(0.,0.));
#11862 = VECTOR('',#11863,1.);
#11863 = DIRECTION('',(0.,-1.));
#11864 = ( GEOMETRIC_REPRESENTATION_CONTEXT(2) 
PARAMETRIC_REPRESENTATION_CONTEXT() REPRESENTATION_CONTEXT('2D SPACE',''
  ) );
#11865 = PCURVE('',#2509,#11866);
#11866 = DEFINITIONAL_REPRESENTATION('',(#11867),#11871);
#11867 = LINE('',#11868,#11869);
#11868 = CARTESIAN_POINT('',(18.185373060322,0.));
#11869 = VECTOR('',#11870,1.);
#11870 = DIRECTION('',(0.,-1.));
#11871 = ( GEOMETRIC_REPRESENTATION_CONTEXT(2) 
PARAMETRIC_REPRESENTATION_CONTEXT() REPRESENTATION_CONTEXT('2D SPACE',''
  ) );
#11872 = ORIENTED_EDGE('',*,*,#6558,.T.);
#11873 = ORIENTED_EDGE('',*,*,#11330,.F.);
#11874 = ORIENTED_EDGE('',*,*,#2521,.F.);
#11875 = ADVANCED_FACE('',(#11876),#2033,.F.);
#11876 = FACE_BOUND('',#11877,.F.);
#11877 = EDGE_LOOP('',(#11878,#11879,#11880,#11901));
#11878 = ORIENTED_EDGE('',*,*,#11827,.T.);
#11879 = ORIENTED_EDGE('',*,*,#6413,.T.);
#11880 = ORIENTED_EDGE('',*,*,#11881,.F.);
#11881 = EDGE_CURVE('',#2013,#6414,#11882,.T.);
#11882 = SURFACE_CURVE('',#11883,(#11887,#11894),.PCURVE_S1.);
#11883 = LINE('',#11884,#11885);
#11884 = CARTESIAN_POINT('',(220.91847802986,-118.4,12.1));
#11885 = VECTOR('',#11886,1.);
#11886 = DIRECTION('',(0.,0.,1.));
#11887 = PCURVE('',#2033,#11888);
#11888 = DEFINITIONAL_REPRESENTATION('',(#11889),#11893);
#11889 = LINE('',#11890,#11891);
#11890 = CARTESIAN_POINT('',(1.438836340729,0.));
#11891 = VECTOR('',#11892,1.);
#11892 = DIRECTION('',(0.,-1.));
#11893 = ( GEOMETRIC_REPRESENTATION_CONTEXT(2) 
PARAMETRIC_REPRESENTATION_CONTEXT() REPRESENTATION_CONTEXT('2D SPACE',''
  ) );
#11894 = PCURVE('',#2061,#11895);
#11895 = DEFINITIONAL_REPRESENTATION('',(#11896),#11900);
#11896 = LINE('',#11897,#11898);
#11897 = CARTESIAN_POINT('',(0.,0.));
#11898 = VECTOR('',#11899,1.);
#11899 = DIRECTION('',(0.,-1.));
#11900 = ( GEOMETRIC_REPRESENTATION_CONTEXT(2) 
PARAMETRIC_REPRESENTATION_CONTEXT() REPRESENTATION_CONTEXT('2D SPACE',''
  ) );
#11901 = ORIENTED_EDGE('',*,*,#2012,.F.);
#11902 = ADVANCED_FACE('',(#11903),#2509,.F.);
#11903 = FACE_BOUND('',#11904,.F.);
#11904 = EDGE_LOOP('',(#11905,#11926,#11927,#11928));
#11905 = ORIENTED_EDGE('',*,*,#11906,.T.);
#11906 = EDGE_CURVE('',#2465,#6512,#11907,.T.);
#11907 = SURFACE_CURVE('',#11908,(#11912,#11919),.PCURVE_S1.);
#11908 = LINE('',#11909,#11910);
#11909 = CARTESIAN_POINT('',(183.69759784222,-122.4812711294,12.1));
#11910 = VECTOR('',#11911,1.);
#11911 = DIRECTION('',(0.,0.,1.));
#11912 = PCURVE('',#2509,#11913);
#11913 = DEFINITIONAL_REPRESENTATION('',(#11914),#11918);
#11914 = LINE('',#11915,#11916);
#11915 = CARTESIAN_POINT('',(0.,0.));
#11916 = VECTOR('',#11917,1.);
#11917 = DIRECTION('',(0.,-1.));
#11918 = ( GEOMETRIC_REPRESENTATION_CONTEXT(2) 
PARAMETRIC_REPRESENTATION_CONTEXT() REPRESENTATION_CONTEXT('2D SPACE',''
  ) );
#11919 = PCURVE('',#2481,#11920);
#11920 = DEFINITIONAL_REPRESENTATION('',(#11921),#11925);
#11921 = LINE('',#11922,#11923);
#11922 = CARTESIAN_POINT('',(-0.203558646545,0.));
#11923 = VECTOR('',#11924,1.);
#11924 = DIRECTION('',(-0.,-1.));
#11925 = ( GEOMETRIC_REPRESENTATION_CONTEXT(2) 
PARAMETRIC_REPRESENTATION_CONTEXT() REPRESENTATION_CONTEXT('2D SPACE',''
  ) );
#11926 = ORIENTED_EDGE('',*,*,#6535,.T.);
#11927 = ORIENTED_EDGE('',*,*,#11852,.F.);
#11928 = ORIENTED_EDGE('',*,*,#2493,.F.);
#11929 = ADVANCED_FACE('',(#11930),#2061,.F.);
#11930 = FACE_BOUND('',#11931,.F.);
#11931 = EDGE_LOOP('',(#11932,#11933,#11934,#11935,#11956,#11957,#11978,
    #12004));
#11932 = ORIENTED_EDGE('',*,*,#2045,.F.);
#11933 = ORIENTED_EDGE('',*,*,#11881,.T.);
#11934 = ORIENTED_EDGE('',*,*,#6441,.T.);
#11935 = ORIENTED_EDGE('',*,*,#11936,.F.);
#11936 = EDGE_CURVE('',#2218,#6442,#11937,.T.);
#11937 = SURFACE_CURVE('',#11938,(#11942,#11949),.PCURVE_S1.);
#11938 = LINE('',#11939,#11940);
#11939 = CARTESIAN_POINT('',(202.96660215748,-118.4008136086,12.1));
#11940 = VECTOR('',#11941,1.);
#11941 = DIRECTION('',(0.,0.,1.));
#11942 = PCURVE('',#2061,#11943);
#11943 = DEFINITIONAL_REPRESENTATION('',(#11944),#11948);
#11944 = LINE('',#11945,#11946);
#11945 = CARTESIAN_POINT('',(17.951875890809,0.));
#11946 = VECTOR('',#11947,1.);
#11947 = DIRECTION('',(0.,-1.));
#11948 = ( GEOMETRIC_REPRESENTATION_CONTEXT(2) 
PARAMETRIC_REPRESENTATION_CONTEXT() REPRESENTATION_CONTEXT('2D SPACE',''
  ) );
#11949 = PCURVE('',#2257,#11950);
#11950 = DEFINITIONAL_REPRESENTATION('',(#11951),#11955);
#11951 = LINE('',#11952,#11953);
#11952 = CARTESIAN_POINT('',(-0.,0.));
#11953 = VECTOR('',#11954,1.);
#11954 = DIRECTION('',(-0.,-1.));
#11955 = ( GEOMETRIC_REPRESENTATION_CONTEXT(2) 
PARAMETRIC_REPRESENTATION_CONTEXT() REPRESENTATION_CONTEXT('2D SPACE',''
  ) );
#11956 = ORIENTED_EDGE('',*,*,#2217,.F.);
#11957 = ORIENTED_EDGE('',*,*,#11958,.T.);
#11958 = EDGE_CURVE('',#2192,#11959,#11961,.T.);
#11959 = VERTEX_POINT('',#11960);
#11960 = CARTESIAN_POINT('',(206.40209103585,-118.4006579066,15.85));
#11961 = SURFACE_CURVE('',#11962,(#11966,#11972),.PCURVE_S1.);
#11962 = LINE('',#11963,#11964);
#11963 = CARTESIAN_POINT('',(206.40209103585,-118.4006579066,11.6));
#11964 = VECTOR('',#11965,1.);
#11965 = DIRECTION('',(0.,0.,1.));
#11966 = PCURVE('',#2061,#11967);
#11967 = DEFINITIONAL_REPRESENTATION('',(#11968),#11971);
#11968 = B_SPLINE_CURVE_WITH_KNOTS('',1,(#11969,#11970),.UNSPECIFIED.,
  .F.,.F.,(2,2),(0.5,4.25),.PIECEWISE_BEZIER_KNOTS.);
#11969 = CARTESIAN_POINT('',(14.516387008915,0.));
#11970 = CARTESIAN_POINT('',(14.516387008915,-3.75));
#11971 = ( GEOMETRIC_REPRESENTATION_CONTEXT(2) 
PARAMETRIC_REPRESENTATION_CONTEXT() REPRESENTATION_CONTEXT('2D SPACE',''
  ) );
#11972 = PCURVE('',#2206,#11973);
#11973 = DEFINITIONAL_REPRESENTATION('',(#11974),#11977);
#11974 = B_SPLINE_CURVE_WITH_KNOTS('',1,(#11975,#11976),.UNSPECIFIED.,
  .F.,.F.,(2,2),(0.5,4.25),.PIECEWISE_BEZIER_KNOTS.);
#11975 = CARTESIAN_POINT('',(0.750660819026,-1.));
#11976 = CARTESIAN_POINT('',(0.750660819026,-4.75));
#11977 = ( GEOMETRIC_REPRESENTATION_CONTEXT(2) 
PARAMETRIC_REPRESENTATION_CONTEXT() REPRESENTATION_CONTEXT('2D SPACE',''
  ) );
#11978 = ORIENTED_EDGE('',*,*,#11979,.F.);
#11979 = EDGE_CURVE('',#11980,#11959,#11982,.T.);
#11980 = VERTEX_POINT('',#11981);
#11981 = CARTESIAN_POINT('',(217.39234003348,-118.4001598103,15.85));
#11982 = SURFACE_CURVE('',#11983,(#11987,#11993),.PCURVE_S1.);
#11983 = LINE('',#11984,#11985);
#11984 = CARTESIAN_POINT('',(216.40909297903,-118.4002043727,15.85));
#11985 = VECTOR('',#11986,1.);
#11986 = DIRECTION('',(-0.999999998973,-4.532165147629E-05,0.));
#11987 = PCURVE('',#2061,#11988);
#11988 = DEFINITIONAL_REPRESENTATION('',(#11989),#11992);
#11989 = B_SPLINE_CURVE_WITH_KNOTS('',1,(#11990,#11991),.UNSPECIFIED.,
  .F.,.F.,(2,2),(-0.990907021985,10.009092989312),
  .PIECEWISE_BEZIER_KNOTS.);
#11990 = CARTESIAN_POINT('',(3.518478033473,-3.75));
#11991 = CARTESIAN_POINT('',(14.51847804477,-3.75));
#11992 = ( GEOMETRIC_REPRESENTATION_CONTEXT(2) 
PARAMETRIC_REPRESENTATION_CONTEXT() REPRESENTATION_CONTEXT('2D SPACE',''
  ) );
#11993 = PCURVE('',#11994,#11999);
#11994 = PLANE('',#11995);
#11995 = AXIS2_PLACEMENT_3D('',#11996,#11997,#11998);
#11996 = CARTESIAN_POINT('',(211.89975324921,-119.4003946599,15.85));
#11997 = DIRECTION('',(0.,0.,1.));
#11998 = DIRECTION('',(1.,0.,-0.));
#11999 = DEFINITIONAL_REPRESENTATION('',(#12000),#12003);
#12000 = B_SPLINE_CURVE_WITH_KNOTS('',1,(#12001,#12002),.UNSPECIFIED.,
  .F.,.F.,(2,2),(-0.990907021985,10.009092989312),
  .PIECEWISE_BEZIER_KNOTS.);
#12001 = CARTESIAN_POINT('',(5.500246750781,1.000235196699));
#12002 = CARTESIAN_POINT('',(-5.499753249219,0.999736658532));
#12003 = ( GEOMETRIC_REPRESENTATION_CONTEXT(2) 
PARAMETRIC_REPRESENTATION_CONTEXT() REPRESENTATION_CONTEXT('2D SPACE',''
  ) );
#12004 = ORIENTED_EDGE('',*,*,#12005,.T.);
#12005 = EDGE_CURVE('',#11980,#2046,#12006,.T.);
#12006 = SURFACE_CURVE('',#12007,(#12011,#12017),.PCURVE_S1.);
#12007 = LINE('',#12008,#12009);
#12008 = CARTESIAN_POINT('',(217.39234003348,-118.4001598103,11.6));
#12009 = VECTOR('',#12010,1.);
#12010 = DIRECTION('',(0.,-0.,-1.));
#12011 = PCURVE('',#2061,#12012);
#12012 = DEFINITIONAL_REPRESENTATION('',(#12013),#12016);
#12013 = B_SPLINE_CURVE_WITH_KNOTS('',1,(#12014,#12015),.UNSPECIFIED.,
  .F.,.F.,(2,2),(-4.25,-0.5),.PIECEWISE_BEZIER_KNOTS.);
#12014 = CARTESIAN_POINT('',(3.526137999993,-3.75));
#12015 = CARTESIAN_POINT('',(3.526137999993,0.));
#12016 = ( GEOMETRIC_REPRESENTATION_CONTEXT(2) 
PARAMETRIC_REPRESENTATION_CONTEXT() REPRESENTATION_CONTEXT('2D SPACE',''
  ) );
#12017 = PCURVE('',#2088,#12018);
#12018 = DEFINITIONAL_REPRESENTATION('',(#12019),#12022);
#12019 = B_SPLINE_CURVE_WITH_KNOTS('',1,(#12020,#12021),.UNSPECIFIED.,
  .F.,.F.,(2,2),(-4.25,-0.5),.PIECEWISE_BEZIER_KNOTS.);
#12020 = CARTESIAN_POINT('',(2.749850858399,-4.75));
#12021 = CARTESIAN_POINT('',(2.749850858399,-1.));
#12022 = ( GEOMETRIC_REPRESENTATION_CONTEXT(2) 
PARAMETRIC_REPRESENTATION_CONTEXT() REPRESENTATION_CONTEXT('2D SPACE',''
  ) );
#12023 = ADVANCED_FACE('',(#12024),#2481,.T.);
#12024 = FACE_BOUND('',#12025,.F.);
#12025 = EDGE_LOOP('',(#12026,#12047,#12048,#12049));
#12026 = ORIENTED_EDGE('',*,*,#12027,.T.);
#12027 = EDGE_CURVE('',#2442,#6489,#12028,.T.);
#12028 = SURFACE_CURVE('',#12029,(#12033,#12040),.PCURVE_S1.);
#12029 = LINE('',#12030,#12031);
#12030 = CARTESIAN_POINT('',(184.57499870235,-122.1951464428,12.1));
#12031 = VECTOR('',#12032,1.);
#12032 = DIRECTION('',(0.,0.,1.));
#12033 = PCURVE('',#2481,#12034);
#12034 = DEFINITIONAL_REPRESENTATION('',(#12035),#12039);
#12035 = LINE('',#12036,#12037);
#12036 = CARTESIAN_POINT('',(-0.,0.));
#12037 = VECTOR('',#12038,1.);
#12038 = DIRECTION('',(-0.,-1.));
#12039 = ( GEOMETRIC_REPRESENTATION_CONTEXT(2) 
PARAMETRIC_REPRESENTATION_CONTEXT() REPRESENTATION_CONTEXT('2D SPACE',''
  ) );
#12040 = PCURVE('',#2285,#12041);
#12041 = DEFINITIONAL_REPRESENTATION('',(#12042),#12046);
#12042 = LINE('',#12043,#12044);
#12043 = CARTESIAN_POINT('',(17.860575456443,0.));
#12044 = VECTOR('',#12045,1.);
#12045 = DIRECTION('',(0.,-1.));
#12046 = ( GEOMETRIC_REPRESENTATION_CONTEXT(2) 
PARAMETRIC_REPRESENTATION_CONTEXT() REPRESENTATION_CONTEXT('2D SPACE',''
  ) );
#12047 = ORIENTED_EDGE('',*,*,#6511,.T.);
#12048 = ORIENTED_EDGE('',*,*,#11906,.F.);
#12049 = ORIENTED_EDGE('',*,*,#2464,.F.);
#12050 = ADVANCED_FACE('',(#12051),#2088,.T.);
#12051 = FACE_BOUND('',#12052,.T.);
#12052 = EDGE_LOOP('',(#12053,#12054,#12077,#12098));
#12053 = ORIENTED_EDGE('',*,*,#2073,.T.);
#12054 = ORIENTED_EDGE('',*,*,#12055,.T.);
#12055 = EDGE_CURVE('',#2074,#12056,#12058,.T.);
#12056 = VERTEX_POINT('',#12057);
#12057 = CARTESIAN_POINT('',(217.4,-121.15,15.85));
#12058 = SURFACE_CURVE('',#12059,(#12063,#12070),.PCURVE_S1.);
#12059 = LINE('',#12060,#12061);
#12060 = CARTESIAN_POINT('',(217.4,-121.15,11.1));
#12061 = VECTOR('',#12062,1.);
#12062 = DIRECTION('',(0.,0.,1.));
#12063 = PCURVE('',#2088,#12064);
#12064 = DEFINITIONAL_REPRESENTATION('',(#12065),#12069);
#12065 = LINE('',#12066,#12067);
#12066 = CARTESIAN_POINT('',(0.,0.));
#12067 = VECTOR('',#12068,1.);
#12068 = DIRECTION('',(0.,-1.));
#12069 = ( GEOMETRIC_REPRESENTATION_CONTEXT(2) 
PARAMETRIC_REPRESENTATION_CONTEXT() REPRESENTATION_CONTEXT('2D SPACE',''
  ) );
#12070 = PCURVE('',#2120,#12071);
#12071 = DEFINITIONAL_REPRESENTATION('',(#12072),#12076);
#12072 = LINE('',#12073,#12074);
#12073 = CARTESIAN_POINT('',(-1.488320898493,0.));
#12074 = VECTOR('',#12075,1.);
#12075 = DIRECTION('',(-0.,-1.));
#12076 = ( GEOMETRIC_REPRESENTATION_CONTEXT(2) 
PARAMETRIC_REPRESENTATION_CONTEXT() REPRESENTATION_CONTEXT('2D SPACE',''
  ) );
#12077 = ORIENTED_EDGE('',*,*,#12078,.T.);
#12078 = EDGE_CURVE('',#12056,#11980,#12079,.T.);
#12079 = SURFACE_CURVE('',#12080,(#12084,#12091),.PCURVE_S1.);
#12080 = LINE('',#12081,#12082);
#12081 = CARTESIAN_POINT('',(217.4,-121.15,15.85));
#12082 = VECTOR('',#12083,1.);
#12083 = DIRECTION('',(-2.785593440065E-03,0.999996120227,0.));
#12084 = PCURVE('',#2088,#12085);
#12085 = DEFINITIONAL_REPRESENTATION('',(#12086),#12090);
#12086 = LINE('',#12087,#12088);
#12087 = CARTESIAN_POINT('',(0.,-4.75));
#12088 = VECTOR('',#12089,1.);
#12089 = DIRECTION('',(1.,0.));
#12090 = ( GEOMETRIC_REPRESENTATION_CONTEXT(2) 
PARAMETRIC_REPRESENTATION_CONTEXT() REPRESENTATION_CONTEXT('2D SPACE',''
  ) );
#12091 = PCURVE('',#11994,#12092);
#12092 = DEFINITIONAL_REPRESENTATION('',(#12093),#12097);
#12093 = LINE('',#12094,#12095);
#12094 = CARTESIAN_POINT('',(5.500246750781,-1.749605340066));
#12095 = VECTOR('',#12096,1.);
#12096 = DIRECTION('',(-2.785593440065E-03,0.999996120227));
#12097 = ( GEOMETRIC_REPRESENTATION_CONTEXT(2) 
PARAMETRIC_REPRESENTATION_CONTEXT() REPRESENTATION_CONTEXT('2D SPACE',''
  ) );
#12098 = ORIENTED_EDGE('',*,*,#12005,.T.);
#12099 = ADVANCED_FACE('',(#12100),#2285,.F.);
#12100 = FACE_BOUND('',#12101,.F.);
#12101 = EDGE_LOOP('',(#12102,#12103,#12124,#12125,#12126,#12127,#12148,
    #12174));
#12102 = ORIENTED_EDGE('',*,*,#2269,.F.);
#12103 = ORIENTED_EDGE('',*,*,#12104,.T.);
#12104 = EDGE_CURVE('',#2241,#6465,#12105,.T.);
#12105 = SURFACE_CURVE('',#12106,(#12110,#12117),.PCURVE_S1.);
#12106 = LINE('',#12107,#12108);
#12107 = CARTESIAN_POINT('',(202.04898849642,-118.4992248646,12.1));
#12108 = VECTOR('',#12109,1.);
#12109 = DIRECTION('',(0.,0.,1.));
#12110 = PCURVE('',#2285,#12111);
#12111 = DEFINITIONAL_REPRESENTATION('',(#12112),#12116);
#12112 = LINE('',#12113,#12114);
#12113 = CARTESIAN_POINT('',(0.,0.));
#12114 = VECTOR('',#12115,1.);
#12115 = DIRECTION('',(0.,-1.));
#12116 = ( GEOMETRIC_REPRESENTATION_CONTEXT(2) 
PARAMETRIC_REPRESENTATION_CONTEXT() REPRESENTATION_CONTEXT('2D SPACE',''
  ) );
#12117 = PCURVE('',#2257,#12118);
#12118 = DEFINITIONAL_REPRESENTATION('',(#12119),#12123);
#12119 = LINE('',#12120,#12121);
#12120 = CARTESIAN_POINT('',(-0.203558646611,0.));
#12121 = VECTOR('',#12122,1.);
#12122 = DIRECTION('',(-0.,-1.));
#12123 = ( GEOMETRIC_REPRESENTATION_CONTEXT(2) 
PARAMETRIC_REPRESENTATION_CONTEXT() REPRESENTATION_CONTEXT('2D SPACE',''
  ) );
#12124 = ORIENTED_EDGE('',*,*,#6488,.T.);
#12125 = ORIENTED_EDGE('',*,*,#12027,.F.);
#12126 = ORIENTED_EDGE('',*,*,#2441,.F.);
#12127 = ORIENTED_EDGE('',*,*,#12128,.T.);
#12128 = EDGE_CURVE('',#2416,#12129,#12131,.T.);
#12129 = VERTEX_POINT('',#12130);
#12130 = CARTESIAN_POINT('',(185.48673132959,-122.0023059793,15.85));
#12131 = SURFACE_CURVE('',#12132,(#12136,#12142),.PCURVE_S1.);
#12132 = LINE('',#12133,#12134);
#12133 = CARTESIAN_POINT('',(185.48673132959,-122.0023059793,11.6));
#12134 = VECTOR('',#12135,1.);
#12135 = DIRECTION('',(0.,0.,1.));
#12136 = PCURVE('',#2285,#12137);
#12137 = DEFINITIONAL_REPRESENTATION('',(#12138),#12141);
#12138 = B_SPLINE_CURVE_WITH_KNOTS('',1,(#12139,#12140),.UNSPECIFIED.,
  .F.,.F.,(2,2),(0.5,4.25),.PIECEWISE_BEZIER_KNOTS.);
#12139 = CARTESIAN_POINT('',(16.928672120294,0.));
#12140 = CARTESIAN_POINT('',(16.928672120294,-3.75));
#12141 = ( GEOMETRIC_REPRESENTATION_CONTEXT(2) 
PARAMETRIC_REPRESENTATION_CONTEXT() REPRESENTATION_CONTEXT('2D SPACE',''
  ) );
#12142 = PCURVE('',#2430,#12143);
#12143 = DEFINITIONAL_REPRESENTATION('',(#12144),#12147);
#12144 = B_SPLINE_CURVE_WITH_KNOTS('',1,(#12145,#12146),.UNSPECIFIED.,
  .F.,.F.,(2,2),(0.5,4.25),.PIECEWISE_BEZIER_KNOTS.);
#12145 = CARTESIAN_POINT('',(0.750774070196,-1.));
#12146 = CARTESIAN_POINT('',(0.750774070196,-4.75));
#12147 = ( GEOMETRIC_REPRESENTATION_CONTEXT(2) 
PARAMETRIC_REPRESENTATION_CONTEXT() REPRESENTATION_CONTEXT('2D SPACE',''
  ) );
#12148 = ORIENTED_EDGE('',*,*,#12149,.F.);
#12149 = EDGE_CURVE('',#12150,#12129,#12152,.T.);
#12150 = VERTEX_POINT('',#12151);
#12151 = CARTESIAN_POINT('',(196.2391003875,-119.7280736325,15.85));
#12152 = SURFACE_CURVE('',#12153,(#12157,#12163),.PCURVE_S1.);
#12153 = LINE('',#12154,#12155);
#12154 = CARTESIAN_POINT('',(196.45717113735,-119.6819495132,15.85));
#12155 = VECTOR('',#12156,1.);
#12156 = DIRECTION('',(-0.97835536356,-0.20693183079,0.));
#12157 = PCURVE('',#2285,#12158);
#12158 = DEFINITIONAL_REPRESENTATION('',(#12159),#12162);
#12159 = B_SPLINE_CURVE_WITH_KNOTS('',1,(#12160,#12161),.UNSPECIFIED.,
  .F.,.F.,(2,2),(-0.399261574583,11.407013689489),
  .PIECEWISE_BEZIER_KNOTS.);
#12160 = CARTESIAN_POINT('',(5.316266307558,-3.75));
#12161 = CARTESIAN_POINT('',(17.12254157163,-3.75));
#12162 = ( GEOMETRIC_REPRESENTATION_CONTEXT(2) 
PARAMETRIC_REPRESENTATION_CONTEXT() REPRESENTATION_CONTEXT('2D SPACE',''
  ) );
#12163 = PCURVE('',#12164,#12169);
#12164 = PLANE('',#12165);
#12165 = AXIS2_PLACEMENT_3D('',#12166,#12167,#12168);
#12166 = CARTESIAN_POINT('',(191.0722595229,-121.8429061922,15.85));
#12167 = DIRECTION('',(0.,0.,1.));
#12168 = DIRECTION('',(1.,0.,-0.));
#12169 = DEFINITIONAL_REPRESENTATION('',(#12170),#12173);
#12170 = B_SPLINE_CURVE_WITH_KNOTS('',1,(#12171,#12172),.UNSPECIFIED.,
  .F.,.F.,(2,2),(-0.399261574583,11.407013689489),
  .PIECEWISE_BEZIER_KNOTS.);
#12171 = CARTESIAN_POINT('',(5.775531317404,2.243576607629));
#12172 = CARTESIAN_POINT('',(-5.775201410861,-0.199517547582));
#12173 = ( GEOMETRIC_REPRESENTATION_CONTEXT(2) 
PARAMETRIC_REPRESENTATION_CONTEXT() REPRESENTATION_CONTEXT('2D SPACE',''
  ) );
#12174 = ORIENTED_EDGE('',*,*,#12175,.T.);
#12175 = EDGE_CURVE('',#12150,#2270,#12176,.T.);
#12176 = SURFACE_CURVE('',#12177,(#12181,#12187),.PCURVE_S1.);
#12177 = LINE('',#12178,#12179);
#12178 = CARTESIAN_POINT('',(196.2391003875,-119.7280736325,11.6));
#12179 = VECTOR('',#12180,1.);
#12180 = DIRECTION('',(0.,-0.,-1.));
#12181 = PCURVE('',#2285,#12182);
#12182 = DEFINITIONAL_REPRESENTATION('',(#12183),#12186);
#12183 = B_SPLINE_CURVE_WITH_KNOTS('',1,(#12184,#12185),.UNSPECIFIED.,
  .F.,.F.,(2,2),(-4.25,-0.5),.PIECEWISE_BEZIER_KNOTS.);
#12184 = CARTESIAN_POINT('',(5.938423118349,-3.75));
#12185 = CARTESIAN_POINT('',(5.938423118349,0.));
#12186 = ( GEOMETRIC_REPRESENTATION_CONTEXT(2) 
PARAMETRIC_REPRESENTATION_CONTEXT() REPRESENTATION_CONTEXT('2D SPACE',''
  ) );
#12187 = PCURVE('',#2312,#12188);
#12188 = DEFINITIONAL_REPRESENTATION('',(#12189),#12192);
#12189 = B_SPLINE_CURVE_WITH_KNOTS('',1,(#12190,#12191),.UNSPECIFIED.,
  .F.,.F.,(2,2),(-4.25,-0.5),.PIECEWISE_BEZIER_KNOTS.);
#12190 = CARTESIAN_POINT('',(2.749740153428,-4.75));
#12191 = CARTESIAN_POINT('',(2.749740153428,-1.));
#12192 = ( GEOMETRIC_REPRESENTATION_CONTEXT(2) 
PARAMETRIC_REPRESENTATION_CONTEXT() REPRESENTATION_CONTEXT('2D SPACE',''
  ) );
#12193 = ADVANCED_FACE('',(#12194),#2120,.F.);
#12194 = FACE_BOUND('',#12195,.T.);
#12195 = EDGE_LOOP('',(#12196,#12197,#12220,#12242));
#12196 = ORIENTED_EDGE('',*,*,#2099,.T.);
#12197 = ORIENTED_EDGE('',*,*,#12198,.T.);
#12198 = EDGE_CURVE('',#2100,#12199,#12201,.T.);
#12199 = VERTEX_POINT('',#12200);
#12200 = CARTESIAN_POINT('',(216.02255097749,-122.6445824547,15.85));
#12201 = SURFACE_CURVE('',#12202,(#12206,#12213),.PCURVE_S1.);
#12202 = LINE('',#12203,#12204);
#12203 = CARTESIAN_POINT('',(216.02255097749,-122.6445824547,11.1));
#12204 = VECTOR('',#12205,1.);
#12205 = DIRECTION('',(0.,0.,1.));
#12206 = PCURVE('',#2120,#12207);
#12207 = DEFINITIONAL_REPRESENTATION('',(#12208),#12212);
#12208 = LINE('',#12209,#12210);
#12209 = CARTESIAN_POINT('',(-0.,0.));
#12210 = VECTOR('',#12211,1.);
#12211 = DIRECTION('',(-0.,-1.));
#12212 = ( GEOMETRIC_REPRESENTATION_CONTEXT(2) 
PARAMETRIC_REPRESENTATION_CONTEXT() REPRESENTATION_CONTEXT('2D SPACE',''
  ) );
#12213 = PCURVE('',#2147,#12214);
#12214 = DEFINITIONAL_REPRESENTATION('',(#12215),#12219);
#12215 = LINE('',#12216,#12217);
#12216 = CARTESIAN_POINT('',(8.122552784179,0.));
#12217 = VECTOR('',#12218,1.);
#12218 = DIRECTION('',(0.,-1.));
#12219 = ( GEOMETRIC_REPRESENTATION_CONTEXT(2) 
PARAMETRIC_REPRESENTATION_CONTEXT() REPRESENTATION_CONTEXT('2D SPACE',''
  ) );
#12220 = ORIENTED_EDGE('',*,*,#12221,.T.);
#12221 = EDGE_CURVE('',#12199,#12056,#12222,.T.);
#12222 = SURFACE_CURVE('',#12223,(#12228,#12235),.PCURVE_S1.);
#12223 = CIRCLE('',#12224,1.500338035332);
#12224 = AXIS2_PLACEMENT_3D('',#12225,#12226,#12227);
#12225 = CARTESIAN_POINT('',(215.89966213473,-121.1492856439,15.85));
#12226 = DIRECTION('',(0.,0.,1.));
#12227 = DIRECTION('',(8.190743676987E-02,-0.996639940902,0.));
#12228 = PCURVE('',#2120,#12229);
#12229 = DEFINITIONAL_REPRESENTATION('',(#12230),#12234);
#12230 = LINE('',#12231,#12232);
#12231 = CARTESIAN_POINT('',(-0.,-4.75));
#12232 = VECTOR('',#12233,1.);
#12233 = DIRECTION('',(-1.,0.));
#12234 = ( GEOMETRIC_REPRESENTATION_CONTEXT(2) 
PARAMETRIC_REPRESENTATION_CONTEXT() REPRESENTATION_CONTEXT('2D SPACE',''
  ) );
#12235 = PCURVE('',#11994,#12236);
#12236 = DEFINITIONAL_REPRESENTATION('',(#12237),#12241);
#12237 = CIRCLE('',#12238,1.500338035332);
#12238 = AXIS2_PLACEMENT_2D('',#12239,#12240);
#12239 = CARTESIAN_POINT('',(3.999908885512,-1.748890983974));
#12240 = DIRECTION('',(8.190743676987E-02,-0.996639940902));
#12241 = ( GEOMETRIC_REPRESENTATION_CONTEXT(2) 
PARAMETRIC_REPRESENTATION_CONTEXT() REPRESENTATION_CONTEXT('2D SPACE',''
  ) );
#12242 = ORIENTED_EDGE('',*,*,#12055,.F.);
#12243 = ADVANCED_FACE('',(#12244),#2430,.T.);
#12244 = FACE_BOUND('',#12245,.T.);
#12245 = EDGE_LOOP('',(#12246,#12247,#12270,#12291));
#12246 = ORIENTED_EDGE('',*,*,#12128,.T.);
#12247 = ORIENTED_EDGE('',*,*,#12248,.T.);
#12248 = EDGE_CURVE('',#12129,#12249,#12251,.T.);
#12249 = VERTEX_POINT('',#12250);
#12250 = CARTESIAN_POINT('',(186.09892824205,-124.8580459935,15.85));
#12251 = SURFACE_CURVE('',#12252,(#12256,#12263),.PCURVE_S1.);
#12252 = LINE('',#12253,#12254);
#12253 = CARTESIAN_POINT('',(185.32936023503,-121.2682105883,15.85));
#12254 = VECTOR('',#12255,1.);
#12255 = DIRECTION('',(0.209611787095,-0.977784689342,0.));
#12256 = PCURVE('',#2430,#12257);
#12257 = DEFINITIONAL_REPRESENTATION('',(#12258),#12262);
#12258 = LINE('',#12259,#12260);
#12259 = CARTESIAN_POINT('',(0.,-4.75));
#12260 = VECTOR('',#12261,1.);
#12261 = DIRECTION('',(1.,0.));
#12262 = ( GEOMETRIC_REPRESENTATION_CONTEXT(2) 
PARAMETRIC_REPRESENTATION_CONTEXT() REPRESENTATION_CONTEXT('2D SPACE',''
  ) );
#12263 = PCURVE('',#12164,#12264);
#12264 = DEFINITIONAL_REPRESENTATION('',(#12265),#12269);
#12265 = LINE('',#12266,#12267);
#12266 = CARTESIAN_POINT('',(-5.742899287874,0.57469560391));
#12267 = VECTOR('',#12268,1.);
#12268 = DIRECTION('',(0.209611787095,-0.977784689342));
#12269 = ( GEOMETRIC_REPRESENTATION_CONTEXT(2) 
PARAMETRIC_REPRESENTATION_CONTEXT() REPRESENTATION_CONTEXT('2D SPACE',''
  ) );
#12270 = ORIENTED_EDGE('',*,*,#12271,.F.);
#12271 = EDGE_CURVE('',#2383,#12249,#12272,.T.);
#12272 = SURFACE_CURVE('',#12273,(#12277,#12284),.PCURVE_S1.);
#12273 = LINE('',#12274,#12275);
#12274 = CARTESIAN_POINT('',(186.09892824205,-124.8580459935,11.1));
#12275 = VECTOR('',#12276,1.);
#12276 = DIRECTION('',(0.,0.,1.));
#12277 = PCURVE('',#2430,#12278);
#12278 = DEFINITIONAL_REPRESENTATION('',(#12279),#12283);
#12279 = LINE('',#12280,#12281);
#12280 = CARTESIAN_POINT('',(3.671396621742,0.));
#12281 = VECTOR('',#12282,1.);
#12282 = DIRECTION('',(0.,-1.));
#12283 = ( GEOMETRIC_REPRESENTATION_CONTEXT(2) 
PARAMETRIC_REPRESENTATION_CONTEXT() REPRESENTATION_CONTEXT('2D SPACE',''
  ) );
#12284 = PCURVE('',#2403,#12285);
#12285 = DEFINITIONAL_REPRESENTATION('',(#12286),#12290);
#12286 = LINE('',#12287,#12288);
#12287 = CARTESIAN_POINT('',(-0.,0.));
#12288 = VECTOR('',#12289,1.);
#12289 = DIRECTION('',(-0.,-1.));
#12290 = ( GEOMETRIC_REPRESENTATION_CONTEXT(2) 
PARAMETRIC_REPRESENTATION_CONTEXT() REPRESENTATION_CONTEXT('2D SPACE',''
  ) );
#12291 = ORIENTED_EDGE('',*,*,#2415,.T.);
#12292 = ADVANCED_FACE('',(#12293),#2147,.T.);
#12293 = FACE_BOUND('',#12294,.T.);
#12294 = EDGE_LOOP('',(#12295,#12296,#12319,#12340));
#12295 = ORIENTED_EDGE('',*,*,#2132,.T.);
#12296 = ORIENTED_EDGE('',*,*,#12297,.T.);
#12297 = EDGE_CURVE('',#2133,#12298,#12300,.T.);
#12298 = VERTEX_POINT('',#12299);
#12299 = CARTESIAN_POINT('',(207.9,-122.65,15.85));
#12300 = SURFACE_CURVE('',#12301,(#12305,#12312),.PCURVE_S1.);
#12301 = LINE('',#12302,#12303);
#12302 = CARTESIAN_POINT('',(207.9,-122.65,11.1));
#12303 = VECTOR('',#12304,1.);
#12304 = DIRECTION('',(0.,0.,1.));
#12305 = PCURVE('',#2147,#12306);
#12306 = DEFINITIONAL_REPRESENTATION('',(#12307),#12311);
#12307 = LINE('',#12308,#12309);
#12308 = CARTESIAN_POINT('',(0.,0.));
#12309 = VECTOR('',#12310,1.);
#12310 = DIRECTION('',(0.,-1.));
#12311 = ( GEOMETRIC_REPRESENTATION_CONTEXT(2) 
PARAMETRIC_REPRESENTATION_CONTEXT() REPRESENTATION_CONTEXT('2D SPACE',''
  ) );
#12312 = PCURVE('',#2179,#12313);
#12313 = DEFINITIONAL_REPRESENTATION('',(#12314),#12318);
#12314 = LINE('',#12315,#12316);
#12315 = CARTESIAN_POINT('',(-1.455531117313,0.));
#12316 = VECTOR('',#12317,1.);
#12317 = DIRECTION('',(-0.,-1.));
#12318 = ( GEOMETRIC_REPRESENTATION_CONTEXT(2) 
PARAMETRIC_REPRESENTATION_CONTEXT() REPRESENTATION_CONTEXT('2D SPACE',''
  ) );
#12319 = ORIENTED_EDGE('',*,*,#12320,.T.);
#12320 = EDGE_CURVE('',#12298,#12199,#12321,.T.);
#12321 = SURFACE_CURVE('',#12322,(#12326,#12333),.PCURVE_S1.);
#12322 = LINE('',#12323,#12324);
#12323 = CARTESIAN_POINT('',(207.9,-122.65,15.85));
#12324 = VECTOR('',#12325,1.);
#12325 = DIRECTION('',(0.999999777572,6.669756872224E-04,0.));
#12326 = PCURVE('',#2147,#12327);
#12327 = DEFINITIONAL_REPRESENTATION('',(#12328),#12332);
#12328 = LINE('',#12329,#12330);
#12329 = CARTESIAN_POINT('',(0.,-4.75));
#12330 = VECTOR('',#12331,1.);
#12331 = DIRECTION('',(1.,0.));
#12332 = ( GEOMETRIC_REPRESENTATION_CONTEXT(2) 
PARAMETRIC_REPRESENTATION_CONTEXT() REPRESENTATION_CONTEXT('2D SPACE',''
  ) );
#12333 = PCURVE('',#11994,#12334);
#12334 = DEFINITIONAL_REPRESENTATION('',(#12335),#12339);
#12335 = LINE('',#12336,#12337);
#12336 = CARTESIAN_POINT('',(-3.999753249219,-3.249605340066));
#12337 = VECTOR('',#12338,1.);
#12338 = DIRECTION('',(0.999999777572,6.669756872224E-04));
#12339 = ( GEOMETRIC_REPRESENTATION_CONTEXT(2) 
PARAMETRIC_REPRESENTATION_CONTEXT() REPRESENTATION_CONTEXT('2D SPACE',''
  ) );
#12340 = ORIENTED_EDGE('',*,*,#12198,.F.);
#12341 = ADVANCED_FACE('',(#12342),#2403,.F.);
#12342 = FACE_BOUND('',#12343,.T.);
#12343 = EDGE_LOOP('',(#12344,#12345,#12346,#12370));
#12344 = ORIENTED_EDGE('',*,*,#2382,.T.);
#12345 = ORIENTED_EDGE('',*,*,#12271,.T.);
#12346 = ORIENTED_EDGE('',*,*,#12347,.T.);
#12347 = EDGE_CURVE('',#12249,#12348,#12350,.T.);
#12348 = VERTEX_POINT('',#12349);
#12349 = CARTESIAN_POINT('',(187.83134373466,-125.8497036383,15.85));
#12350 = SURFACE_CURVE('',#12351,(#12356,#12363),.PCURVE_S1.);
#12351 = CIRCLE('',#12352,1.500413123523);
#12352 = AXIS2_PLACEMENT_3D('',#12353,#12354,#12355);
#12353 = CARTESIAN_POINT('',(187.52168322484,-124.3815926378,15.85));
#12354 = DIRECTION('',(0.,0.,1.));
#12355 = DIRECTION('',(-0.948242161097,-0.31754811276,0.));
#12356 = PCURVE('',#2403,#12357);
#12357 = DEFINITIONAL_REPRESENTATION('',(#12358),#12362);
#12358 = LINE('',#12359,#12360);
#12359 = CARTESIAN_POINT('',(-0.,-4.75));
#12360 = VECTOR('',#12361,1.);
#12361 = DIRECTION('',(-1.,0.));
#12362 = ( GEOMETRIC_REPRESENTATION_CONTEXT(2) 
PARAMETRIC_REPRESENTATION_CONTEXT() REPRESENTATION_CONTEXT('2D SPACE',''
  ) );
#12363 = PCURVE('',#12164,#12364);
#12364 = DEFINITIONAL_REPRESENTATION('',(#12365),#12369);
#12365 = CIRCLE('',#12366,1.500413123523);
#12366 = AXIS2_PLACEMENT_2D('',#12367,#12368);
#12367 = CARTESIAN_POINT('',(-3.550576298068,-2.538686445595));
#12368 = DIRECTION('',(-0.948242161097,-0.31754811276));
#12369 = ( GEOMETRIC_REPRESENTATION_CONTEXT(2) 
PARAMETRIC_REPRESENTATION_CONTEXT() REPRESENTATION_CONTEXT('2D SPACE',''
  ) );
#12370 = ORIENTED_EDGE('',*,*,#12371,.F.);
#12371 = EDGE_CURVE('',#2357,#12348,#12372,.T.);
#12372 = SURFACE_CURVE('',#12373,(#12377,#12384),.PCURVE_S1.);
#12373 = LINE('',#12374,#12375);
#12374 = CARTESIAN_POINT('',(187.83134373466,-125.8497036383,11.1));
#12375 = VECTOR('',#12376,1.);
#12376 = DIRECTION('',(0.,0.,1.));
#12377 = PCURVE('',#2403,#12378);
#12378 = DEFINITIONAL_REPRESENTATION('',(#12379),#12383);
#12379 = LINE('',#12380,#12381);
#12380 = CARTESIAN_POINT('',(-1.455531117313,0.));
#12381 = VECTOR('',#12382,1.);
#12382 = DIRECTION('',(-0.,-1.));
#12383 = ( GEOMETRIC_REPRESENTATION_CONTEXT(2) 
PARAMETRIC_REPRESENTATION_CONTEXT() REPRESENTATION_CONTEXT('2D SPACE',''
  ) );
#12384 = PCURVE('',#2371,#12385);
#12385 = DEFINITIONAL_REPRESENTATION('',(#12386),#12390);
#12386 = LINE('',#12387,#12388);
#12387 = CARTESIAN_POINT('',(0.,0.));
#12388 = VECTOR('',#12389,1.);
#12389 = DIRECTION('',(0.,-1.));
#12390 = ( GEOMETRIC_REPRESENTATION_CONTEXT(2) 
PARAMETRIC_REPRESENTATION_CONTEXT() REPRESENTATION_CONTEXT('2D SPACE',''
  ) );
#12391 = ADVANCED_FACE('',(#12392),#2179,.F.);
#12392 = FACE_BOUND('',#12393,.T.);
#12393 = EDGE_LOOP('',(#12394,#12395,#12418,#12440));
#12394 = ORIENTED_EDGE('',*,*,#2158,.T.);
#12395 = ORIENTED_EDGE('',*,*,#12396,.T.);
#12396 = EDGE_CURVE('',#2159,#12397,#12399,.T.);
#12397 = VERTEX_POINT('',#12398);
#12398 = CARTESIAN_POINT('',(206.41022701834,-121.3213823775,15.85));
#12399 = SURFACE_CURVE('',#12400,(#12404,#12411),.PCURVE_S1.);
#12400 = LINE('',#12401,#12402);
#12401 = CARTESIAN_POINT('',(206.41022701834,-121.3213823775,11.1));
#12402 = VECTOR('',#12403,1.);
#12403 = DIRECTION('',(0.,0.,1.));
#12404 = PCURVE('',#2179,#12405);
#12405 = DEFINITIONAL_REPRESENTATION('',(#12406),#12410);
#12406 = LINE('',#12407,#12408);
#12407 = CARTESIAN_POINT('',(-0.,0.));
#12408 = VECTOR('',#12409,1.);
#12409 = DIRECTION('',(-0.,-1.));
#12410 = ( GEOMETRIC_REPRESENTATION_CONTEXT(2) 
PARAMETRIC_REPRESENTATION_CONTEXT() REPRESENTATION_CONTEXT('2D SPACE',''
  ) );
#12411 = PCURVE('',#2206,#12412);
#12412 = DEFINITIONAL_REPRESENTATION('',(#12413),#12417);
#12413 = LINE('',#12414,#12415);
#12414 = CARTESIAN_POINT('',(3.671396621742,0.));
#12415 = VECTOR('',#12416,1.);
#12416 = DIRECTION('',(0.,-1.));
#12417 = ( GEOMETRIC_REPRESENTATION_CONTEXT(2) 
PARAMETRIC_REPRESENTATION_CONTEXT() REPRESENTATION_CONTEXT('2D SPACE',''
  ) );
#12418 = ORIENTED_EDGE('',*,*,#12419,.T.);
#12419 = EDGE_CURVE('',#12397,#12298,#12420,.T.);
#12420 = SURFACE_CURVE('',#12421,(#12426,#12433),.PCURVE_S1.);
#12421 = CIRCLE('',#12422,1.500413123523);
#12422 = AXIS2_PLACEMENT_3D('',#12423,#12424,#12425);
#12423 = CARTESIAN_POINT('',(207.90077252767,-121.1495870753,15.85));
#12424 = DIRECTION('',(0.,0.,1.));
#12425 = DIRECTION('',(-0.993423401836,-0.11449866674,0.));
#12426 = PCURVE('',#2179,#12427);
#12427 = DEFINITIONAL_REPRESENTATION('',(#12428),#12432);
#12428 = LINE('',#12429,#12430);
#12429 = CARTESIAN_POINT('',(-0.,-4.75));
#12430 = VECTOR('',#12431,1.);
#12431 = DIRECTION('',(-1.,0.));
#12432 = ( GEOMETRIC_REPRESENTATION_CONTEXT(2) 
PARAMETRIC_REPRESENTATION_CONTEXT() REPRESENTATION_CONTEXT('2D SPACE',''
  ) );
#12433 = PCURVE('',#11994,#12434);
#12434 = DEFINITIONAL_REPRESENTATION('',(#12435),#12439);
#12435 = CIRCLE('',#12436,1.500413123523);
#12436 = AXIS2_PLACEMENT_2D('',#12437,#12438);
#12437 = CARTESIAN_POINT('',(-3.998980721544,-1.749192415421));
#12438 = DIRECTION('',(-0.993423401836,-0.11449866674));
#12439 = ( GEOMETRIC_REPRESENTATION_CONTEXT(2) 
PARAMETRIC_REPRESENTATION_CONTEXT() REPRESENTATION_CONTEXT('2D SPACE',''
  ) );
#12440 = ORIENTED_EDGE('',*,*,#12297,.F.);
#12441 = ADVANCED_FACE('',(#12442),#2371,.T.);
#12442 = FACE_BOUND('',#12443,.T.);
#12443 = EDGE_LOOP('',(#12444,#12445,#12446,#12469));
#12444 = ORIENTED_EDGE('',*,*,#2356,.T.);
#12445 = ORIENTED_EDGE('',*,*,#12371,.T.);
#12446 = ORIENTED_EDGE('',*,*,#12447,.T.);
#12447 = EDGE_CURVE('',#12348,#12448,#12450,.T.);
#12448 = VERTEX_POINT('',#12449);
#12449 = CARTESIAN_POINT('',(195.77704078661,-124.1639509607,15.85));
#12450 = SURFACE_CURVE('',#12451,(#12455,#12462),.PCURVE_S1.);
#12451 = LINE('',#12452,#12453);
#12452 = CARTESIAN_POINT('',(187.83134373466,-125.8497036383,15.85));
#12453 = VECTOR('',#12454,1.);
#12454 = DIRECTION('',(0.978226582588,0.207539762742,0.));
#12455 = PCURVE('',#2371,#12456);
#12456 = DEFINITIONAL_REPRESENTATION('',(#12457),#12461);
#12457 = LINE('',#12458,#12459);
#12458 = CARTESIAN_POINT('',(0.,-4.75));
#12459 = VECTOR('',#12460,1.);
#12460 = DIRECTION('',(1.,0.));
#12461 = ( GEOMETRIC_REPRESENTATION_CONTEXT(2) 
PARAMETRIC_REPRESENTATION_CONTEXT() REPRESENTATION_CONTEXT('2D SPACE',''
  ) );
#12462 = PCURVE('',#12164,#12463);
#12463 = DEFINITIONAL_REPRESENTATION('',(#12464),#12468);
#12464 = LINE('',#12465,#12466);
#12465 = CARTESIAN_POINT('',(-3.240915788245,-4.006797446132));
#12466 = VECTOR('',#12467,1.);
#12467 = DIRECTION('',(0.978226582588,0.207539762742));
#12468 = ( GEOMETRIC_REPRESENTATION_CONTEXT(2) 
PARAMETRIC_REPRESENTATION_CONTEXT() REPRESENTATION_CONTEXT('2D SPACE',''
  ) );
#12469 = ORIENTED_EDGE('',*,*,#12470,.F.);
#12470 = EDGE_CURVE('',#2324,#12448,#12471,.T.);
#12471 = SURFACE_CURVE('',#12472,(#12476,#12483),.PCURVE_S1.);
#12472 = LINE('',#12473,#12474);
#12473 = CARTESIAN_POINT('',(195.77704078661,-124.1639509607,11.1));
#12474 = VECTOR('',#12475,1.);
#12475 = DIRECTION('',(0.,0.,1.));
#12476 = PCURVE('',#2371,#12477);
#12477 = DEFINITIONAL_REPRESENTATION('',(#12478),#12482);
#12478 = LINE('',#12479,#12480);
#12479 = CARTESIAN_POINT('',(8.122552784179,0.));
#12480 = VECTOR('',#12481,1.);
#12481 = DIRECTION('',(0.,-1.));
#12482 = ( GEOMETRIC_REPRESENTATION_CONTEXT(2) 
PARAMETRIC_REPRESENTATION_CONTEXT() REPRESENTATION_CONTEXT('2D SPACE',''
  ) );
#12483 = PCURVE('',#2344,#12484);
#12484 = DEFINITIONAL_REPRESENTATION('',(#12485),#12489);
#12485 = LINE('',#12486,#12487);
#12486 = CARTESIAN_POINT('',(-0.,0.));
#12487 = VECTOR('',#12488,1.);
#12488 = DIRECTION('',(-0.,-1.));
#12489 = ( GEOMETRIC_REPRESENTATION_CONTEXT(2) 
PARAMETRIC_REPRESENTATION_CONTEXT() REPRESENTATION_CONTEXT('2D SPACE',''
  ) );
#12490 = ADVANCED_FACE('',(#12491),#2206,.T.);
#12491 = FACE_BOUND('',#12492,.T.);
#12492 = EDGE_LOOP('',(#12493,#12494,#12515,#12516));
#12493 = ORIENTED_EDGE('',*,*,#11958,.T.);
#12494 = ORIENTED_EDGE('',*,*,#12495,.T.);
#12495 = EDGE_CURVE('',#11959,#12397,#12496,.T.);
#12496 = SURFACE_CURVE('',#12497,(#12501,#12508),.PCURVE_S1.);
#12497 = LINE('',#12498,#12499);
#12498 = CARTESIAN_POINT('',(206.4,-117.65,15.85));
#12499 = VECTOR('',#12500,1.);
#12500 = DIRECTION('',(2.785593440065E-03,-0.999996120227,0.));
#12501 = PCURVE('',#2206,#12502);
#12502 = DEFINITIONAL_REPRESENTATION('',(#12503),#12507);
#12503 = LINE('',#12504,#12505);
#12504 = CARTESIAN_POINT('',(0.,-4.75));
#12505 = VECTOR('',#12506,1.);
#12506 = DIRECTION('',(1.,0.));
#12507 = ( GEOMETRIC_REPRESENTATION_CONTEXT(2) 
PARAMETRIC_REPRESENTATION_CONTEXT() REPRESENTATION_CONTEXT('2D SPACE',''
  ) );
#12508 = PCURVE('',#11994,#12509);
#12509 = DEFINITIONAL_REPRESENTATION('',(#12510),#12514);
#12510 = LINE('',#12511,#12512);
#12511 = CARTESIAN_POINT('',(-5.499753249219,1.750394659934));
#12512 = VECTOR('',#12513,1.);
#12513 = DIRECTION('',(2.785593440065E-03,-0.999996120227));
#12514 = ( GEOMETRIC_REPRESENTATION_CONTEXT(2) 
PARAMETRIC_REPRESENTATION_CONTEXT() REPRESENTATION_CONTEXT('2D SPACE',''
  ) );
#12515 = ORIENTED_EDGE('',*,*,#12396,.F.);
#12516 = ORIENTED_EDGE('',*,*,#2191,.T.);
#12517 = ADVANCED_FACE('',(#12518),#2344,.F.);
#12518 = FACE_BOUND('',#12519,.T.);
#12519 = EDGE_LOOP('',(#12520,#12521,#12522,#12546));
#12520 = ORIENTED_EDGE('',*,*,#2323,.T.);
#12521 = ORIENTED_EDGE('',*,*,#12470,.T.);
#12522 = ORIENTED_EDGE('',*,*,#12523,.T.);
#12523 = EDGE_CURVE('',#12448,#12524,#12526,.T.);
#12524 = VERTEX_POINT('',#12525);
#12525 = CARTESIAN_POINT('',(196.8154783351,-122.4167274542,15.85));
#12526 = SURFACE_CURVE('',#12527,(#12532,#12539),.PCURVE_S1.);
#12527 = CIRCLE('',#12528,1.500338035332);
#12528 = AXIS2_PLACEMENT_3D('',#12529,#12530,#12531);
#12529 = CARTESIAN_POINT('',(195.34745280498,-122.7264293482,15.85));
#12530 = DIRECTION('',(0.,0.,1.));
#12531 = DIRECTION('',(0.286327461893,-0.958131820036,0.));
#12532 = PCURVE('',#2344,#12533);
#12533 = DEFINITIONAL_REPRESENTATION('',(#12534),#12538);
#12534 = LINE('',#12535,#12536);
#12535 = CARTESIAN_POINT('',(-0.,-4.75));
#12536 = VECTOR('',#12537,1.);
#12537 = DIRECTION('',(-1.,0.));
#12538 = ( GEOMETRIC_REPRESENTATION_CONTEXT(2) 
PARAMETRIC_REPRESENTATION_CONTEXT() REPRESENTATION_CONTEXT('2D SPACE',''
  ) );
#12539 = PCURVE('',#12164,#12540);
#12540 = DEFINITIONAL_REPRESENTATION('',(#12541),#12545);
#12541 = CIRCLE('',#12542,1.500338035332);
#12542 = AXIS2_PLACEMENT_2D('',#12543,#12544);
#12543 = CARTESIAN_POINT('',(4.275193282072,-0.883523155978));
#12544 = DIRECTION('',(0.286327461893,-0.958131820036));
#12545 = ( GEOMETRIC_REPRESENTATION_CONTEXT(2) 
PARAMETRIC_REPRESENTATION_CONTEXT() REPRESENTATION_CONTEXT('2D SPACE',''
  ) );
#12546 = ORIENTED_EDGE('',*,*,#12547,.F.);
#12547 = EDGE_CURVE('',#2298,#12524,#12548,.T.);
#12548 = SURFACE_CURVE('',#12549,(#12553,#12560),.PCURVE_S1.);
#12549 = LINE('',#12550,#12551);
#12550 = CARTESIAN_POINT('',(196.8154783351,-122.4167274542,11.1));
#12551 = VECTOR('',#12552,1.);
#12552 = DIRECTION('',(0.,0.,1.));
#12553 = PCURVE('',#2344,#12554);
#12554 = DEFINITIONAL_REPRESENTATION('',(#12555),#12559);
#12555 = LINE('',#12556,#12557);
#12556 = CARTESIAN_POINT('',(-1.488320898493,0.));
#12557 = VECTOR('',#12558,1.);
#12558 = DIRECTION('',(-0.,-1.));
#12559 = ( GEOMETRIC_REPRESENTATION_CONTEXT(2) 
PARAMETRIC_REPRESENTATION_CONTEXT() REPRESENTATION_CONTEXT('2D SPACE',''
  ) );
#12560 = PCURVE('',#2312,#12561);
#12561 = DEFINITIONAL_REPRESENTATION('',(#12562),#12566);
#12562 = LINE('',#12563,#12564);
#12563 = CARTESIAN_POINT('',(0.,0.));
#12564 = VECTOR('',#12565,1.);
#12565 = DIRECTION('',(0.,-1.));
#12566 = ( GEOMETRIC_REPRESENTATION_CONTEXT(2) 
PARAMETRIC_REPRESENTATION_CONTEXT() REPRESENTATION_CONTEXT('2D SPACE',''
  ) );
#12567 = ADVANCED_FACE('',(#12568),#2312,.T.);
#12568 = FACE_BOUND('',#12569,.T.);
#12569 = EDGE_LOOP('',(#12570,#12571,#12572,#12593));
#12570 = ORIENTED_EDGE('',*,*,#2297,.T.);
#12571 = ORIENTED_EDGE('',*,*,#12547,.T.);
#12572 = ORIENTED_EDGE('',*,*,#12573,.T.);
#12573 = EDGE_CURVE('',#12524,#12150,#12574,.T.);
#12574 = SURFACE_CURVE('',#12575,(#12579,#12586),.PCURVE_S1.);
#12575 = LINE('',#12576,#12577);
#12576 = CARTESIAN_POINT('',(196.8154783351,-122.4167274542,15.85));
#12577 = VECTOR('',#12578,1.);
#12578 = DIRECTION('',(-0.209611787095,0.977784689342,0.));
#12579 = PCURVE('',#2312,#12580);
#12580 = DEFINITIONAL_REPRESENTATION('',(#12581),#12585);
#12581 = LINE('',#12582,#12583);
#12582 = CARTESIAN_POINT('',(0.,-4.75));
#12583 = VECTOR('',#12584,1.);
#12584 = DIRECTION('',(1.,0.));
#12585 = ( GEOMETRIC_REPRESENTATION_CONTEXT(2) 
PARAMETRIC_REPRESENTATION_CONTEXT() REPRESENTATION_CONTEXT('2D SPACE',''
  ) );
#12586 = PCURVE('',#12164,#12587);
#12587 = DEFINITIONAL_REPRESENTATION('',(#12588),#12592);
#12588 = LINE('',#12589,#12590);
#12589 = CARTESIAN_POINT('',(5.743218812198,-0.573821261956));
#12590 = VECTOR('',#12591,1.);
#12591 = DIRECTION('',(-0.209611787095,0.977784689342));
#12592 = ( GEOMETRIC_REPRESENTATION_CONTEXT(2) 
PARAMETRIC_REPRESENTATION_CONTEXT() REPRESENTATION_CONTEXT('2D SPACE',''
  ) );
#12593 = ORIENTED_EDGE('',*,*,#12175,.T.);
#12594 = ADVANCED_FACE('',(#12595),#2257,.T.);
#12595 = FACE_BOUND('',#12596,.F.);
#12596 = EDGE_LOOP('',(#12597,#12598,#12599,#12600));
#12597 = ORIENTED_EDGE('',*,*,#11936,.T.);
#12598 = ORIENTED_EDGE('',*,*,#6464,.T.);
#12599 = ORIENTED_EDGE('',*,*,#12104,.F.);
#12600 = ORIENTED_EDGE('',*,*,#2240,.F.);
#12601 = ADVANCED_FACE('',(#12602),#4336,.F.);
#12602 = FACE_BOUND('',#12603,.F.);
#12603 = EDGE_LOOP('',(#12604,#12627,#12654,#12655));
#12604 = ORIENTED_EDGE('',*,*,#12605,.T.);
#12605 = EDGE_CURVE('',#4320,#12606,#12608,.T.);
#12606 = VERTEX_POINT('',#12607);
#12607 = CARTESIAN_POINT('',(169.95189014134,-133.3657094118,17.1));
#12608 = SEAM_CURVE('',#12609,(#12613,#12620),.PCURVE_S1.);
#12609 = LINE('',#12610,#12611);
#12610 = CARTESIAN_POINT('',(169.95189014134,-133.3657094118,11.1));
#12611 = VECTOR('',#12612,1.);
#12612 = DIRECTION('',(0.,0.,1.));
#12613 = PCURVE('',#4336,#12614);
#12614 = DEFINITIONAL_REPRESENTATION('',(#12615),#12619);
#12615 = LINE('',#12616,#12617);
#12616 = CARTESIAN_POINT('',(6.28318530718,-0.));
#12617 = VECTOR('',#12618,1.);
#12618 = DIRECTION('',(0.,1.));
#12619 = ( GEOMETRIC_REPRESENTATION_CONTEXT(2) 
PARAMETRIC_REPRESENTATION_CONTEXT() REPRESENTATION_CONTEXT('2D SPACE',''
  ) );
#12620 = PCURVE('',#4336,#12621);
#12621 = DEFINITIONAL_REPRESENTATION('',(#12622),#12626);
#12622 = LINE('',#12623,#12624);
#12623 = CARTESIAN_POINT('',(0.,-0.));
#12624 = VECTOR('',#12625,1.);
#12625 = DIRECTION('',(0.,1.));
#12626 = ( GEOMETRIC_REPRESENTATION_CONTEXT(2) 
PARAMETRIC_REPRESENTATION_CONTEXT() REPRESENTATION_CONTEXT('2D SPACE',''
  ) );
#12627 = ORIENTED_EDGE('',*,*,#12628,.F.);
#12628 = EDGE_CURVE('',#12606,#12606,#12629,.T.);
#12629 = SURFACE_CURVE('',#12630,(#12635,#12642),.PCURVE_S1.);
#12630 = CIRCLE('',#12631,2.1);
#12631 = AXIS2_PLACEMENT_3D('',#12632,#12633,#12634);
#12632 = CARTESIAN_POINT('',(167.85189014134,-133.3657094118,17.1));
#12633 = DIRECTION('',(0.,0.,1.));
#12634 = DIRECTION('',(1.,0.,-0.));
#12635 = PCURVE('',#4336,#12636);
#12636 = DEFINITIONAL_REPRESENTATION('',(#12637),#12641);
#12637 = LINE('',#12638,#12639);
#12638 = CARTESIAN_POINT('',(0.,6.));
#12639 = VECTOR('',#12640,1.);
#12640 = DIRECTION('',(1.,0.));
#12641 = ( GEOMETRIC_REPRESENTATION_CONTEXT(2) 
PARAMETRIC_REPRESENTATION_CONTEXT() REPRESENTATION_CONTEXT('2D SPACE',''
  ) );
#12642 = PCURVE('',#12643,#12648);
#12643 = PLANE('',#12644);
#12644 = AXIS2_PLACEMENT_3D('',#12645,#12646,#12647);
#12645 = CARTESIAN_POINT('',(167.85189014134,-133.3657094118,17.1));
#12646 = DIRECTION('',(0.,0.,1.));
#12647 = DIRECTION('',(1.,0.,-0.));
#12648 = DEFINITIONAL_REPRESENTATION('',(#12649),#12653);
#12649 = CIRCLE('',#12650,2.1);
#12650 = AXIS2_PLACEMENT_2D('',#12651,#12652);
#12651 = CARTESIAN_POINT('',(0.,0.));
#12652 = DIRECTION('',(1.,0.));
#12653 = ( GEOMETRIC_REPRESENTATION_CONTEXT(2) 
PARAMETRIC_REPRESENTATION_CONTEXT() REPRESENTATION_CONTEXT('2D SPACE',''
  ) );
#12654 = ORIENTED_EDGE('',*,*,#12605,.F.);
#12655 = ORIENTED_EDGE('',*,*,#4319,.T.);
#12656 = ADVANCED_FACE('',(#12657),#4367,.F.);
#12657 = FACE_BOUND('',#12658,.F.);
#12658 = EDGE_LOOP('',(#12659,#12682,#12709,#12710));
#12659 = ORIENTED_EDGE('',*,*,#12660,.T.);
#12660 = EDGE_CURVE('',#4351,#12661,#12663,.T.);
#12661 = VERTEX_POINT('',#12662);
#12662 = CARTESIAN_POINT('',(203.98953758424,-122.238147965,17.1));
#12663 = SEAM_CURVE('',#12664,(#12668,#12675),.PCURVE_S1.);
#12664 = LINE('',#12665,#12666);
#12665 = CARTESIAN_POINT('',(203.98953758424,-122.238147965,11.1));
#12666 = VECTOR('',#12667,1.);
#12667 = DIRECTION('',(0.,0.,1.));
#12668 = PCURVE('',#4367,#12669);
#12669 = DEFINITIONAL_REPRESENTATION('',(#12670),#12674);
#12670 = LINE('',#12671,#12672);
#12671 = CARTESIAN_POINT('',(6.28318530718,-0.));
#12672 = VECTOR('',#12673,1.);
#12673 = DIRECTION('',(0.,1.));
#12674 = ( GEOMETRIC_REPRESENTATION_CONTEXT(2) 
PARAMETRIC_REPRESENTATION_CONTEXT() REPRESENTATION_CONTEXT('2D SPACE',''
  ) );
#12675 = PCURVE('',#4367,#12676);
#12676 = DEFINITIONAL_REPRESENTATION('',(#12677),#12681);
#12677 = LINE('',#12678,#12679);
#12678 = CARTESIAN_POINT('',(0.,-0.));
#12679 = VECTOR('',#12680,1.);
#12680 = DIRECTION('',(0.,1.));
#12681 = ( GEOMETRIC_REPRESENTATION_CONTEXT(2) 
PARAMETRIC_REPRESENTATION_CONTEXT() REPRESENTATION_CONTEXT('2D SPACE',''
  ) );
#12682 = ORIENTED_EDGE('',*,*,#12683,.F.);
#12683 = EDGE_CURVE('',#12661,#12661,#12684,.T.);
#12684 = SURFACE_CURVE('',#12685,(#12690,#12697),.PCURVE_S1.);
#12685 = CIRCLE('',#12686,2.1);
#12686 = AXIS2_PLACEMENT_3D('',#12687,#12688,#12689);
#12687 = CARTESIAN_POINT('',(201.88953758424,-122.238147965,17.1));
#12688 = DIRECTION('',(0.,0.,1.));
#12689 = DIRECTION('',(1.,0.,-0.));
#12690 = PCURVE('',#4367,#12691);
#12691 = DEFINITIONAL_REPRESENTATION('',(#12692),#12696);
#12692 = LINE('',#12693,#12694);
#12693 = CARTESIAN_POINT('',(0.,6.));
#12694 = VECTOR('',#12695,1.);
#12695 = DIRECTION('',(1.,0.));
#12696 = ( GEOMETRIC_REPRESENTATION_CONTEXT(2) 
PARAMETRIC_REPRESENTATION_CONTEXT() REPRESENTATION_CONTEXT('2D SPACE',''
  ) );
#12697 = PCURVE('',#12698,#12703);
#12698 = PLANE('',#12699);
#12699 = AXIS2_PLACEMENT_3D('',#12700,#12701,#12702);
#12700 = CARTESIAN_POINT('',(201.88953758424,-122.238147965,17.1));
#12701 = DIRECTION('',(0.,0.,1.));
#12702 = DIRECTION('',(1.,0.,-0.));
#12703 = DEFINITIONAL_REPRESENTATION('',(#12704),#12708);
#12704 = CIRCLE('',#12705,2.1);
#12705 = AXIS2_PLACEMENT_2D('',#12706,#12707);
#12706 = CARTESIAN_POINT('',(0.,0.));
#12707 = DIRECTION('',(1.,0.));
#12708 = ( GEOMETRIC_REPRESENTATION_CONTEXT(2) 
PARAMETRIC_REPRESENTATION_CONTEXT() REPRESENTATION_CONTEXT('2D SPACE',''
  ) );
#12709 = ORIENTED_EDGE('',*,*,#12660,.F.);
#12710 = ORIENTED_EDGE('',*,*,#4350,.T.);
#12711 = ADVANCED_FACE('',(#12712),#4398,.F.);
#12712 = FACE_BOUND('',#12713,.F.);
#12713 = EDGE_LOOP('',(#12714,#12737,#12764,#12765));
#12714 = ORIENTED_EDGE('',*,*,#12715,.T.);
#12715 = EDGE_CURVE('',#4382,#12716,#12718,.T.);
#12716 = VERTEX_POINT('',#12717);
#12717 = CARTESIAN_POINT('',(228.41250000018,-100.1598284082,17.1));
#12718 = SEAM_CURVE('',#12719,(#12723,#12730),.PCURVE_S1.);
#12719 = LINE('',#12720,#12721);
#12720 = CARTESIAN_POINT('',(228.41250000018,-100.1598284082,11.1));
#12721 = VECTOR('',#12722,1.);
#12722 = DIRECTION('',(0.,0.,1.));
#12723 = PCURVE('',#4398,#12724);
#12724 = DEFINITIONAL_REPRESENTATION('',(#12725),#12729);
#12725 = LINE('',#12726,#12727);
#12726 = CARTESIAN_POINT('',(6.28318530718,-0.));
#12727 = VECTOR('',#12728,1.);
#12728 = DIRECTION('',(0.,1.));
#12729 = ( GEOMETRIC_REPRESENTATION_CONTEXT(2) 
PARAMETRIC_REPRESENTATION_CONTEXT() REPRESENTATION_CONTEXT('2D SPACE',''
  ) );
#12730 = PCURVE('',#4398,#12731);
#12731 = DEFINITIONAL_REPRESENTATION('',(#12732),#12736);
#12732 = LINE('',#12733,#12734);
#12733 = CARTESIAN_POINT('',(0.,-0.));
#12734 = VECTOR('',#12735,1.);
#12735 = DIRECTION('',(0.,1.));
#12736 = ( GEOMETRIC_REPRESENTATION_CONTEXT(2) 
PARAMETRIC_REPRESENTATION_CONTEXT() REPRESENTATION_CONTEXT('2D SPACE',''
  ) );
#12737 = ORIENTED_EDGE('',*,*,#12738,.F.);
#12738 = EDGE_CURVE('',#12716,#12716,#12739,.T.);
#12739 = SURFACE_CURVE('',#12740,(#12745,#12752),.PCURVE_S1.);
#12740 = CIRCLE('',#12741,2.1);
#12741 = AXIS2_PLACEMENT_3D('',#12742,#12743,#12744);
#12742 = CARTESIAN_POINT('',(226.31250000018,-100.1598284082,17.1));
#12743 = DIRECTION('',(0.,0.,1.));
#12744 = DIRECTION('',(1.,0.,-0.));
#12745 = PCURVE('',#4398,#12746);
#12746 = DEFINITIONAL_REPRESENTATION('',(#12747),#12751);
#12747 = LINE('',#12748,#12749);
#12748 = CARTESIAN_POINT('',(0.,6.));
#12749 = VECTOR('',#12750,1.);
#12750 = DIRECTION('',(1.,0.));
#12751 = ( GEOMETRIC_REPRESENTATION_CONTEXT(2) 
PARAMETRIC_REPRESENTATION_CONTEXT() REPRESENTATION_CONTEXT('2D SPACE',''
  ) );
#12752 = PCURVE('',#12753,#12758);
#12753 = PLANE('',#12754);
#12754 = AXIS2_PLACEMENT_3D('',#12755,#12756,#12757);
#12755 = CARTESIAN_POINT('',(226.31250000018,-100.1598284082,17.1));
#12756 = DIRECTION('',(0.,0.,1.));
#12757 = DIRECTION('',(1.,0.,-0.));
#12758 = DEFINITIONAL_REPRESENTATION('',(#12759),#12763);
#12759 = CIRCLE('',#12760,2.1);
#12760 = AXIS2_PLACEMENT_2D('',#12761,#12762);
#12761 = CARTESIAN_POINT('',(0.,0.));
#12762 = DIRECTION('',(1.,0.));
#12763 = ( GEOMETRIC_REPRESENTATION_CONTEXT(2) 
PARAMETRIC_REPRESENTATION_CONTEXT() REPRESENTATION_CONTEXT('2D SPACE',''
  ) );
#12764 = ORIENTED_EDGE('',*,*,#12715,.F.);
#12765 = ORIENTED_EDGE('',*,*,#4381,.T.);
#12766 = ADVANCED_FACE('',(#12767),#4429,.F.);
#12767 = FACE_BOUND('',#12768,.F.);
#12768 = EDGE_LOOP('',(#12769,#12792,#12819,#12820));
#12769 = ORIENTED_EDGE('',*,*,#12770,.T.);
#12770 = EDGE_CURVE('',#4413,#12771,#12773,.T.);
#12771 = VERTEX_POINT('',#12772);
#12772 = CARTESIAN_POINT('',(261.01763420165,-105.3562500066,17.1));
#12773 = SEAM_CURVE('',#12774,(#12778,#12785),.PCURVE_S1.);
#12774 = LINE('',#12775,#12776);
#12775 = CARTESIAN_POINT('',(261.01763420165,-105.3562500066,11.1));
#12776 = VECTOR('',#12777,1.);
#12777 = DIRECTION('',(0.,0.,1.));
#12778 = PCURVE('',#4429,#12779);
#12779 = DEFINITIONAL_REPRESENTATION('',(#12780),#12784);
#12780 = LINE('',#12781,#12782);
#12781 = CARTESIAN_POINT('',(6.28318530718,-0.));
#12782 = VECTOR('',#12783,1.);
#12783 = DIRECTION('',(0.,1.));
#12784 = ( GEOMETRIC_REPRESENTATION_CONTEXT(2) 
PARAMETRIC_REPRESENTATION_CONTEXT() REPRESENTATION_CONTEXT('2D SPACE',''
  ) );
#12785 = PCURVE('',#4429,#12786);
#12786 = DEFINITIONAL_REPRESENTATION('',(#12787),#12791);
#12787 = LINE('',#12788,#12789);
#12788 = CARTESIAN_POINT('',(0.,-0.));
#12789 = VECTOR('',#12790,1.);
#12790 = DIRECTION('',(0.,1.));
#12791 = ( GEOMETRIC_REPRESENTATION_CONTEXT(2) 
PARAMETRIC_REPRESENTATION_CONTEXT() REPRESENTATION_CONTEXT('2D SPACE',''
  ) );
#12792 = ORIENTED_EDGE('',*,*,#12793,.F.);
#12793 = EDGE_CURVE('',#12771,#12771,#12794,.T.);
#12794 = SURFACE_CURVE('',#12795,(#12800,#12807),.PCURVE_S1.);
#12795 = CIRCLE('',#12796,2.1);
#12796 = AXIS2_PLACEMENT_3D('',#12797,#12798,#12799);
#12797 = CARTESIAN_POINT('',(258.91763420165,-105.3562500066,17.1));
#12798 = DIRECTION('',(0.,0.,1.));
#12799 = DIRECTION('',(1.,0.,-0.));
#12800 = PCURVE('',#4429,#12801);
#12801 = DEFINITIONAL_REPRESENTATION('',(#12802),#12806);
#12802 = LINE('',#12803,#12804);
#12803 = CARTESIAN_POINT('',(0.,6.));
#12804 = VECTOR('',#12805,1.);
#12805 = DIRECTION('',(1.,0.));
#12806 = ( GEOMETRIC_REPRESENTATION_CONTEXT(2) 
PARAMETRIC_REPRESENTATION_CONTEXT() REPRESENTATION_CONTEXT('2D SPACE',''
  ) );
#12807 = PCURVE('',#12808,#12813);
#12808 = PLANE('',#12809);
#12809 = AXIS2_PLACEMENT_3D('',#12810,#12811,#12812);
#12810 = CARTESIAN_POINT('',(258.91763420165,-105.3562500066,17.1));
#12811 = DIRECTION('',(0.,0.,1.));
#12812 = DIRECTION('',(1.,0.,-0.));
#12813 = DEFINITIONAL_REPRESENTATION('',(#12814),#12818);
#12814 = CIRCLE('',#12815,2.1);
#12815 = AXIS2_PLACEMENT_2D('',#12816,#12817);
#12816 = CARTESIAN_POINT('',(0.,0.));
#12817 = DIRECTION('',(1.,0.));
#12818 = ( GEOMETRIC_REPRESENTATION_CONTEXT(2) 
PARAMETRIC_REPRESENTATION_CONTEXT() REPRESENTATION_CONTEXT('2D SPACE',''
  ) );
#12819 = ORIENTED_EDGE('',*,*,#12770,.F.);
#12820 = ORIENTED_EDGE('',*,*,#4412,.T.);
#12821 = ADVANCED_FACE('',(#12822),#4460,.F.);
#12822 = FACE_BOUND('',#12823,.F.);
#12823 = EDGE_LOOP('',(#12824,#12847,#12874,#12875));
#12824 = ORIENTED_EDGE('',*,*,#12825,.T.);
#12825 = EDGE_CURVE('',#4444,#12826,#12828,.T.);
#12826 = VERTEX_POINT('',#12827);
#12827 = CARTESIAN_POINT('',(294.19692776023,-102.9422195671,17.1));
#12828 = SEAM_CURVE('',#12829,(#12833,#12840),.PCURVE_S1.);
#12829 = LINE('',#12830,#12831);
#12830 = CARTESIAN_POINT('',(294.19692776023,-102.9422195671,11.1));
#12831 = VECTOR('',#12832,1.);
#12832 = DIRECTION('',(0.,0.,1.));
#12833 = PCURVE('',#4460,#12834);
#12834 = DEFINITIONAL_REPRESENTATION('',(#12835),#12839);
#12835 = LINE('',#12836,#12837);
#12836 = CARTESIAN_POINT('',(6.28318530718,-0.));
#12837 = VECTOR('',#12838,1.);
#12838 = DIRECTION('',(0.,1.));
#12839 = ( GEOMETRIC_REPRESENTATION_CONTEXT(2) 
PARAMETRIC_REPRESENTATION_CONTEXT() REPRESENTATION_CONTEXT('2D SPACE',''
  ) );
#12840 = PCURVE('',#4460,#12841);
#12841 = DEFINITIONAL_REPRESENTATION('',(#12842),#12846);
#12842 = LINE('',#12843,#12844);
#12843 = CARTESIAN_POINT('',(0.,-0.));
#12844 = VECTOR('',#12845,1.);
#12845 = DIRECTION('',(0.,1.));
#12846 = ( GEOMETRIC_REPRESENTATION_CONTEXT(2) 
PARAMETRIC_REPRESENTATION_CONTEXT() REPRESENTATION_CONTEXT('2D SPACE',''
  ) );
#12847 = ORIENTED_EDGE('',*,*,#12848,.F.);
#12848 = EDGE_CURVE('',#12826,#12826,#12849,.T.);
#12849 = SURFACE_CURVE('',#12850,(#12855,#12862),.PCURVE_S1.);
#12850 = CIRCLE('',#12851,2.1);
#12851 = AXIS2_PLACEMENT_3D('',#12852,#12853,#12854);
#12852 = CARTESIAN_POINT('',(292.09692776023,-102.9422195671,17.1));
#12853 = DIRECTION('',(0.,0.,1.));
#12854 = DIRECTION('',(1.,0.,-0.));
#12855 = PCURVE('',#4460,#12856);
#12856 = DEFINITIONAL_REPRESENTATION('',(#12857),#12861);
#12857 = LINE('',#12858,#12859);
#12858 = CARTESIAN_POINT('',(0.,6.));
#12859 = VECTOR('',#12860,1.);
#12860 = DIRECTION('',(1.,0.));
#12861 = ( GEOMETRIC_REPRESENTATION_CONTEXT(2) 
PARAMETRIC_REPRESENTATION_CONTEXT() REPRESENTATION_CONTEXT('2D SPACE',''
  ) );
#12862 = PCURVE('',#12863,#12868);
#12863 = PLANE('',#12864);
#12864 = AXIS2_PLACEMENT_3D('',#12865,#12866,#12867);
#12865 = CARTESIAN_POINT('',(292.09692776023,-102.9422195671,17.1));
#12866 = DIRECTION('',(0.,0.,1.));
#12867 = DIRECTION('',(1.,0.,-0.));
#12868 = DEFINITIONAL_REPRESENTATION('',(#12869),#12873);
#12869 = CIRCLE('',#12870,2.1);
#12870 = AXIS2_PLACEMENT_2D('',#12871,#12872);
#12871 = CARTESIAN_POINT('',(0.,0.));
#12872 = DIRECTION('',(1.,0.));
#12873 = ( GEOMETRIC_REPRESENTATION_CONTEXT(2) 
PARAMETRIC_REPRESENTATION_CONTEXT() REPRESENTATION_CONTEXT('2D SPACE',''
  ) );
#12874 = ORIENTED_EDGE('',*,*,#12825,.F.);
#12875 = ORIENTED_EDGE('',*,*,#4443,.T.);
#12876 = ADVANCED_FACE('',(#12877),#4491,.F.);
#12877 = FACE_BOUND('',#12878,.F.);
#12878 = EDGE_LOOP('',(#12879,#12902,#12929,#12930));
#12879 = ORIENTED_EDGE('',*,*,#12880,.T.);
#12880 = EDGE_CURVE('',#4475,#12881,#12883,.T.);
#12881 = VERTEX_POINT('',#12882);
#12882 = CARTESIAN_POINT('',(151.9875,-24.81768431614,17.1));
#12883 = SEAM_CURVE('',#12884,(#12888,#12895),.PCURVE_S1.);
#12884 = LINE('',#12885,#12886);
#12885 = CARTESIAN_POINT('',(151.9875,-24.81768431614,11.1));
#12886 = VECTOR('',#12887,1.);
#12887 = DIRECTION('',(0.,0.,1.));
#12888 = PCURVE('',#4491,#12889);
#12889 = DEFINITIONAL_REPRESENTATION('',(#12890),#12894);
#12890 = LINE('',#12891,#12892);
#12891 = CARTESIAN_POINT('',(6.28318530718,-0.));
#12892 = VECTOR('',#12893,1.);
#12893 = DIRECTION('',(0.,1.));
#12894 = ( GEOMETRIC_REPRESENTATION_CONTEXT(2) 
PARAMETRIC_REPRESENTATION_CONTEXT() REPRESENTATION_CONTEXT('2D SPACE',''
  ) );
#12895 = PCURVE('',#4491,#12896);
#12896 = DEFINITIONAL_REPRESENTATION('',(#12897),#12901);
#12897 = LINE('',#12898,#12899);
#12898 = CARTESIAN_POINT('',(0.,-0.));
#12899 = VECTOR('',#12900,1.);
#12900 = DIRECTION('',(0.,1.));
#12901 = ( GEOMETRIC_REPRESENTATION_CONTEXT(2) 
PARAMETRIC_REPRESENTATION_CONTEXT() REPRESENTATION_CONTEXT('2D SPACE',''
  ) );
#12902 = ORIENTED_EDGE('',*,*,#12903,.F.);
#12903 = EDGE_CURVE('',#12881,#12881,#12904,.T.);
#12904 = SURFACE_CURVE('',#12905,(#12910,#12917),.PCURVE_S1.);
#12905 = CIRCLE('',#12906,2.1);
#12906 = AXIS2_PLACEMENT_3D('',#12907,#12908,#12909);
#12907 = CARTESIAN_POINT('',(149.8875,-24.81768431614,17.1));
#12908 = DIRECTION('',(0.,0.,1.));
#12909 = DIRECTION('',(1.,0.,-0.));
#12910 = PCURVE('',#4491,#12911);
#12911 = DEFINITIONAL_REPRESENTATION('',(#12912),#12916);
#12912 = LINE('',#12913,#12914);
#12913 = CARTESIAN_POINT('',(0.,6.));
#12914 = VECTOR('',#12915,1.);
#12915 = DIRECTION('',(1.,0.));
#12916 = ( GEOMETRIC_REPRESENTATION_CONTEXT(2) 
PARAMETRIC_REPRESENTATION_CONTEXT() REPRESENTATION_CONTEXT('2D SPACE',''
  ) );
#12917 = PCURVE('',#12918,#12923);
#12918 = PLANE('',#12919);
#12919 = AXIS2_PLACEMENT_3D('',#12920,#12921,#12922);
#12920 = CARTESIAN_POINT('',(149.8875,-24.81768431614,17.1));
#12921 = DIRECTION('',(0.,0.,1.));
#12922 = DIRECTION('',(1.,0.,-0.));
#12923 = DEFINITIONAL_REPRESENTATION('',(#12924),#12928);
#12924 = CIRCLE('',#12925,2.1);
#12925 = AXIS2_PLACEMENT_2D('',#12926,#12927);
#12926 = CARTESIAN_POINT('',(0.,0.));
#12927 = DIRECTION('',(1.,0.));
#12928 = ( GEOMETRIC_REPRESENTATION_CONTEXT(2) 
PARAMETRIC_REPRESENTATION_CONTEXT() REPRESENTATION_CONTEXT('2D SPACE',''
  ) );
#12929 = ORIENTED_EDGE('',*,*,#12880,.F.);
#12930 = ORIENTED_EDGE('',*,*,#4474,.T.);
#12931 = ADVANCED_FACE('',(#12932),#4522,.F.);
#12932 = FACE_BOUND('',#12933,.F.);
#12933 = EDGE_LOOP('',(#12934,#12957,#12984,#12985));
#12934 = ORIENTED_EDGE('',*,*,#12935,.T.);
#12935 = EDGE_CURVE('',#4506,#12936,#12938,.T.);
#12936 = VERTEX_POINT('',#12937);
#12937 = CARTESIAN_POINT('',(239.74211901703,-33.69374999882,17.1));
#12938 = SEAM_CURVE('',#12939,(#12943,#12950),.PCURVE_S1.);
#12939 = LINE('',#12940,#12941);
#12940 = CARTESIAN_POINT('',(239.74211901703,-33.69374999882,11.1));
#12941 = VECTOR('',#12942,1.);
#12942 = DIRECTION('',(0.,0.,1.));
#12943 = PCURVE('',#4522,#12944);
#12944 = DEFINITIONAL_REPRESENTATION('',(#12945),#12949);
#12945 = LINE('',#12946,#12947);
#12946 = CARTESIAN_POINT('',(6.28318530718,-0.));
#12947 = VECTOR('',#12948,1.);
#12948 = DIRECTION('',(0.,1.));
#12949 = ( GEOMETRIC_REPRESENTATION_CONTEXT(2) 
PARAMETRIC_REPRESENTATION_CONTEXT() REPRESENTATION_CONTEXT('2D SPACE',''
  ) );
#12950 = PCURVE('',#4522,#12951);
#12951 = DEFINITIONAL_REPRESENTATION('',(#12952),#12956);
#12952 = LINE('',#12953,#12954);
#12953 = CARTESIAN_POINT('',(0.,-0.));
#12954 = VECTOR('',#12955,1.);
#12955 = DIRECTION('',(0.,1.));
#12956 = ( GEOMETRIC_REPRESENTATION_CONTEXT(2) 
PARAMETRIC_REPRESENTATION_CONTEXT() REPRESENTATION_CONTEXT('2D SPACE',''
  ) );
#12957 = ORIENTED_EDGE('',*,*,#12958,.F.);
#12958 = EDGE_CURVE('',#12936,#12936,#12959,.T.);
#12959 = SURFACE_CURVE('',#12960,(#12965,#12972),.PCURVE_S1.);
#12960 = CIRCLE('',#12961,2.1);
#12961 = AXIS2_PLACEMENT_3D('',#12962,#12963,#12964);
#12962 = CARTESIAN_POINT('',(237.64211901703,-33.69374999882,17.1));
#12963 = DIRECTION('',(0.,0.,1.));
#12964 = DIRECTION('',(1.,0.,-0.));
#12965 = PCURVE('',#4522,#12966);
#12966 = DEFINITIONAL_REPRESENTATION('',(#12967),#12971);
#12967 = LINE('',#12968,#12969);
#12968 = CARTESIAN_POINT('',(0.,6.));
#12969 = VECTOR('',#12970,1.);
#12970 = DIRECTION('',(1.,0.));
#12971 = ( GEOMETRIC_REPRESENTATION_CONTEXT(2) 
PARAMETRIC_REPRESENTATION_CONTEXT() REPRESENTATION_CONTEXT('2D SPACE',''
  ) );
#12972 = PCURVE('',#12973,#12978);
#12973 = PLANE('',#12974);
#12974 = AXIS2_PLACEMENT_3D('',#12975,#12976,#12977);
#12975 = CARTESIAN_POINT('',(237.64211901703,-33.69374999882,17.1));
#12976 = DIRECTION('',(0.,0.,1.));
#12977 = DIRECTION('',(1.,0.,-0.));
#12978 = DEFINITIONAL_REPRESENTATION('',(#12979),#12983);
#12979 = CIRCLE('',#12980,2.1);
#12980 = AXIS2_PLACEMENT_2D('',#12981,#12982);
#12981 = CARTESIAN_POINT('',(0.,0.));
#12982 = DIRECTION('',(1.,0.));
#12983 = ( GEOMETRIC_REPRESENTATION_CONTEXT(2) 
PARAMETRIC_REPRESENTATION_CONTEXT() REPRESENTATION_CONTEXT('2D SPACE',''
  ) );
#12984 = ORIENTED_EDGE('',*,*,#12935,.F.);
#12985 = ORIENTED_EDGE('',*,*,#4505,.T.);
#12986 = ADVANCED_FACE('',(#12987),#4553,.F.);
#12987 = FACE_BOUND('',#12988,.F.);
#12988 = EDGE_LOOP('',(#12989,#13012,#13039,#13040));
#12989 = ORIENTED_EDGE('',*,*,#12990,.T.);
#12990 = EDGE_CURVE('',#4537,#12991,#12993,.T.);
#12991 = VERTEX_POINT('',#12992);
#12992 = CARTESIAN_POINT('',(295.08750000034,-46.11720669061,17.1));
#12993 = SEAM_CURVE('',#12994,(#12998,#13005),.PCURVE_S1.);
#12994 = LINE('',#12995,#12996);
#12995 = CARTESIAN_POINT('',(295.08750000034,-46.11720669061,11.1));
#12996 = VECTOR('',#12997,1.);
#12997 = DIRECTION('',(0.,0.,1.));
#12998 = PCURVE('',#4553,#12999);
#12999 = DEFINITIONAL_REPRESENTATION('',(#13000),#13004);
#13000 = LINE('',#13001,#13002);
#13001 = CARTESIAN_POINT('',(6.28318530718,-0.));
#13002 = VECTOR('',#13003,1.);
#13003 = DIRECTION('',(0.,1.));
#13004 = ( GEOMETRIC_REPRESENTATION_CONTEXT(2) 
PARAMETRIC_REPRESENTATION_CONTEXT() REPRESENTATION_CONTEXT('2D SPACE',''
  ) );
#13005 = PCURVE('',#4553,#13006);
#13006 = DEFINITIONAL_REPRESENTATION('',(#13007),#13011);
#13007 = LINE('',#13008,#13009);
#13008 = CARTESIAN_POINT('',(0.,-0.));
#13009 = VECTOR('',#13010,1.);
#13010 = DIRECTION('',(0.,1.));
#13011 = ( GEOMETRIC_REPRESENTATION_CONTEXT(2) 
PARAMETRIC_REPRESENTATION_CONTEXT() REPRESENTATION_CONTEXT('2D SPACE',''
  ) );
#13012 = ORIENTED_EDGE('',*,*,#13013,.F.);
#13013 = EDGE_CURVE('',#12991,#12991,#13014,.T.);
#13014 = SURFACE_CURVE('',#13015,(#13020,#13027),.PCURVE_S1.);
#13015 = CIRCLE('',#13016,2.1);
#13016 = AXIS2_PLACEMENT_3D('',#13017,#13018,#13019);
#13017 = CARTESIAN_POINT('',(292.98750000034,-46.11720669061,17.1));
#13018 = DIRECTION('',(0.,0.,1.));
#13019 = DIRECTION('',(1.,0.,-0.));
#13020 = PCURVE('',#4553,#13021);
#13021 = DEFINITIONAL_REPRESENTATION('',(#13022),#13026);
#13022 = LINE('',#13023,#13024);
#13023 = CARTESIAN_POINT('',(0.,6.));
#13024 = VECTOR('',#13025,1.);
#13025 = DIRECTION('',(1.,0.));
#13026 = ( GEOMETRIC_REPRESENTATION_CONTEXT(2) 
PARAMETRIC_REPRESENTATION_CONTEXT() REPRESENTATION_CONTEXT('2D SPACE',''
  ) );
#13027 = PCURVE('',#13028,#13033);
#13028 = PLANE('',#13029);
#13029 = AXIS2_PLACEMENT_3D('',#13030,#13031,#13032);
#13030 = CARTESIAN_POINT('',(292.98750000034,-46.11720669061,17.1));
#13031 = DIRECTION('',(0.,0.,1.));
#13032 = DIRECTION('',(1.,0.,-0.));
#13033 = DEFINITIONAL_REPRESENTATION('',(#13034),#13038);
#13034 = CIRCLE('',#13035,2.1);
#13035 = AXIS2_PLACEMENT_2D('',#13036,#13037);
#13036 = CARTESIAN_POINT('',(0.,0.));
#13037 = DIRECTION('',(1.,0.));
#13038 = ( GEOMETRIC_REPRESENTATION_CONTEXT(2) 
PARAMETRIC_REPRESENTATION_CONTEXT() REPRESENTATION_CONTEXT('2D SPACE',''
  ) );
#13039 = ORIENTED_EDGE('',*,*,#12990,.F.);
#13040 = ORIENTED_EDGE('',*,*,#4536,.T.);
#13041 = ADVANCED_FACE('',(#13042),#5299,.T.);
#13042 = FACE_BOUND('',#13043,.T.);
#13043 = EDGE_LOOP('',(#13044,#13074,#13095,#13096));
#13044 = ORIENTED_EDGE('',*,*,#13045,.F.);
#13045 = EDGE_CURVE('',#13046,#13048,#13050,.T.);
#13046 = VERTEX_POINT('',#13047);
#13047 = CARTESIAN_POINT('',(98.16,-45.5,17.6));
#13048 = VERTEX_POINT('',#13049);
#13049 = CARTESIAN_POINT('',(98.16,-86.9,17.6));
#13050 = SURFACE_CURVE('',#13051,(#13055,#13062),.PCURVE_S1.);
#13051 = LINE('',#13052,#13053);
#13052 = CARTESIAN_POINT('',(98.16,-45.5,17.6));
#13053 = VECTOR('',#13054,1.);
#13054 = DIRECTION('',(0.,-1.,0.));
#13055 = PCURVE('',#5299,#13056);
#13056 = DEFINITIONAL_REPRESENTATION('',(#13057),#13061);
#13057 = LINE('',#13058,#13059);
#13058 = CARTESIAN_POINT('',(0.,0.));
#13059 = VECTOR('',#13060,1.);
#13060 = DIRECTION('',(1.,0.));
#13061 = ( GEOMETRIC_REPRESENTATION_CONTEXT(2) 
PARAMETRIC_REPRESENTATION_CONTEXT() REPRESENTATION_CONTEXT('2D SPACE',''
  ) );
#13062 = PCURVE('',#13063,#13068);
#13063 = PLANE('',#13064);
#13064 = AXIS2_PLACEMENT_3D('',#13065,#13066,#13067);
#13065 = CARTESIAN_POINT('',(133.86,-66.2,17.6));
#13066 = DIRECTION('',(0.,0.,1.));
#13067 = DIRECTION('',(1.,0.,-0.));
#13068 = DEFINITIONAL_REPRESENTATION('',(#13069),#13073);
#13069 = LINE('',#13070,#13071);
#13070 = CARTESIAN_POINT('',(-35.7,20.7));
#13071 = VECTOR('',#13072,1.);
#13072 = DIRECTION('',(0.,-1.));
#13073 = ( GEOMETRIC_REPRESENTATION_CONTEXT(2) 
PARAMETRIC_REPRESENTATION_CONTEXT() REPRESENTATION_CONTEXT('2D SPACE',''
  ) );
#13074 = ORIENTED_EDGE('',*,*,#13075,.T.);
#13075 = EDGE_CURVE('',#13046,#5285,#13076,.T.);
#13076 = SURFACE_CURVE('',#13077,(#13081,#13088),.PCURVE_S1.);
#13077 = LINE('',#13078,#13079);
#13078 = CARTESIAN_POINT('',(98.16,-45.5,17.6));
#13079 = VECTOR('',#13080,1.);
#13080 = DIRECTION('',(0.,0.,1.));
#13081 = PCURVE('',#5299,#13082);
#13082 = DEFINITIONAL_REPRESENTATION('',(#13083),#13087);
#13083 = LINE('',#13084,#13085);
#13084 = CARTESIAN_POINT('',(0.,0.));
#13085 = VECTOR('',#13086,1.);
#13086 = DIRECTION('',(0.,-1.));
#13087 = ( GEOMETRIC_REPRESENTATION_CONTEXT(2) 
PARAMETRIC_REPRESENTATION_CONTEXT() REPRESENTATION_CONTEXT('2D SPACE',''
  ) );
#13088 = PCURVE('',#5331,#13089);
#13089 = DEFINITIONAL_REPRESENTATION('',(#13090),#13094);
#13090 = LINE('',#13091,#13092);
#13091 = CARTESIAN_POINT('',(-1.570796326795,0.));
#13092 = VECTOR('',#13093,1.);
#13093 = DIRECTION('',(-0.,-1.));
#13094 = ( GEOMETRIC_REPRESENTATION_CONTEXT(2) 
PARAMETRIC_REPRESENTATION_CONTEXT() REPRESENTATION_CONTEXT('2D SPACE',''
  ) );
#13095 = ORIENTED_EDGE('',*,*,#5282,.F.);
#13096 = ORIENTED_EDGE('',*,*,#13097,.F.);
#13097 = EDGE_CURVE('',#13048,#5283,#13098,.T.);
#13098 = SURFACE_CURVE('',#13099,(#13103,#13110),.PCURVE_S1.);
#13099 = LINE('',#13100,#13101);
#13100 = CARTESIAN_POINT('',(98.16,-86.9,17.6));
#13101 = VECTOR('',#13102,1.);
#13102 = DIRECTION('',(0.,0.,1.));
#13103 = PCURVE('',#5299,#13104);
#13104 = DEFINITIONAL_REPRESENTATION('',(#13105),#13109);
#13105 = LINE('',#13106,#13107);
#13106 = CARTESIAN_POINT('',(41.4,0.));
#13107 = VECTOR('',#13108,1.);
#13108 = DIRECTION('',(0.,-1.));
#13109 = ( GEOMETRIC_REPRESENTATION_CONTEXT(2) 
PARAMETRIC_REPRESENTATION_CONTEXT() REPRESENTATION_CONTEXT('2D SPACE',''
  ) );
#13110 = PCURVE('',#5506,#13111);
#13111 = DEFINITIONAL_REPRESENTATION('',(#13112),#13116);
#13112 = LINE('',#13113,#13114);
#13113 = CARTESIAN_POINT('',(-0.,0.));
#13114 = VECTOR('',#13115,1.);
#13115 = DIRECTION('',(-0.,-1.));
#13116 = ( GEOMETRIC_REPRESENTATION_CONTEXT(2) 
PARAMETRIC_REPRESENTATION_CONTEXT() REPRESENTATION_CONTEXT('2D SPACE',''
  ) );
#13117 = ADVANCED_FACE('',(#13118),#5506,.F.);
#13118 = FACE_BOUND('',#13119,.T.);
#13119 = EDGE_LOOP('',(#13120,#13144,#13145,#13146));
#13120 = ORIENTED_EDGE('',*,*,#13121,.F.);
#13121 = EDGE_CURVE('',#13048,#13122,#13124,.T.);
#13122 = VERTEX_POINT('',#13123);
#13123 = CARTESIAN_POINT('',(105.16,-93.9,17.6));
#13124 = SURFACE_CURVE('',#13125,(#13130,#13137),.PCURVE_S1.);
#13125 = CIRCLE('',#13126,7.);
#13126 = AXIS2_PLACEMENT_3D('',#13127,#13128,#13129);
#13127 = CARTESIAN_POINT('',(105.16,-86.9,17.6));
#13128 = DIRECTION('',(0.,0.,1.));
#13129 = DIRECTION('',(-1.,0.,0.));
#13130 = PCURVE('',#5506,#13131);
#13131 = DEFINITIONAL_REPRESENTATION('',(#13132),#13136);
#13132 = LINE('',#13133,#13134);
#13133 = CARTESIAN_POINT('',(-0.,0.));
#13134 = VECTOR('',#13135,1.);
#13135 = DIRECTION('',(-1.,0.));
#13136 = ( GEOMETRIC_REPRESENTATION_CONTEXT(2) 
PARAMETRIC_REPRESENTATION_CONTEXT() REPRESENTATION_CONTEXT('2D SPACE',''
  ) );
#13137 = PCURVE('',#13063,#13138);
#13138 = DEFINITIONAL_REPRESENTATION('',(#13139),#13143);
#13139 = CIRCLE('',#13140,7.);
#13140 = AXIS2_PLACEMENT_2D('',#13141,#13142);
#13141 = CARTESIAN_POINT('',(-28.7,-20.7));
#13142 = DIRECTION('',(-1.,0.));
#13143 = ( GEOMETRIC_REPRESENTATION_CONTEXT(2) 
PARAMETRIC_REPRESENTATION_CONTEXT() REPRESENTATION_CONTEXT('2D SPACE',''
  ) );
#13144 = ORIENTED_EDGE('',*,*,#13097,.T.);
#13145 = ORIENTED_EDGE('',*,*,#5487,.F.);
#13146 = ORIENTED_EDGE('',*,*,#13147,.F.);
#13147 = EDGE_CURVE('',#13122,#5462,#13148,.T.);
#13148 = SURFACE_CURVE('',#13149,(#13153,#13160),.PCURVE_S1.);
#13149 = LINE('',#13150,#13151);
#13150 = CARTESIAN_POINT('',(105.16,-93.9,17.6));
#13151 = VECTOR('',#13152,1.);
#13152 = DIRECTION('',(0.,0.,1.));
#13153 = PCURVE('',#5506,#13154);
#13154 = DEFINITIONAL_REPRESENTATION('',(#13155),#13159);
#13155 = LINE('',#13156,#13157);
#13156 = CARTESIAN_POINT('',(-1.570796326795,0.));
#13157 = VECTOR('',#13158,1.);
#13158 = DIRECTION('',(-0.,-1.));
#13159 = ( GEOMETRIC_REPRESENTATION_CONTEXT(2) 
PARAMETRIC_REPRESENTATION_CONTEXT() REPRESENTATION_CONTEXT('2D SPACE',''
  ) );
#13160 = PCURVE('',#5476,#13161);
#13161 = DEFINITIONAL_REPRESENTATION('',(#13162),#13166);
#13162 = LINE('',#13163,#13164);
#13163 = CARTESIAN_POINT('',(0.,0.));
#13164 = VECTOR('',#13165,1.);
#13165 = DIRECTION('',(0.,-1.));
#13166 = ( GEOMETRIC_REPRESENTATION_CONTEXT(2) 
PARAMETRIC_REPRESENTATION_CONTEXT() REPRESENTATION_CONTEXT('2D SPACE',''
  ) );
#13167 = ADVANCED_FACE('',(#13168),#5476,.T.);
#13168 = FACE_BOUND('',#13169,.T.);
#13169 = EDGE_LOOP('',(#13170,#13193,#13194,#13195));
#13170 = ORIENTED_EDGE('',*,*,#13171,.F.);
#13171 = EDGE_CURVE('',#13122,#13172,#13174,.T.);
#13172 = VERTEX_POINT('',#13173);
#13173 = CARTESIAN_POINT('',(162.56,-93.9,17.6));
#13174 = SURFACE_CURVE('',#13175,(#13179,#13186),.PCURVE_S1.);
#13175 = LINE('',#13176,#13177);
#13176 = CARTESIAN_POINT('',(105.16,-93.9,17.6));
#13177 = VECTOR('',#13178,1.);
#13178 = DIRECTION('',(1.,0.,0.));
#13179 = PCURVE('',#5476,#13180);
#13180 = DEFINITIONAL_REPRESENTATION('',(#13181),#13185);
#13181 = LINE('',#13182,#13183);
#13182 = CARTESIAN_POINT('',(0.,0.));
#13183 = VECTOR('',#13184,1.);
#13184 = DIRECTION('',(1.,0.));
#13185 = ( GEOMETRIC_REPRESENTATION_CONTEXT(2) 
PARAMETRIC_REPRESENTATION_CONTEXT() REPRESENTATION_CONTEXT('2D SPACE',''
  ) );
#13186 = PCURVE('',#13063,#13187);
#13187 = DEFINITIONAL_REPRESENTATION('',(#13188),#13192);
#13188 = LINE('',#13189,#13190);
#13189 = CARTESIAN_POINT('',(-28.7,-27.7));
#13190 = VECTOR('',#13191,1.);
#13191 = DIRECTION('',(1.,0.));
#13192 = ( GEOMETRIC_REPRESENTATION_CONTEXT(2) 
PARAMETRIC_REPRESENTATION_CONTEXT() REPRESENTATION_CONTEXT('2D SPACE',''
  ) );
#13193 = ORIENTED_EDGE('',*,*,#13147,.T.);
#13194 = ORIENTED_EDGE('',*,*,#5461,.F.);
#13195 = ORIENTED_EDGE('',*,*,#13196,.F.);
#13196 = EDGE_CURVE('',#13172,#5429,#13197,.T.);
#13197 = SURFACE_CURVE('',#13198,(#13202,#13209),.PCURVE_S1.);
#13198 = LINE('',#13199,#13200);
#13199 = CARTESIAN_POINT('',(162.56,-93.9,17.6));
#13200 = VECTOR('',#13201,1.);
#13201 = DIRECTION('',(0.,0.,1.));
#13202 = PCURVE('',#5476,#13203);
#13203 = DEFINITIONAL_REPRESENTATION('',(#13204),#13208);
#13204 = LINE('',#13205,#13206);
#13205 = CARTESIAN_POINT('',(57.4,0.));
#13206 = VECTOR('',#13207,1.);
#13207 = DIRECTION('',(0.,-1.));
#13208 = ( GEOMETRIC_REPRESENTATION_CONTEXT(2) 
PARAMETRIC_REPRESENTATION_CONTEXT() REPRESENTATION_CONTEXT('2D SPACE',''
  ) );
#13209 = PCURVE('',#5449,#13210);
#13210 = DEFINITIONAL_REPRESENTATION('',(#13211),#13215);
#13211 = LINE('',#13212,#13213);
#13212 = CARTESIAN_POINT('',(-0.,0.));
#13213 = VECTOR('',#13214,1.);
#13214 = DIRECTION('',(-0.,-1.));
#13215 = ( GEOMETRIC_REPRESENTATION_CONTEXT(2) 
PARAMETRIC_REPRESENTATION_CONTEXT() REPRESENTATION_CONTEXT('2D SPACE',''
  ) );
#13216 = ADVANCED_FACE('',(#13217),#5449,.F.);
#13217 = FACE_BOUND('',#13218,.T.);
#13218 = EDGE_LOOP('',(#13219,#13243,#13244,#13245));
#13219 = ORIENTED_EDGE('',*,*,#13220,.F.);
#13220 = EDGE_CURVE('',#13172,#13221,#13223,.T.);
#13221 = VERTEX_POINT('',#13222);
#13222 = CARTESIAN_POINT('',(169.56,-86.9,17.6));
#13223 = SURFACE_CURVE('',#13224,(#13229,#13236),.PCURVE_S1.);
#13224 = CIRCLE('',#13225,7.);
#13225 = AXIS2_PLACEMENT_3D('',#13226,#13227,#13228);
#13226 = CARTESIAN_POINT('',(162.56,-86.9,17.6));
#13227 = DIRECTION('',(0.,0.,1.));
#13228 = DIRECTION('',(-4.060244204343E-15,-1.,0.));
#13229 = PCURVE('',#5449,#13230);
#13230 = DEFINITIONAL_REPRESENTATION('',(#13231),#13235);
#13231 = LINE('',#13232,#13233);
#13232 = CARTESIAN_POINT('',(-0.,0.));
#13233 = VECTOR('',#13234,1.);
#13234 = DIRECTION('',(-1.,0.));
#13235 = ( GEOMETRIC_REPRESENTATION_CONTEXT(2) 
PARAMETRIC_REPRESENTATION_CONTEXT() REPRESENTATION_CONTEXT('2D SPACE',''
  ) );
#13236 = PCURVE('',#13063,#13237);
#13237 = DEFINITIONAL_REPRESENTATION('',(#13238),#13242);
#13238 = CIRCLE('',#13239,7.);
#13239 = AXIS2_PLACEMENT_2D('',#13240,#13241);
#13240 = CARTESIAN_POINT('',(28.7,-20.7));
#13241 = DIRECTION('',(-4.060244204343E-15,-1.));
#13242 = ( GEOMETRIC_REPRESENTATION_CONTEXT(2) 
PARAMETRIC_REPRESENTATION_CONTEXT() REPRESENTATION_CONTEXT('2D SPACE',''
  ) );
#13243 = ORIENTED_EDGE('',*,*,#13196,.T.);
#13244 = ORIENTED_EDGE('',*,*,#5428,.F.);
#13245 = ORIENTED_EDGE('',*,*,#13246,.F.);
#13246 = EDGE_CURVE('',#13221,#5403,#13247,.T.);
#13247 = SURFACE_CURVE('',#13248,(#13252,#13259),.PCURVE_S1.);
#13248 = LINE('',#13249,#13250);
#13249 = CARTESIAN_POINT('',(169.56,-86.9,17.6));
#13250 = VECTOR('',#13251,1.);
#13251 = DIRECTION('',(0.,0.,1.));
#13252 = PCURVE('',#5449,#13253);
#13253 = DEFINITIONAL_REPRESENTATION('',(#13254),#13258);
#13254 = LINE('',#13255,#13256);
#13255 = CARTESIAN_POINT('',(-1.570796326795,0.));
#13256 = VECTOR('',#13257,1.);
#13257 = DIRECTION('',(-0.,-1.));
#13258 = ( GEOMETRIC_REPRESENTATION_CONTEXT(2) 
PARAMETRIC_REPRESENTATION_CONTEXT() REPRESENTATION_CONTEXT('2D SPACE',''
  ) );
#13259 = PCURVE('',#5417,#13260);
#13260 = DEFINITIONAL_REPRESENTATION('',(#13261),#13265);
#13261 = LINE('',#13262,#13263);
#13262 = CARTESIAN_POINT('',(0.,0.));
#13263 = VECTOR('',#13264,1.);
#13264 = DIRECTION('',(0.,-1.));
#13265 = ( GEOMETRIC_REPRESENTATION_CONTEXT(2) 
PARAMETRIC_REPRESENTATION_CONTEXT() REPRESENTATION_CONTEXT('2D SPACE',''
  ) );
#13266 = ADVANCED_FACE('',(#13267),#5417,.T.);
#13267 = FACE_BOUND('',#13268,.T.);
#13268 = EDGE_LOOP('',(#13269,#13292,#13293,#13294));
#13269 = ORIENTED_EDGE('',*,*,#13270,.F.);
#13270 = EDGE_CURVE('',#13221,#13271,#13273,.T.);
#13271 = VERTEX_POINT('',#13272);
#13272 = CARTESIAN_POINT('',(169.56,-45.5,17.6));
#13273 = SURFACE_CURVE('',#13274,(#13278,#13285),.PCURVE_S1.);
#13274 = LINE('',#13275,#13276);
#13275 = CARTESIAN_POINT('',(169.56,-86.9,17.6));
#13276 = VECTOR('',#13277,1.);
#13277 = DIRECTION('',(0.,1.,0.));
#13278 = PCURVE('',#5417,#13279);
#13279 = DEFINITIONAL_REPRESENTATION('',(#13280),#13284);
#13280 = LINE('',#13281,#13282);
#13281 = CARTESIAN_POINT('',(0.,0.));
#13282 = VECTOR('',#13283,1.);
#13283 = DIRECTION('',(1.,0.));
#13284 = ( GEOMETRIC_REPRESENTATION_CONTEXT(2) 
PARAMETRIC_REPRESENTATION_CONTEXT() REPRESENTATION_CONTEXT('2D SPACE',''
  ) );
#13285 = PCURVE('',#13063,#13286);
#13286 = DEFINITIONAL_REPRESENTATION('',(#13287),#13291);
#13287 = LINE('',#13288,#13289);
#13288 = CARTESIAN_POINT('',(35.7,-20.7));
#13289 = VECTOR('',#13290,1.);
#13290 = DIRECTION('',(0.,1.));
#13291 = ( GEOMETRIC_REPRESENTATION_CONTEXT(2) 
PARAMETRIC_REPRESENTATION_CONTEXT() REPRESENTATION_CONTEXT('2D SPACE',''
  ) );
#13292 = ORIENTED_EDGE('',*,*,#13246,.T.);
#13293 = ORIENTED_EDGE('',*,*,#5402,.F.);
#13294 = ORIENTED_EDGE('',*,*,#13295,.F.);
#13295 = EDGE_CURVE('',#13271,#5370,#13296,.T.);
#13296 = SURFACE_CURVE('',#13297,(#13301,#13308),.PCURVE_S1.);
#13297 = LINE('',#13298,#13299);
#13298 = CARTESIAN_POINT('',(169.56,-45.5,17.6));
#13299 = VECTOR('',#13300,1.);
#13300 = DIRECTION('',(0.,0.,1.));
#13301 = PCURVE('',#5417,#13302);
#13302 = DEFINITIONAL_REPRESENTATION('',(#13303),#13307);
#13303 = LINE('',#13304,#13305);
#13304 = CARTESIAN_POINT('',(41.4,0.));
#13305 = VECTOR('',#13306,1.);
#13306 = DIRECTION('',(0.,-1.));
#13307 = ( GEOMETRIC_REPRESENTATION_CONTEXT(2) 
PARAMETRIC_REPRESENTATION_CONTEXT() REPRESENTATION_CONTEXT('2D SPACE',''
  ) );
#13308 = PCURVE('',#5390,#13309);
#13309 = DEFINITIONAL_REPRESENTATION('',(#13310),#13314);
#13310 = LINE('',#13311,#13312);
#13311 = CARTESIAN_POINT('',(-0.,0.));
#13312 = VECTOR('',#13313,1.);
#13313 = DIRECTION('',(-0.,-1.));
#13314 = ( GEOMETRIC_REPRESENTATION_CONTEXT(2) 
PARAMETRIC_REPRESENTATION_CONTEXT() REPRESENTATION_CONTEXT('2D SPACE',''
  ) );
#13315 = ADVANCED_FACE('',(#13316),#5390,.F.);
#13316 = FACE_BOUND('',#13317,.T.);
#13317 = EDGE_LOOP('',(#13318,#13342,#13343,#13344));
#13318 = ORIENTED_EDGE('',*,*,#13319,.F.);
#13319 = EDGE_CURVE('',#13271,#13320,#13322,.T.);
#13320 = VERTEX_POINT('',#13321);
#13321 = CARTESIAN_POINT('',(162.56,-38.5,17.6));
#13322 = SURFACE_CURVE('',#13323,(#13328,#13335),.PCURVE_S1.);
#13323 = CIRCLE('',#13324,7.);
#13324 = AXIS2_PLACEMENT_3D('',#13325,#13326,#13327);
#13325 = CARTESIAN_POINT('',(162.56,-45.5,17.6));
#13326 = DIRECTION('',(0.,0.,1.));
#13327 = DIRECTION('',(1.,-2.030122102172E-15,0.));
#13328 = PCURVE('',#5390,#13329);
#13329 = DEFINITIONAL_REPRESENTATION('',(#13330),#13334);
#13330 = LINE('',#13331,#13332);
#13331 = CARTESIAN_POINT('',(-0.,0.));
#13332 = VECTOR('',#13333,1.);
#13333 = DIRECTION('',(-1.,0.));
#13334 = ( GEOMETRIC_REPRESENTATION_CONTEXT(2) 
PARAMETRIC_REPRESENTATION_CONTEXT() REPRESENTATION_CONTEXT('2D SPACE',''
  ) );
#13335 = PCURVE('',#13063,#13336);
#13336 = DEFINITIONAL_REPRESENTATION('',(#13337),#13341);
#13337 = CIRCLE('',#13338,7.);
#13338 = AXIS2_PLACEMENT_2D('',#13339,#13340);
#13339 = CARTESIAN_POINT('',(28.7,20.7));
#13340 = DIRECTION('',(1.,-2.030122102172E-15));
#13341 = ( GEOMETRIC_REPRESENTATION_CONTEXT(2) 
PARAMETRIC_REPRESENTATION_CONTEXT() REPRESENTATION_CONTEXT('2D SPACE',''
  ) );
#13342 = ORIENTED_EDGE('',*,*,#13295,.T.);
#13343 = ORIENTED_EDGE('',*,*,#5369,.F.);
#13344 = ORIENTED_EDGE('',*,*,#13345,.F.);
#13345 = EDGE_CURVE('',#13320,#5344,#13346,.T.);
#13346 = SURFACE_CURVE('',#13347,(#13351,#13358),.PCURVE_S1.);
#13347 = LINE('',#13348,#13349);
#13348 = CARTESIAN_POINT('',(162.56,-38.5,17.6));
#13349 = VECTOR('',#13350,1.);
#13350 = DIRECTION('',(0.,0.,1.));
#13351 = PCURVE('',#5390,#13352);
#13352 = DEFINITIONAL_REPRESENTATION('',(#13353),#13357);
#13353 = LINE('',#13354,#13355);
#13354 = CARTESIAN_POINT('',(-1.570796326795,0.));
#13355 = VECTOR('',#13356,1.);
#13356 = DIRECTION('',(-0.,-1.));
#13357 = ( GEOMETRIC_REPRESENTATION_CONTEXT(2) 
PARAMETRIC_REPRESENTATION_CONTEXT() REPRESENTATION_CONTEXT('2D SPACE',''
  ) );
#13358 = PCURVE('',#5358,#13359);
#13359 = DEFINITIONAL_REPRESENTATION('',(#13360),#13364);
#13360 = LINE('',#13361,#13362);
#13361 = CARTESIAN_POINT('',(0.,-0.));
#13362 = VECTOR('',#13363,1.);
#13363 = DIRECTION('',(0.,-1.));
#13364 = ( GEOMETRIC_REPRESENTATION_CONTEXT(2) 
PARAMETRIC_REPRESENTATION_CONTEXT() REPRESENTATION_CONTEXT('2D SPACE',''
  ) );
#13365 = ADVANCED_FACE('',(#13366),#5358,.T.);
#13366 = FACE_BOUND('',#13367,.T.);
#13367 = EDGE_LOOP('',(#13368,#13391,#13392,#13393));
#13368 = ORIENTED_EDGE('',*,*,#13369,.F.);
#13369 = EDGE_CURVE('',#13320,#13370,#13372,.T.);
#13370 = VERTEX_POINT('',#13371);
#13371 = CARTESIAN_POINT('',(105.16,-38.5,17.6));
#13372 = SURFACE_CURVE('',#13373,(#13377,#13384),.PCURVE_S1.);
#13373 = LINE('',#13374,#13375);
#13374 = CARTESIAN_POINT('',(162.56,-38.5,17.6));
#13375 = VECTOR('',#13376,1.);
#13376 = DIRECTION('',(-1.,0.,0.));
#13377 = PCURVE('',#5358,#13378);
#13378 = DEFINITIONAL_REPRESENTATION('',(#13379),#13383);
#13379 = LINE('',#13380,#13381);
#13380 = CARTESIAN_POINT('',(0.,-0.));
#13381 = VECTOR('',#13382,1.);
#13382 = DIRECTION('',(1.,0.));
#13383 = ( GEOMETRIC_REPRESENTATION_CONTEXT(2) 
PARAMETRIC_REPRESENTATION_CONTEXT() REPRESENTATION_CONTEXT('2D SPACE',''
  ) );
#13384 = PCURVE('',#13063,#13385);
#13385 = DEFINITIONAL_REPRESENTATION('',(#13386),#13390);
#13386 = LINE('',#13387,#13388);
#13387 = CARTESIAN_POINT('',(28.7,27.7));
#13388 = VECTOR('',#13389,1.);
#13389 = DIRECTION('',(-1.,0.));
#13390 = ( GEOMETRIC_REPRESENTATION_CONTEXT(2) 
PARAMETRIC_REPRESENTATION_CONTEXT() REPRESENTATION_CONTEXT('2D SPACE',''
  ) );
#13391 = ORIENTED_EDGE('',*,*,#13345,.T.);
#13392 = ORIENTED_EDGE('',*,*,#5343,.F.);
#13393 = ORIENTED_EDGE('',*,*,#13394,.F.);
#13394 = EDGE_CURVE('',#13370,#5311,#13395,.T.);
#13395 = SURFACE_CURVE('',#13396,(#13400,#13407),.PCURVE_S1.);
#13396 = LINE('',#13397,#13398);
#13397 = CARTESIAN_POINT('',(105.16,-38.5,17.6));
#13398 = VECTOR('',#13399,1.);
#13399 = DIRECTION('',(0.,0.,1.));
#13400 = PCURVE('',#5358,#13401);
#13401 = DEFINITIONAL_REPRESENTATION('',(#13402),#13406);
#13402 = LINE('',#13403,#13404);
#13403 = CARTESIAN_POINT('',(57.4,0.));
#13404 = VECTOR('',#13405,1.);
#13405 = DIRECTION('',(0.,-1.));
#13406 = ( GEOMETRIC_REPRESENTATION_CONTEXT(2) 
PARAMETRIC_REPRESENTATION_CONTEXT() REPRESENTATION_CONTEXT('2D SPACE',''
  ) );
#13407 = PCURVE('',#5331,#13408);
#13408 = DEFINITIONAL_REPRESENTATION('',(#13409),#13413);
#13409 = LINE('',#13410,#13411);
#13410 = CARTESIAN_POINT('',(-0.,0.));
#13411 = VECTOR('',#13412,1.);
#13412 = DIRECTION('',(-0.,-1.));
#13413 = ( GEOMETRIC_REPRESENTATION_CONTEXT(2) 
PARAMETRIC_REPRESENTATION_CONTEXT() REPRESENTATION_CONTEXT('2D SPACE',''
  ) );
#13414 = ADVANCED_FACE('',(#13415),#5331,.F.);
#13415 = FACE_BOUND('',#13416,.T.);
#13416 = EDGE_LOOP('',(#13417,#13439,#13440,#13441));
#13417 = ORIENTED_EDGE('',*,*,#13418,.F.);
#13418 = EDGE_CURVE('',#13370,#13046,#13419,.T.);
#13419 = SURFACE_CURVE('',#13420,(#13425,#13432),.PCURVE_S1.);
#13420 = CIRCLE('',#13421,7.);
#13421 = AXIS2_PLACEMENT_3D('',#13422,#13423,#13424);
#13422 = CARTESIAN_POINT('',(105.16,-45.5,17.6));
#13423 = DIRECTION('',(0.,0.,1.));
#13424 = DIRECTION('',(2.030122102172E-15,1.,-0.));
#13425 = PCURVE('',#5331,#13426);
#13426 = DEFINITIONAL_REPRESENTATION('',(#13427),#13431);
#13427 = LINE('',#13428,#13429);
#13428 = CARTESIAN_POINT('',(-0.,0.));
#13429 = VECTOR('',#13430,1.);
#13430 = DIRECTION('',(-1.,0.));
#13431 = ( GEOMETRIC_REPRESENTATION_CONTEXT(2) 
PARAMETRIC_REPRESENTATION_CONTEXT() REPRESENTATION_CONTEXT('2D SPACE',''
  ) );
#13432 = PCURVE('',#13063,#13433);
#13433 = DEFINITIONAL_REPRESENTATION('',(#13434),#13438);
#13434 = CIRCLE('',#13435,7.);
#13435 = AXIS2_PLACEMENT_2D('',#13436,#13437);
#13436 = CARTESIAN_POINT('',(-28.7,20.7));
#13437 = DIRECTION('',(2.030122102172E-15,1.));
#13438 = ( GEOMETRIC_REPRESENTATION_CONTEXT(2) 
PARAMETRIC_REPRESENTATION_CONTEXT() REPRESENTATION_CONTEXT('2D SPACE',''
  ) );
#13439 = ORIENTED_EDGE('',*,*,#13394,.T.);
#13440 = ORIENTED_EDGE('',*,*,#5310,.F.);
#13441 = ORIENTED_EDGE('',*,*,#13075,.F.);
#13442 = ADVANCED_FACE('',(#13443),#5563,.T.);
#13443 = FACE_BOUND('',#13444,.F.);
#13444 = EDGE_LOOP('',(#13445,#13469,#13470,#13471));
#13445 = ORIENTED_EDGE('',*,*,#13446,.F.);
#13446 = EDGE_CURVE('',#10335,#13447,#13449,.T.);
#13447 = VERTEX_POINT('',#13448);
#13448 = CARTESIAN_POINT('',(172.6125,-76.09383036808,17.1));
#13449 = SURFACE_CURVE('',#13450,(#13455,#13462),.PCURVE_S1.);
#13450 = CIRCLE('',#13451,0.549973077204);
#13451 = AXIS2_PLACEMENT_3D('',#13452,#13453,#13454);
#13452 = CARTESIAN_POINT('',(172.0625281604,-76.09266362095,17.1));
#13453 = DIRECTION('',(0.,0.,1.));
#13454 = DIRECTION('',(-0.801941970422,-0.597401938459,0.));
#13455 = PCURVE('',#5563,#13456);
#13456 = DEFINITIONAL_REPRESENTATION('',(#13457),#13461);
#13457 = LINE('',#13458,#13459);
#13458 = CARTESIAN_POINT('',(-0.,0.));
#13459 = VECTOR('',#13460,1.);
#13460 = DIRECTION('',(-1.,0.));
#13461 = ( GEOMETRIC_REPRESENTATION_CONTEXT(2) 
PARAMETRIC_REPRESENTATION_CONTEXT() REPRESENTATION_CONTEXT('2D SPACE',''
  ) );
#13462 = PCURVE('',#7086,#13463);
#13463 = DEFINITIONAL_REPRESENTATION('',(#13464),#13468);
#13464 = CIRCLE('',#13465,0.549973077204);
#13465 = AXIS2_PLACEMENT_2D('',#13466,#13467);
#13466 = CARTESIAN_POINT('',(8.835863198792,-30.53431780261));
#13467 = DIRECTION('',(-0.801941970422,-0.597401938459));
#13468 = ( GEOMETRIC_REPRESENTATION_CONTEXT(2) 
PARAMETRIC_REPRESENTATION_CONTEXT() REPRESENTATION_CONTEXT('2D SPACE',''
  ) );
#13469 = ORIENTED_EDGE('',*,*,#10334,.F.);
#13470 = ORIENTED_EDGE('',*,*,#5546,.T.);
#13471 = ORIENTED_EDGE('',*,*,#13472,.F.);
#13472 = EDGE_CURVE('',#13447,#5547,#13473,.T.);
#13473 = SURFACE_CURVE('',#13474,(#13478,#13485),.PCURVE_S1.);
#13474 = LINE('',#13475,#13476);
#13475 = CARTESIAN_POINT('',(172.6125,-76.09383036808,17.1));
#13476 = VECTOR('',#13477,1.);
#13477 = DIRECTION('',(0.,0.,1.));
#13478 = PCURVE('',#5563,#13479);
#13479 = DEFINITIONAL_REPRESENTATION('',(#13480),#13484);
#13480 = LINE('',#13481,#13482);
#13481 = CARTESIAN_POINT('',(-2.499213718111,0.));
#13482 = VECTOR('',#13483,1.);
#13483 = DIRECTION('',(-0.,-1.));
#13484 = ( GEOMETRIC_REPRESENTATION_CONTEXT(2) 
PARAMETRIC_REPRESENTATION_CONTEXT() REPRESENTATION_CONTEXT('2D SPACE',''
  ) );
#13485 = PCURVE('',#5591,#13486);
#13486 = DEFINITIONAL_REPRESENTATION('',(#13487),#13491);
#13487 = LINE('',#13488,#13489);
#13488 = CARTESIAN_POINT('',(0.,0.));
#13489 = VECTOR('',#13490,1.);
#13490 = DIRECTION('',(0.,-1.));
#13491 = ( GEOMETRIC_REPRESENTATION_CONTEXT(2) 
PARAMETRIC_REPRESENTATION_CONTEXT() REPRESENTATION_CONTEXT('2D SPACE',''
  ) );
#13492 = ADVANCED_FACE('',(#13493),#5591,.F.);
#13493 = FACE_BOUND('',#13494,.F.);
#13494 = EDGE_LOOP('',(#13495,#13496,#13497,#13520));
#13495 = ORIENTED_EDGE('',*,*,#13472,.T.);
#13496 = ORIENTED_EDGE('',*,*,#5575,.T.);
#13497 = ORIENTED_EDGE('',*,*,#13498,.F.);
#13498 = EDGE_CURVE('',#13499,#5576,#13501,.T.);
#13499 = VERTEX_POINT('',#13500);
#13500 = CARTESIAN_POINT('',(172.62826852714,-41.2265069183,17.1));
#13501 = SURFACE_CURVE('',#13502,(#13506,#13513),.PCURVE_S1.);
#13502 = LINE('',#13503,#13504);
#13503 = CARTESIAN_POINT('',(172.62826852714,-41.2265069183,17.1));
#13504 = VECTOR('',#13505,1.);
#13505 = DIRECTION('',(0.,0.,1.));
#13506 = PCURVE('',#5591,#13507);
#13507 = DEFINITIONAL_REPRESENTATION('',(#13508),#13512);
#13508 = LINE('',#13509,#13510);
#13509 = CARTESIAN_POINT('',(34.867327015385,0.));
#13510 = VECTOR('',#13511,1.);
#13511 = DIRECTION('',(0.,-1.));
#13512 = ( GEOMETRIC_REPRESENTATION_CONTEXT(2) 
PARAMETRIC_REPRESENTATION_CONTEXT() REPRESENTATION_CONTEXT('2D SPACE',''
  ) );
#13513 = PCURVE('',#5624,#13514);
#13514 = DEFINITIONAL_REPRESENTATION('',(#13515),#13519);
#13515 = LINE('',#13516,#13517);
#13516 = CARTESIAN_POINT('',(0.,0.));
#13517 = VECTOR('',#13518,1.);
#13518 = DIRECTION('',(0.,-1.));
#13519 = ( GEOMETRIC_REPRESENTATION_CONTEXT(2) 
PARAMETRIC_REPRESENTATION_CONTEXT() REPRESENTATION_CONTEXT('2D SPACE',''
  ) );
#13520 = ORIENTED_EDGE('',*,*,#13521,.F.);
#13521 = EDGE_CURVE('',#13447,#13499,#13522,.T.);
#13522 = SURFACE_CURVE('',#13523,(#13527,#13534),.PCURVE_S1.);
#13523 = LINE('',#13524,#13525);
#13524 = CARTESIAN_POINT('',(172.6125,-76.09383036808,17.1));
#13525 = VECTOR('',#13526,1.);
#13526 = DIRECTION('',(4.52243647427E-04,0.999999897738,0.));
#13527 = PCURVE('',#5591,#13528);
#13528 = DEFINITIONAL_REPRESENTATION('',(#13529),#13533);
#13529 = LINE('',#13530,#13531);
#13530 = CARTESIAN_POINT('',(0.,0.));
#13531 = VECTOR('',#13532,1.);
#13532 = DIRECTION('',(1.,0.));
#13533 = ( GEOMETRIC_REPRESENTATION_CONTEXT(2) 
PARAMETRIC_REPRESENTATION_CONTEXT() REPRESENTATION_CONTEXT('2D SPACE',''
  ) );
#13534 = PCURVE('',#7086,#13535);
#13535 = DEFINITIONAL_REPRESENTATION('',(#13536),#13540);
#13536 = LINE('',#13537,#13538);
#13537 = CARTESIAN_POINT('',(9.38583503839,-30.53548454974));
#13538 = VECTOR('',#13539,1.);
#13539 = DIRECTION('',(4.52243647427E-04,0.999999897738));
#13540 = ( GEOMETRIC_REPRESENTATION_CONTEXT(2) 
PARAMETRIC_REPRESENTATION_CONTEXT() REPRESENTATION_CONTEXT('2D SPACE',''
  ) );
#13541 = ADVANCED_FACE('',(#13542),#5624,.F.);
#13542 = FACE_BOUND('',#13543,.F.);
#13543 = EDGE_LOOP('',(#13544,#13545,#13546,#13569));
#13544 = ORIENTED_EDGE('',*,*,#13498,.T.);
#13545 = ORIENTED_EDGE('',*,*,#5603,.T.);
#13546 = ORIENTED_EDGE('',*,*,#13547,.F.);
#13547 = EDGE_CURVE('',#13548,#5604,#13550,.T.);
#13548 = VERTEX_POINT('',#13549);
#13549 = CARTESIAN_POINT('',(174.32400535406,-39.75,17.1));
#13550 = SURFACE_CURVE('',#13551,(#13555,#13562),.PCURVE_S1.);
#13551 = LINE('',#13552,#13553);
#13552 = CARTESIAN_POINT('',(174.32400535406,-39.75,17.1));
#13553 = VECTOR('',#13554,1.);
#13554 = DIRECTION('',(0.,0.,1.));
#13555 = PCURVE('',#5624,#13556);
#13556 = DEFINITIONAL_REPRESENTATION('',(#13557),#13561);
#13557 = LINE('',#13558,#13559);
#13558 = CARTESIAN_POINT('',(1.444097600355,0.));
#13559 = VECTOR('',#13560,1.);
#13560 = DIRECTION('',(0.,-1.));
#13561 = ( GEOMETRIC_REPRESENTATION_CONTEXT(2) 
PARAMETRIC_REPRESENTATION_CONTEXT() REPRESENTATION_CONTEXT('2D SPACE',''
  ) );
#13562 = PCURVE('',#5652,#13563);
#13563 = DEFINITIONAL_REPRESENTATION('',(#13564),#13568);
#13564 = LINE('',#13565,#13566);
#13565 = CARTESIAN_POINT('',(0.,0.));
#13566 = VECTOR('',#13567,1.);
#13567 = DIRECTION('',(0.,-1.));
#13568 = ( GEOMETRIC_REPRESENTATION_CONTEXT(2) 
PARAMETRIC_REPRESENTATION_CONTEXT() REPRESENTATION_CONTEXT('2D SPACE',''
  ) );
#13569 = ORIENTED_EDGE('',*,*,#13570,.F.);
#13570 = EDGE_CURVE('',#13499,#13548,#13571,.T.);
#13571 = SURFACE_CURVE('',#13572,(#13577,#13584),.PCURVE_S1.);
#13572 = CIRCLE('',#13573,1.701002441343);
#13573 = AXIS2_PLACEMENT_3D('',#13574,#13575,#13576);
#13574 = CARTESIAN_POINT('',(174.31439522871,-41.45097529404,17.1));
#13575 = DIRECTION('',(0.,0.,-1.));
#13576 = DIRECTION('',(-0.99125472168,0.131962406566,0.));
#13577 = PCURVE('',#5624,#13578);
#13578 = DEFINITIONAL_REPRESENTATION('',(#13579),#13583);
#13579 = LINE('',#13580,#13581);
#13580 = CARTESIAN_POINT('',(0.,0.));
#13581 = VECTOR('',#13582,1.);
#13582 = DIRECTION('',(1.,0.));
#13583 = ( GEOMETRIC_REPRESENTATION_CONTEXT(2) 
PARAMETRIC_REPRESENTATION_CONTEXT() REPRESENTATION_CONTEXT('2D SPACE',''
  ) );
#13584 = PCURVE('',#7086,#13585);
#13585 = DEFINITIONAL_REPRESENTATION('',(#13586),#13594);
#13586 = ( BOUNDED_CURVE() B_SPLINE_CURVE(2,(#13587,#13588,#13589,#13590
    ,#13591,#13592,#13593),.UNSPECIFIED.,.T.,.F.) 
B_SPLINE_CURVE_WITH_KNOTS((1,2,2,2,2,1),(-2.094395102393,0.,
    2.094395102393,4.188790204786,6.28318530718,8.377580409573),
.UNSPECIFIED.) CURVE() GEOMETRIC_REPRESENTATION_ITEM() 
RATIONAL_B_SPLINE_CURVE((1.,0.5,1.,0.5,1.,0.5,1.)) REPRESENTATION_ITEM(
  '') );
#13587 = CARTESIAN_POINT('',(9.401603565535,4.331838900032));
#13588 = CARTESIAN_POINT('',(9.790394196999,7.25229601515));
#13589 = CARTESIAN_POINT('',(12.125188933622,5.45536489399));
#13590 = CARTESIAN_POINT('',(14.459983670246,3.65843377283));
#13591 = CARTESIAN_POINT('',(11.736398302159,2.534907778872));
#13592 = CARTESIAN_POINT('',(9.012812934071,1.411381784914));
#13593 = CARTESIAN_POINT('',(9.401603565535,4.331838900032));
#13594 = ( GEOMETRIC_REPRESENTATION_CONTEXT(2) 
PARAMETRIC_REPRESENTATION_CONTEXT() REPRESENTATION_CONTEXT('2D SPACE',''
  ) );
#13595 = ADVANCED_FACE('',(#13596),#6630,.F.);
#13596 = FACE_BOUND('',#13597,.F.);
#13597 = EDGE_LOOP('',(#13598,#13624,#13625,#13626));
#13598 = ORIENTED_EDGE('',*,*,#13599,.F.);
#13599 = EDGE_CURVE('',#11353,#10566,#13600,.T.);
#13600 = SURFACE_CURVE('',#13601,(#13606,#13613),.PCURVE_S1.);
#13601 = CIRCLE('',#13602,1.751337237119);
#13602 = AXIS2_PLACEMENT_3D('',#13603,#13604,#13605);
#13603 = CARTESIAN_POINT('',(155.42488916585,-102.9292074515,15.85));
#13604 = DIRECTION('',(0.,0.,-1.));
#13605 = DIRECTION('',(-0.962341825567,-0.271842253456,-0.));
#13606 = PCURVE('',#6630,#13607);
#13607 = DEFINITIONAL_REPRESENTATION('',(#13608),#13612);
#13608 = LINE('',#13609,#13610);
#13609 = CARTESIAN_POINT('',(0.,-3.75));
#13610 = VECTOR('',#13611,1.);
#13611 = DIRECTION('',(1.,0.));
#13612 = ( GEOMETRIC_REPRESENTATION_CONTEXT(2) 
PARAMETRIC_REPRESENTATION_CONTEXT() REPRESENTATION_CONTEXT('2D SPACE',''
  ) );
#13613 = PCURVE('',#10582,#13614);
#13614 = DEFINITIONAL_REPRESENTATION('',(#13615),#13623);
#13615 = ( BOUNDED_CURVE() B_SPLINE_CURVE(2,(#13616,#13617,#13618,#13619
    ,#13620,#13621,#13622),.UNSPECIFIED.,.T.,.F.) 
B_SPLINE_CURVE_WITH_KNOTS((1,2,2,2,2,1),(-2.094395102393,0.,
    2.094395102393,4.188790204786,6.28318530718,8.377580409573),
.UNSPECIFIED.) CURVE() GEOMETRIC_REPRESENTATION_ITEM() 
RATIONAL_B_SPLINE_CURVE((1.,0.5,1.,0.5,1.,0.5,1.)) REPRESENTATION_ITEM(
  '') );
#13616 = CARTESIAN_POINT('',(0.464318686896,1.468131959872));
#13617 = CARTESIAN_POINT('',(-0.360288984576,4.387304538277));
#13618 = CARTESIAN_POINT('',(2.580092462089,3.641849440725));
#13619 = CARTESIAN_POINT('',(5.520473908755,2.896394343173));
#13620 = CARTESIAN_POINT('',(3.404700133561,0.72267686232));
#13621 = CARTESIAN_POINT('',(1.288926358368,-1.451040618533));
#13622 = CARTESIAN_POINT('',(0.464318686896,1.468131959872));
#13623 = ( GEOMETRIC_REPRESENTATION_CONTEXT(2) 
PARAMETRIC_REPRESENTATION_CONTEXT() REPRESENTATION_CONTEXT('2D SPACE',''
  ) );
#13624 = ORIENTED_EDGE('',*,*,#11352,.T.);
#13625 = ORIENTED_EDGE('',*,*,#6609,.T.);
#13626 = ORIENTED_EDGE('',*,*,#10593,.F.);
#13627 = ADVANCED_FACE('',(#13628),#5652,.F.);
#13628 = FACE_BOUND('',#13629,.F.);
#13629 = EDGE_LOOP('',(#13630,#13631,#13632,#13655));
#13630 = ORIENTED_EDGE('',*,*,#13547,.T.);
#13631 = ORIENTED_EDGE('',*,*,#5636,.T.);
#13632 = ORIENTED_EDGE('',*,*,#13633,.F.);
#13633 = EDGE_CURVE('',#13634,#5637,#13636,.T.);
#13634 = VERTEX_POINT('',#13635);
#13635 = CARTESIAN_POINT('',(177.00894441923,-39.73915283072,17.1));
#13636 = SURFACE_CURVE('',#13637,(#13641,#13648),.PCURVE_S1.);
#13637 = LINE('',#13638,#13639);
#13638 = CARTESIAN_POINT('',(177.00894441923,-39.73915283072,17.1));
#13639 = VECTOR('',#13640,1.);
#13640 = DIRECTION('',(0.,0.,1.));
#13641 = PCURVE('',#5652,#13642);
#13642 = DEFINITIONAL_REPRESENTATION('',(#13643),#13647);
#13643 = LINE('',#13644,#13645);
#13644 = CARTESIAN_POINT('',(2.68496097639,0.));
#13645 = VECTOR('',#13646,1.);
#13646 = DIRECTION('',(0.,-1.));
#13647 = ( GEOMETRIC_REPRESENTATION_CONTEXT(2) 
PARAMETRIC_REPRESENTATION_CONTEXT() REPRESENTATION_CONTEXT('2D SPACE',''
  ) );
#13648 = PCURVE('',#5681,#13649);
#13649 = DEFINITIONAL_REPRESENTATION('',(#13650),#13654);
#13650 = LINE('',#13651,#13652);
#13651 = CARTESIAN_POINT('',(-0.,0.));
#13652 = VECTOR('',#13653,1.);
#13653 = DIRECTION('',(-0.,-1.));
#13654 = ( GEOMETRIC_REPRESENTATION_CONTEXT(2) 
PARAMETRIC_REPRESENTATION_CONTEXT() REPRESENTATION_CONTEXT('2D SPACE',''
  ) );
#13655 = ORIENTED_EDGE('',*,*,#13656,.F.);
#13656 = EDGE_CURVE('',#13548,#13634,#13657,.T.);
#13657 = SURFACE_CURVE('',#13658,(#13662,#13669),.PCURVE_S1.);
#13658 = LINE('',#13659,#13660);
#13659 = CARTESIAN_POINT('',(174.32400535406,-39.75,17.1));
#13660 = VECTOR('',#13661,1.);
#13661 = DIRECTION('',(0.999991839277,4.039972785614E-03,0.));
#13662 = PCURVE('',#5652,#13663);
#13663 = DEFINITIONAL_REPRESENTATION('',(#13664),#13668);
#13664 = LINE('',#13665,#13666);
#13665 = CARTESIAN_POINT('',(0.,0.));
#13666 = VECTOR('',#13667,1.);
#13667 = DIRECTION('',(1.,0.));
#13668 = ( GEOMETRIC_REPRESENTATION_CONTEXT(2) 
PARAMETRIC_REPRESENTATION_CONTEXT() REPRESENTATION_CONTEXT('2D SPACE',''
  ) );
#13669 = PCURVE('',#7086,#13670);
#13670 = DEFINITIONAL_REPRESENTATION('',(#13671),#13675);
#13671 = LINE('',#13672,#13673);
#13672 = CARTESIAN_POINT('',(11.097340392454,5.808345818341));
#13673 = VECTOR('',#13674,1.);
#13674 = DIRECTION('',(0.999991839277,4.039972785614E-03));
#13675 = ( GEOMETRIC_REPRESENTATION_CONTEXT(2) 
PARAMETRIC_REPRESENTATION_CONTEXT() REPRESENTATION_CONTEXT('2D SPACE',''
  ) );
#13676 = ADVANCED_FACE('',(#13677),#5681,.T.);
#13677 = FACE_BOUND('',#13678,.F.);
#13678 = EDGE_LOOP('',(#13679,#13701,#13702,#13703));
#13679 = ORIENTED_EDGE('',*,*,#13680,.F.);
#13680 = EDGE_CURVE('',#13634,#7557,#13681,.T.);
#13681 = SURFACE_CURVE('',#13682,(#13687,#13694),.PCURVE_S1.);
#13682 = CIRCLE('',#13683,0.550041018023);
#13683 = AXIS2_PLACEMENT_3D('',#13684,#13685,#13686);
#13684 = CARTESIAN_POINT('',(176.89995500703,-39.20001794079,17.1));
#13685 = DIRECTION('',(0.,-0.,1.));
#13686 = DIRECTION('',(0.198147790114,-0.980172154916,-0.));
#13687 = PCURVE('',#5681,#13688);
#13688 = DEFINITIONAL_REPRESENTATION('',(#13689),#13693);
#13689 = LINE('',#13690,#13691);
#13690 = CARTESIAN_POINT('',(-0.,0.));
#13691 = VECTOR('',#13692,1.);
#13692 = DIRECTION('',(-1.,0.));
#13693 = ( GEOMETRIC_REPRESENTATION_CONTEXT(2) 
PARAMETRIC_REPRESENTATION_CONTEXT() REPRESENTATION_CONTEXT('2D SPACE',''
  ) );
#13694 = PCURVE('',#7086,#13695);
#13695 = DEFINITIONAL_REPRESENTATION('',(#13696),#13700);
#13696 = CIRCLE('',#13697,0.550041018023);
#13697 = AXIS2_PLACEMENT_2D('',#13698,#13699);
#13698 = CARTESIAN_POINT('',(13.673290045427,6.358327877544));
#13699 = DIRECTION('',(0.198147790114,-0.980172154916));
#13700 = ( GEOMETRIC_REPRESENTATION_CONTEXT(2) 
PARAMETRIC_REPRESENTATION_CONTEXT() REPRESENTATION_CONTEXT('2D SPACE',''
  ) );
#13701 = ORIENTED_EDGE('',*,*,#13633,.T.);
#13702 = ORIENTED_EDGE('',*,*,#5664,.T.);
#13703 = ORIENTED_EDGE('',*,*,#7584,.T.);
#13704 = ADVANCED_FACE('',(#13705),#5833,.T.);
#13705 = FACE_BOUND('',#13706,.F.);
#13706 = EDGE_LOOP('',(#13707,#13731,#13732,#13733));
#13707 = ORIENTED_EDGE('',*,*,#13708,.F.);
#13708 = EDGE_CURVE('',#7821,#13709,#13711,.T.);
#13709 = VERTEX_POINT('',#13710);
#13710 = CARTESIAN_POINT('',(194.06252122305,-37.36875,17.1));
#13711 = SURFACE_CURVE('',#13712,(#13717,#13724),.PCURVE_S1.);
#13712 = CIRCLE('',#13713,0.550009244443);
#13713 = AXIS2_PLACEMENT_3D('',#13714,#13715,#13716);
#13714 = CARTESIAN_POINT('',(194.06368344631,-36.8187419835,17.1));
#13715 = DIRECTION('',(0.,0.,1.));
#13716 = DIRECTION('',(-0.781265238738,0.624199188352,0.));
#13717 = PCURVE('',#5833,#13718);
#13718 = DEFINITIONAL_REPRESENTATION('',(#13719),#13723);
#13719 = LINE('',#13720,#13721);
#13720 = CARTESIAN_POINT('',(-0.,0.));
#13721 = VECTOR('',#13722,1.);
#13722 = DIRECTION('',(-1.,0.));
#13723 = ( GEOMETRIC_REPRESENTATION_CONTEXT(2) 
PARAMETRIC_REPRESENTATION_CONTEXT() REPRESENTATION_CONTEXT('2D SPACE',''
  ) );
#13724 = PCURVE('',#7858,#13725);
#13725 = DEFINITIONAL_REPRESENTATION('',(#13726),#13730);
#13726 = CIRCLE('',#13727,0.550009244443);
#13727 = AXIS2_PLACEMENT_2D('',#13728,#13729);
#13728 = CARTESIAN_POINT('',(-8.260224181627,-6.485539293491));
#13729 = DIRECTION('',(-0.781265238738,0.624199188352));
#13730 = ( GEOMETRIC_REPRESENTATION_CONTEXT(2) 
PARAMETRIC_REPRESENTATION_CONTEXT() REPRESENTATION_CONTEXT('2D SPACE',''
  ) );
#13731 = ORIENTED_EDGE('',*,*,#7820,.F.);
#13732 = ORIENTED_EDGE('',*,*,#5816,.T.);
#13733 = ORIENTED_EDGE('',*,*,#13734,.F.);
#13734 = EDGE_CURVE('',#13709,#5817,#13735,.T.);
#13735 = SURFACE_CURVE('',#13736,(#13740,#13747),.PCURVE_S1.);
#13736 = LINE('',#13737,#13738);
#13737 = CARTESIAN_POINT('',(194.06252122305,-37.36875,17.1));
#13738 = VECTOR('',#13739,1.);
#13739 = DIRECTION('',(0.,0.,1.));
#13740 = PCURVE('',#5833,#13741);
#13741 = DEFINITIONAL_REPRESENTATION('',(#13742),#13746);
#13742 = LINE('',#13743,#13744);
#13743 = CARTESIAN_POINT('',(-2.242789321333,0.));
#13744 = VECTOR('',#13745,1.);
#13745 = DIRECTION('',(-0.,-1.));
#13746 = ( GEOMETRIC_REPRESENTATION_CONTEXT(2) 
PARAMETRIC_REPRESENTATION_CONTEXT() REPRESENTATION_CONTEXT('2D SPACE',''
  ) );
#13747 = PCURVE('',#5861,#13748);
#13748 = DEFINITIONAL_REPRESENTATION('',(#13749),#13753);
#13749 = LINE('',#13750,#13751);
#13750 = CARTESIAN_POINT('',(0.,0.));
#13751 = VECTOR('',#13752,1.);
#13752 = DIRECTION('',(0.,-1.));
#13753 = ( GEOMETRIC_REPRESENTATION_CONTEXT(2) 
PARAMETRIC_REPRESENTATION_CONTEXT() REPRESENTATION_CONTEXT('2D SPACE',''
  ) );
#13754 = ADVANCED_FACE('',(#13755),#5861,.F.);
#13755 = FACE_BOUND('',#13756,.F.);
#13756 = EDGE_LOOP('',(#13757,#13758,#13759,#13782));
#13757 = ORIENTED_EDGE('',*,*,#13734,.T.);
#13758 = ORIENTED_EDGE('',*,*,#5845,.T.);
#13759 = ORIENTED_EDGE('',*,*,#13760,.F.);
#13760 = EDGE_CURVE('',#13761,#5846,#13763,.T.);
#13761 = VERTEX_POINT('',#13762);
#13762 = CARTESIAN_POINT('',(207.15634778552,-37.36799677047,17.1));
#13763 = SURFACE_CURVE('',#13764,(#13768,#13775),.PCURVE_S1.);
#13764 = LINE('',#13765,#13766);
#13765 = CARTESIAN_POINT('',(207.15634778552,-37.36799677047,17.1));
#13766 = VECTOR('',#13767,1.);
#13767 = DIRECTION('',(0.,0.,1.));
#13768 = PCURVE('',#5861,#13769);
#13769 = DEFINITIONAL_REPRESENTATION('',(#13770),#13774);
#13770 = LINE('',#13771,#13772);
#13771 = CARTESIAN_POINT('',(13.093826584135,0.));
#13772 = VECTOR('',#13773,1.);
#13773 = DIRECTION('',(0.,-1.));
#13774 = ( GEOMETRIC_REPRESENTATION_CONTEXT(2) 
PARAMETRIC_REPRESENTATION_CONTEXT() REPRESENTATION_CONTEXT('2D SPACE',''
  ) );
#13775 = PCURVE('',#5890,#13776);
#13776 = DEFINITIONAL_REPRESENTATION('',(#13777),#13781);
#13777 = LINE('',#13778,#13779);
#13778 = CARTESIAN_POINT('',(-0.,0.));
#13779 = VECTOR('',#13780,1.);
#13780 = DIRECTION('',(-0.,-1.));
#13781 = ( GEOMETRIC_REPRESENTATION_CONTEXT(2) 
PARAMETRIC_REPRESENTATION_CONTEXT() REPRESENTATION_CONTEXT('2D SPACE',''
  ) );
#13782 = ORIENTED_EDGE('',*,*,#13783,.F.);
#13783 = EDGE_CURVE('',#13709,#13761,#13784,.T.);
#13784 = SURFACE_CURVE('',#13785,(#13789,#13796),.PCURVE_S1.);
#13785 = LINE('',#13786,#13787);
#13786 = CARTESIAN_POINT('',(194.06252122305,-37.36875,17.1));
#13787 = VECTOR('',#13788,1.);
#13788 = DIRECTION('',(0.999999998345,5.752554595502E-05,0.));
#13789 = PCURVE('',#5861,#13790);
#13790 = DEFINITIONAL_REPRESENTATION('',(#13791),#13795);
#13791 = LINE('',#13792,#13793);
#13792 = CARTESIAN_POINT('',(0.,0.));
#13793 = VECTOR('',#13794,1.);
#13794 = DIRECTION('',(1.,0.));
#13795 = ( GEOMETRIC_REPRESENTATION_CONTEXT(2) 
PARAMETRIC_REPRESENTATION_CONTEXT() REPRESENTATION_CONTEXT('2D SPACE',''
  ) );
#13796 = PCURVE('',#7858,#13797);
#13797 = DEFINITIONAL_REPRESENTATION('',(#13798),#13802);
#13798 = LINE('',#13799,#13800);
#13799 = CARTESIAN_POINT('',(-8.261386404879,-7.035547309987));
#13800 = VECTOR('',#13801,1.);
#13801 = DIRECTION('',(0.999999998345,5.752554595502E-05));
#13802 = ( GEOMETRIC_REPRESENTATION_CONTEXT(2) 
PARAMETRIC_REPRESENTATION_CONTEXT() REPRESENTATION_CONTEXT('2D SPACE',''
  ) );
#13803 = ADVANCED_FACE('',(#13804),#5890,.T.);
#13804 = FACE_BOUND('',#13805,.F.);
#13805 = EDGE_LOOP('',(#13806,#13807,#13808,#13831));
#13806 = ORIENTED_EDGE('',*,*,#13760,.T.);
#13807 = ORIENTED_EDGE('',*,*,#5873,.T.);
#13808 = ORIENTED_EDGE('',*,*,#13809,.F.);
#13809 = EDGE_CURVE('',#13810,#5874,#13812,.T.);
#13810 = VERTEX_POINT('',#13811);
#13811 = CARTESIAN_POINT('',(210.62292330593,-35.61937233053,17.1));
#13812 = SURFACE_CURVE('',#13813,(#13817,#13824),.PCURVE_S1.);
#13813 = LINE('',#13814,#13815);
#13814 = CARTESIAN_POINT('',(210.62292330593,-35.61937233053,17.1));
#13815 = VECTOR('',#13816,1.);
#13816 = DIRECTION('',(0.,0.,1.));
#13817 = PCURVE('',#5890,#13818);
#13818 = DEFINITIONAL_REPRESENTATION('',(#13819),#13823);
#13819 = LINE('',#13820,#13821);
#13820 = CARTESIAN_POINT('',(-0.931934686797,0.));
#13821 = VECTOR('',#13822,1.);
#13822 = DIRECTION('',(-0.,-1.));
#13823 = ( GEOMETRIC_REPRESENTATION_CONTEXT(2) 
PARAMETRIC_REPRESENTATION_CONTEXT() REPRESENTATION_CONTEXT('2D SPACE',''
  ) );
#13824 = PCURVE('',#5923,#13825);
#13825 = DEFINITIONAL_REPRESENTATION('',(#13826),#13830);
#13826 = LINE('',#13827,#13828);
#13827 = CARTESIAN_POINT('',(0.,0.));
#13828 = VECTOR('',#13829,1.);
#13829 = DIRECTION('',(0.,-1.));
#13830 = ( GEOMETRIC_REPRESENTATION_CONTEXT(2) 
PARAMETRIC_REPRESENTATION_CONTEXT() REPRESENTATION_CONTEXT('2D SPACE',''
  ) );
#13831 = ORIENTED_EDGE('',*,*,#13832,.F.);
#13832 = EDGE_CURVE('',#13761,#13810,#13833,.T.);
#13833 = SURFACE_CURVE('',#13834,(#13839,#13846),.PCURVE_S1.);
#13834 = CIRCLE('',#13835,4.320879889355);
#13835 = AXIS2_PLACEMENT_3D('',#13836,#13837,#13838);
#13836 = CARTESIAN_POINT('',(207.15110515352,-33.04712006163,17.1));
#13837 = DIRECTION('',(0.,0.,1.));
#13838 = DIRECTION('',(1.213325095332E-03,-0.999999263921,0.));
#13839 = PCURVE('',#5890,#13840);
#13840 = DEFINITIONAL_REPRESENTATION('',(#13841),#13845);
#13841 = LINE('',#13842,#13843);
#13842 = CARTESIAN_POINT('',(-0.,0.));
#13843 = VECTOR('',#13844,1.);
#13844 = DIRECTION('',(-1.,0.));
#13845 = ( GEOMETRIC_REPRESENTATION_CONTEXT(2) 
PARAMETRIC_REPRESENTATION_CONTEXT() REPRESENTATION_CONTEXT('2D SPACE',''
  ) );
#13846 = PCURVE('',#7858,#13847);
#13847 = DEFINITIONAL_REPRESENTATION('',(#13848),#13852);
#13848 = CIRCLE('',#13849,4.320879889355);
#13849 = AXIS2_PLACEMENT_2D('',#13850,#13851);
#13850 = CARTESIAN_POINT('',(4.827197525588,-2.713917371619));
#13851 = DIRECTION('',(1.213325095332E-03,-0.999999263921));
#13852 = ( GEOMETRIC_REPRESENTATION_CONTEXT(2) 
PARAMETRIC_REPRESENTATION_CONTEXT() REPRESENTATION_CONTEXT('2D SPACE',''
  ) );
#13853 = ADVANCED_FACE('',(#13854),#5923,.F.);
#13854 = FACE_BOUND('',#13855,.F.);
#13855 = EDGE_LOOP('',(#13856,#13857,#13858,#13881));
#13856 = ORIENTED_EDGE('',*,*,#13809,.T.);
#13857 = ORIENTED_EDGE('',*,*,#5902,.T.);
#13858 = ORIENTED_EDGE('',*,*,#13859,.F.);
#13859 = EDGE_CURVE('',#13860,#5903,#13862,.T.);
#13860 = VERTEX_POINT('',#13861);
#13861 = CARTESIAN_POINT('',(211.36333362188,-35.09105843119,17.1));
#13862 = SURFACE_CURVE('',#13863,(#13867,#13874),.PCURVE_S1.);
#13863 = LINE('',#13864,#13865);
#13864 = CARTESIAN_POINT('',(211.36333362188,-35.09105843119,17.1));
#13865 = VECTOR('',#13866,1.);
#13866 = DIRECTION('',(0.,0.,1.));
#13867 = PCURVE('',#5923,#13868);
#13868 = DEFINITIONAL_REPRESENTATION('',(#13869),#13873);
#13869 = LINE('',#13870,#13871);
#13870 = CARTESIAN_POINT('',(0.543399512525,0.));
#13871 = VECTOR('',#13872,1.);
#13872 = DIRECTION('',(0.,-1.));
#13873 = ( GEOMETRIC_REPRESENTATION_CONTEXT(2) 
PARAMETRIC_REPRESENTATION_CONTEXT() REPRESENTATION_CONTEXT('2D SPACE',''
  ) );
#13874 = PCURVE('',#5952,#13875);
#13875 = DEFINITIONAL_REPRESENTATION('',(#13876),#13880);
#13876 = LINE('',#13877,#13878);
#13877 = CARTESIAN_POINT('',(-0.,0.));
#13878 = VECTOR('',#13879,1.);
#13879 = DIRECTION('',(-0.,-1.));
#13880 = ( GEOMETRIC_REPRESENTATION_CONTEXT(2) 
PARAMETRIC_REPRESENTATION_CONTEXT() REPRESENTATION_CONTEXT('2D SPACE',''
  ) );
#13881 = ORIENTED_EDGE('',*,*,#13882,.F.);
#13882 = EDGE_CURVE('',#13810,#13860,#13883,.T.);
#13883 = SURFACE_CURVE('',#13884,(#13889,#13896),.PCURVE_S1.);
#13884 = CIRCLE('',#13885,1.694629813401);
#13885 = AXIS2_PLACEMENT_3D('',#13886,#13887,#13888);
#13886 = CARTESIAN_POINT('',(211.94132454804,-36.6840734009,17.1));
#13887 = DIRECTION('',(0.,0.,-1.));
#13888 = DIRECTION('',(-0.777987753836,0.628279440123,0.));
#13889 = PCURVE('',#5923,#13890);
#13890 = DEFINITIONAL_REPRESENTATION('',(#13891),#13895);
#13891 = LINE('',#13892,#13893);
#13892 = CARTESIAN_POINT('',(0.,0.));
#13893 = VECTOR('',#13894,1.);
#13894 = DIRECTION('',(1.,0.));
#13895 = ( GEOMETRIC_REPRESENTATION_CONTEXT(2) 
PARAMETRIC_REPRESENTATION_CONTEXT() REPRESENTATION_CONTEXT('2D SPACE',''
  ) );
#13896 = PCURVE('',#7858,#13897);
#13897 = DEFINITIONAL_REPRESENTATION('',(#13898),#13906);
#13898 = ( BOUNDED_CURVE() B_SPLINE_CURVE(2,(#13899,#13900,#13901,#13902
    ,#13903,#13904,#13905),.UNSPECIFIED.,.T.,.F.) 
B_SPLINE_CURVE_WITH_KNOTS((1,2,2,2,2,1),(-2.094395102393,0.,
    2.094395102393,4.188790204786,6.28318530718,8.377580409573),
.UNSPECIFIED.) CURVE() GEOMETRIC_REPRESENTATION_ITEM() 
RATIONAL_B_SPLINE_CURVE((1.,0.5,1.,0.5,1.,0.5,1.)) REPRESENTATION_ITEM(
  '') );
#13899 = CARTESIAN_POINT('',(8.299015677994,-5.286169640517));
#13900 = CARTESIAN_POINT('',(10.143132026764,-3.002631704418));
#13901 = CARTESIAN_POINT('',(11.198675715546,-5.741452278036));
#13902 = CARTESIAN_POINT('',(12.254219404329,-8.480272851655));
#13903 = CARTESIAN_POINT('',(9.354559366777,-8.024990214136));
#13904 = CARTESIAN_POINT('',(6.454899329224,-7.569707576616));
#13905 = CARTESIAN_POINT('',(8.299015677994,-5.286169640517));
#13906 = ( GEOMETRIC_REPRESENTATION_CONTEXT(2) 
PARAMETRIC_REPRESENTATION_CONTEXT() REPRESENTATION_CONTEXT('2D SPACE',''
  ) );
#13907 = ADVANCED_FACE('',(#13908),#5952,.T.);
#13908 = FACE_BOUND('',#13909,.F.);
#13909 = EDGE_LOOP('',(#13910,#13932,#13933,#13934));
#13910 = ORIENTED_EDGE('',*,*,#13911,.F.);
#13911 = EDGE_CURVE('',#13860,#8312,#13912,.T.);
#13912 = SURFACE_CURVE('',#13913,(#13918,#13925),.PCURVE_S1.);
#13913 = CIRCLE('',#13914,0.549947637604);
#13914 = AXIS2_PLACEMENT_3D('',#13915,#13916,#13917);
#13915 = CARTESIAN_POINT('',(211.16814639916,-34.57691413997,17.1));
#13916 = DIRECTION('',(0.,-0.,1.));
#13917 = DIRECTION('',(0.354919649389,-0.934896808465,-0.));
#13918 = PCURVE('',#5952,#13919);
#13919 = DEFINITIONAL_REPRESENTATION('',(#13920),#13924);
#13920 = LINE('',#13921,#13922);
#13921 = CARTESIAN_POINT('',(-0.,0.));
#13922 = VECTOR('',#13923,1.);
#13923 = DIRECTION('',(-1.,0.));
#13924 = ( GEOMETRIC_REPRESENTATION_CONTEXT(2) 
PARAMETRIC_REPRESENTATION_CONTEXT() REPRESENTATION_CONTEXT('2D SPACE',''
  ) );
#13925 = PCURVE('',#7858,#13926);
#13926 = DEFINITIONAL_REPRESENTATION('',(#13927),#13931);
#13927 = CIRCLE('',#13928,0.549947637604);
#13928 = AXIS2_PLACEMENT_2D('',#13929,#13930);
#13929 = CARTESIAN_POINT('',(8.844238771224,-4.243711449961));
#13930 = DIRECTION('',(0.354919649389,-0.934896808465));
#13931 = ( GEOMETRIC_REPRESENTATION_CONTEXT(2) 
PARAMETRIC_REPRESENTATION_CONTEXT() REPRESENTATION_CONTEXT('2D SPACE',''
  ) );
#13932 = ORIENTED_EDGE('',*,*,#13859,.T.);
#13933 = ORIENTED_EDGE('',*,*,#5935,.T.);
#13934 = ORIENTED_EDGE('',*,*,#8339,.T.);
#13935 = ADVANCED_FACE('',(#13936),#6858,.F.);
#13936 = FACE_BOUND('',#13937,.T.);
#13937 = EDGE_LOOP('',(#13938,#13959,#13960,#13961));
#13938 = ORIENTED_EDGE('',*,*,#13939,.T.);
#13939 = EDGE_CURVE('',#7121,#6816,#13940,.T.);
#13940 = SURFACE_CURVE('',#13941,(#13945,#13952),.PCURVE_S1.);
#13941 = LINE('',#13942,#13943);
#13942 = CARTESIAN_POINT('',(181.5125,-22.95,15.7));
#13943 = VECTOR('',#13944,1.);
#13944 = DIRECTION('',(0.,1.,0.));
#13945 = PCURVE('',#6858,#13946);
#13946 = DEFINITIONAL_REPRESENTATION('',(#13947),#13951);
#13947 = LINE('',#13948,#13949);
#13948 = CARTESIAN_POINT('',(-1.570796326795,1.55));
#13949 = VECTOR('',#13950,1.);
#13950 = DIRECTION('',(-0.,-1.));
#13951 = ( GEOMETRIC_REPRESENTATION_CONTEXT(2) 
PARAMETRIC_REPRESENTATION_CONTEXT() REPRESENTATION_CONTEXT('2D SPACE',''
  ) );
#13952 = PCURVE('',#6830,#13953);
#13953 = DEFINITIONAL_REPRESENTATION('',(#13954),#13958);
#13954 = LINE('',#13955,#13956);
#13955 = CARTESIAN_POINT('',(18.5,1.55));
#13956 = VECTOR('',#13957,1.);
#13957 = DIRECTION('',(0.,-1.));
#13958 = ( GEOMETRIC_REPRESENTATION_CONTEXT(2) 
PARAMETRIC_REPRESENTATION_CONTEXT() REPRESENTATION_CONTEXT('2D SPACE',''
  ) );
#13959 = ORIENTED_EDGE('',*,*,#6841,.F.);
#13960 = ORIENTED_EDGE('',*,*,#6974,.T.);
#13961 = ORIENTED_EDGE('',*,*,#7120,.F.);
#13962 = ADVANCED_FACE('',(#13963),#6830,.T.);
#13963 = FACE_BOUND('',#13964,.T.);
#13964 = EDGE_LOOP('',(#13965,#13986,#13987,#13988));
#13965 = ORIENTED_EDGE('',*,*,#13966,.T.);
#13966 = EDGE_CURVE('',#7148,#6787,#13967,.T.);
#13967 = SURFACE_CURVE('',#13968,(#13972,#13979),.PCURVE_S1.);
#13968 = LINE('',#13969,#13970);
#13969 = CARTESIAN_POINT('',(163.0125,-22.95,15.7));
#13970 = VECTOR('',#13971,1.);
#13971 = DIRECTION('',(0.,1.,0.));
#13972 = PCURVE('',#6830,#13973);
#13973 = DEFINITIONAL_REPRESENTATION('',(#13974),#13978);
#13974 = LINE('',#13975,#13976);
#13975 = CARTESIAN_POINT('',(0.,1.55));
#13976 = VECTOR('',#13977,1.);
#13977 = DIRECTION('',(0.,-1.));
#13978 = ( GEOMETRIC_REPRESENTATION_CONTEXT(2) 
PARAMETRIC_REPRESENTATION_CONTEXT() REPRESENTATION_CONTEXT('2D SPACE',''
  ) );
#13979 = PCURVE('',#6803,#13980);
#13980 = DEFINITIONAL_REPRESENTATION('',(#13981),#13985);
#13981 = LINE('',#13982,#13983);
#13982 = CARTESIAN_POINT('',(-1.570796326795,1.55));
#13983 = VECTOR('',#13984,1.);
#13984 = DIRECTION('',(-0.,-1.));
#13985 = ( GEOMETRIC_REPRESENTATION_CONTEXT(2) 
PARAMETRIC_REPRESENTATION_CONTEXT() REPRESENTATION_CONTEXT('2D SPACE',''
  ) );
#13986 = ORIENTED_EDGE('',*,*,#6815,.T.);
#13987 = ORIENTED_EDGE('',*,*,#13939,.F.);
#13988 = ORIENTED_EDGE('',*,*,#7147,.T.);
#13989 = ADVANCED_FACE('',(#13990),#6803,.F.);
#13990 = FACE_BOUND('',#13991,.T.);
#13991 = EDGE_LOOP('',(#13992,#13993,#13994,#13995));
#13992 = ORIENTED_EDGE('',*,*,#8953,.T.);
#13993 = ORIENTED_EDGE('',*,*,#6786,.F.);
#13994 = ORIENTED_EDGE('',*,*,#13966,.F.);
#13995 = ORIENTED_EDGE('',*,*,#7168,.F.);
#13996 = ADVANCED_FACE('',(#13997),#7086,.F.);
#13997 = FACE_BOUND('',#13998,.F.);
#13998 = EDGE_LOOP('',(#13999,#14000,#14001,#14002,#14003,#14004,#14005,
    #14006,#14007,#14008,#14009,#14010,#14031,#14064,#14083,#14084,
    #14085,#14086,#14087));
#13999 = ORIENTED_EDGE('',*,*,#13656,.T.);
#14000 = ORIENTED_EDGE('',*,*,#13680,.T.);
#14001 = ORIENTED_EDGE('',*,*,#7556,.T.);
#14002 = ORIENTED_EDGE('',*,*,#7482,.F.);
#14003 = ORIENTED_EDGE('',*,*,#7401,.F.);
#14004 = ORIENTED_EDGE('',*,*,#7327,.F.);
#14005 = ORIENTED_EDGE('',*,*,#7246,.F.);
#14006 = ORIENTED_EDGE('',*,*,#7071,.F.);
#14007 = ORIENTED_EDGE('',*,*,#9057,.F.);
#14008 = ORIENTED_EDGE('',*,*,#9138,.F.);
#14009 = ORIENTED_EDGE('',*,*,#9338,.T.);
#14010 = ORIENTED_EDGE('',*,*,#14011,.T.);
#14011 = EDGE_CURVE('',#9313,#14012,#14014,.T.);
#14012 = VERTEX_POINT('',#14013);
#14013 = CARTESIAN_POINT('',(162.56,-41.4,17.1));
#14014 = SURFACE_CURVE('',#14015,(#14019,#14025),.PCURVE_S1.);
#14015 = LINE('',#14016,#14017);
#14016 = CARTESIAN_POINT('',(162.8933324808,-41.4,17.1));
#14017 = VECTOR('',#14018,1.);
#14018 = DIRECTION('',(1.,0.,-0.));
#14019 = PCURVE('',#7086,#14020);
#14020 = DEFINITIONAL_REPRESENTATION('',(#14021),#14024);
#14021 = B_SPLINE_CURVE_WITH_KNOTS('',1,(#14022,#14023),.UNSPECIFIED.,
  .F.,.F.,(2,2),(-29.88091180537,-0.333332480805),
  .PIECEWISE_BEZIER_KNOTS.);
#14022 = CARTESIAN_POINT('',(-30.21424428617,4.158345818341));
#14023 = CARTESIAN_POINT('',(-0.66666496161,4.158345818341));
#14024 = ( GEOMETRIC_REPRESENTATION_CONTEXT(2) 
PARAMETRIC_REPRESENTATION_CONTEXT() REPRESENTATION_CONTEXT('2D SPACE',''
  ) );
#14025 = PCURVE('',#9327,#14026);
#14026 = DEFINITIONAL_REPRESENTATION('',(#14027),#14030);
#14027 = B_SPLINE_CURVE_WITH_KNOTS('',1,(#14028,#14029),.UNSPECIFIED.,
  .F.,.F.,(2,2),(-29.88091180537,-0.333332480805),
  .PIECEWISE_BEZIER_KNOTS.);
#14028 = CARTESIAN_POINT('',(29.547579324568,-4.2));
#14029 = CARTESIAN_POINT('',(0.,-4.2));
#14030 = ( GEOMETRIC_REPRESENTATION_CONTEXT(2) 
PARAMETRIC_REPRESENTATION_CONTEXT() REPRESENTATION_CONTEXT('2D SPACE',''
  ) );
#14031 = ORIENTED_EDGE('',*,*,#14032,.T.);
#14032 = EDGE_CURVE('',#14012,#14033,#14035,.T.);
#14033 = VERTEX_POINT('',#14034);
#14034 = CARTESIAN_POINT('',(166.64025737935,-45.09812972464,17.1));
#14035 = SURFACE_CURVE('',#14036,(#14041,#14052),.PCURVE_S1.);
#14036 = CIRCLE('',#14037,4.1);
#14037 = AXIS2_PLACEMENT_3D('',#14038,#14039,#14040);
#14038 = CARTESIAN_POINT('',(162.56,-45.5,17.1));
#14039 = DIRECTION('',(0.,-0.,-1.));
#14040 = DIRECTION('',(0.995184726672,9.801714032956E-02,-0.));
#14041 = PCURVE('',#7086,#14042);
#14042 = DEFINITIONAL_REPRESENTATION('',(#14043),#14051);
#14043 = ( BOUNDED_CURVE() B_SPLINE_CURVE(2,(#14044,#14045,#14046,#14047
    ,#14048,#14049,#14050),.UNSPECIFIED.,.T.,.F.) 
B_SPLINE_CURVE_WITH_KNOTS((1,2,2,2,2,1),(-2.094395102393,0.,
    2.094395102393,4.188790204786,6.28318530718,8.377580409573),
.UNSPECIFIED.) CURVE() GEOMETRIC_REPRESENTATION_ITEM() 
RATIONAL_B_SPLINE_CURVE((1.,0.5,1.,0.5,1.,0.5,1.)) REPRESENTATION_ITEM(
  '') );
#14044 = CARTESIAN_POINT('',(3.413592417746,0.460216093692));
#14045 = CARTESIAN_POINT('',(4.109652152706,-6.606996995311));
#14046 = CARTESIAN_POINT('',(-2.358763783808,-3.676195863836));
#14047 = CARTESIAN_POINT('',(-8.827179720322,-0.745394732362));
#14048 = CARTESIAN_POINT('',(-3.054823518768,3.391017225166));
#14049 = CARTESIAN_POINT('',(2.717532682786,7.527429182694));
#14050 = CARTESIAN_POINT('',(3.413592417746,0.460216093692));
#14051 = ( GEOMETRIC_REPRESENTATION_CONTEXT(2) 
PARAMETRIC_REPRESENTATION_CONTEXT() REPRESENTATION_CONTEXT('2D SPACE',''
  ) );
#14052 = PCURVE('',#14053,#14058);
#14053 = CYLINDRICAL_SURFACE('',#14054,4.1);
#14054 = AXIS2_PLACEMENT_3D('',#14055,#14056,#14057);
#14055 = CARTESIAN_POINT('',(162.56,-45.5,12.9));
#14056 = DIRECTION('',(-0.,-0.,-1.));
#14057 = DIRECTION('',(0.995184726672,9.801714032956E-02,-0.));
#14058 = DEFINITIONAL_REPRESENTATION('',(#14059),#14063);
#14059 = LINE('',#14060,#14061);
#14060 = CARTESIAN_POINT('',(-6.28318530718,-4.2));
#14061 = VECTOR('',#14062,1.);
#14062 = DIRECTION('',(1.,-0.));
#14063 = ( GEOMETRIC_REPRESENTATION_CONTEXT(2) 
PARAMETRIC_REPRESENTATION_CONTEXT() REPRESENTATION_CONTEXT('2D SPACE',''
  ) );
#14064 = ORIENTED_EDGE('',*,*,#14065,.T.);
#14065 = EDGE_CURVE('',#14033,#10192,#14066,.T.);
#14066 = SURFACE_CURVE('',#14067,(#14071,#14077),.PCURVE_S1.);
#14067 = LINE('',#14068,#14069);
#14068 = CARTESIAN_POINT('',(166.65023698675,-66.22836675461,17.1));
#14069 = VECTOR('',#14070,1.);
#14070 = DIRECTION('',(4.722903140954E-04,-0.999999888471,0.));
#14071 = PCURVE('',#7086,#14072);
#14072 = DEFINITIONAL_REPRESENTATION('',(#14073),#14076);
#14073 = B_SPLINE_CURVE_WITH_KNOTS('',1,(#14074,#14075),.UNSPECIFIED.,
  .F.,.F.,(2,2),(-21.1302393866,10.414271105036),
  .PIECEWISE_BEZIER_KNOTS.);
#14074 = CARTESIAN_POINT('',(3.413592417746,0.460216093692));
#14075 = CARTESIAN_POINT('',(3.428490584514,-31.08429087981));
#14076 = ( GEOMETRIC_REPRESENTATION_CONTEXT(2) 
PARAMETRIC_REPRESENTATION_CONTEXT() REPRESENTATION_CONTEXT('2D SPACE',''
  ) );
#14077 = PCURVE('',#10227,#14078);
#14078 = DEFINITIONAL_REPRESENTATION('',(#14079),#14082);
#14079 = B_SPLINE_CURVE_WITH_KNOTS('',1,(#14080,#14081),.UNSPECIFIED.,
  .F.,.F.,(2,2),(-21.1302393866,10.414271105036),
  .PIECEWISE_BEZIER_KNOTS.);
#14080 = CARTESIAN_POINT('',(41.801874937476,-4.2));
#14081 = CARTESIAN_POINT('',(10.257364445837,-4.2));
#14082 = ( GEOMETRIC_REPRESENTATION_CONTEXT(2) 
PARAMETRIC_REPRESENTATION_CONTEXT() REPRESENTATION_CONTEXT('2D SPACE',''
  ) );
#14083 = ORIENTED_EDGE('',*,*,#10191,.F.);
#14084 = ORIENTED_EDGE('',*,*,#10355,.T.);
#14085 = ORIENTED_EDGE('',*,*,#13446,.T.);
#14086 = ORIENTED_EDGE('',*,*,#13521,.T.);
#14087 = ORIENTED_EDGE('',*,*,#13570,.T.);
#14088 = ADVANCED_FACE('',(#14089),#7858,.F.);
#14089 = FACE_BOUND('',#14090,.F.);
#14090 = EDGE_LOOP('',(#14091,#14092,#14093,#14094,#14095,#14096,#14097,
    #14098,#14099,#14100,#14101,#14102));
#14091 = ORIENTED_EDGE('',*,*,#7841,.T.);
#14092 = ORIENTED_EDGE('',*,*,#13708,.T.);
#14093 = ORIENTED_EDGE('',*,*,#13783,.T.);
#14094 = ORIENTED_EDGE('',*,*,#13832,.T.);
#14095 = ORIENTED_EDGE('',*,*,#13882,.T.);
#14096 = ORIENTED_EDGE('',*,*,#13911,.T.);
#14097 = ORIENTED_EDGE('',*,*,#8311,.T.);
#14098 = ORIENTED_EDGE('',*,*,#8237,.F.);
#14099 = ORIENTED_EDGE('',*,*,#8156,.F.);
#14100 = ORIENTED_EDGE('',*,*,#8082,.F.);
#14101 = ORIENTED_EDGE('',*,*,#8001,.F.);
#14102 = ORIENTED_EDGE('',*,*,#7927,.F.);
#14103 = ADVANCED_FACE('',(#14104),#8471,.F.);
#14104 = FACE_BOUND('',#14105,.F.);
#14105 = EDGE_LOOP('',(#14106,#14107,#14108,#14109,#14110,#14111));
#14106 = ORIENTED_EDGE('',*,*,#8708,.T.);
#14107 = ORIENTED_EDGE('',*,*,#8631,.T.);
#14108 = ORIENTED_EDGE('',*,*,#8555,.T.);
#14109 = ORIENTED_EDGE('',*,*,#8456,.T.);
#14110 = ORIENTED_EDGE('',*,*,#8838,.T.);
#14111 = ORIENTED_EDGE('',*,*,#8784,.T.);
#14112 = ADVANCED_FACE('',(#14113),#9222,.F.);
#14113 = FACE_BOUND('',#14114,.F.);
#14114 = EDGE_LOOP('',(#14115,#14116,#14117,#14118,#14119,#14120));
#14115 = ORIENTED_EDGE('',*,*,#9592,.T.);
#14116 = ORIENTED_EDGE('',*,*,#9488,.T.);
#14117 = ORIENTED_EDGE('',*,*,#9392,.T.);
#14118 = ORIENTED_EDGE('',*,*,#9207,.T.);
#14119 = ORIENTED_EDGE('',*,*,#9769,.T.);
#14120 = ORIENTED_EDGE('',*,*,#9688,.T.);
#14121 = ADVANCED_FACE('',(#14122),#9327,.T.);
#14122 = FACE_BOUND('',#14123,.T.);
#14123 = EDGE_LOOP('',(#14124,#14125,#14148,#14169,#14197,#14218));
#14124 = ORIENTED_EDGE('',*,*,#14011,.T.);
#14125 = ORIENTED_EDGE('',*,*,#14126,.T.);
#14126 = EDGE_CURVE('',#14012,#14127,#14129,.T.);
#14127 = VERTEX_POINT('',#14128);
#14128 = CARTESIAN_POINT('',(162.56,-41.4,17.6));
#14129 = SURFACE_CURVE('',#14130,(#14134,#14141),.PCURVE_S1.);
#14130 = LINE('',#14131,#14132);
#14131 = CARTESIAN_POINT('',(162.56,-41.4,12.9));
#14132 = VECTOR('',#14133,1.);
#14133 = DIRECTION('',(0.,0.,1.));
#14134 = PCURVE('',#9327,#14135);
#14135 = DEFINITIONAL_REPRESENTATION('',(#14136),#14140);
#14136 = LINE('',#14137,#14138);
#14137 = CARTESIAN_POINT('',(0.,-0.));
#14138 = VECTOR('',#14139,1.);
#14139 = DIRECTION('',(0.,-1.));
#14140 = ( GEOMETRIC_REPRESENTATION_CONTEXT(2) 
PARAMETRIC_REPRESENTATION_CONTEXT() REPRESENTATION_CONTEXT('2D SPACE',''
  ) );
#14141 = PCURVE('',#14053,#14142);
#14142 = DEFINITIONAL_REPRESENTATION('',(#14143),#14147);
#14143 = LINE('',#14144,#14145);
#14144 = CARTESIAN_POINT('',(-1.47262155637,0.));
#14145 = VECTOR('',#14146,1.);
#14146 = DIRECTION('',(-0.,-1.));
#14147 = ( GEOMETRIC_REPRESENTATION_CONTEXT(2) 
PARAMETRIC_REPRESENTATION_CONTEXT() REPRESENTATION_CONTEXT('2D SPACE',''
  ) );
#14148 = ORIENTED_EDGE('',*,*,#14149,.F.);
#14149 = EDGE_CURVE('',#14150,#14127,#14152,.T.);
#14150 = VERTEX_POINT('',#14151);
#14151 = CARTESIAN_POINT('',(105.16,-41.4,17.6));
#14152 = SURFACE_CURVE('',#14153,(#14157,#14163),.PCURVE_S1.);
#14153 = LINE('',#14154,#14155);
#14154 = CARTESIAN_POINT('',(148.21,-41.4,17.6));
#14155 = VECTOR('',#14156,1.);
#14156 = DIRECTION('',(1.,0.,-0.));
#14157 = PCURVE('',#9327,#14158);
#14158 = DEFINITIONAL_REPRESENTATION('',(#14159),#14162);
#14159 = B_SPLINE_CURVE_WITH_KNOTS('',1,(#14160,#14161),.UNSPECIFIED.,
  .F.,.F.,(2,2),(-43.05,14.35),.PIECEWISE_BEZIER_KNOTS.);
#14160 = CARTESIAN_POINT('',(57.4,-4.7));
#14161 = CARTESIAN_POINT('',(0.,-4.7));
#14162 = ( GEOMETRIC_REPRESENTATION_CONTEXT(2) 
PARAMETRIC_REPRESENTATION_CONTEXT() REPRESENTATION_CONTEXT('2D SPACE',''
  ) );
#14163 = PCURVE('',#13063,#14164);
#14164 = DEFINITIONAL_REPRESENTATION('',(#14165),#14168);
#14165 = B_SPLINE_CURVE_WITH_KNOTS('',1,(#14166,#14167),.UNSPECIFIED.,
  .F.,.F.,(2,2),(-43.05,14.35),.PIECEWISE_BEZIER_KNOTS.);
#14166 = CARTESIAN_POINT('',(-28.7,24.8));
#14167 = CARTESIAN_POINT('',(28.7,24.8));
#14168 = ( GEOMETRIC_REPRESENTATION_CONTEXT(2) 
PARAMETRIC_REPRESENTATION_CONTEXT() REPRESENTATION_CONTEXT('2D SPACE',''
  ) );
#14169 = ORIENTED_EDGE('',*,*,#14170,.F.);
#14170 = EDGE_CURVE('',#14171,#14150,#14173,.T.);
#14171 = VERTEX_POINT('',#14172);
#14172 = CARTESIAN_POINT('',(105.16,-41.4,12.9));
#14173 = SURFACE_CURVE('',#14174,(#14178,#14185),.PCURVE_S1.);
#14174 = LINE('',#14175,#14176);
#14175 = CARTESIAN_POINT('',(105.16,-41.4,12.9));
#14176 = VECTOR('',#14177,1.);
#14177 = DIRECTION('',(0.,0.,1.));
#14178 = PCURVE('',#9327,#14179);
#14179 = DEFINITIONAL_REPRESENTATION('',(#14180),#14184);
#14180 = LINE('',#14181,#14182);
#14181 = CARTESIAN_POINT('',(57.4,0.));
#14182 = VECTOR('',#14183,1.);
#14183 = DIRECTION('',(0.,-1.));
#14184 = ( GEOMETRIC_REPRESENTATION_CONTEXT(2) 
PARAMETRIC_REPRESENTATION_CONTEXT() REPRESENTATION_CONTEXT('2D SPACE',''
  ) );
#14185 = PCURVE('',#14186,#14191);
#14186 = CYLINDRICAL_SURFACE('',#14187,4.1);
#14187 = AXIS2_PLACEMENT_3D('',#14188,#14189,#14190);
#14188 = CARTESIAN_POINT('',(105.16,-45.5,12.9));
#14189 = DIRECTION('',(-0.,-0.,-1.));
#14190 = DIRECTION('',(3.466062125659E-15,1.,-0.));
#14191 = DEFINITIONAL_REPRESENTATION('',(#14192),#14196);
#14192 = LINE('',#14193,#14194);
#14193 = CARTESIAN_POINT('',(-0.,0.));
#14194 = VECTOR('',#14195,1.);
#14195 = DIRECTION('',(-0.,-1.));
#14196 = ( GEOMETRIC_REPRESENTATION_CONTEXT(2) 
PARAMETRIC_REPRESENTATION_CONTEXT() REPRESENTATION_CONTEXT('2D SPACE',''
  ) );
#14197 = ORIENTED_EDGE('',*,*,#14198,.F.);
#14198 = EDGE_CURVE('',#9280,#14171,#14199,.T.);
#14199 = SURFACE_CURVE('',#14200,(#14204,#14211),.PCURVE_S1.);
#14200 = LINE('',#14201,#14202);
#14201 = CARTESIAN_POINT('',(162.56,-41.4,12.9));
#14202 = VECTOR('',#14203,1.);
#14203 = DIRECTION('',(-1.,0.,0.));
#14204 = PCURVE('',#9327,#14205);
#14205 = DEFINITIONAL_REPRESENTATION('',(#14206),#14210);
#14206 = LINE('',#14207,#14208);
#14207 = CARTESIAN_POINT('',(0.,-0.));
#14208 = VECTOR('',#14209,1.);
#14209 = DIRECTION('',(1.,0.));
#14210 = ( GEOMETRIC_REPRESENTATION_CONTEXT(2) 
PARAMETRIC_REPRESENTATION_CONTEXT() REPRESENTATION_CONTEXT('2D SPACE',''
  ) );
#14211 = PCURVE('',#9296,#14212);
#14212 = DEFINITIONAL_REPRESENTATION('',(#14213),#14217);
#14213 = LINE('',#14214,#14215);
#14214 = CARTESIAN_POINT('',(28.698106873202,24.799108677461));
#14215 = VECTOR('',#14216,1.);
#14216 = DIRECTION('',(-1.,0.));
#14217 = ( GEOMETRIC_REPRESENTATION_CONTEXT(2) 
PARAMETRIC_REPRESENTATION_CONTEXT() REPRESENTATION_CONTEXT('2D SPACE',''
  ) );
#14218 = ORIENTED_EDGE('',*,*,#9312,.F.);
#14219 = ADVANCED_FACE('',(#14220),#9296,.T.);
#14220 = FACE_BOUND('',#14221,.T.);
#14221 = EDGE_LOOP('',(#14222,#14223,#14247,#14275,#14304,#14332,#14361,
    #14382,#14383,#14384,#14385,#14386,#14387,#14388,#14389,#14390,
    #14391));
#14222 = ORIENTED_EDGE('',*,*,#14198,.T.);
#14223 = ORIENTED_EDGE('',*,*,#14224,.T.);
#14224 = EDGE_CURVE('',#14171,#14225,#14227,.T.);
#14225 = VERTEX_POINT('',#14226);
#14226 = CARTESIAN_POINT('',(101.06,-45.5,12.9));
#14227 = SURFACE_CURVE('',#14228,(#14233,#14240),.PCURVE_S1.);
#14228 = CIRCLE('',#14229,4.1);
#14229 = AXIS2_PLACEMENT_3D('',#14230,#14231,#14232);
#14230 = CARTESIAN_POINT('',(105.16,-45.5,12.9));
#14231 = DIRECTION('',(0.,0.,1.));
#14232 = DIRECTION('',(3.466062125659E-15,1.,-0.));
#14233 = PCURVE('',#9296,#14234);
#14234 = DEFINITIONAL_REPRESENTATION('',(#14235),#14239);
#14235 = CIRCLE('',#14236,4.1);
#14236 = AXIS2_PLACEMENT_2D('',#14237,#14238);
#14237 = CARTESIAN_POINT('',(-28.70189312679,20.699108677461));
#14238 = DIRECTION('',(3.466062125659E-15,1.));
#14239 = ( GEOMETRIC_REPRESENTATION_CONTEXT(2) 
PARAMETRIC_REPRESENTATION_CONTEXT() REPRESENTATION_CONTEXT('2D SPACE',''
  ) );
#14240 = PCURVE('',#14186,#14241);
#14241 = DEFINITIONAL_REPRESENTATION('',(#14242),#14246);
#14242 = LINE('',#14243,#14244);
#14243 = CARTESIAN_POINT('',(-0.,0.));
#14244 = VECTOR('',#14245,1.);
#14245 = DIRECTION('',(-1.,0.));
#14246 = ( GEOMETRIC_REPRESENTATION_CONTEXT(2) 
PARAMETRIC_REPRESENTATION_CONTEXT() REPRESENTATION_CONTEXT('2D SPACE',''
  ) );
#14247 = ORIENTED_EDGE('',*,*,#14248,.T.);
#14248 = EDGE_CURVE('',#14225,#14249,#14251,.T.);
#14249 = VERTEX_POINT('',#14250);
#14250 = CARTESIAN_POINT('',(101.07974262064,-87.30187027535,12.9));
#14251 = SURFACE_CURVE('',#14252,(#14256,#14263),.PCURVE_S1.);
#14252 = LINE('',#14253,#14254);
#14253 = CARTESIAN_POINT('',(101.06,-45.5,12.9));
#14254 = VECTOR('',#14255,1.);
#14255 = DIRECTION('',(4.722903140954E-04,-0.999999888471,0.));
#14256 = PCURVE('',#9296,#14257);
#14257 = DEFINITIONAL_REPRESENTATION('',(#14258),#14262);
#14258 = LINE('',#14259,#14260);
#14259 = CARTESIAN_POINT('',(-32.80189312679,20.699108677461));
#14260 = VECTOR('',#14261,1.);
#14261 = DIRECTION('',(4.722903140954E-04,-0.999999888471));
#14262 = ( GEOMETRIC_REPRESENTATION_CONTEXT(2) 
PARAMETRIC_REPRESENTATION_CONTEXT() REPRESENTATION_CONTEXT('2D SPACE',''
  ) );
#14263 = PCURVE('',#14264,#14269);
#14264 = PLANE('',#14265);
#14265 = AXIS2_PLACEMENT_3D('',#14266,#14267,#14268);
#14266 = CARTESIAN_POINT('',(101.06,-45.5,12.9));
#14267 = DIRECTION('',(0.999999888471,4.722903140954E-04,-0.));
#14268 = DIRECTION('',(4.722903140954E-04,-0.999999888471,0.));
#14269 = DEFINITIONAL_REPRESENTATION('',(#14270),#14274);
#14270 = LINE('',#14271,#14272);
#14271 = CARTESIAN_POINT('',(0.,0.));
#14272 = VECTOR('',#14273,1.);
#14273 = DIRECTION('',(1.,0.));
#14274 = ( GEOMETRIC_REPRESENTATION_CONTEXT(2) 
PARAMETRIC_REPRESENTATION_CONTEXT() REPRESENTATION_CONTEXT('2D SPACE',''
  ) );
#14275 = ORIENTED_EDGE('',*,*,#14276,.T.);
#14276 = EDGE_CURVE('',#14249,#14277,#14279,.T.);
#14277 = VERTEX_POINT('',#14278);
#14278 = CARTESIAN_POINT('',(105.16,-91.,12.9));
#14279 = SURFACE_CURVE('',#14280,(#14285,#14292),.PCURVE_S1.);
#14280 = CIRCLE('',#14281,4.1);
#14281 = AXIS2_PLACEMENT_3D('',#14282,#14283,#14284);
#14282 = CARTESIAN_POINT('',(105.16,-86.9,12.9));
#14283 = DIRECTION('',(0.,0.,1.));
#14284 = DIRECTION('',(-0.995184726672,-9.801714032956E-02,0.));
#14285 = PCURVE('',#9296,#14286);
#14286 = DEFINITIONAL_REPRESENTATION('',(#14287),#14291);
#14287 = CIRCLE('',#14288,4.1);
#14288 = AXIS2_PLACEMENT_2D('',#14289,#14290);
#14289 = CARTESIAN_POINT('',(-28.70189312679,-20.70089132253));
#14290 = DIRECTION('',(-0.995184726672,-9.801714032956E-02));
#14291 = ( GEOMETRIC_REPRESENTATION_CONTEXT(2) 
PARAMETRIC_REPRESENTATION_CONTEXT() REPRESENTATION_CONTEXT('2D SPACE',''
  ) );
#14292 = PCURVE('',#14293,#14298);
#14293 = CYLINDRICAL_SURFACE('',#14294,4.1);
#14294 = AXIS2_PLACEMENT_3D('',#14295,#14296,#14297);
#14295 = CARTESIAN_POINT('',(105.16,-86.9,12.9));
#14296 = DIRECTION('',(-0.,-0.,-1.));
#14297 = DIRECTION('',(-0.995184726672,-9.801714032956E-02,0.));
#14298 = DEFINITIONAL_REPRESENTATION('',(#14299),#14303);
#14299 = LINE('',#14300,#14301);
#14300 = CARTESIAN_POINT('',(-0.,0.));
#14301 = VECTOR('',#14302,1.);
#14302 = DIRECTION('',(-1.,0.));
#14303 = ( GEOMETRIC_REPRESENTATION_CONTEXT(2) 
PARAMETRIC_REPRESENTATION_CONTEXT() REPRESENTATION_CONTEXT('2D SPACE',''
  ) );
#14304 = ORIENTED_EDGE('',*,*,#14305,.T.);
#14305 = EDGE_CURVE('',#14277,#14306,#14308,.T.);
#14306 = VERTEX_POINT('',#14307);
#14307 = CARTESIAN_POINT('',(162.96187027535,-90.98025737935,12.9));
#14308 = SURFACE_CURVE('',#14309,(#14313,#14320),.PCURVE_S1.);
#14309 = LINE('',#14310,#14311);
#14310 = CARTESIAN_POINT('',(105.16,-91.,12.9));
#14311 = VECTOR('',#14312,1.);
#14312 = DIRECTION('',(0.999999941669,3.415567592941E-04,0.));
#14313 = PCURVE('',#9296,#14314);
#14314 = DEFINITIONAL_REPRESENTATION('',(#14315),#14319);
#14315 = LINE('',#14316,#14317);
#14316 = CARTESIAN_POINT('',(-28.70189312679,-24.80089132253));
#14317 = VECTOR('',#14318,1.);
#14318 = DIRECTION('',(0.999999941669,3.415567592941E-04));
#14319 = ( GEOMETRIC_REPRESENTATION_CONTEXT(2) 
PARAMETRIC_REPRESENTATION_CONTEXT() REPRESENTATION_CONTEXT('2D SPACE',''
  ) );
#14320 = PCURVE('',#14321,#14326);
#14321 = PLANE('',#14322);
#14322 = AXIS2_PLACEMENT_3D('',#14323,#14324,#14325);
#14323 = CARTESIAN_POINT('',(105.16,-91.,12.9));
#14324 = DIRECTION('',(-3.415567592941E-04,0.999999941669,0.));
#14325 = DIRECTION('',(0.999999941669,3.415567592941E-04,0.));
#14326 = DEFINITIONAL_REPRESENTATION('',(#14327),#14331);
#14327 = LINE('',#14328,#14329);
#14328 = CARTESIAN_POINT('',(0.,0.));
#14329 = VECTOR('',#14330,1.);
#14330 = DIRECTION('',(1.,0.));
#14331 = ( GEOMETRIC_REPRESENTATION_CONTEXT(2) 
PARAMETRIC_REPRESENTATION_CONTEXT() REPRESENTATION_CONTEXT('2D SPACE',''
  ) );
#14332 = ORIENTED_EDGE('',*,*,#14333,.T.);
#14333 = EDGE_CURVE('',#14306,#14334,#14336,.T.);
#14334 = VERTEX_POINT('',#14335);
#14335 = CARTESIAN_POINT('',(166.66,-86.9,12.9));
#14336 = SURFACE_CURVE('',#14337,(#14342,#14349),.PCURVE_S1.);
#14337 = CIRCLE('',#14338,4.1);
#14338 = AXIS2_PLACEMENT_3D('',#14339,#14340,#14341);
#14339 = CARTESIAN_POINT('',(162.56,-86.9,12.9));
#14340 = DIRECTION('',(0.,0.,1.));
#14341 = DIRECTION('',(9.801714032956E-02,-0.995184726672,0.));
#14342 = PCURVE('',#9296,#14343);
#14343 = DEFINITIONAL_REPRESENTATION('',(#14344),#14348);
#14344 = CIRCLE('',#14345,4.1);
#14345 = AXIS2_PLACEMENT_2D('',#14346,#14347);
#14346 = CARTESIAN_POINT('',(28.698106873202,-20.70089132253));
#14347 = DIRECTION('',(9.801714032956E-02,-0.995184726672));
#14348 = ( GEOMETRIC_REPRESENTATION_CONTEXT(2) 
PARAMETRIC_REPRESENTATION_CONTEXT() REPRESENTATION_CONTEXT('2D SPACE',''
  ) );
#14349 = PCURVE('',#14350,#14355);
#14350 = CYLINDRICAL_SURFACE('',#14351,4.1);
#14351 = AXIS2_PLACEMENT_3D('',#14352,#14353,#14354);
#14352 = CARTESIAN_POINT('',(162.56,-86.9,12.9));
#14353 = DIRECTION('',(-0.,-0.,-1.));
#14354 = DIRECTION('',(9.801714032956E-02,-0.995184726672,0.));
#14355 = DEFINITIONAL_REPRESENTATION('',(#14356),#14360);
#14356 = LINE('',#14357,#14358);
#14357 = CARTESIAN_POINT('',(-0.,0.));
#14358 = VECTOR('',#14359,1.);
#14359 = DIRECTION('',(-1.,0.));
#14360 = ( GEOMETRIC_REPRESENTATION_CONTEXT(2) 
PARAMETRIC_REPRESENTATION_CONTEXT() REPRESENTATION_CONTEXT('2D SPACE',''
  ) );
#14361 = ORIENTED_EDGE('',*,*,#14362,.T.);
#14362 = EDGE_CURVE('',#14334,#10213,#14363,.T.);
#14363 = SURFACE_CURVE('',#14364,(#14368,#14375),.PCURVE_S1.);
#14364 = LINE('',#14365,#14366);
#14365 = CARTESIAN_POINT('',(166.66,-86.9,12.9));
#14366 = VECTOR('',#14367,1.);
#14367 = DIRECTION('',(-4.722903140954E-04,0.999999888471,0.));
#14368 = PCURVE('',#9296,#14369);
#14369 = DEFINITIONAL_REPRESENTATION('',(#14370),#14374);
#14370 = LINE('',#14371,#14372);
#14371 = CARTESIAN_POINT('',(32.798106873202,-20.70089132253));
#14372 = VECTOR('',#14373,1.);
#14373 = DIRECTION('',(-4.722903140954E-04,0.999999888471));
#14374 = ( GEOMETRIC_REPRESENTATION_CONTEXT(2) 
PARAMETRIC_REPRESENTATION_CONTEXT() REPRESENTATION_CONTEXT('2D SPACE',''
  ) );
#14375 = PCURVE('',#10227,#14376);
#14376 = DEFINITIONAL_REPRESENTATION('',(#14377),#14381);
#14377 = LINE('',#14378,#14379);
#14378 = CARTESIAN_POINT('',(0.,0.));
#14379 = VECTOR('',#14380,1.);
#14380 = DIRECTION('',(1.,0.));
#14381 = ( GEOMETRIC_REPRESENTATION_CONTEXT(2) 
PARAMETRIC_REPRESENTATION_CONTEXT() REPRESENTATION_CONTEXT('2D SPACE',''
  ) );
#14382 = ORIENTED_EDGE('',*,*,#10238,.T.);
#14383 = ORIENTED_EDGE('',*,*,#10088,.T.);
#14384 = ORIENTED_EDGE('',*,*,#9947,.T.);
#14385 = ORIENTED_EDGE('',*,*,#9866,.F.);
#14386 = ORIENTED_EDGE('',*,*,#9819,.T.);
#14387 = ORIENTED_EDGE('',*,*,#9738,.T.);
#14388 = ORIENTED_EDGE('',*,*,#9641,.T.);
#14389 = ORIENTED_EDGE('',*,*,#9538,.T.);
#14390 = ORIENTED_EDGE('',*,*,#9441,.T.);
#14391 = ORIENTED_EDGE('',*,*,#9279,.F.);
#14392 = ADVANCED_FACE('',(#14393),#10031,.F.);
#14393 = FACE_BOUND('',#14394,.F.);
#14394 = EDGE_LOOP('',(#14395,#14396,#14397,#14398,#14399,#14400));
#14395 = ORIENTED_EDGE('',*,*,#10409,.T.);
#14396 = ORIENTED_EDGE('',*,*,#10285,.T.);
#14397 = ORIENTED_EDGE('',*,*,#10142,.T.);
#14398 = ORIENTED_EDGE('',*,*,#10016,.T.);
#14399 = ORIENTED_EDGE('',*,*,#10539,.T.);
#14400 = ORIENTED_EDGE('',*,*,#10485,.T.);
#14401 = ADVANCED_FACE('',(#14402),#10227,.T.);
#14402 = FACE_BOUND('',#14403,.T.);
#14403 = EDGE_LOOP('',(#14404,#14405,#14428,#14449,#14470,#14471));
#14404 = ORIENTED_EDGE('',*,*,#14362,.F.);
#14405 = ORIENTED_EDGE('',*,*,#14406,.T.);
#14406 = EDGE_CURVE('',#14334,#14407,#14409,.T.);
#14407 = VERTEX_POINT('',#14408);
#14408 = CARTESIAN_POINT('',(166.66,-86.9,17.6));
#14409 = SURFACE_CURVE('',#14410,(#14414,#14421),.PCURVE_S1.);
#14410 = LINE('',#14411,#14412);
#14411 = CARTESIAN_POINT('',(166.66,-86.9,12.9));
#14412 = VECTOR('',#14413,1.);
#14413 = DIRECTION('',(0.,0.,1.));
#14414 = PCURVE('',#10227,#14415);
#14415 = DEFINITIONAL_REPRESENTATION('',(#14416),#14420);
#14416 = LINE('',#14417,#14418);
#14417 = CARTESIAN_POINT('',(0.,0.));
#14418 = VECTOR('',#14419,1.);
#14419 = DIRECTION('',(0.,-1.));
#14420 = ( GEOMETRIC_REPRESENTATION_CONTEXT(2) 
PARAMETRIC_REPRESENTATION_CONTEXT() REPRESENTATION_CONTEXT('2D SPACE',''
  ) );
#14421 = PCURVE('',#14350,#14422);
#14422 = DEFINITIONAL_REPRESENTATION('',(#14423),#14427);
#14423 = LINE('',#14424,#14425);
#14424 = CARTESIAN_POINT('',(-1.47262155637,0.));
#14425 = VECTOR('',#14426,1.);
#14426 = DIRECTION('',(-0.,-1.));
#14427 = ( GEOMETRIC_REPRESENTATION_CONTEXT(2) 
PARAMETRIC_REPRESENTATION_CONTEXT() REPRESENTATION_CONTEXT('2D SPACE',''
  ) );
#14428 = ORIENTED_EDGE('',*,*,#14429,.F.);
#14429 = EDGE_CURVE('',#14430,#14407,#14432,.T.);
#14430 = VERTEX_POINT('',#14431);
#14431 = CARTESIAN_POINT('',(166.64025737935,-45.09812972464,17.6));
#14432 = SURFACE_CURVE('',#14433,(#14437,#14443),.PCURVE_S1.);
#14433 = LINE('',#14434,#14435);
#14434 = CARTESIAN_POINT('',(166.65510813764,-76.54225674836,17.6));
#14435 = VECTOR('',#14436,1.);
#14436 = DIRECTION('',(4.722903140954E-04,-0.999999888471,0.));
#14437 = PCURVE('',#10227,#14438);
#14438 = DEFINITIONAL_REPRESENTATION('',(#14439),#14442);
#14439 = B_SPLINE_CURVE_WITH_KNOTS('',1,(#14440,#14441),.UNSPECIFIED.,
  .F.,.F.,(2,2),(-31.44413053065,10.357744406825),
  .PIECEWISE_BEZIER_KNOTS.);
#14440 = CARTESIAN_POINT('',(41.801874937476,-4.7));
#14441 = CARTESIAN_POINT('',(0.,-4.7));
#14442 = ( GEOMETRIC_REPRESENTATION_CONTEXT(2) 
PARAMETRIC_REPRESENTATION_CONTEXT() REPRESENTATION_CONTEXT('2D SPACE',''
  ) );
#14443 = PCURVE('',#13063,#14444);
#14444 = DEFINITIONAL_REPRESENTATION('',(#14445),#14448);
#14445 = B_SPLINE_CURVE_WITH_KNOTS('',1,(#14446,#14447),.UNSPECIFIED.,
  .F.,.F.,(2,2),(-31.44413053065,10.357744406825),
  .PIECEWISE_BEZIER_KNOTS.);
#14446 = CARTESIAN_POINT('',(32.780257379356,21.101870275351));
#14447 = CARTESIAN_POINT('',(32.8,-20.7));
#14448 = ( GEOMETRIC_REPRESENTATION_CONTEXT(2) 
PARAMETRIC_REPRESENTATION_CONTEXT() REPRESENTATION_CONTEXT('2D SPACE',''
  ) );
#14449 = ORIENTED_EDGE('',*,*,#14450,.F.);
#14450 = EDGE_CURVE('',#14033,#14430,#14451,.T.);
#14451 = SURFACE_CURVE('',#14452,(#14456,#14463),.PCURVE_S1.);
#14452 = LINE('',#14453,#14454);
#14453 = CARTESIAN_POINT('',(166.64025737935,-45.09812972464,12.9));
#14454 = VECTOR('',#14455,1.);
#14455 = DIRECTION('',(0.,0.,1.));
#14456 = PCURVE('',#10227,#14457);
#14457 = DEFINITIONAL_REPRESENTATION('',(#14458),#14462);
#14458 = LINE('',#14459,#14460);
#14459 = CARTESIAN_POINT('',(41.801874937476,0.));
#14460 = VECTOR('',#14461,1.);
#14461 = DIRECTION('',(0.,-1.));
#14462 = ( GEOMETRIC_REPRESENTATION_CONTEXT(2) 
PARAMETRIC_REPRESENTATION_CONTEXT() REPRESENTATION_CONTEXT('2D SPACE',''
  ) );
#14463 = PCURVE('',#14053,#14464);
#14464 = DEFINITIONAL_REPRESENTATION('',(#14465),#14469);
#14465 = LINE('',#14466,#14467);
#14466 = CARTESIAN_POINT('',(-0.,0.));
#14467 = VECTOR('',#14468,1.);
#14468 = DIRECTION('',(-0.,-1.));
#14469 = ( GEOMETRIC_REPRESENTATION_CONTEXT(2) 
PARAMETRIC_REPRESENTATION_CONTEXT() REPRESENTATION_CONTEXT('2D SPACE',''
  ) );
#14470 = ORIENTED_EDGE('',*,*,#14065,.T.);
#14471 = ORIENTED_EDGE('',*,*,#10212,.T.);
#14472 = ADVANCED_FACE('',(#14473),#10582,.F.);
#14473 = FACE_BOUND('',#14474,.F.);
#14474 = EDGE_LOOP('',(#14475,#14476,#14477,#14478,#14479,#14480,#14481,
    #14482,#14483,#14484));
#14475 = ORIENTED_EDGE('',*,*,#11059,.T.);
#14476 = ORIENTED_EDGE('',*,*,#11157,.T.);
#14477 = ORIENTED_EDGE('',*,*,#11257,.T.);
#14478 = ORIENTED_EDGE('',*,*,#11375,.T.);
#14479 = ORIENTED_EDGE('',*,*,#13599,.T.);
#14480 = ORIENTED_EDGE('',*,*,#10565,.T.);
#14481 = ORIENTED_EDGE('',*,*,#10640,.T.);
#14482 = ORIENTED_EDGE('',*,*,#10717,.T.);
#14483 = ORIENTED_EDGE('',*,*,#10861,.T.);
#14484 = ORIENTED_EDGE('',*,*,#10959,.T.);
#14485 = ADVANCED_FACE('',(#14486),#10826,.F.);
#14486 = FACE_BOUND('',#14487,.F.);
#14487 = EDGE_LOOP('',(#14488,#14489,#14490,#14491,#14492,#14493));
#14488 = ORIENTED_EDGE('',*,*,#11130,.T.);
#14489 = ORIENTED_EDGE('',*,*,#11031,.T.);
#14490 = ORIENTED_EDGE('',*,*,#10932,.T.);
#14491 = ORIENTED_EDGE('',*,*,#10811,.T.);
#14492 = ORIENTED_EDGE('',*,*,#11303,.T.);
#14493 = ORIENTED_EDGE('',*,*,#11229,.T.);
#14494 = ADVANCED_FACE('',(#14495),#11432,.F.);
#14495 = FACE_BOUND('',#14496,.F.);
#14496 = EDGE_LOOP('',(#14497,#14498,#14499,#14500,#14501,#14502));
#14497 = ORIENTED_EDGE('',*,*,#11620,.T.);
#14498 = ORIENTED_EDGE('',*,*,#11696,.T.);
#14499 = ORIENTED_EDGE('',*,*,#11773,.T.);
#14500 = ORIENTED_EDGE('',*,*,#11417,.T.);
#14501 = ORIENTED_EDGE('',*,*,#11466,.T.);
#14502 = ORIENTED_EDGE('',*,*,#11543,.T.);
#14503 = ADVANCED_FACE('',(#14504),#11994,.F.);
#14504 = FACE_BOUND('',#14505,.F.);
#14505 = EDGE_LOOP('',(#14506,#14507,#14508,#14509,#14510,#14511));
#14506 = ORIENTED_EDGE('',*,*,#12320,.T.);
#14507 = ORIENTED_EDGE('',*,*,#12221,.T.);
#14508 = ORIENTED_EDGE('',*,*,#12078,.T.);
#14509 = ORIENTED_EDGE('',*,*,#11979,.T.);
#14510 = ORIENTED_EDGE('',*,*,#12495,.T.);
#14511 = ORIENTED_EDGE('',*,*,#12419,.T.);
#14512 = ADVANCED_FACE('',(#14513),#12164,.F.);
#14513 = FACE_BOUND('',#14514,.F.);
#14514 = EDGE_LOOP('',(#14515,#14516,#14517,#14518,#14519,#14520));
#14515 = ORIENTED_EDGE('',*,*,#12447,.T.);
#14516 = ORIENTED_EDGE('',*,*,#12523,.T.);
#14517 = ORIENTED_EDGE('',*,*,#12573,.T.);
#14518 = ORIENTED_EDGE('',*,*,#12149,.T.);
#14519 = ORIENTED_EDGE('',*,*,#12248,.T.);
#14520 = ORIENTED_EDGE('',*,*,#12347,.T.);
#14521 = ADVANCED_FACE('',(#14522),#12643,.F.);
#14522 = FACE_BOUND('',#14523,.F.);
#14523 = EDGE_LOOP('',(#14524));
#14524 = ORIENTED_EDGE('',*,*,#12628,.T.);
#14525 = ADVANCED_FACE('',(#14526),#12698,.F.);
#14526 = FACE_BOUND('',#14527,.F.);
#14527 = EDGE_LOOP('',(#14528));
#14528 = ORIENTED_EDGE('',*,*,#12683,.T.);
#14529 = ADVANCED_FACE('',(#14530),#12753,.F.);
#14530 = FACE_BOUND('',#14531,.F.);
#14531 = EDGE_LOOP('',(#14532));
#14532 = ORIENTED_EDGE('',*,*,#12738,.T.);
#14533 = ADVANCED_FACE('',(#14534),#12808,.F.);
#14534 = FACE_BOUND('',#14535,.F.);
#14535 = EDGE_LOOP('',(#14536));
#14536 = ORIENTED_EDGE('',*,*,#12793,.T.);
#14537 = ADVANCED_FACE('',(#14538),#12863,.F.);
#14538 = FACE_BOUND('',#14539,.F.);
#14539 = EDGE_LOOP('',(#14540));
#14540 = ORIENTED_EDGE('',*,*,#12848,.T.);
#14541 = ADVANCED_FACE('',(#14542),#12918,.F.);
#14542 = FACE_BOUND('',#14543,.F.);
#14543 = EDGE_LOOP('',(#14544));
#14544 = ORIENTED_EDGE('',*,*,#12903,.T.);
#14545 = ADVANCED_FACE('',(#14546),#12973,.F.);
#14546 = FACE_BOUND('',#14547,.F.);
#14547 = EDGE_LOOP('',(#14548));
#14548 = ORIENTED_EDGE('',*,*,#12958,.T.);
#14549 = ADVANCED_FACE('',(#14550),#13028,.F.);
#14550 = FACE_BOUND('',#14551,.F.);
#14551 = EDGE_LOOP('',(#14552));
#14552 = ORIENTED_EDGE('',*,*,#13013,.T.);
#14553 = ADVANCED_FACE('',(#14554,#14564),#13063,.T.);
#14554 = FACE_BOUND('',#14555,.T.);
#14555 = EDGE_LOOP('',(#14556,#14557,#14558,#14559,#14560,#14561,#14562,
    #14563));
#14556 = ORIENTED_EDGE('',*,*,#13418,.T.);
#14557 = ORIENTED_EDGE('',*,*,#13045,.T.);
#14558 = ORIENTED_EDGE('',*,*,#13121,.T.);
#14559 = ORIENTED_EDGE('',*,*,#13171,.T.);
#14560 = ORIENTED_EDGE('',*,*,#13220,.T.);
#14561 = ORIENTED_EDGE('',*,*,#13270,.T.);
#14562 = ORIENTED_EDGE('',*,*,#13319,.T.);
#14563 = ORIENTED_EDGE('',*,*,#13369,.T.);
#14564 = FACE_BOUND('',#14565,.T.);
#14565 = EDGE_LOOP('',(#14566,#14589,#14615,#14616,#14642,#14643,#14671,
    #14692));
#14566 = ORIENTED_EDGE('',*,*,#14567,.T.);
#14567 = EDGE_CURVE('',#14568,#14570,#14572,.T.);
#14568 = VERTEX_POINT('',#14569);
#14569 = CARTESIAN_POINT('',(101.07974262064,-87.30187027535,17.6));
#14570 = VERTEX_POINT('',#14571);
#14571 = CARTESIAN_POINT('',(101.06,-45.5,17.6));
#14572 = SURFACE_CURVE('',#14573,(#14577,#14583),.PCURVE_S1.);
#14573 = LINE('',#14574,#14575);
#14574 = CARTESIAN_POINT('',(101.06489186235,-55.85774325163,17.6));
#14575 = VECTOR('',#14576,1.);
#14576 = DIRECTION('',(-4.722903140954E-04,0.999999888471,0.));
#14577 = PCURVE('',#13063,#14578);
#14578 = DEFINITIONAL_REPRESENTATION('',(#14579),#14582);
#14579 = B_SPLINE_CURVE_WITH_KNOTS('',1,(#14580,#14581),.UNSPECIFIED.,
  .F.,.F.,(2,2),(-31.44413053065,10.357744406825),
  .PIECEWISE_BEZIER_KNOTS.);
#14580 = CARTESIAN_POINT('',(-32.78025737935,-21.10187027535));
#14581 = CARTESIAN_POINT('',(-32.8,20.7));
#14582 = ( GEOMETRIC_REPRESENTATION_CONTEXT(2) 
PARAMETRIC_REPRESENTATION_CONTEXT() REPRESENTATION_CONTEXT('2D SPACE',''
  ) );
#14583 = PCURVE('',#14264,#14584);
#14584 = DEFINITIONAL_REPRESENTATION('',(#14585),#14588);
#14585 = B_SPLINE_CURVE_WITH_KNOTS('',1,(#14586,#14587),.UNSPECIFIED.,
  .F.,.F.,(2,2),(-31.44413053065,10.357744406825),
  .PIECEWISE_BEZIER_KNOTS.);
#14586 = CARTESIAN_POINT('',(41.801874937476,-4.7));
#14587 = CARTESIAN_POINT('',(0.,-4.7));
#14588 = ( GEOMETRIC_REPRESENTATION_CONTEXT(2) 
PARAMETRIC_REPRESENTATION_CONTEXT() REPRESENTATION_CONTEXT('2D SPACE',''
  ) );
#14589 = ORIENTED_EDGE('',*,*,#14590,.T.);
#14590 = EDGE_CURVE('',#14570,#14150,#14591,.T.);
#14591 = SURFACE_CURVE('',#14592,(#14597,#14608),.PCURVE_S1.);
#14592 = CIRCLE('',#14593,4.1);
#14593 = AXIS2_PLACEMENT_3D('',#14594,#14595,#14596);
#14594 = CARTESIAN_POINT('',(105.16,-45.5,17.6));
#14595 = DIRECTION('',(0.,-0.,-1.));
#14596 = DIRECTION('',(3.466062125659E-15,1.,-0.));
#14597 = PCURVE('',#13063,#14598);
#14598 = DEFINITIONAL_REPRESENTATION('',(#14599),#14607);
#14599 = ( BOUNDED_CURVE() B_SPLINE_CURVE(2,(#14600,#14601,#14602,#14603
    ,#14604,#14605,#14606),.UNSPECIFIED.,.T.,.F.) 
B_SPLINE_CURVE_WITH_KNOTS((1,2,2,2,2,1),(-2.094395102393,0.,
    2.094395102393,4.188790204786,6.28318530718,8.377580409573),
.UNSPECIFIED.) CURVE() GEOMETRIC_REPRESENTATION_ITEM() 
RATIONAL_B_SPLINE_CURVE((1.,0.5,1.,0.5,1.,0.5,1.)) REPRESENTATION_ITEM(
  '') );
#14600 = CARTESIAN_POINT('',(-28.7,24.8));
#14601 = CARTESIAN_POINT('',(-21.59859168896,24.8));
#14602 = CARTESIAN_POINT('',(-25.14929584448,18.65));
#14603 = CARTESIAN_POINT('',(-28.7,12.5));
#14604 = CARTESIAN_POINT('',(-32.25070415551,18.65));
#14605 = CARTESIAN_POINT('',(-35.80140831103,24.8));
#14606 = CARTESIAN_POINT('',(-28.7,24.8));
#14607 = ( GEOMETRIC_REPRESENTATION_CONTEXT(2) 
PARAMETRIC_REPRESENTATION_CONTEXT() REPRESENTATION_CONTEXT('2D SPACE',''
  ) );
#14608 = PCURVE('',#14186,#14609);
#14609 = DEFINITIONAL_REPRESENTATION('',(#14610),#14614);
#14610 = LINE('',#14611,#14612);
#14611 = CARTESIAN_POINT('',(-6.28318530718,-4.7));
#14612 = VECTOR('',#14613,1.);
#14613 = DIRECTION('',(1.,-0.));
#14614 = ( GEOMETRIC_REPRESENTATION_CONTEXT(2) 
PARAMETRIC_REPRESENTATION_CONTEXT() REPRESENTATION_CONTEXT('2D SPACE',''
  ) );
#14615 = ORIENTED_EDGE('',*,*,#14149,.T.);
#14616 = ORIENTED_EDGE('',*,*,#14617,.T.);
#14617 = EDGE_CURVE('',#14127,#14430,#14618,.T.);
#14618 = SURFACE_CURVE('',#14619,(#14624,#14635),.PCURVE_S1.);
#14619 = CIRCLE('',#14620,4.1);
#14620 = AXIS2_PLACEMENT_3D('',#14621,#14622,#14623);
#14621 = CARTESIAN_POINT('',(162.56,-45.5,17.6));
#14622 = DIRECTION('',(0.,-0.,-1.));
#14623 = DIRECTION('',(0.995184726672,9.801714032956E-02,-0.));
#14624 = PCURVE('',#13063,#14625);
#14625 = DEFINITIONAL_REPRESENTATION('',(#14626),#14634);
#14626 = ( BOUNDED_CURVE() B_SPLINE_CURVE(2,(#14627,#14628,#14629,#14630
    ,#14631,#14632,#14633),.UNSPECIFIED.,.T.,.F.) 
B_SPLINE_CURVE_WITH_KNOTS((1,2,2,2,2,1),(-2.094395102393,0.,
    2.094395102393,4.188790204786,6.28318530718,8.377580409573),
.UNSPECIFIED.) CURVE() GEOMETRIC_REPRESENTATION_ITEM() 
RATIONAL_B_SPLINE_CURVE((1.,0.5,1.,0.5,1.,0.5,1.)) REPRESENTATION_ITEM(
  '') );
#14627 = CARTESIAN_POINT('',(32.780257379356,21.101870275351));
#14628 = CARTESIAN_POINT('',(33.476317114316,14.034657186349));
#14629 = CARTESIAN_POINT('',(27.007901177802,16.965458317823));
#14630 = CARTESIAN_POINT('',(20.539485241288,19.896259449298));
#14631 = CARTESIAN_POINT('',(26.311841442842,24.032671406826));
#14632 = CARTESIAN_POINT('',(32.084197644396,28.169083364354));
#14633 = CARTESIAN_POINT('',(32.780257379356,21.101870275351));
#14634 = ( GEOMETRIC_REPRESENTATION_CONTEXT(2) 
PARAMETRIC_REPRESENTATION_CONTEXT() REPRESENTATION_CONTEXT('2D SPACE',''
  ) );
#14635 = PCURVE('',#14053,#14636);
#14636 = DEFINITIONAL_REPRESENTATION('',(#14637),#14641);
#14637 = LINE('',#14638,#14639);
#14638 = CARTESIAN_POINT('',(-6.28318530718,-4.7));
#14639 = VECTOR('',#14640,1.);
#14640 = DIRECTION('',(1.,-0.));
#14641 = ( GEOMETRIC_REPRESENTATION_CONTEXT(2) 
PARAMETRIC_REPRESENTATION_CONTEXT() REPRESENTATION_CONTEXT('2D SPACE',''
  ) );
#14642 = ORIENTED_EDGE('',*,*,#14429,.T.);
#14643 = ORIENTED_EDGE('',*,*,#14644,.T.);
#14644 = EDGE_CURVE('',#14407,#14645,#14647,.T.);
#14645 = VERTEX_POINT('',#14646);
#14646 = CARTESIAN_POINT('',(162.96187027535,-90.98025737935,17.6));
#14647 = SURFACE_CURVE('',#14648,(#14653,#14664),.PCURVE_S1.);
#14648 = CIRCLE('',#14649,4.1);
#14649 = AXIS2_PLACEMENT_3D('',#14650,#14651,#14652);
#14650 = CARTESIAN_POINT('',(162.56,-86.9,17.6));
#14651 = DIRECTION('',(0.,-0.,-1.));
#14652 = DIRECTION('',(9.801714032956E-02,-0.995184726672,0.));
#14653 = PCURVE('',#13063,#14654);
#14654 = DEFINITIONAL_REPRESENTATION('',(#14655),#14663);
#14655 = ( BOUNDED_CURVE() B_SPLINE_CURVE(2,(#14656,#14657,#14658,#14659
    ,#14660,#14661,#14662),.UNSPECIFIED.,.T.,.F.) 
B_SPLINE_CURVE_WITH_KNOTS((1,2,2,2,2,1),(-2.094395102393,0.,
    2.094395102393,4.188790204786,6.28318530718,8.377580409573),
.UNSPECIFIED.) CURVE() GEOMETRIC_REPRESENTATION_ITEM() 
RATIONAL_B_SPLINE_CURVE((1.,0.5,1.,0.5,1.,0.5,1.)) REPRESENTATION_ITEM(
  '') );
#14656 = CARTESIAN_POINT('',(29.101870275351,-24.78025737935));
#14657 = CARTESIAN_POINT('',(22.034657186349,-25.47631711431));
#14658 = CARTESIAN_POINT('',(24.965458317823,-19.0079011778));
#14659 = CARTESIAN_POINT('',(27.896259449298,-12.53948524128));
#14660 = CARTESIAN_POINT('',(32.032671406826,-18.31184144284));
#14661 = CARTESIAN_POINT('',(36.169083364354,-24.08419764439));
#14662 = CARTESIAN_POINT('',(29.101870275351,-24.78025737935));
#14663 = ( GEOMETRIC_REPRESENTATION_CONTEXT(2) 
PARAMETRIC_REPRESENTATION_CONTEXT() REPRESENTATION_CONTEXT('2D SPACE',''
  ) );
#14664 = PCURVE('',#14350,#14665);
#14665 = DEFINITIONAL_REPRESENTATION('',(#14666),#14670);
#14666 = LINE('',#14667,#14668);
#14667 = CARTESIAN_POINT('',(-6.28318530718,-4.7));
#14668 = VECTOR('',#14669,1.);
#14669 = DIRECTION('',(1.,-0.));
#14670 = ( GEOMETRIC_REPRESENTATION_CONTEXT(2) 
PARAMETRIC_REPRESENTATION_CONTEXT() REPRESENTATION_CONTEXT('2D SPACE',''
  ) );
#14671 = ORIENTED_EDGE('',*,*,#14672,.T.);
#14672 = EDGE_CURVE('',#14645,#14673,#14675,.T.);
#14673 = VERTEX_POINT('',#14674);
#14674 = CARTESIAN_POINT('',(105.16,-91.,17.6));
#14675 = SURFACE_CURVE('',#14676,(#14680,#14686),.PCURVE_S1.);
#14676 = LINE('',#14677,#14678);
#14677 = CARTESIAN_POINT('',(119.51423362948,-90.99509721419,17.6));
#14678 = VECTOR('',#14679,1.);
#14679 = DIRECTION('',(-0.999999941669,-3.415567592941E-04,0.));
#14680 = PCURVE('',#13063,#14681);
#14681 = DEFINITIONAL_REPRESENTATION('',(#14682),#14685);
#14682 = B_SPLINE_CURVE_WITH_KNOTS('',1,(#14683,#14684),.UNSPECIFIED.,
  .F.,.F.,(2,2),(-43.44763918019,14.354234466772),
  .PIECEWISE_BEZIER_KNOTS.);
#14683 = CARTESIAN_POINT('',(29.101870275351,-24.78025737935));
#14684 = CARTESIAN_POINT('',(-28.7,-24.8));
#14685 = ( GEOMETRIC_REPRESENTATION_CONTEXT(2) 
PARAMETRIC_REPRESENTATION_CONTEXT() REPRESENTATION_CONTEXT('2D SPACE',''
  ) );
#14686 = PCURVE('',#14321,#14687);
#14687 = DEFINITIONAL_REPRESENTATION('',(#14688),#14691);
#14688 = B_SPLINE_CURVE_WITH_KNOTS('',1,(#14689,#14690),.UNSPECIFIED.,
  .F.,.F.,(2,2),(-43.44763918019,14.354234466772),
  .PIECEWISE_BEZIER_KNOTS.);
#14689 = CARTESIAN_POINT('',(57.801873646964,-4.7));
#14690 = CARTESIAN_POINT('',(0.,-4.7));
#14691 = ( GEOMETRIC_REPRESENTATION_CONTEXT(2) 
PARAMETRIC_REPRESENTATION_CONTEXT() REPRESENTATION_CONTEXT('2D SPACE',''
  ) );
#14692 = ORIENTED_EDGE('',*,*,#14693,.T.);
#14693 = EDGE_CURVE('',#14673,#14568,#14694,.T.);
#14694 = SURFACE_CURVE('',#14695,(#14700,#14711),.PCURVE_S1.);
#14695 = CIRCLE('',#14696,4.1);
#14696 = AXIS2_PLACEMENT_3D('',#14697,#14698,#14699);
#14697 = CARTESIAN_POINT('',(105.16,-86.9,17.6));
#14698 = DIRECTION('',(-0.,0.,-1.));
#14699 = DIRECTION('',(-0.995184726672,-9.801714032956E-02,0.));
#14700 = PCURVE('',#13063,#14701);
#14701 = DEFINITIONAL_REPRESENTATION('',(#14702),#14710);
#14702 = ( BOUNDED_CURVE() B_SPLINE_CURVE(2,(#14703,#14704,#14705,#14706
    ,#14707,#14708,#14709),.UNSPECIFIED.,.T.,.F.) 
B_SPLINE_CURVE_WITH_KNOTS((1,2,2,2,2,1),(-2.094395102393,0.,
    2.094395102393,4.188790204786,6.28318530718,8.377580409573),
.UNSPECIFIED.) CURVE() GEOMETRIC_REPRESENTATION_ITEM() 
RATIONAL_B_SPLINE_CURVE((1.,0.5,1.,0.5,1.,0.5,1.)) REPRESENTATION_ITEM(
  '') );
#14703 = CARTESIAN_POINT('',(-32.78025737935,-21.10187027535));
#14704 = CARTESIAN_POINT('',(-33.47631711431,-14.03465718634));
#14705 = CARTESIAN_POINT('',(-27.0079011778,-16.96545831782));
#14706 = CARTESIAN_POINT('',(-20.53948524128,-19.89625944929));
#14707 = CARTESIAN_POINT('',(-26.31184144284,-24.03267140682));
#14708 = CARTESIAN_POINT('',(-32.08419764439,-28.16908336435));
#14709 = CARTESIAN_POINT('',(-32.78025737935,-21.10187027535));
#14710 = ( GEOMETRIC_REPRESENTATION_CONTEXT(2) 
PARAMETRIC_REPRESENTATION_CONTEXT() REPRESENTATION_CONTEXT('2D SPACE',''
  ) );
#14711 = PCURVE('',#14293,#14712);
#14712 = DEFINITIONAL_REPRESENTATION('',(#14713),#14717);
#14713 = LINE('',#14714,#14715);
#14714 = CARTESIAN_POINT('',(-6.28318530718,-4.7));
#14715 = VECTOR('',#14716,1.);
#14716 = DIRECTION('',(1.,-0.));
#14717 = ( GEOMETRIC_REPRESENTATION_CONTEXT(2) 
PARAMETRIC_REPRESENTATION_CONTEXT() REPRESENTATION_CONTEXT('2D SPACE',''
  ) );
#14718 = ADVANCED_FACE('',(#14719),#14053,.F.);
#14719 = FACE_BOUND('',#14720,.T.);
#14720 = EDGE_LOOP('',(#14721,#14722,#14723,#14724));
#14721 = ORIENTED_EDGE('',*,*,#14032,.T.);
#14722 = ORIENTED_EDGE('',*,*,#14450,.T.);
#14723 = ORIENTED_EDGE('',*,*,#14617,.F.);
#14724 = ORIENTED_EDGE('',*,*,#14126,.F.);
#14725 = ADVANCED_FACE('',(#14726),#14186,.F.);
#14726 = FACE_BOUND('',#14727,.T.);
#14727 = EDGE_LOOP('',(#14728,#14729,#14730,#14731));
#14728 = ORIENTED_EDGE('',*,*,#14224,.F.);
#14729 = ORIENTED_EDGE('',*,*,#14170,.T.);
#14730 = ORIENTED_EDGE('',*,*,#14590,.F.);
#14731 = ORIENTED_EDGE('',*,*,#14732,.F.);
#14732 = EDGE_CURVE('',#14225,#14570,#14733,.T.);
#14733 = SURFACE_CURVE('',#14734,(#14738,#14745),.PCURVE_S1.);
#14734 = LINE('',#14735,#14736);
#14735 = CARTESIAN_POINT('',(101.06,-45.5,12.9));
#14736 = VECTOR('',#14737,1.);
#14737 = DIRECTION('',(0.,0.,1.));
#14738 = PCURVE('',#14186,#14739);
#14739 = DEFINITIONAL_REPRESENTATION('',(#14740),#14744);
#14740 = LINE('',#14741,#14742);
#14741 = CARTESIAN_POINT('',(-1.570796326795,0.));
#14742 = VECTOR('',#14743,1.);
#14743 = DIRECTION('',(-0.,-1.));
#14744 = ( GEOMETRIC_REPRESENTATION_CONTEXT(2) 
PARAMETRIC_REPRESENTATION_CONTEXT() REPRESENTATION_CONTEXT('2D SPACE',''
  ) );
#14745 = PCURVE('',#14264,#14746);
#14746 = DEFINITIONAL_REPRESENTATION('',(#14747),#14751);
#14747 = LINE('',#14748,#14749);
#14748 = CARTESIAN_POINT('',(0.,0.));
#14749 = VECTOR('',#14750,1.);
#14750 = DIRECTION('',(0.,-1.));
#14751 = ( GEOMETRIC_REPRESENTATION_CONTEXT(2) 
PARAMETRIC_REPRESENTATION_CONTEXT() REPRESENTATION_CONTEXT('2D SPACE',''
  ) );
#14752 = ADVANCED_FACE('',(#14753),#14350,.F.);
#14753 = FACE_BOUND('',#14754,.T.);
#14754 = EDGE_LOOP('',(#14755,#14756,#14777,#14778));
#14755 = ORIENTED_EDGE('',*,*,#14333,.F.);
#14756 = ORIENTED_EDGE('',*,*,#14757,.T.);
#14757 = EDGE_CURVE('',#14306,#14645,#14758,.T.);
#14758 = SURFACE_CURVE('',#14759,(#14763,#14770),.PCURVE_S1.);
#14759 = LINE('',#14760,#14761);
#14760 = CARTESIAN_POINT('',(162.96187027535,-90.98025737935,12.9));
#14761 = VECTOR('',#14762,1.);
#14762 = DIRECTION('',(0.,0.,1.));
#14763 = PCURVE('',#14350,#14764);
#14764 = DEFINITIONAL_REPRESENTATION('',(#14765),#14769);
#14765 = LINE('',#14766,#14767);
#14766 = CARTESIAN_POINT('',(-0.,0.));
#14767 = VECTOR('',#14768,1.);
#14768 = DIRECTION('',(-0.,-1.));
#14769 = ( GEOMETRIC_REPRESENTATION_CONTEXT(2) 
PARAMETRIC_REPRESENTATION_CONTEXT() REPRESENTATION_CONTEXT('2D SPACE',''
  ) );
#14770 = PCURVE('',#14321,#14771);
#14771 = DEFINITIONAL_REPRESENTATION('',(#14772),#14776);
#14772 = LINE('',#14773,#14774);
#14773 = CARTESIAN_POINT('',(57.801873646964,0.));
#14774 = VECTOR('',#14775,1.);
#14775 = DIRECTION('',(0.,-1.));
#14776 = ( GEOMETRIC_REPRESENTATION_CONTEXT(2) 
PARAMETRIC_REPRESENTATION_CONTEXT() REPRESENTATION_CONTEXT('2D SPACE',''
  ) );
#14777 = ORIENTED_EDGE('',*,*,#14644,.F.);
#14778 = ORIENTED_EDGE('',*,*,#14406,.F.);
#14779 = ADVANCED_FACE('',(#14780),#14321,.T.);
#14780 = FACE_BOUND('',#14781,.T.);
#14781 = EDGE_LOOP('',(#14782,#14783,#14804,#14805));
#14782 = ORIENTED_EDGE('',*,*,#14305,.F.);
#14783 = ORIENTED_EDGE('',*,*,#14784,.T.);
#14784 = EDGE_CURVE('',#14277,#14673,#14785,.T.);
#14785 = SURFACE_CURVE('',#14786,(#14790,#14797),.PCURVE_S1.);
#14786 = LINE('',#14787,#14788);
#14787 = CARTESIAN_POINT('',(105.16,-91.,12.9));
#14788 = VECTOR('',#14789,1.);
#14789 = DIRECTION('',(0.,0.,1.));
#14790 = PCURVE('',#14321,#14791);
#14791 = DEFINITIONAL_REPRESENTATION('',(#14792),#14796);
#14792 = LINE('',#14793,#14794);
#14793 = CARTESIAN_POINT('',(0.,0.));
#14794 = VECTOR('',#14795,1.);
#14795 = DIRECTION('',(0.,-1.));
#14796 = ( GEOMETRIC_REPRESENTATION_CONTEXT(2) 
PARAMETRIC_REPRESENTATION_CONTEXT() REPRESENTATION_CONTEXT('2D SPACE',''
  ) );
#14797 = PCURVE('',#14293,#14798);
#14798 = DEFINITIONAL_REPRESENTATION('',(#14799),#14803);
#14799 = LINE('',#14800,#14801);
#14800 = CARTESIAN_POINT('',(-1.47262155637,0.));
#14801 = VECTOR('',#14802,1.);
#14802 = DIRECTION('',(-0.,-1.));
#14803 = ( GEOMETRIC_REPRESENTATION_CONTEXT(2) 
PARAMETRIC_REPRESENTATION_CONTEXT() REPRESENTATION_CONTEXT('2D SPACE',''
  ) );
#14804 = ORIENTED_EDGE('',*,*,#14672,.F.);
#14805 = ORIENTED_EDGE('',*,*,#14757,.F.);
#14806 = ADVANCED_FACE('',(#14807),#14293,.F.);
#14807 = FACE_BOUND('',#14808,.T.);
#14808 = EDGE_LOOP('',(#14809,#14810,#14831,#14832));
#14809 = ORIENTED_EDGE('',*,*,#14276,.F.);
#14810 = ORIENTED_EDGE('',*,*,#14811,.T.);
#14811 = EDGE_CURVE('',#14249,#14568,#14812,.T.);
#14812 = SURFACE_CURVE('',#14813,(#14817,#14824),.PCURVE_S1.);
#14813 = LINE('',#14814,#14815);
#14814 = CARTESIAN_POINT('',(101.07974262064,-87.30187027535,12.9));
#14815 = VECTOR('',#14816,1.);
#14816 = DIRECTION('',(0.,0.,1.));
#14817 = PCURVE('',#14293,#14818);
#14818 = DEFINITIONAL_REPRESENTATION('',(#14819),#14823);
#14819 = LINE('',#14820,#14821);
#14820 = CARTESIAN_POINT('',(-0.,0.));
#14821 = VECTOR('',#14822,1.);
#14822 = DIRECTION('',(-0.,-1.));
#14823 = ( GEOMETRIC_REPRESENTATION_CONTEXT(2) 
PARAMETRIC_REPRESENTATION_CONTEXT() REPRESENTATION_CONTEXT('2D SPACE',''
  ) );
#14824 = PCURVE('',#14264,#14825);
#14825 = DEFINITIONAL_REPRESENTATION('',(#14826),#14830);
#14826 = LINE('',#14827,#14828);
#14827 = CARTESIAN_POINT('',(41.801874937476,0.));
#14828 = VECTOR('',#14829,1.);
#14829 = DIRECTION('',(0.,-1.));
#14830 = ( GEOMETRIC_REPRESENTATION_CONTEXT(2) 
PARAMETRIC_REPRESENTATION_CONTEXT() REPRESENTATION_CONTEXT('2D SPACE',''
  ) );
#14831 = ORIENTED_EDGE('',*,*,#14693,.F.);
#14832 = ORIENTED_EDGE('',*,*,#14784,.F.);
#14833 = ADVANCED_FACE('',(#14834),#14264,.T.);
#14834 = FACE_BOUND('',#14835,.T.);
#14835 = EDGE_LOOP('',(#14836,#14837,#14838,#14839));
#14836 = ORIENTED_EDGE('',*,*,#14248,.F.);
#14837 = ORIENTED_EDGE('',*,*,#14732,.T.);
#14838 = ORIENTED_EDGE('',*,*,#14567,.F.);
#14839 = ORIENTED_EDGE('',*,*,#14811,.F.);
#14840 = ( GEOMETRIC_REPRESENTATION_CONTEXT(3) 
GLOBAL_UNCERTAINTY_ASSIGNED_CONTEXT((#14844)) 
GLOBAL_UNIT_ASSIGNED_CONTEXT((#14841,#14842,#14843)) 
REPRESENTATION_CONTEXT('Context #1',
  '3D Context with UNIT and UNCERTAINTY') );
#14841 = ( LENGTH_UNIT() NAMED_UNIT(*) SI_UNIT(.MILLI.,.METRE.) );
#14842 = ( NAMED_UNIT(*) PLANE_ANGLE_UNIT() SI_UNIT($,.RADIAN.) );
#14843 = ( NAMED_UNIT(*) SI_UNIT($,.STERADIAN.) SOLID_ANGLE_UNIT() );
#14844 = UNCERTAINTY_MEASURE_WITH_UNIT(LENGTH_MEASURE(1.E-07),#14841,
  'distance_accuracy_value','confusion accuracy');
#14845 = PRODUCT_RELATED_PRODUCT_CATEGORY('part',$,(#7));
ENDSEC;
END-ISO-10303-21;
