ISO-10303-21;
HEADER;
FILE_DESCRIPTION(('Open CASCADE Model'),'2;1');
FILE_NAME('case-right-tray','2026-10-02T00:29:19',('Author'),(
    'Open CASCADE'),'Open CASCADE STEP processor 8.0','build123d',
  'Unknown');
FILE_SCHEMA(('AUTOMOTIVE_DESIGN { 1 0 10303 214 1 1 1 1 }'));
ENDSEC;
DATA;
#1 = APPLICATION_PROTOCOL_DEFINITION('international standard',
  'automotive_design',2000,#2);
#2 = APPLICATION_CONTEXT(
  'core data for automotive mechanical design processes');
#3 = SHAPE_DEFINITION_REPRESENTATION(#4,#10);
#4 = PRODUCT_DEFINITION_SHAPE('','',#5);
#5 = PRODUCT_DEFINITION('design','',#6,#9);
#6 = PRODUCT_DEFINITION_FORMATION('','',#7);
#7 = PRODUCT('case-right-tray','case-right-tray','',(#8));
#8 = PRODUCT_CONTEXT('',#2,'mechanical');
#9 = PRODUCT_DEFINITION_CONTEXT('part definition',#2,'design');
#10 = ADVANCED_BREP_SHAPE_REPRESENTATION('',(#11,#15),#14890);
#11 = AXIS2_PLACEMENT_3D('',#12,#13,#14);
#12 = CARTESIAN_POINT('',(0.,0.,0.));
#13 = DIRECTION('',(0.,0.,1.));
#14 = DIRECTION('',(1.,0.,-0.));
#15 = MANIFOLD_SOLID_BREP('',#16);
#16 = CLOSED_SHELL('',(#17,#137,#223,#301,#1521,#5638,#5665,#6101,#6128,
    #6155,#6182,#6209,#6236,#6263,#6290,#6317,#6344,#6371,#6398,#6425,
    #6452,#6479,#6506,#6533,#6560,#6587,#6614,#6641,#6668,#6695,#6722,
    #6749,#6776,#6803,#6810,#6865,#6920,#6975,#7030,#7085,#7159,#7191,
    #7260,#7292,#7347,#7402,#7457,#7504,#7735,#7785,#7834,#7884,#7933,
    #7987,#8036,#8090,#8140,#8194,#8243,#8393,#8440,#8585,#8634,#8688,
    #8804,#8853,#8903,#8952,#9002,#9029,#9079,#9133,#9160,#9209,#9259,
    #9309,#9363,#9412,#9528,#9582,#9631,#9680,#9730,#9780,#9829,#9878,
    #9928,#9978,#10005,#10054,#10108,#10158,#10207,#10323,#10373,#10422,
    #10471,#10521,#10575,#10624,#10673,#10723,#10777,#10804,#10905,
    #10954,#11004,#11054,#11170,#11219,#11268,#11318,#11368,#11417,
    #11466,#11516,#11566,#11613,#11640,#11800,#11849,#11899,#11949,
    #12003,#12052,#12101,#12151,#12201,#12228,#12282,#12331,#12381,
    #12431,#12480,#12596,#12650,#12699,#12815,#12865,#12914,#12963,
    #13013,#13063,#13112,#13139,#13189,#13216,#13248,#13298,#13348,
    #13398,#13448,#13498,#13548,#13598,#13648,#13675,#13702,#13709,
    #13736,#13763,#13835,#13884,#13934,#13983,#14032,#14061,#14112,
    #14139,#14146,#14153,#14160,#14167,#14174,#14447,#14454,#14461,
    #14468,#14548,#14557,#14566,#14575,#14607,#14620,#14629,#14638,
    #14647,#14656,#14705,#14755,#14804,#14854,#14881));
#17 = ADVANCED_FACE('',(#18),#32,.F.);
#18 = FACE_BOUND('',#19,.F.);
#19 = EDGE_LOOP('',(#20,#55,#83,#111));
#20 = ORIENTED_EDGE('',*,*,#21,.T.);
#21 = EDGE_CURVE('',#22,#24,#26,.T.);
#22 = VERTEX_POINT('',#23);
#23 = CARTESIAN_POINT('',(218.41479122623,-22.12003896852,0.));
#24 = VERTEX_POINT('',#25);
#25 = CARTESIAN_POINT('',(218.41479122623,-22.12003896852,12.1));
#26 = SURFACE_CURVE('',#27,(#31,#43),.PCURVE_S1.);
#27 = LINE('',#28,#29);
#28 = CARTESIAN_POINT('',(218.41479122623,-22.12003896852,0.));
#29 = VECTOR('',#30,1.);
#30 = DIRECTION('',(0.,0.,1.));
#31 = PCURVE('',#32,#37);
#32 = PLANE('',#33);
#33 = AXIS2_PLACEMENT_3D('',#34,#35,#36);
#34 = CARTESIAN_POINT('',(218.41479122623,-22.12003896852,0.));
#35 = DIRECTION('',(0.800964303668,-0.598712104646,0.));
#36 = DIRECTION('',(-0.598712104646,-0.800964303668,0.));
#37 = DEFINITIONAL_REPRESENTATION('',(#38),#42);
#38 = LINE('',#39,#40);
#39 = CARTESIAN_POINT('',(0.,0.));
#40 = VECTOR('',#41,1.);
#41 = DIRECTION('',(0.,-1.));
#42 = ( GEOMETRIC_REPRESENTATION_CONTEXT(2) 
PARAMETRIC_REPRESENTATION_CONTEXT() REPRESENTATION_CONTEXT('2D SPACE',''
  ) );
#43 = PCURVE('',#44,#49);
#44 = CYLINDRICAL_SURFACE('',#45,25.148389097436);
#45 = AXIS2_PLACEMENT_3D('',#46,#47,#48);
#46 = CARTESIAN_POINT('',(234.41522193199,-2.718294422578,0.));
#47 = DIRECTION('',(0.,0.,-1.));
#48 = DIRECTION('',(-0.10803771928,-0.994146795606,-0.));
#49 = DEFINITIONAL_REPRESENTATION('',(#50),#54);
#50 = LINE('',#51,#52);
#51 = CARTESIAN_POINT('',(0.581366742434,0.));
#52 = VECTOR('',#53,1.);
#53 = DIRECTION('',(0.,-1.));
#54 = ( GEOMETRIC_REPRESENTATION_CONTEXT(2) 
PARAMETRIC_REPRESENTATION_CONTEXT() REPRESENTATION_CONTEXT('2D SPACE',''
  ) );
#55 = ORIENTED_EDGE('',*,*,#56,.T.);
#56 = EDGE_CURVE('',#24,#57,#59,.T.);
#57 = VERTEX_POINT('',#58);
#58 = CARTESIAN_POINT('',(218.41392569371,-22.12119688839,12.1));
#59 = SURFACE_CURVE('',#60,(#64,#71),.PCURVE_S1.);
#60 = LINE('',#61,#62);
#61 = CARTESIAN_POINT('',(218.41479122623,-22.12003896852,12.1));
#62 = VECTOR('',#63,1.);
#63 = DIRECTION('',(-0.598712104646,-0.800964303668,0.));
#64 = PCURVE('',#32,#65);
#65 = DEFINITIONAL_REPRESENTATION('',(#66),#70);
#66 = LINE('',#67,#68);
#67 = CARTESIAN_POINT('',(0.,-12.1));
#68 = VECTOR('',#69,1.);
#69 = DIRECTION('',(1.,0.));
#70 = ( GEOMETRIC_REPRESENTATION_CONTEXT(2) 
PARAMETRIC_REPRESENTATION_CONTEXT() REPRESENTATION_CONTEXT('2D SPACE',''
  ) );
#71 = PCURVE('',#72,#77);
#72 = PLANE('',#73);
#73 = AXIS2_PLACEMENT_3D('',#74,#75,#76);
#74 = CARTESIAN_POINT('',(196.73689882953,-72.74017147804,12.1));
#75 = DIRECTION('',(0.,0.,1.));
#76 = DIRECTION('',(1.,0.,-0.));
#77 = DEFINITIONAL_REPRESENTATION('',(#78),#82);
#78 = LINE('',#79,#80);
#79 = CARTESIAN_POINT('',(21.677892396692,50.620132509525));
#80 = VECTOR('',#81,1.);
#81 = DIRECTION('',(-0.598712104646,-0.800964303668));
#82 = ( GEOMETRIC_REPRESENTATION_CONTEXT(2) 
PARAMETRIC_REPRESENTATION_CONTEXT() REPRESENTATION_CONTEXT('2D SPACE',''
  ) );
#83 = ORIENTED_EDGE('',*,*,#84,.F.);
#84 = EDGE_CURVE('',#85,#57,#87,.T.);
#85 = VERTEX_POINT('',#86);
#86 = CARTESIAN_POINT('',(218.41392569371,-22.12119688839,0.));
#87 = SURFACE_CURVE('',#88,(#92,#99),.PCURVE_S1.);
#88 = LINE('',#89,#90);
#89 = CARTESIAN_POINT('',(218.41392569371,-22.12119688839,0.));
#90 = VECTOR('',#91,1.);
#91 = DIRECTION('',(0.,0.,1.));
#92 = PCURVE('',#32,#93);
#93 = DEFINITIONAL_REPRESENTATION('',(#94),#98);
#94 = LINE('',#95,#96);
#95 = CARTESIAN_POINT('',(1.445657281899E-03,0.));
#96 = VECTOR('',#97,1.);
#97 = DIRECTION('',(0.,-1.));
#98 = ( GEOMETRIC_REPRESENTATION_CONTEXT(2) 
PARAMETRIC_REPRESENTATION_CONTEXT() REPRESENTATION_CONTEXT('2D SPACE',''
  ) );
#99 = PCURVE('',#100,#105);
#100 = CYLINDRICAL_SURFACE('',#101,5.948810866878);
#101 = AXIS2_PLACEMENT_3D('',#102,#103,#104);
#102 = CARTESIAN_POINT('',(214.73855848621,-26.79880595926,0.));
#103 = DIRECTION('',(-0.,-0.,-1.));
#104 = DIRECTION('',(0.617832250807,0.786309932446,-0.));
#105 = DEFINITIONAL_REPRESENTATION('',(#106),#110);
#106 = LINE('',#107,#108);
#107 = CARTESIAN_POINT('',(-0.,0.));
#108 = VECTOR('',#109,1.);
#109 = DIRECTION('',(-0.,-1.));
#110 = ( GEOMETRIC_REPRESENTATION_CONTEXT(2) 
PARAMETRIC_REPRESENTATION_CONTEXT() REPRESENTATION_CONTEXT('2D SPACE',''
  ) );
#111 = ORIENTED_EDGE('',*,*,#112,.F.);
#112 = EDGE_CURVE('',#22,#85,#113,.T.);
#113 = SURFACE_CURVE('',#114,(#118,#125),.PCURVE_S1.);
#114 = LINE('',#115,#116);
#115 = CARTESIAN_POINT('',(218.41479122623,-22.12003896852,0.));
#116 = VECTOR('',#117,1.);
#117 = DIRECTION('',(-0.598712104646,-0.800964303668,0.));
#118 = PCURVE('',#32,#119);
#119 = DEFINITIONAL_REPRESENTATION('',(#120),#124);
#120 = LINE('',#121,#122);
#121 = CARTESIAN_POINT('',(0.,0.));
#122 = VECTOR('',#123,1.);
#123 = DIRECTION('',(1.,0.));
#124 = ( GEOMETRIC_REPRESENTATION_CONTEXT(2) 
PARAMETRIC_REPRESENTATION_CONTEXT() REPRESENTATION_CONTEXT('2D SPACE',''
  ) );
#125 = PCURVE('',#126,#131);
#126 = PLANE('',#127);
#127 = AXIS2_PLACEMENT_3D('',#128,#129,#130);
#128 = CARTESIAN_POINT('',(196.73689882953,-72.74017147804,0.));
#129 = DIRECTION('',(0.,0.,1.));
#130 = DIRECTION('',(1.,0.,-0.));
#131 = DEFINITIONAL_REPRESENTATION('',(#132),#136);
#132 = LINE('',#133,#134);
#133 = CARTESIAN_POINT('',(21.677892396692,50.620132509525));
#134 = VECTOR('',#135,1.);
#135 = DIRECTION('',(-0.598712104646,-0.800964303668));
#136 = ( GEOMETRIC_REPRESENTATION_CONTEXT(2) 
PARAMETRIC_REPRESENTATION_CONTEXT() REPRESENTATION_CONTEXT('2D SPACE',''
  ) );
#137 = ADVANCED_FACE('',(#138),#44,.F.);
#138 = FACE_BOUND('',#139,.F.);
#139 = EDGE_LOOP('',(#140,#170,#196,#197));
#140 = ORIENTED_EDGE('',*,*,#141,.T.);
#141 = EDGE_CURVE('',#142,#144,#146,.T.);
#142 = VERTEX_POINT('',#143);
#143 = CARTESIAN_POINT('',(231.69824733035,-27.71948485843,0.));
#144 = VERTEX_POINT('',#145);
#145 = CARTESIAN_POINT('',(231.69824733035,-27.71948485843,12.1));
#146 = SURFACE_CURVE('',#147,(#151,#158),.PCURVE_S1.);
#147 = LINE('',#148,#149);
#148 = CARTESIAN_POINT('',(231.69824733035,-27.71948485843,0.));
#149 = VECTOR('',#150,1.);
#150 = DIRECTION('',(0.,0.,1.));
#151 = PCURVE('',#44,#152);
#152 = DEFINITIONAL_REPRESENTATION('',(#153),#157);
#153 = LINE('',#154,#155);
#154 = CARTESIAN_POINT('',(0.,0.));
#155 = VECTOR('',#156,1.);
#156 = DIRECTION('',(0.,-1.));
#157 = ( GEOMETRIC_REPRESENTATION_CONTEXT(2) 
PARAMETRIC_REPRESENTATION_CONTEXT() REPRESENTATION_CONTEXT('2D SPACE',''
  ) );
#158 = PCURVE('',#159,#164);
#159 = CYLINDRICAL_SURFACE('',#160,9.15823775267);
#160 = AXIS2_PLACEMENT_3D('',#161,#162,#163);
#161 = CARTESIAN_POINT('',(230.88317508921,-36.8413802742,0.));
#162 = DIRECTION('',(-0.,-0.,-1.));
#163 = DIRECTION('',(0.35704988206,0.934085318224,-0.));
#164 = DEFINITIONAL_REPRESENTATION('',(#165),#169);
#165 = LINE('',#166,#167);
#166 = CARTESIAN_POINT('',(-0.275990964802,0.));
#167 = VECTOR('',#168,1.);
#168 = DIRECTION('',(-0.,-1.));
#169 = ( GEOMETRIC_REPRESENTATION_CONTEXT(2) 
PARAMETRIC_REPRESENTATION_CONTEXT() REPRESENTATION_CONTEXT('2D SPACE',''
  ) );
#170 = ORIENTED_EDGE('',*,*,#171,.T.);
#171 = EDGE_CURVE('',#144,#24,#172,.T.);
#172 = SURFACE_CURVE('',#173,(#178,#185),.PCURVE_S1.);
#173 = CIRCLE('',#174,25.148389097436);
#174 = AXIS2_PLACEMENT_3D('',#175,#176,#177);
#175 = CARTESIAN_POINT('',(234.41522193199,-2.718294422578,12.1));
#176 = DIRECTION('',(0.,0.,-1.));
#177 = DIRECTION('',(-0.10803771928,-0.994146795606,-0.));
#178 = PCURVE('',#44,#179);
#179 = DEFINITIONAL_REPRESENTATION('',(#180),#184);
#180 = LINE('',#181,#182);
#181 = CARTESIAN_POINT('',(0.,-12.1));
#182 = VECTOR('',#183,1.);
#183 = DIRECTION('',(1.,0.));
#184 = ( GEOMETRIC_REPRESENTATION_CONTEXT(2) 
PARAMETRIC_REPRESENTATION_CONTEXT() REPRESENTATION_CONTEXT('2D SPACE',''
  ) );
#185 = PCURVE('',#72,#186);
#186 = DEFINITIONAL_REPRESENTATION('',(#187),#195);
#187 = ( BOUNDED_CURVE() B_SPLINE_CURVE(2,(#188,#189,#190,#191,#192,#193
,#194),.UNSPECIFIED.,.T.,.F.) B_SPLINE_CURVE_WITH_KNOTS((1,2,2,2,2,1),(
    -2.094395102393,0.,2.094395102393,4.188790204786,6.28318530718,
8.377580409573),.UNSPECIFIED.) CURVE() GEOMETRIC_REPRESENTATION_ITEM() 
RATIONAL_B_SPLINE_CURVE((1.,0.5,1.,0.5,1.,0.5,1.)) REPRESENTATION_ITEM(
  '') );
#188 = CARTESIAN_POINT('',(34.961348500818,45.020686619607));
#189 = CARTESIAN_POINT('',(-8.341983583794,49.726624672524));
#190 = CARTESIAN_POINT('',(17.385144360974,84.875441299854));
#191 = CARTESIAN_POINT('',(43.112272305742,120.02425792718));
#192 = CARTESIAN_POINT('',(60.688476445586,80.169503246937));
#193 = CARTESIAN_POINT('',(78.264680585431,40.314748566691));
#194 = CARTESIAN_POINT('',(34.961348500818,45.020686619607));
#195 = ( GEOMETRIC_REPRESENTATION_CONTEXT(2) 
PARAMETRIC_REPRESENTATION_CONTEXT() REPRESENTATION_CONTEXT('2D SPACE',''
  ) );
#196 = ORIENTED_EDGE('',*,*,#21,.F.);
#197 = ORIENTED_EDGE('',*,*,#198,.F.);
#198 = EDGE_CURVE('',#142,#22,#199,.T.);
#199 = SURFACE_CURVE('',#200,(#205,#212),.PCURVE_S1.);
#200 = CIRCLE('',#201,25.148389097436);
#201 = AXIS2_PLACEMENT_3D('',#202,#203,#204);
#202 = CARTESIAN_POINT('',(234.41522193199,-2.718294422578,0.));
#203 = DIRECTION('',(0.,0.,-1.));
#204 = DIRECTION('',(-0.10803771928,-0.994146795606,-0.));
#205 = PCURVE('',#44,#206);
#206 = DEFINITIONAL_REPRESENTATION('',(#207),#211);
#207 = LINE('',#208,#209);
#208 = CARTESIAN_POINT('',(0.,0.));
#209 = VECTOR('',#210,1.);
#210 = DIRECTION('',(1.,0.));
#211 = ( GEOMETRIC_REPRESENTATION_CONTEXT(2) 
PARAMETRIC_REPRESENTATION_CONTEXT() REPRESENTATION_CONTEXT('2D SPACE',''
  ) );
#212 = PCURVE('',#126,#213);
#213 = DEFINITIONAL_REPRESENTATION('',(#214),#222);
#214 = ( BOUNDED_CURVE() B_SPLINE_CURVE(2,(#215,#216,#217,#218,#219,#220
,#221),.UNSPECIFIED.,.T.,.F.) B_SPLINE_CURVE_WITH_KNOTS((1,2,2,2,2,1),(
    -2.094395102393,0.,2.094395102393,4.188790204786,6.28318530718,
8.377580409573),.UNSPECIFIED.) CURVE() GEOMETRIC_REPRESENTATION_ITEM() 
RATIONAL_B_SPLINE_CURVE((1.,0.5,1.,0.5,1.,0.5,1.)) REPRESENTATION_ITEM(
  '') );
#215 = CARTESIAN_POINT('',(34.961348500818,45.020686619607));
#216 = CARTESIAN_POINT('',(-8.341983583794,49.726624672524));
#217 = CARTESIAN_POINT('',(17.385144360974,84.875441299854));
#218 = CARTESIAN_POINT('',(43.112272305742,120.02425792718));
#219 = CARTESIAN_POINT('',(60.688476445586,80.169503246937));
#220 = CARTESIAN_POINT('',(78.264680585431,40.314748566691));
#221 = CARTESIAN_POINT('',(34.961348500818,45.020686619607));
#222 = ( GEOMETRIC_REPRESENTATION_CONTEXT(2) 
PARAMETRIC_REPRESENTATION_CONTEXT() REPRESENTATION_CONTEXT('2D SPACE',''
  ) );
#223 = ADVANCED_FACE('',(#224),#100,.T.);
#224 = FACE_BOUND('',#225,.F.);
#225 = EDGE_LOOP('',(#226,#227,#251,#279));
#226 = ORIENTED_EDGE('',*,*,#84,.T.);
#227 = ORIENTED_EDGE('',*,*,#228,.T.);
#228 = EDGE_CURVE('',#57,#229,#231,.T.);
#229 = VERTEX_POINT('',#230);
#230 = CARTESIAN_POINT('',(214.73091722502,-20.85,12.1));
#231 = SURFACE_CURVE('',#232,(#237,#244),.PCURVE_S1.);
#232 = CIRCLE('',#233,5.948810866878);
#233 = AXIS2_PLACEMENT_3D('',#234,#235,#236);
#234 = CARTESIAN_POINT('',(214.73855848621,-26.79880595926,12.1));
#235 = DIRECTION('',(0.,0.,1.));
#236 = DIRECTION('',(0.617832250807,0.786309932446,-0.));
#237 = PCURVE('',#100,#238);
#238 = DEFINITIONAL_REPRESENTATION('',(#239),#243);
#239 = LINE('',#240,#241);
#240 = CARTESIAN_POINT('',(-0.,-12.1));
#241 = VECTOR('',#242,1.);
#242 = DIRECTION('',(-1.,0.));
#243 = ( GEOMETRIC_REPRESENTATION_CONTEXT(2) 
PARAMETRIC_REPRESENTATION_CONTEXT() REPRESENTATION_CONTEXT('2D SPACE',''
  ) );
#244 = PCURVE('',#72,#245);
#245 = DEFINITIONAL_REPRESENTATION('',(#246),#250);
#246 = CIRCLE('',#247,5.948810866878);
#247 = AXIS2_PLACEMENT_2D('',#248,#249);
#248 = CARTESIAN_POINT('',(18.001659656673,45.941365518777));
#249 = DIRECTION('',(0.617832250807,0.786309932446));
#250 = ( GEOMETRIC_REPRESENTATION_CONTEXT(2) 
PARAMETRIC_REPRESENTATION_CONTEXT() REPRESENTATION_CONTEXT('2D SPACE',''
  ) );
#251 = ORIENTED_EDGE('',*,*,#252,.F.);
#252 = EDGE_CURVE('',#253,#229,#255,.T.);
#253 = VERTEX_POINT('',#254);
#254 = CARTESIAN_POINT('',(214.73091722502,-20.85,0.));
#255 = SURFACE_CURVE('',#256,(#260,#267),.PCURVE_S1.);
#256 = LINE('',#257,#258);
#257 = CARTESIAN_POINT('',(214.73091722502,-20.85,0.));
#258 = VECTOR('',#259,1.);
#259 = DIRECTION('',(0.,0.,1.));
#260 = PCURVE('',#100,#261);
#261 = DEFINITIONAL_REPRESENTATION('',(#262),#266);
#262 = LINE('',#263,#264);
#263 = CARTESIAN_POINT('',(-0.667267346385,0.));
#264 = VECTOR('',#265,1.);
#265 = DIRECTION('',(-0.,-1.));
#266 = ( GEOMETRIC_REPRESENTATION_CONTEXT(2) 
PARAMETRIC_REPRESENTATION_CONTEXT() REPRESENTATION_CONTEXT('2D SPACE',''
  ) );
#267 = PCURVE('',#268,#273);
#268 = PLANE('',#269);
#269 = AXIS2_PLACEMENT_3D('',#270,#271,#272);
#270 = CARTESIAN_POINT('',(214.73091722502,-20.85,0.));
#271 = DIRECTION('',(0.,-1.,0.));
#272 = DIRECTION('',(-1.,0.,0.));
#273 = DEFINITIONAL_REPRESENTATION('',(#274),#278);
#274 = LINE('',#275,#276);
#275 = CARTESIAN_POINT('',(0.,-0.));
#276 = VECTOR('',#277,1.);
#277 = DIRECTION('',(0.,-1.));
#278 = ( GEOMETRIC_REPRESENTATION_CONTEXT(2) 
PARAMETRIC_REPRESENTATION_CONTEXT() REPRESENTATION_CONTEXT('2D SPACE',''
  ) );
#279 = ORIENTED_EDGE('',*,*,#280,.F.);
#280 = EDGE_CURVE('',#85,#253,#281,.T.);
#281 = SURFACE_CURVE('',#282,(#287,#294),.PCURVE_S1.);
#282 = CIRCLE('',#283,5.948810866878);
#283 = AXIS2_PLACEMENT_3D('',#284,#285,#286);
#284 = CARTESIAN_POINT('',(214.73855848621,-26.79880595926,0.));
#285 = DIRECTION('',(0.,0.,1.));
#286 = DIRECTION('',(0.617832250807,0.786309932446,-0.));
#287 = PCURVE('',#100,#288);
#288 = DEFINITIONAL_REPRESENTATION('',(#289),#293);
#289 = LINE('',#290,#291);
#290 = CARTESIAN_POINT('',(-0.,0.));
#291 = VECTOR('',#292,1.);
#292 = DIRECTION('',(-1.,0.));
#293 = ( GEOMETRIC_REPRESENTATION_CONTEXT(2) 
PARAMETRIC_REPRESENTATION_CONTEXT() REPRESENTATION_CONTEXT('2D SPACE',''
  ) );
#294 = PCURVE('',#126,#295);
#295 = DEFINITIONAL_REPRESENTATION('',(#296),#300);
#296 = CIRCLE('',#297,5.948810866878);
#297 = AXIS2_PLACEMENT_2D('',#298,#299);
#298 = CARTESIAN_POINT('',(18.001659656673,45.941365518777));
#299 = DIRECTION('',(0.617832250807,0.786309932446));
#300 = ( GEOMETRIC_REPRESENTATION_CONTEXT(2) 
PARAMETRIC_REPRESENTATION_CONTEXT() REPRESENTATION_CONTEXT('2D SPACE',''
  ) );
#301 = ADVANCED_FACE('',(#302,#1151,#1182,#1213,#1244,#1275,#1306,#1367,
    #1428,#1459,#1490),#126,.F.);
#302 = FACE_BOUND('',#303,.F.);
#303 = EDGE_LOOP('',(#304,#305,#306,#329,#358,#391,#419,#448,#476,#505,
    #533,#566,#594,#623,#651,#684,#712,#745,#773,#802,#830,#863,#891,
    #920,#948,#977,#1005,#1038,#1067,#1095,#1128,#1150));
#304 = ORIENTED_EDGE('',*,*,#112,.T.);
#305 = ORIENTED_EDGE('',*,*,#280,.T.);
#306 = ORIENTED_EDGE('',*,*,#307,.T.);
#307 = EDGE_CURVE('',#253,#308,#310,.T.);
#308 = VERTEX_POINT('',#309);
#309 = CARTESIAN_POINT('',(150.14371098084,-20.85,0.));
#310 = SURFACE_CURVE('',#311,(#315,#322),.PCURVE_S1.);
#311 = LINE('',#312,#313);
#312 = CARTESIAN_POINT('',(214.73091722502,-20.85,0.));
#313 = VECTOR('',#314,1.);
#314 = DIRECTION('',(-1.,0.,0.));
#315 = PCURVE('',#126,#316);
#316 = DEFINITIONAL_REPRESENTATION('',(#317),#321);
#317 = LINE('',#318,#319);
#318 = CARTESIAN_POINT('',(17.994018395484,51.890171478044));
#319 = VECTOR('',#320,1.);
#320 = DIRECTION('',(-1.,0.));
#321 = ( GEOMETRIC_REPRESENTATION_CONTEXT(2) 
PARAMETRIC_REPRESENTATION_CONTEXT() REPRESENTATION_CONTEXT('2D SPACE',''
  ) );
#322 = PCURVE('',#268,#323);
#323 = DEFINITIONAL_REPRESENTATION('',(#324),#328);
#324 = LINE('',#325,#326);
#325 = CARTESIAN_POINT('',(0.,-0.));
#326 = VECTOR('',#327,1.);
#327 = DIRECTION('',(1.,0.));
#328 = ( GEOMETRIC_REPRESENTATION_CONTEXT(2) 
PARAMETRIC_REPRESENTATION_CONTEXT() REPRESENTATION_CONTEXT('2D SPACE',''
  ) );
#329 = ORIENTED_EDGE('',*,*,#330,.T.);
#330 = EDGE_CURVE('',#308,#331,#333,.T.);
#331 = VERTEX_POINT('',#332);
#332 = CARTESIAN_POINT('',(144.99733932084,-23.76538353484,0.));
#333 = SURFACE_CURVE('',#334,(#339,#346),.PCURVE_S1.);
#334 = CIRCLE('',#335,6.);
#335 = AXIS2_PLACEMENT_3D('',#336,#337,#338);
#336 = CARTESIAN_POINT('',(150.14371098084,-26.85,0.));
#337 = DIRECTION('',(0.,-0.,1.));
#338 = DIRECTION('',(0.,1.,0.));
#339 = PCURVE('',#126,#340);
#340 = DEFINITIONAL_REPRESENTATION('',(#341),#345);
#341 = CIRCLE('',#342,6.);
#342 = AXIS2_PLACEMENT_2D('',#343,#344);
#343 = CARTESIAN_POINT('',(-46.59318784869,45.890171478044));
#344 = DIRECTION('',(0.,1.));
#345 = ( GEOMETRIC_REPRESENTATION_CONTEXT(2) 
PARAMETRIC_REPRESENTATION_CONTEXT() REPRESENTATION_CONTEXT('2D SPACE',''
  ) );
#346 = PCURVE('',#347,#352);
#347 = CYLINDRICAL_SURFACE('',#348,6.);
#348 = AXIS2_PLACEMENT_3D('',#349,#350,#351);
#349 = CARTESIAN_POINT('',(150.14371098084,-26.85,0.));
#350 = DIRECTION('',(-0.,0.,-1.));
#351 = DIRECTION('',(0.,1.,0.));
#352 = DEFINITIONAL_REPRESENTATION('',(#353),#357);
#353 = LINE('',#354,#355);
#354 = CARTESIAN_POINT('',(-0.,0.));
#355 = VECTOR('',#356,1.);
#356 = DIRECTION('',(-1.,0.));
#357 = ( GEOMETRIC_REPRESENTATION_CONTEXT(2) 
PARAMETRIC_REPRESENTATION_CONTEXT() REPRESENTATION_CONTEXT('2D SPACE',''
  ) );
#358 = ORIENTED_EDGE('',*,*,#359,.T.);
#359 = EDGE_CURVE('',#331,#360,#362,.T.);
#360 = VERTEX_POINT('',#361);
#361 = CARTESIAN_POINT('',(123.76302957842,-35.5,0.));
#362 = SURFACE_CURVE('',#363,(#368,#379),.PCURVE_S1.);
#363 = CIRCLE('',#364,24.949130006066);
#364 = AXIS2_PLACEMENT_3D('',#365,#366,#367);
#365 = CARTESIAN_POINT('',(123.83514485808,-10.55097421849,0.));
#366 = DIRECTION('',(0.,0.,-1.));
#367 = DIRECTION('',(0.848213723589,-0.529654112714,0.));
#368 = PCURVE('',#126,#369);
#369 = DEFINITIONAL_REPRESENTATION('',(#370),#378);
#370 = ( BOUNDED_CURVE() B_SPLINE_CURVE(2,(#371,#372,#373,#374,#375,#376
,#377),.UNSPECIFIED.,.T.,.F.) B_SPLINE_CURVE_WITH_KNOTS((1,2,2,2,2,1),(
    -2.094395102393,0.,2.094395102393,4.188790204786,6.28318530718,
8.377580409573),.UNSPECIFIED.) CURVE() GEOMETRIC_REPRESENTATION_ITEM() 
RATIONAL_B_SPLINE_CURVE((1.,0.5,1.,0.5,1.,0.5,1.)) REPRESENTATION_ITEM(
  '') );
#371 = CARTESIAN_POINT('',(-51.73955950869,48.974787943204));
#372 = CARTESIAN_POINT('',(-74.62758783661,12.320791934047));
#373 = CARTESIAN_POINT('',(-94.92686536679,50.469403913138));
#374 = CARTESIAN_POINT('',(-115.2261428969,88.618015892229));
#375 = CARTESIAN_POINT('',(-72.03883703888,87.123399922295));
#376 = CARTESIAN_POINT('',(-28.85153118078,85.62878395236));
#377 = CARTESIAN_POINT('',(-51.73955950869,48.974787943204));
#378 = ( GEOMETRIC_REPRESENTATION_CONTEXT(2) 
PARAMETRIC_REPRESENTATION_CONTEXT() REPRESENTATION_CONTEXT('2D SPACE',''
  ) );
#379 = PCURVE('',#380,#385);
#380 = CYLINDRICAL_SURFACE('',#381,24.949130006066);
#381 = AXIS2_PLACEMENT_3D('',#382,#383,#384);
#382 = CARTESIAN_POINT('',(123.83514485808,-10.55097421849,0.));
#383 = DIRECTION('',(0.,0.,-1.));
#384 = DIRECTION('',(0.848213723589,-0.529654112714,0.));
#385 = DEFINITIONAL_REPRESENTATION('',(#386),#390);
#386 = LINE('',#387,#388);
#387 = CARTESIAN_POINT('',(0.,0.));
#388 = VECTOR('',#389,1.);
#389 = DIRECTION('',(1.,0.));
#390 = ( GEOMETRIC_REPRESENTATION_CONTEXT(2) 
PARAMETRIC_REPRESENTATION_CONTEXT() REPRESENTATION_CONTEXT('2D SPACE',''
  ) );
#391 = ORIENTED_EDGE('',*,*,#392,.T.);
#392 = EDGE_CURVE('',#360,#393,#395,.T.);
#393 = VERTEX_POINT('',#394);
#394 = CARTESIAN_POINT('',(104.7066650642,-35.51865292787,0.));
#395 = SURFACE_CURVE('',#396,(#400,#407),.PCURVE_S1.);
#396 = LINE('',#397,#398);
#397 = CARTESIAN_POINT('',(123.76302957842,-35.5,0.));
#398 = VECTOR('',#399,1.);
#399 = DIRECTION('',(-0.999999520947,-9.788288277714E-04,0.));
#400 = PCURVE('',#126,#401);
#401 = DEFINITIONAL_REPRESENTATION('',(#402),#406);
#402 = LINE('',#403,#404);
#403 = CARTESIAN_POINT('',(-72.97386925111,37.240171478044));
#404 = VECTOR('',#405,1.);
#405 = DIRECTION('',(-0.999999520947,-9.788288277714E-04));
#406 = ( GEOMETRIC_REPRESENTATION_CONTEXT(2) 
PARAMETRIC_REPRESENTATION_CONTEXT() REPRESENTATION_CONTEXT('2D SPACE',''
  ) );
#407 = PCURVE('',#408,#413);
#408 = PLANE('',#409);
#409 = AXIS2_PLACEMENT_3D('',#410,#411,#412);
#410 = CARTESIAN_POINT('',(123.76302957842,-35.5,0.));
#411 = DIRECTION('',(9.788288277714E-04,-0.999999520947,0.));
#412 = DIRECTION('',(-0.999999520947,-9.788288277714E-04,0.));
#413 = DEFINITIONAL_REPRESENTATION('',(#414),#418);
#414 = LINE('',#415,#416);
#415 = CARTESIAN_POINT('',(0.,0.));
#416 = VECTOR('',#417,1.);
#417 = DIRECTION('',(1.,0.));
#418 = ( GEOMETRIC_REPRESENTATION_CONTEXT(2) 
PARAMETRIC_REPRESENTATION_CONTEXT() REPRESENTATION_CONTEXT('2D SPACE',''
  ) );
#419 = ORIENTED_EDGE('',*,*,#420,.T.);
#420 = EDGE_CURVE('',#393,#421,#423,.T.);
#421 = VERTEX_POINT('',#422);
#422 = CARTESIAN_POINT('',(95.16,-45.727030523,0.));
#423 = SURFACE_CURVE('',#424,(#429,#436),.PCURVE_S1.);
#424 = CIRCLE('',#425,10.015155050536);
#425 = AXIS2_PLACEMENT_3D('',#426,#427,#428);
#426 = CARTESIAN_POINT('',(105.1730753719,-45.52294161379,0.));
#427 = DIRECTION('',(0.,0.,1.));
#428 = DIRECTION('',(-4.657045301269E-02,0.998915007849,0.));
#429 = PCURVE('',#126,#430);
#430 = DEFINITIONAL_REPRESENTATION('',(#431),#435);
#431 = CIRCLE('',#432,10.015155050536);
#432 = AXIS2_PLACEMENT_2D('',#433,#434);
#433 = CARTESIAN_POINT('',(-91.56382345763,27.217229864254));
#434 = DIRECTION('',(-4.657045301269E-02,0.998915007849));
#435 = ( GEOMETRIC_REPRESENTATION_CONTEXT(2) 
PARAMETRIC_REPRESENTATION_CONTEXT() REPRESENTATION_CONTEXT('2D SPACE',''
  ) );
#436 = PCURVE('',#437,#442);
#437 = CYLINDRICAL_SURFACE('',#438,10.015155050536);
#438 = AXIS2_PLACEMENT_3D('',#439,#440,#441);
#439 = CARTESIAN_POINT('',(105.1730753719,-45.52294161379,0.));
#440 = DIRECTION('',(-0.,-0.,-1.));
#441 = DIRECTION('',(-4.657045301269E-02,0.998915007849,0.));
#442 = DEFINITIONAL_REPRESENTATION('',(#443),#447);
#443 = LINE('',#444,#445);
#444 = CARTESIAN_POINT('',(-0.,0.));
#445 = VECTOR('',#446,1.);
#446 = DIRECTION('',(-1.,0.));
#447 = ( GEOMETRIC_REPRESENTATION_CONTEXT(2) 
PARAMETRIC_REPRESENTATION_CONTEXT() REPRESENTATION_CONTEXT('2D SPACE',''
  ) );
#448 = ORIENTED_EDGE('',*,*,#449,.T.);
#449 = EDGE_CURVE('',#421,#450,#452,.T.);
#450 = VERTEX_POINT('',#451);
#451 = CARTESIAN_POINT('',(95.178652927875,-87.35333493579,0.));
#452 = SURFACE_CURVE('',#453,(#457,#464),.PCURVE_S1.);
#453 = LINE('',#454,#455);
#454 = CARTESIAN_POINT('',(95.16,-45.727030523,0.));
#455 = VECTOR('',#456,1.);
#456 = DIRECTION('',(4.481043000367E-04,-0.999999899601,0.));
#457 = PCURVE('',#126,#458);
#458 = DEFINITIONAL_REPRESENTATION('',(#459),#463);
#459 = LINE('',#460,#461);
#460 = CARTESIAN_POINT('',(-101.5768988295,27.013140955042));
#461 = VECTOR('',#462,1.);
#462 = DIRECTION('',(4.481043000367E-04,-0.999999899601));
#463 = ( GEOMETRIC_REPRESENTATION_CONTEXT(2) 
PARAMETRIC_REPRESENTATION_CONTEXT() REPRESENTATION_CONTEXT('2D SPACE',''
  ) );
#464 = PCURVE('',#465,#470);
#465 = PLANE('',#466);
#466 = AXIS2_PLACEMENT_3D('',#467,#468,#469);
#467 = CARTESIAN_POINT('',(95.16,-45.727030523,0.));
#468 = DIRECTION('',(0.999999899601,4.481043000367E-04,-0.));
#469 = DIRECTION('',(4.481043000367E-04,-0.999999899601,0.));
#470 = DEFINITIONAL_REPRESENTATION('',(#471),#475);
#471 = LINE('',#472,#473);
#472 = CARTESIAN_POINT('',(0.,0.));
#473 = VECTOR('',#474,1.);
#474 = DIRECTION('',(1.,0.));
#475 = ( GEOMETRIC_REPRESENTATION_CONTEXT(2) 
PARAMETRIC_REPRESENTATION_CONTEXT() REPRESENTATION_CONTEXT('2D SPACE',''
  ) );
#476 = ORIENTED_EDGE('',*,*,#477,.T.);
#477 = EDGE_CURVE('',#450,#478,#480,.T.);
#478 = VERTEX_POINT('',#479);
#479 = CARTESIAN_POINT('',(105.387030523,-96.9,0.));
#480 = SURFACE_CURVE('',#481,(#486,#493),.PCURVE_S1.);
#481 = CIRCLE('',#482,10.015155050536);
#482 = AXIS2_PLACEMENT_3D('',#483,#484,#485);
#483 = CARTESIAN_POINT('',(105.18294161379,-86.88692462809,0.));
#484 = DIRECTION('',(0.,0.,1.));
#485 = DIRECTION('',(-0.998915007849,-4.657045301265E-02,0.));
#486 = PCURVE('',#126,#487);
#487 = DEFINITIONAL_REPRESENTATION('',(#488),#492);
#488 = CIRCLE('',#489,10.015155050536);
#489 = AXIS2_PLACEMENT_2D('',#490,#491);
#490 = CARTESIAN_POINT('',(-91.55395721574,-14.14675315005));
#491 = DIRECTION('',(-0.998915007849,-4.657045301265E-02));
#492 = ( GEOMETRIC_REPRESENTATION_CONTEXT(2) 
PARAMETRIC_REPRESENTATION_CONTEXT() REPRESENTATION_CONTEXT('2D SPACE',''
  ) );
#493 = PCURVE('',#494,#499);
#494 = CYLINDRICAL_SURFACE('',#495,10.015155050536);
#495 = AXIS2_PLACEMENT_3D('',#496,#497,#498);
#496 = CARTESIAN_POINT('',(105.18294161379,-86.88692462809,0.));
#497 = DIRECTION('',(-0.,-0.,-1.));
#498 = DIRECTION('',(-0.998915007849,-4.657045301265E-02,0.));
#499 = DEFINITIONAL_REPRESENTATION('',(#500),#504);
#500 = LINE('',#501,#502);
#501 = CARTESIAN_POINT('',(-0.,0.));
#502 = VECTOR('',#503,1.);
#503 = DIRECTION('',(-1.,0.));
#504 = ( GEOMETRIC_REPRESENTATION_CONTEXT(2) 
PARAMETRIC_REPRESENTATION_CONTEXT() REPRESENTATION_CONTEXT('2D SPACE',''
  ) );
#505 = ORIENTED_EDGE('',*,*,#506,.T.);
#506 = EDGE_CURVE('',#478,#507,#509,.T.);
#507 = VERTEX_POINT('',#508);
#508 = CARTESIAN_POINT('',(126.7002287104,-96.90346444051,0.));
#509 = SURFACE_CURVE('',#510,(#514,#521),.PCURVE_S1.);
#510 = LINE('',#511,#512);
#511 = CARTESIAN_POINT('',(105.387030523,-96.9,0.));
#512 = VECTOR('',#513,1.);
#513 = DIRECTION('',(0.999999986789,-1.625490664459E-04,0.));
#514 = PCURVE('',#126,#515);
#515 = DEFINITIONAL_REPRESENTATION('',(#516),#520);
#516 = LINE('',#517,#518);
#517 = CARTESIAN_POINT('',(-91.34986830653,-24.15982852195));
#518 = VECTOR('',#519,1.);
#519 = DIRECTION('',(0.999999986789,-1.625490664459E-04));
#520 = ( GEOMETRIC_REPRESENTATION_CONTEXT(2) 
PARAMETRIC_REPRESENTATION_CONTEXT() REPRESENTATION_CONTEXT('2D SPACE',''
  ) );
#521 = PCURVE('',#522,#527);
#522 = PLANE('',#523);
#523 = AXIS2_PLACEMENT_3D('',#524,#525,#526);
#524 = CARTESIAN_POINT('',(105.387030523,-96.9,0.));
#525 = DIRECTION('',(1.625490664459E-04,0.999999986789,-0.));
#526 = DIRECTION('',(0.999999986789,-1.625490664459E-04,0.));
#527 = DEFINITIONAL_REPRESENTATION('',(#528),#532);
#528 = LINE('',#529,#530);
#529 = CARTESIAN_POINT('',(0.,0.));
#530 = VECTOR('',#531,1.);
#531 = DIRECTION('',(1.,0.));
#532 = ( GEOMETRIC_REPRESENTATION_CONTEXT(2) 
PARAMETRIC_REPRESENTATION_CONTEXT() REPRESENTATION_CONTEXT('2D SPACE',''
  ) );
#533 = ORIENTED_EDGE('',*,*,#534,.T.);
#534 = EDGE_CURVE('',#507,#535,#537,.T.);
#535 = VERTEX_POINT('',#536);
#536 = CARTESIAN_POINT('',(149.5131415761,-111.8359532417,0.));
#537 = SURFACE_CURVE('',#538,(#543,#554),.PCURVE_S1.);
#538 = CIRCLE('',#539,25.023768875819);
#539 = AXIS2_PLACEMENT_3D('',#540,#541,#542);
#540 = CARTESIAN_POINT('',(126.61427578547,-121.9270856981,0.));
#541 = DIRECTION('',(0.,0.,-1.));
#542 = DIRECTION('',(3.434851295055E-03,0.999994100881,0.));
#543 = PCURVE('',#126,#544);
#544 = DEFINITIONAL_REPRESENTATION('',(#545),#553);
#545 = ( BOUNDED_CURVE() B_SPLINE_CURVE(2,(#546,#547,#548,#549,#550,#551
,#552),.UNSPECIFIED.,.T.,.F.) B_SPLINE_CURVE_WITH_KNOTS((1,2,2,2,2,1),(
    -2.094395102393,0.,2.094395102393,4.188790204786,6.28318530718,
8.377580409573),.UNSPECIFIED.) CURVE() GEOMETRIC_REPRESENTATION_ITEM() 
RATIONAL_B_SPLINE_CURVE((1.,0.5,1.,0.5,1.,0.5,1.)) REPRESENTATION_ITEM(
  '') );
#546 = CARTESIAN_POINT('',(-70.03667011913,-24.16329296247));
#547 = CARTESIAN_POINT('',(-26.69448671157,-24.3121677955));
#548 = CARTESIAN_POINT('',(-48.49450780274,-61.77316226542));
#549 = CARTESIAN_POINT('',(-70.29452889392,-99.23415673534));
#550 = CARTESIAN_POINT('',(-91.83669121031,-61.62428743238));
#551 = CARTESIAN_POINT('',(-113.3788535267,-24.01441812943));
#552 = CARTESIAN_POINT('',(-70.03667011913,-24.16329296247));
#553 = ( GEOMETRIC_REPRESENTATION_CONTEXT(2) 
PARAMETRIC_REPRESENTATION_CONTEXT() REPRESENTATION_CONTEXT('2D SPACE',''
  ) );
#554 = PCURVE('',#555,#560);
#555 = CYLINDRICAL_SURFACE('',#556,25.023768875819);
#556 = AXIS2_PLACEMENT_3D('',#557,#558,#559);
#557 = CARTESIAN_POINT('',(126.61427578547,-121.9270856981,0.));
#558 = DIRECTION('',(0.,0.,-1.));
#559 = DIRECTION('',(3.434851295055E-03,0.999994100881,0.));
#560 = DEFINITIONAL_REPRESENTATION('',(#561),#565);
#561 = LINE('',#562,#563);
#562 = CARTESIAN_POINT('',(0.,0.));
#563 = VECTOR('',#564,1.);
#564 = DIRECTION('',(1.,0.));
#565 = ( GEOMETRIC_REPRESENTATION_CONTEXT(2) 
PARAMETRIC_REPRESENTATION_CONTEXT() REPRESENTATION_CONTEXT('2D SPACE',''
  ) );
#566 = ORIENTED_EDGE('',*,*,#567,.T.);
#567 = EDGE_CURVE('',#535,#568,#570,.T.);
#568 = VERTEX_POINT('',#569);
#569 = CARTESIAN_POINT('',(158.57078349724,-132.2328108109,0.));
#570 = SURFACE_CURVE('',#571,(#575,#582),.PCURVE_S1.);
#571 = LINE('',#572,#573);
#572 = CARTESIAN_POINT('',(149.5131415761,-111.8359532417,0.));
#573 = VECTOR('',#574,1.);
#574 = DIRECTION('',(0.405853026603,-0.913938357219,0.));
#575 = PCURVE('',#126,#576);
#576 = DEFINITIONAL_REPRESENTATION('',(#577),#581);
#577 = LINE('',#578,#579);
#578 = CARTESIAN_POINT('',(-47.22375725343,-39.09578176368));
#579 = VECTOR('',#580,1.);
#580 = DIRECTION('',(0.405853026603,-0.913938357219));
#581 = ( GEOMETRIC_REPRESENTATION_CONTEXT(2) 
PARAMETRIC_REPRESENTATION_CONTEXT() REPRESENTATION_CONTEXT('2D SPACE',''
  ) );
#582 = PCURVE('',#583,#588);
#583 = PLANE('',#584);
#584 = AXIS2_PLACEMENT_3D('',#585,#586,#587);
#585 = CARTESIAN_POINT('',(149.5131415761,-111.8359532417,0.));
#586 = DIRECTION('',(0.913938357219,0.405853026603,-0.));
#587 = DIRECTION('',(0.405853026603,-0.913938357219,0.));
#588 = DEFINITIONAL_REPRESENTATION('',(#589),#593);
#589 = LINE('',#590,#591);
#590 = CARTESIAN_POINT('',(0.,0.));
#591 = VECTOR('',#592,1.);
#592 = DIRECTION('',(1.,0.));
#593 = ( GEOMETRIC_REPRESENTATION_CONTEXT(2) 
PARAMETRIC_REPRESENTATION_CONTEXT() REPRESENTATION_CONTEXT('2D SPACE',''
  ) );
#594 = ORIENTED_EDGE('',*,*,#595,.T.);
#595 = EDGE_CURVE('',#568,#596,#598,.T.);
#596 = VERTEX_POINT('',#597);
#597 = CARTESIAN_POINT('',(170.13714905644,-136.4100223271,0.));
#598 = SURFACE_CURVE('',#599,(#604,#611),.PCURVE_S1.);
#599 = CIRCLE('',#600,8.996381618343);
#600 = AXIS2_PLACEMENT_3D('',#601,#602,#603);
#601 = CARTESIAN_POINT('',(166.58468229876,-128.144741802,0.));
#602 = DIRECTION('',(0.,0.,1.));
#603 = DIRECTION('',(-0.890791336061,-0.454412583012,0.));
#604 = PCURVE('',#126,#605);
#605 = DEFINITIONAL_REPRESENTATION('',(#606),#610);
#606 = CIRCLE('',#607,8.996381618343);
#607 = AXIS2_PLACEMENT_2D('',#608,#609);
#608 = CARTESIAN_POINT('',(-30.15221653077,-55.404570324));
#609 = DIRECTION('',(-0.890791336061,-0.454412583012));
#610 = ( GEOMETRIC_REPRESENTATION_CONTEXT(2) 
PARAMETRIC_REPRESENTATION_CONTEXT() REPRESENTATION_CONTEXT('2D SPACE',''
  ) );
#611 = PCURVE('',#612,#617);
#612 = CYLINDRICAL_SURFACE('',#613,8.996381618343);
#613 = AXIS2_PLACEMENT_3D('',#614,#615,#616);
#614 = CARTESIAN_POINT('',(166.58468229876,-128.144741802,0.));
#615 = DIRECTION('',(-0.,-0.,-1.));
#616 = DIRECTION('',(-0.890791336061,-0.454412583012,0.));
#617 = DEFINITIONAL_REPRESENTATION('',(#618),#622);
#618 = LINE('',#619,#620);
#619 = CARTESIAN_POINT('',(-0.,0.));
#620 = VECTOR('',#621,1.);
#621 = DIRECTION('',(-1.,0.));
#622 = ( GEOMETRIC_REPRESENTATION_CONTEXT(2) 
PARAMETRIC_REPRESENTATION_CONTEXT() REPRESENTATION_CONTEXT('2D SPACE',''
  ) );
#623 = ORIENTED_EDGE('',*,*,#624,.T.);
#624 = EDGE_CURVE('',#596,#625,#627,.T.);
#625 = VERTEX_POINT('',#626);
#626 = CARTESIAN_POINT('',(184.06073669108,-130.2536900091,0.));
#627 = SURFACE_CURVE('',#628,(#632,#639),.PCURVE_S1.);
#628 = LINE('',#629,#630);
#629 = CARTESIAN_POINT('',(170.13714905644,-136.4100223271,0.));
#630 = VECTOR('',#631,1.);
#631 = DIRECTION('',(0.914588244776,0.404386377759,0.));
#632 = PCURVE('',#126,#633);
#633 = DEFINITIONAL_REPRESENTATION('',(#634),#638);
#634 = LINE('',#635,#636);
#635 = CARTESIAN_POINT('',(-26.59974977309,-63.66985084909));
#636 = VECTOR('',#637,1.);
#637 = DIRECTION('',(0.914588244776,0.404386377759));
#638 = ( GEOMETRIC_REPRESENTATION_CONTEXT(2) 
PARAMETRIC_REPRESENTATION_CONTEXT() REPRESENTATION_CONTEXT('2D SPACE',''
  ) );
#639 = PCURVE('',#640,#645);
#640 = PLANE('',#641);
#641 = AXIS2_PLACEMENT_3D('',#642,#643,#644);
#642 = CARTESIAN_POINT('',(170.13714905644,-136.4100223271,0.));
#643 = DIRECTION('',(-0.404386377759,0.914588244776,0.));
#644 = DIRECTION('',(0.914588244776,0.404386377759,0.));
#645 = DEFINITIONAL_REPRESENTATION('',(#646),#650);
#646 = LINE('',#647,#648);
#647 = CARTESIAN_POINT('',(0.,0.));
#648 = VECTOR('',#649,1.);
#649 = DIRECTION('',(1.,0.));
#650 = ( GEOMETRIC_REPRESENTATION_CONTEXT(2) 
PARAMETRIC_REPRESENTATION_CONTEXT() REPRESENTATION_CONTEXT('2D SPACE',''
  ) );
#651 = ORIENTED_EDGE('',*,*,#652,.T.);
#652 = EDGE_CURVE('',#625,#653,#655,.T.);
#653 = VERTEX_POINT('',#654);
#654 = CARTESIAN_POINT('',(189.0079197656,-128.6679351293,0.));
#655 = SURFACE_CURVE('',#656,(#661,#672),.PCURVE_S1.);
#656 = CIRCLE('',#657,26.111011216981);
#657 = AXIS2_PLACEMENT_3D('',#658,#659,#660);
#658 = CARTESIAN_POINT('',(194.464903996,-154.2023477891,0.));
#659 = DIRECTION('',(0.,0.,-1.));
#660 = DIRECTION('',(-0.39845899565,0.917186147293,0.));
#661 = PCURVE('',#126,#662);
#662 = DEFINITIONAL_REPRESENTATION('',(#663),#671);
#663 = ( BOUNDED_CURVE() B_SPLINE_CURVE(2,(#664,#665,#666,#667,#668,#669
,#670),.UNSPECIFIED.,.T.,.F.) B_SPLINE_CURVE_WITH_KNOTS((1,2,2,2,2,1),(
    -2.094395102393,0.,2.094395102393,4.188790204786,6.28318530718,
8.377580409573),.UNSPECIFIED.) CURVE() GEOMETRIC_REPRESENTATION_ITEM() 
RATIONAL_B_SPLINE_CURVE((1.,0.5,1.,0.5,1.,0.5,1.)) REPRESENTATION_ITEM(
  '') );
#664 = CARTESIAN_POINT('',(-12.67616213845,-57.51351853108));
#665 = CARTESIAN_POINT('',(28.804129909622,-39.49297214852));
#666 = CARTESIAN_POINT('',(23.67023484296,-84.42623200983));
#667 = CARTESIAN_POINT('',(18.536339776298,-129.3594918711));
#668 = CARTESIAN_POINT('',(-17.81005720511,-102.4467783924));
#669 = CARTESIAN_POINT('',(-54.15645418653,-75.53406491365));
#670 = CARTESIAN_POINT('',(-12.67616213845,-57.51351853108));
#671 = ( GEOMETRIC_REPRESENTATION_CONTEXT(2) 
PARAMETRIC_REPRESENTATION_CONTEXT() REPRESENTATION_CONTEXT('2D SPACE',''
  ) );
#672 = PCURVE('',#673,#678);
#673 = CYLINDRICAL_SURFACE('',#674,26.111011216981);
#674 = AXIS2_PLACEMENT_3D('',#675,#676,#677);
#675 = CARTESIAN_POINT('',(194.464903996,-154.2023477891,0.));
#676 = DIRECTION('',(0.,0.,-1.));
#677 = DIRECTION('',(-0.39845899565,0.917186147293,0.));
#678 = DEFINITIONAL_REPRESENTATION('',(#679),#683);
#679 = LINE('',#680,#681);
#680 = CARTESIAN_POINT('',(0.,0.));
#681 = VECTOR('',#682,1.);
#682 = DIRECTION('',(1.,0.));
#683 = ( GEOMETRIC_REPRESENTATION_CONTEXT(2) 
PARAMETRIC_REPRESENTATION_CONTEXT() REPRESENTATION_CONTEXT('2D SPACE',''
  ) );
#684 = ORIENTED_EDGE('',*,*,#685,.T.);
#685 = EDGE_CURVE('',#653,#686,#688,.T.);
#686 = VERTEX_POINT('',#687);
#687 = CARTESIAN_POINT('',(200.79207927547,-126.1796286508,0.));
#688 = SURFACE_CURVE('',#689,(#693,#700),.PCURVE_S1.);
#689 = LINE('',#690,#691);
#690 = CARTESIAN_POINT('',(189.0079197656,-128.6679351293,0.));
#691 = VECTOR('',#692,1.);
#692 = DIRECTION('',(0.978425230704,0.206601229237,0.));
#693 = PCURVE('',#126,#694);
#694 = DEFINITIONAL_REPRESENTATION('',(#695),#699);
#695 = LINE('',#696,#697);
#696 = CARTESIAN_POINT('',(-7.728979063937,-55.92776365127));
#697 = VECTOR('',#698,1.);
#698 = DIRECTION('',(0.978425230704,0.206601229237));
#699 = ( GEOMETRIC_REPRESENTATION_CONTEXT(2) 
PARAMETRIC_REPRESENTATION_CONTEXT() REPRESENTATION_CONTEXT('2D SPACE',''
  ) );
#700 = PCURVE('',#701,#706);
#701 = PLANE('',#702);
#702 = AXIS2_PLACEMENT_3D('',#703,#704,#705);
#703 = CARTESIAN_POINT('',(189.0079197656,-128.6679351293,0.));
#704 = DIRECTION('',(-0.206601229237,0.978425230704,0.));
#705 = DIRECTION('',(0.978425230704,0.206601229237,0.));
#706 = DEFINITIONAL_REPRESENTATION('',(#707),#711);
#707 = LINE('',#708,#709);
#708 = CARTESIAN_POINT('',(0.,0.));
#709 = VECTOR('',#710,1.);
#710 = DIRECTION('',(1.,0.));
#711 = ( GEOMETRIC_REPRESENTATION_CONTEXT(2) 
PARAMETRIC_REPRESENTATION_CONTEXT() REPRESENTATION_CONTEXT('2D SPACE',''
  ) );
#712 = ORIENTED_EDGE('',*,*,#713,.T.);
#713 = EDGE_CURVE('',#686,#714,#716,.T.);
#714 = VERTEX_POINT('',#715);
#715 = CARTESIAN_POINT('',(205.9651951554,-125.6506777149,0.));
#716 = SURFACE_CURVE('',#717,(#722,#733),.PCURVE_S1.);
#717 = CIRCLE('',#718,26.11064457842);
#718 = AXIS2_PLACEMENT_3D('',#719,#720,#721);
#719 = CARTESIAN_POINT('',(206.02140100806,-151.7612617988,0.));
#720 = DIRECTION('',(0.,0.,-1.));
#721 = DIRECTION('',(-0.200275474506,0.979739625774,0.));
#722 = PCURVE('',#126,#723);
#723 = DEFINITIONAL_REPRESENTATION('',(#724),#732);
#724 = ( BOUNDED_CURVE() B_SPLINE_CURVE(2,(#725,#726,#727,#728,#729,#730
,#731),.UNSPECIFIED.,.T.,.F.) B_SPLINE_CURVE_WITH_KNOTS((1,2,2,2,2,1),(
    -2.094395102393,0.,2.094395102393,4.188790204786,6.28318530718,
8.377580409573),.UNSPECIFIED.) CURVE() GEOMETRIC_REPRESENTATION_ITEM() 
RATIONAL_B_SPLINE_CURVE((1.,0.5,1.,0.5,1.,0.5,1.)) REPRESENTATION_ITEM(
  '') );
#725 = CARTESIAN_POINT('',(4.055180445934,-53.4394571728));
#726 = CARTESIAN_POINT('',(48.363868798816,-44.38200624283));
#727 = CARTESIAN_POINT('',(34.053507221265,-87.28318142978));
#728 = CARTESIAN_POINT('',(19.743145643715,-130.1843566167));
#729 = CARTESIAN_POINT('',(-10.25518113161,-96.34063235975));
#730 = CARTESIAN_POINT('',(-40.25350790694,-62.49690810278));
#731 = CARTESIAN_POINT('',(4.055180445934,-53.4394571728));
#732 = ( GEOMETRIC_REPRESENTATION_CONTEXT(2) 
PARAMETRIC_REPRESENTATION_CONTEXT() REPRESENTATION_CONTEXT('2D SPACE',''
  ) );
#733 = PCURVE('',#734,#739);
#734 = CYLINDRICAL_SURFACE('',#735,26.11064457842);
#735 = AXIS2_PLACEMENT_3D('',#736,#737,#738);
#736 = CARTESIAN_POINT('',(206.02140100806,-151.7612617988,0.));
#737 = DIRECTION('',(0.,0.,-1.));
#738 = DIRECTION('',(-0.200275474506,0.979739625774,0.));
#739 = DEFINITIONAL_REPRESENTATION('',(#740),#744);
#740 = LINE('',#741,#742);
#741 = CARTESIAN_POINT('',(0.,0.));
#742 = VECTOR('',#743,1.);
#743 = DIRECTION('',(1.,0.));
#744 = ( GEOMETRIC_REPRESENTATION_CONTEXT(2) 
PARAMETRIC_REPRESENTATION_CONTEXT() REPRESENTATION_CONTEXT('2D SPACE',''
  ) );
#745 = ORIENTED_EDGE('',*,*,#746,.T.);
#746 = EDGE_CURVE('',#714,#747,#749,.T.);
#747 = VERTEX_POINT('',#748);
#748 = CARTESIAN_POINT('',(221.43236428105,-125.6338114043,0.));
#749 = SURFACE_CURVE('',#750,(#754,#761),.PCURVE_S1.);
#750 = LINE('',#751,#752);
#751 = CARTESIAN_POINT('',(205.9651951554,-125.6506777149,0.));
#752 = VECTOR('',#753,1.);
#753 = DIRECTION('',(0.99999940545,1.090458143612E-03,0.));
#754 = PCURVE('',#126,#755);
#755 = DEFINITIONAL_REPRESENTATION('',(#756),#760);
#756 = LINE('',#757,#758);
#757 = CARTESIAN_POINT('',(9.228296325866,-52.91050623687));
#758 = VECTOR('',#759,1.);
#759 = DIRECTION('',(0.99999940545,1.090458143612E-03));
#760 = ( GEOMETRIC_REPRESENTATION_CONTEXT(2) 
PARAMETRIC_REPRESENTATION_CONTEXT() REPRESENTATION_CONTEXT('2D SPACE',''
  ) );
#761 = PCURVE('',#762,#767);
#762 = PLANE('',#763);
#763 = AXIS2_PLACEMENT_3D('',#764,#765,#766);
#764 = CARTESIAN_POINT('',(205.9651951554,-125.6506777149,0.));
#765 = DIRECTION('',(-1.090458143612E-03,0.99999940545,0.));
#766 = DIRECTION('',(0.99999940545,1.090458143612E-03,0.));
#767 = DEFINITIONAL_REPRESENTATION('',(#768),#772);
#768 = LINE('',#769,#770);
#769 = CARTESIAN_POINT('',(0.,0.));
#770 = VECTOR('',#771,1.);
#771 = DIRECTION('',(1.,0.));
#772 = ( GEOMETRIC_REPRESENTATION_CONTEXT(2) 
PARAMETRIC_REPRESENTATION_CONTEXT() REPRESENTATION_CONTEXT('2D SPACE',''
  ) );
#773 = ORIENTED_EDGE('',*,*,#774,.T.);
#774 = EDGE_CURVE('',#747,#775,#777,.T.);
#775 = VERTEX_POINT('',#776);
#776 = CARTESIAN_POINT('',(228.63110811507,-121.3155935689,0.));
#777 = SURFACE_CURVE('',#778,(#783,#790),.PCURVE_S1.);
#778 = CIRCLE('',#779,8.996425229285);
#779 = AXIS2_PLACEMENT_3D('',#780,#781,#782);
#780 = CARTESIAN_POINT('',(220.93846198702,-116.6509539842,0.));
#781 = DIRECTION('',(0.,0.,1.));
#782 = DIRECTION('',(5.489983870687E-02,-0.998491866622,0.));
#783 = PCURVE('',#126,#784);
#784 = DEFINITIONAL_REPRESENTATION('',(#785),#789);
#785 = CIRCLE('',#786,8.996425229285);
#786 = AXIS2_PLACEMENT_2D('',#787,#788);
#787 = CARTESIAN_POINT('',(24.201563157485,-43.9107825062));
#788 = DIRECTION('',(5.489983870687E-02,-0.998491866622));
#789 = ( GEOMETRIC_REPRESENTATION_CONTEXT(2) 
PARAMETRIC_REPRESENTATION_CONTEXT() REPRESENTATION_CONTEXT('2D SPACE',''
  ) );
#790 = PCURVE('',#791,#796);
#791 = CYLINDRICAL_SURFACE('',#792,8.996425229285);
#792 = AXIS2_PLACEMENT_3D('',#793,#794,#795);
#793 = CARTESIAN_POINT('',(220.93846198702,-116.6509539842,0.));
#794 = DIRECTION('',(-0.,-0.,-1.));
#795 = DIRECTION('',(5.489983870687E-02,-0.998491866622,0.));
#796 = DEFINITIONAL_REPRESENTATION('',(#797),#801);
#797 = LINE('',#798,#799);
#798 = CARTESIAN_POINT('',(-0.,0.));
#799 = VECTOR('',#800,1.);
#800 = DIRECTION('',(-1.,0.));
#801 = ( GEOMETRIC_REPRESENTATION_CONTEXT(2) 
PARAMETRIC_REPRESENTATION_CONTEXT() REPRESENTATION_CONTEXT('2D SPACE',''
  ) );
#802 = ORIENTED_EDGE('',*,*,#803,.T.);
#803 = EDGE_CURVE('',#775,#804,#806,.T.);
#804 = VERTEX_POINT('',#805);
#805 = CARTESIAN_POINT('',(230.05654010592,-119.1665876445,0.));
#806 = SURFACE_CURVE('',#807,(#811,#818),.PCURVE_S1.);
#807 = LINE('',#808,#809);
#808 = CARTESIAN_POINT('',(228.63110811507,-121.3155935689,0.));
#809 = VECTOR('',#810,1.);
#810 = DIRECTION('',(0.552755374899,0.833343563916,0.));
#811 = PCURVE('',#126,#812);
#812 = DEFINITIONAL_REPRESENTATION('',(#813),#817);
#813 = LINE('',#814,#815);
#814 = CARTESIAN_POINT('',(31.894209285531,-48.57542209086));
#815 = VECTOR('',#816,1.);
#816 = DIRECTION('',(0.552755374899,0.833343563916));
#817 = ( GEOMETRIC_REPRESENTATION_CONTEXT(2) 
PARAMETRIC_REPRESENTATION_CONTEXT() REPRESENTATION_CONTEXT('2D SPACE',''
  ) );
#818 = PCURVE('',#819,#824);
#819 = PLANE('',#820);
#820 = AXIS2_PLACEMENT_3D('',#821,#822,#823);
#821 = CARTESIAN_POINT('',(228.63110811507,-121.3155935689,0.));
#822 = DIRECTION('',(-0.833343563916,0.552755374899,0.));
#823 = DIRECTION('',(0.552755374899,0.833343563916,0.));
#824 = DEFINITIONAL_REPRESENTATION('',(#825),#829);
#825 = LINE('',#826,#827);
#826 = CARTESIAN_POINT('',(0.,0.));
#827 = VECTOR('',#828,1.);
#828 = DIRECTION('',(1.,0.));
#829 = ( GEOMETRIC_REPRESENTATION_CONTEXT(2) 
PARAMETRIC_REPRESENTATION_CONTEXT() REPRESENTATION_CONTEXT('2D SPACE',''
  ) );
#830 = ORIENTED_EDGE('',*,*,#831,.T.);
#831 = EDGE_CURVE('',#804,#832,#834,.T.);
#832 = VERTEX_POINT('',#833);
#833 = CARTESIAN_POINT('',(250.25835675492,-108.9803577927,0.));
#834 = SURFACE_CURVE('',#835,(#840,#851),.PCURVE_S1.);
#835 = CIRCLE('',#836,25.023213003455);
#836 = AXIS2_PLACEMENT_3D('',#837,#838,#839);
#837 = CARTESIAN_POINT('',(250.20664446198,-134.0035173625,0.));
#838 = DIRECTION('',(0.,0.,-1.));
#839 = DIRECTION('',(-0.805256477387,0.592926644389,0.));
#840 = PCURVE('',#126,#841);
#841 = DEFINITIONAL_REPRESENTATION('',(#842),#850);
#842 = ( BOUNDED_CURVE() B_SPLINE_CURVE(2,(#843,#844,#845,#846,#847,#848
,#849),.UNSPECIFIED.,.T.,.F.) B_SPLINE_CURVE_WITH_KNOTS((1,2,2,2,2,1),(
    -2.094395102393,0.,2.094395102393,4.188790204786,6.28318530718,
8.377580409573),.UNSPECIFIED.) CURVE() GEOMETRIC_REPRESENTATION_ITEM() 
RATIONAL_B_SPLINE_CURVE((1.,0.5,1.,0.5,1.,0.5,1.)) REPRESENTATION_ITEM(
  '') );
#843 = CARTESIAN_POINT('',(33.319641276385,-46.4264161665));
#844 = CARTESIAN_POINT('',(59.017957376248,-11.52541164399));
#845 = CARTESIAN_POINT('',(76.393955860406,-51.23130848221));
#846 = CARTESIAN_POINT('',(93.769954344563,-90.93720532043));
#847 = CARTESIAN_POINT('',(50.695639760542,-86.13231300472));
#848 = CARTESIAN_POINT('',(7.621325176521,-81.32742068901));
#849 = CARTESIAN_POINT('',(33.319641276385,-46.4264161665));
#850 = ( GEOMETRIC_REPRESENTATION_CONTEXT(2) 
PARAMETRIC_REPRESENTATION_CONTEXT() REPRESENTATION_CONTEXT('2D SPACE',''
  ) );
#851 = PCURVE('',#852,#857);
#852 = CYLINDRICAL_SURFACE('',#853,25.023213003455);
#853 = AXIS2_PLACEMENT_3D('',#854,#855,#856);
#854 = CARTESIAN_POINT('',(250.20664446198,-134.0035173625,0.));
#855 = DIRECTION('',(0.,0.,-1.));
#856 = DIRECTION('',(-0.805256477387,0.592926644389,0.));
#857 = DEFINITIONAL_REPRESENTATION('',(#858),#862);
#858 = LINE('',#859,#860);
#859 = CARTESIAN_POINT('',(0.,0.));
#860 = VECTOR('',#861,1.);
#861 = DIRECTION('',(1.,0.));
#862 = ( GEOMETRIC_REPRESENTATION_CONTEXT(2) 
PARAMETRIC_REPRESENTATION_CONTEXT() REPRESENTATION_CONTEXT('2D SPACE',''
  ) );
#863 = ORIENTED_EDGE('',*,*,#864,.T.);
#864 = EDGE_CURVE('',#832,#865,#867,.T.);
#865 = VERTEX_POINT('',#866);
#866 = CARTESIAN_POINT('',(288.10736428099,-108.9650614043,0.));
#867 = SURFACE_CURVE('',#868,(#872,#879),.PCURVE_S1.);
#868 = LINE('',#869,#870);
#869 = CARTESIAN_POINT('',(250.25835675492,-108.9803577927,0.));
#870 = VECTOR('',#871,1.);
#871 = DIRECTION('',(0.999999918334,4.04142357408E-04,0.));
#872 = PCURVE('',#126,#873);
#873 = DEFINITIONAL_REPRESENTATION('',(#874),#878);
#874 = LINE('',#875,#876);
#875 = CARTESIAN_POINT('',(53.521457925383,-36.24018631469));
#876 = VECTOR('',#877,1.);
#877 = DIRECTION('',(0.999999918334,4.04142357408E-04));
#878 = ( GEOMETRIC_REPRESENTATION_CONTEXT(2) 
PARAMETRIC_REPRESENTATION_CONTEXT() REPRESENTATION_CONTEXT('2D SPACE',''
  ) );
#879 = PCURVE('',#880,#885);
#880 = PLANE('',#881);
#881 = AXIS2_PLACEMENT_3D('',#882,#883,#884);
#882 = CARTESIAN_POINT('',(250.25835675492,-108.9803577927,0.));
#883 = DIRECTION('',(-4.04142357408E-04,0.999999918334,0.));
#884 = DIRECTION('',(0.999999918334,4.04142357408E-04,0.));
#885 = DEFINITIONAL_REPRESENTATION('',(#886),#890);
#886 = LINE('',#887,#888);
#887 = CARTESIAN_POINT('',(0.,0.));
#888 = VECTOR('',#889,1.);
#889 = DIRECTION('',(1.,0.));
#890 = ( GEOMETRIC_REPRESENTATION_CONTEXT(2) 
PARAMETRIC_REPRESENTATION_CONTEXT() REPRESENTATION_CONTEXT('2D SPACE',''
  ) );
#891 = ORIENTED_EDGE('',*,*,#892,.T.);
#892 = EDGE_CURVE('',#865,#893,#895,.T.);
#893 = VERTEX_POINT('',#894);
#894 = CARTESIAN_POINT('',(296.60929611171,-100.0792859405,0.));
#895 = SURFACE_CURVE('',#896,(#901,#908),.PCURVE_S1.);
#896 = CIRCLE('',#897,8.99634240493);
#897 = AXIS2_PLACEMENT_3D('',#898,#899,#900);
#898 = CARTESIAN_POINT('',(287.61347665471,-99.98228612723,0.));
#899 = DIRECTION('',(0.,0.,1.));
#900 = DIRECTION('',(5.48987137278E-02,-0.998491928476,0.));
#901 = PCURVE('',#126,#902);
#902 = DEFINITIONAL_REPRESENTATION('',(#903),#907);
#903 = CIRCLE('',#904,8.99634240493);
#904 = AXIS2_PLACEMENT_2D('',#905,#906);
#905 = CARTESIAN_POINT('',(90.876577825173,-27.24211464919));
#906 = DIRECTION('',(5.48987137278E-02,-0.998491928476));
#907 = ( GEOMETRIC_REPRESENTATION_CONTEXT(2) 
PARAMETRIC_REPRESENTATION_CONTEXT() REPRESENTATION_CONTEXT('2D SPACE',''
  ) );
#908 = PCURVE('',#909,#914);
#909 = CYLINDRICAL_SURFACE('',#910,8.99634240493);
#910 = AXIS2_PLACEMENT_3D('',#911,#912,#913);
#911 = CARTESIAN_POINT('',(287.61347665471,-99.98228612723,0.));
#912 = DIRECTION('',(-0.,-0.,-1.));
#913 = DIRECTION('',(5.48987137278E-02,-0.998491928476,0.));
#914 = DEFINITIONAL_REPRESENTATION('',(#915),#919);
#915 = LINE('',#916,#917);
#916 = CARTESIAN_POINT('',(-0.,0.));
#917 = VECTOR('',#918,1.);
#918 = DIRECTION('',(-1.,0.));
#919 = ( GEOMETRIC_REPRESENTATION_CONTEXT(2) 
PARAMETRIC_REPRESENTATION_CONTEXT() REPRESENTATION_CONTEXT('2D SPACE',''
  ) );
#920 = ORIENTED_EDGE('',*,*,#921,.T.);
#921 = EDGE_CURVE('',#893,#922,#924,.T.);
#922 = VERTEX_POINT('',#923);
#923 = CARTESIAN_POINT('',(296.59631140436,-43.33638571905,0.));
#924 = SURFACE_CURVE('',#925,(#929,#936),.PCURVE_S1.);
#925 = LINE('',#926,#927);
#926 = CARTESIAN_POINT('',(296.60929611171,-100.0792859405,0.));
#927 = VECTOR('',#928,1.);
#928 = DIRECTION('',(-2.288340383252E-04,0.999999973817,0.));
#929 = PCURVE('',#126,#930);
#930 = DEFINITIONAL_REPRESENTATION('',(#931),#935);
#931 = LINE('',#932,#933);
#932 = CARTESIAN_POINT('',(99.872397282174,-27.33911446252));
#933 = VECTOR('',#934,1.);
#934 = DIRECTION('',(-2.288340383252E-04,0.999999973817));
#935 = ( GEOMETRIC_REPRESENTATION_CONTEXT(2) 
PARAMETRIC_REPRESENTATION_CONTEXT() REPRESENTATION_CONTEXT('2D SPACE',''
  ) );
#936 = PCURVE('',#937,#942);
#937 = PLANE('',#938);
#938 = AXIS2_PLACEMENT_3D('',#939,#940,#941);
#939 = CARTESIAN_POINT('',(296.60929611171,-100.0792859405,0.));
#940 = DIRECTION('',(-0.999999973817,-2.288340383252E-04,0.));
#941 = DIRECTION('',(-2.288340383252E-04,0.999999973817,0.));
#942 = DEFINITIONAL_REPRESENTATION('',(#943),#947);
#943 = LINE('',#944,#945);
#944 = CARTESIAN_POINT('',(0.,0.));
#945 = VECTOR('',#946,1.);
#946 = DIRECTION('',(1.,0.));
#947 = ( GEOMETRIC_REPRESENTATION_CONTEXT(2) 
PARAMETRIC_REPRESENTATION_CONTEXT() REPRESENTATION_CONTEXT('2D SPACE',''
  ) );
#948 = ORIENTED_EDGE('',*,*,#949,.T.);
#949 = EDGE_CURVE('',#922,#950,#952,.T.);
#950 = VERTEX_POINT('',#951);
#951 = CARTESIAN_POINT('',(287.7108987425,-34.83444437314,0.));
#952 = SURFACE_CURVE('',#953,(#958,#965),.PCURVE_S1.);
#953 = CIRCLE('',#954,8.996367231152);
#954 = AXIS2_PLACEMENT_3D('',#955,#956,#957);
#955 = CARTESIAN_POINT('',(287.61351187551,-43.83028447598,0.));
#956 = DIRECTION('',(0.,0.,1.));
#957 = DIRECTION('',(0.998491868779,5.489979946865E-02,-0.));
#958 = PCURVE('',#126,#959);
#959 = DEFINITIONAL_REPRESENTATION('',(#960),#964);
#960 = CIRCLE('',#961,8.996367231152);
#961 = AXIS2_PLACEMENT_2D('',#962,#963);
#962 = CARTESIAN_POINT('',(90.876613045973,28.909887002058));
#963 = DIRECTION('',(0.998491868779,5.489979946865E-02));
#964 = ( GEOMETRIC_REPRESENTATION_CONTEXT(2) 
PARAMETRIC_REPRESENTATION_CONTEXT() REPRESENTATION_CONTEXT('2D SPACE',''
  ) );
#965 = PCURVE('',#966,#971);
#966 = CYLINDRICAL_SURFACE('',#967,8.996367231152);
#967 = AXIS2_PLACEMENT_3D('',#968,#969,#970);
#968 = CARTESIAN_POINT('',(287.61351187551,-43.83028447598,0.));
#969 = DIRECTION('',(-0.,-0.,-1.));
#970 = DIRECTION('',(0.998491868779,5.489979946865E-02,-0.));
#971 = DEFINITIONAL_REPRESENTATION('',(#972),#976);
#972 = LINE('',#973,#974);
#973 = CARTESIAN_POINT('',(-0.,0.));
#974 = VECTOR('',#975,1.);
#975 = DIRECTION('',(-1.,0.));
#976 = ( GEOMETRIC_REPRESENTATION_CONTEXT(2) 
PARAMETRIC_REPRESENTATION_CONTEXT() REPRESENTATION_CONTEXT('2D SPACE',''
  ) );
#977 = ORIENTED_EDGE('',*,*,#978,.T.);
#978 = EDGE_CURVE('',#950,#979,#981,.T.);
#979 = VERTEX_POINT('',#980);
#980 = CARTESIAN_POINT('',(266.90304378361,-34.82700556635,0.));
#981 = SURFACE_CURVE('',#982,(#986,#993),.PCURVE_S1.);
#982 = LINE('',#983,#984);
#983 = CARTESIAN_POINT('',(287.7108987425,-34.83444437314,0.));
#984 = VECTOR('',#985,1.);
#985 = DIRECTION('',(-0.999999936097,3.574999121642E-04,0.));
#986 = PCURVE('',#126,#987);
#987 = DEFINITIONAL_REPRESENTATION('',(#988),#992);
#988 = LINE('',#989,#990);
#989 = CARTESIAN_POINT('',(90.97399991297,37.905727104898));
#990 = VECTOR('',#991,1.);
#991 = DIRECTION('',(-0.999999936097,3.574999121642E-04));
#992 = ( GEOMETRIC_REPRESENTATION_CONTEXT(2) 
PARAMETRIC_REPRESENTATION_CONTEXT() REPRESENTATION_CONTEXT('2D SPACE',''
  ) );
#993 = PCURVE('',#994,#999);
#994 = PLANE('',#995);
#995 = AXIS2_PLACEMENT_3D('',#996,#997,#998);
#996 = CARTESIAN_POINT('',(287.7108987425,-34.83444437314,0.));
#997 = DIRECTION('',(-3.574999121642E-04,-0.999999936097,0.));
#998 = DIRECTION('',(-0.999999936097,3.574999121642E-04,0.));
#999 = DEFINITIONAL_REPRESENTATION('',(#1000),#1004);
#1000 = LINE('',#1001,#1002);
#1001 = CARTESIAN_POINT('',(0.,0.));
#1002 = VECTOR('',#1003,1.);
#1003 = DIRECTION('',(1.,0.));
#1004 = ( GEOMETRIC_REPRESENTATION_CONTEXT(2) 
PARAMETRIC_REPRESENTATION_CONTEXT() REPRESENTATION_CONTEXT('2D SPACE',''
  ) );
#1005 = ORIENTED_EDGE('',*,*,#1006,.T.);
#1006 = EDGE_CURVE('',#979,#1007,#1009,.T.);
#1007 = VERTEX_POINT('',#1008);
#1008 = CARTESIAN_POINT('',(254.17446692141,-31.29986431021,0.));
#1009 = SURFACE_CURVE('',#1010,(#1015,#1026),.PCURVE_S1.);
#1010 = CIRCLE('',#1011,25.18125548189);
#1011 = AXIS2_PLACEMENT_3D('',#1012,#1013,#1014);
#1012 = CARTESIAN_POINT('',(267.02780696474,-9.646059162515,0.));
#1013 = DIRECTION('',(0.,0.,-1.));
#1014 = DIRECTION('',(-4.954605270559E-03,-0.999987725868,-0.));
#1015 = PCURVE('',#126,#1016);
#1016 = DEFINITIONAL_REPRESENTATION('',(#1017),#1025);
#1017 = ( BOUNDED_CURVE() B_SPLINE_CURVE(2,(#1018,#1019,#1020,#1021,
#1022,#1023,#1024),.UNSPECIFIED.,.T.,.F.) B_SPLINE_CURVE_WITH_KNOTS((1,2
    ,2,2,2,1),(-2.094395102393,0.,2.094395102393,4.188790204786,
6.28318530718,8.377580409573),.UNSPECIFIED.) CURVE() 
GEOMETRIC_REPRESENTATION_ITEM() RATIONAL_B_SPLINE_CURVE((1.,0.5,1.,0.5,
1.,0.5,1.)) REPRESENTATION_ITEM('') );
#1018 = CARTESIAN_POINT('',(70.166144954079,37.913165911694));
#1019 = CARTESIAN_POINT('',(26.551466399966,38.129262080324));
#1020 = CARTESIAN_POINT('',(48.545950448717,75.792633601763));
#1021 = CARTESIAN_POINT('',(70.540434497469,113.4560051232));
#1022 = CARTESIAN_POINT('',(92.16062900283,75.576537433132));
#1023 = CARTESIAN_POINT('',(113.78082350819,37.697069743063));
#1024 = CARTESIAN_POINT('',(70.166144954079,37.913165911694));
#1025 = ( GEOMETRIC_REPRESENTATION_CONTEXT(2) 
PARAMETRIC_REPRESENTATION_CONTEXT() REPRESENTATION_CONTEXT('2D SPACE',''
  ) );
#1026 = PCURVE('',#1027,#1032);
#1027 = CYLINDRICAL_SURFACE('',#1028,25.18125548189);
#1028 = AXIS2_PLACEMENT_3D('',#1029,#1030,#1031);
#1029 = CARTESIAN_POINT('',(267.02780696474,-9.646059162515,0.));
#1030 = DIRECTION('',(0.,0.,-1.));
#1031 = DIRECTION('',(-4.954605270559E-03,-0.999987725868,-0.));
#1032 = DEFINITIONAL_REPRESENTATION('',(#1033),#1037);
#1033 = LINE('',#1034,#1035);
#1034 = CARTESIAN_POINT('',(0.,0.));
#1035 = VECTOR('',#1036,1.);
#1036 = DIRECTION('',(1.,0.));
#1037 = ( GEOMETRIC_REPRESENTATION_CONTEXT(2) 
PARAMETRIC_REPRESENTATION_CONTEXT() REPRESENTATION_CONTEXT('2D SPACE',''
  ) );
#1038 = ORIENTED_EDGE('',*,*,#1039,.T.);
#1039 = EDGE_CURVE('',#1007,#1040,#1042,.T.);
#1040 = VERTEX_POINT('',#1041);
#1041 = CARTESIAN_POINT('',(249.73484742239,-30.07193202847,0.));
#1042 = SURFACE_CURVE('',#1043,(#1048,#1055),.PCURVE_S1.);
#1043 = CIRCLE('',#1044,8.996095736618);
#1044 = AXIS2_PLACEMENT_3D('',#1045,#1046,#1047);
#1045 = CARTESIAN_POINT('',(249.63643451487,-39.06748945433,0.));
#1046 = DIRECTION('',(0.,0.,1.));
#1047 = DIRECTION('',(0.504444654593,0.863444028558,-0.));
#1048 = PCURVE('',#126,#1049);
#1049 = DEFINITIONAL_REPRESENTATION('',(#1050),#1054);
#1050 = CIRCLE('',#1051,8.996095736618);
#1051 = AXIS2_PLACEMENT_2D('',#1052,#1053);
#1052 = CARTESIAN_POINT('',(52.899535685336,33.672682023706));
#1053 = DIRECTION('',(0.504444654593,0.863444028558));
#1054 = ( GEOMETRIC_REPRESENTATION_CONTEXT(2) 
PARAMETRIC_REPRESENTATION_CONTEXT() REPRESENTATION_CONTEXT('2D SPACE',''
  ) );
#1055 = PCURVE('',#1056,#1061);
#1056 = CYLINDRICAL_SURFACE('',#1057,8.996095736618);
#1057 = AXIS2_PLACEMENT_3D('',#1058,#1059,#1060);
#1058 = CARTESIAN_POINT('',(249.63643451487,-39.06748945433,0.));
#1059 = DIRECTION('',(-0.,-0.,-1.));
#1060 = DIRECTION('',(0.504444654593,0.863444028558,-0.));
#1061 = DEFINITIONAL_REPRESENTATION('',(#1062),#1066);
#1062 = LINE('',#1063,#1064);
#1063 = CARTESIAN_POINT('',(-0.,0.));
#1064 = VECTOR('',#1065,1.);
#1065 = DIRECTION('',(-1.,0.));
#1066 = ( GEOMETRIC_REPRESENTATION_CONTEXT(2) 
PARAMETRIC_REPRESENTATION_CONTEXT() REPRESENTATION_CONTEXT('2D SPACE',''
  ) );
#1067 = ORIENTED_EDGE('',*,*,#1068,.T.);
#1068 = EDGE_CURVE('',#1040,#1069,#1071,.T.);
#1069 = VERTEX_POINT('',#1070);
#1070 = CARTESIAN_POINT('',(243.34777989297,-30.06553476092,0.));
#1071 = SURFACE_CURVE('',#1072,(#1076,#1083),.PCURVE_S1.);
#1072 = LINE('',#1073,#1074);
#1073 = CARTESIAN_POINT('',(249.73484742239,-30.07193202847,0.));
#1074 = VECTOR('',#1075,1.);
#1075 = DIRECTION('',(-0.999999498402,1.001596477739E-03,0.));
#1076 = PCURVE('',#126,#1077);
#1077 = DEFINITIONAL_REPRESENTATION('',(#1078),#1082);
#1078 = LINE('',#1079,#1080);
#1079 = CARTESIAN_POINT('',(52.997948592853,42.66823944957));
#1080 = VECTOR('',#1081,1.);
#1081 = DIRECTION('',(-0.999999498402,1.001596477739E-03));
#1082 = ( GEOMETRIC_REPRESENTATION_CONTEXT(2) 
PARAMETRIC_REPRESENTATION_CONTEXT() REPRESENTATION_CONTEXT('2D SPACE',''
  ) );
#1083 = PCURVE('',#1084,#1089);
#1084 = PLANE('',#1085);
#1085 = AXIS2_PLACEMENT_3D('',#1086,#1087,#1088);
#1086 = CARTESIAN_POINT('',(249.73484742239,-30.07193202847,0.));
#1087 = DIRECTION('',(-1.001596477739E-03,-0.999999498402,0.));
#1088 = DIRECTION('',(-0.999999498402,1.001596477739E-03,0.));
#1089 = DEFINITIONAL_REPRESENTATION('',(#1090),#1094);
#1090 = LINE('',#1091,#1092);
#1091 = CARTESIAN_POINT('',(0.,0.));
#1092 = VECTOR('',#1093,1.);
#1093 = DIRECTION('',(1.,0.));
#1094 = ( GEOMETRIC_REPRESENTATION_CONTEXT(2) 
PARAMETRIC_REPRESENTATION_CONTEXT() REPRESENTATION_CONTEXT('2D SPACE',''
  ) );
#1095 = ORIENTED_EDGE('',*,*,#1096,.T.);
#1096 = EDGE_CURVE('',#1069,#1097,#1099,.T.);
#1097 = VERTEX_POINT('',#1098);
#1098 = CARTESIAN_POINT('',(234.15312279868,-28.28680484863,0.));
#1099 = SURFACE_CURVE('',#1100,(#1105,#1116),.PCURVE_S1.);
#1100 = CIRCLE('',#1101,25.285822224066);
#1101 = AXIS2_PLACEMENT_3D('',#1102,#1103,#1104);
#1102 = CARTESIAN_POINT('',(243.46995125426,-4.780007681081,0.));
#1103 = DIRECTION('',(0.,0.,-1.));
#1104 = DIRECTION('',(-4.831615132105E-03,-0.999988327679,-0.));
#1105 = PCURVE('',#126,#1106);
#1106 = DEFINITIONAL_REPRESENTATION('',(#1107),#1115);
#1107 = ( BOUNDED_CURVE() B_SPLINE_CURVE(2,(#1108,#1109,#1110,#1111,
#1112,#1113,#1114),.UNSPECIFIED.,.T.,.F.) B_SPLINE_CURVE_WITH_KNOTS((1,2
    ,2,2,2,1),(-2.094395102393,0.,2.094395102393,4.188790204786,
6.28318530718,8.377580409573),.UNSPECIFIED.) CURVE() 
GEOMETRIC_REPRESENTATION_ITEM() RATIONAL_B_SPLINE_CURVE((1.,0.5,1.,0.5,
1.,0.5,1.)) REPRESENTATION_ITEM('') );
#1108 = CARTESIAN_POINT('',(46.610881063437,42.674636717119));
#1109 = CARTESIAN_POINT('',(2.815063464988,42.886243722096));
#1110 = CARTESIAN_POINT('',(24.896229306141,80.708730839374));
#1111 = CARTESIAN_POINT('',(46.977395147293,118.53121795665));
#1112 = CARTESIAN_POINT('',(68.69204690459,80.497123834397));
#1113 = CARTESIAN_POINT('',(90.406698661886,42.463029712143));
#1114 = CARTESIAN_POINT('',(46.610881063437,42.674636717119));
#1115 = ( GEOMETRIC_REPRESENTATION_CONTEXT(2) 
PARAMETRIC_REPRESENTATION_CONTEXT() REPRESENTATION_CONTEXT('2D SPACE',''
  ) );
#1116 = PCURVE('',#1117,#1122);
#1117 = CYLINDRICAL_SURFACE('',#1118,25.285822224066);
#1118 = AXIS2_PLACEMENT_3D('',#1119,#1120,#1121);
#1119 = CARTESIAN_POINT('',(243.46995125426,-4.780007681081,0.));
#1120 = DIRECTION('',(0.,0.,-1.));
#1121 = DIRECTION('',(-4.831615132105E-03,-0.999988327679,-0.));
#1122 = DEFINITIONAL_REPRESENTATION('',(#1123),#1127);
#1123 = LINE('',#1124,#1125);
#1124 = CARTESIAN_POINT('',(0.,0.));
#1125 = VECTOR('',#1126,1.);
#1126 = DIRECTION('',(1.,0.));
#1127 = ( GEOMETRIC_REPRESENTATION_CONTEXT(2) 
PARAMETRIC_REPRESENTATION_CONTEXT() REPRESENTATION_CONTEXT('2D SPACE',''
  ) );
#1128 = ORIENTED_EDGE('',*,*,#1129,.T.);
#1129 = EDGE_CURVE('',#1097,#142,#1130,.T.);
#1130 = SURFACE_CURVE('',#1131,(#1136,#1143),.PCURVE_S1.);
#1131 = CIRCLE('',#1132,9.15823775267);
#1132 = AXIS2_PLACEMENT_3D('',#1133,#1134,#1135);
#1133 = CARTESIAN_POINT('',(230.88317508921,-36.8413802742,0.));
#1134 = DIRECTION('',(0.,0.,1.));
#1135 = DIRECTION('',(0.35704988206,0.934085318224,-0.));
#1136 = PCURVE('',#126,#1137);
#1137 = DEFINITIONAL_REPRESENTATION('',(#1138),#1142);
#1138 = CIRCLE('',#1139,9.15823775267);
#1139 = AXIS2_PLACEMENT_2D('',#1140,#1141);
#1140 = CARTESIAN_POINT('',(34.146276259674,35.898791203842));
#1141 = DIRECTION('',(0.35704988206,0.934085318224));
#1142 = ( GEOMETRIC_REPRESENTATION_CONTEXT(2) 
PARAMETRIC_REPRESENTATION_CONTEXT() REPRESENTATION_CONTEXT('2D SPACE',''
  ) );
#1143 = PCURVE('',#159,#1144);
#1144 = DEFINITIONAL_REPRESENTATION('',(#1145),#1149);
#1145 = LINE('',#1146,#1147);
#1146 = CARTESIAN_POINT('',(-0.,0.));
#1147 = VECTOR('',#1148,1.);
#1148 = DIRECTION('',(-1.,0.));
#1149 = ( GEOMETRIC_REPRESENTATION_CONTEXT(2) 
PARAMETRIC_REPRESENTATION_CONTEXT() REPRESENTATION_CONTEXT('2D SPACE',''
  ) );
#1150 = ORIENTED_EDGE('',*,*,#198,.T.);
#1151 = FACE_BOUND('',#1152,.F.);
#1152 = EDGE_LOOP('',(#1153));
#1153 = ORIENTED_EDGE('',*,*,#1154,.F.);
#1154 = EDGE_CURVE('',#1155,#1155,#1157,.T.);
#1155 = VERTEX_POINT('',#1156);
#1156 = CARTESIAN_POINT('',(170.85189014134,-133.3657094118,0.));
#1157 = SURFACE_CURVE('',#1158,(#1163,#1170),.PCURVE_S1.);
#1158 = CIRCLE('',#1159,3.);
#1159 = AXIS2_PLACEMENT_3D('',#1160,#1161,#1162);
#1160 = CARTESIAN_POINT('',(167.85189014134,-133.3657094118,0.));
#1161 = DIRECTION('',(0.,0.,1.));
#1162 = DIRECTION('',(1.,0.,-0.));
#1163 = PCURVE('',#126,#1164);
#1164 = DEFINITIONAL_REPRESENTATION('',(#1165),#1169);
#1165 = CIRCLE('',#1166,3.);
#1166 = AXIS2_PLACEMENT_2D('',#1167,#1168);
#1167 = CARTESIAN_POINT('',(-28.88500868819,-60.62553793376));
#1168 = DIRECTION('',(1.,0.));
#1169 = ( GEOMETRIC_REPRESENTATION_CONTEXT(2) 
PARAMETRIC_REPRESENTATION_CONTEXT() REPRESENTATION_CONTEXT('2D SPACE',''
  ) );
#1170 = PCURVE('',#1171,#1176);
#1171 = CYLINDRICAL_SURFACE('',#1172,3.);
#1172 = AXIS2_PLACEMENT_3D('',#1173,#1174,#1175);
#1173 = CARTESIAN_POINT('',(167.85189014134,-133.3657094118,-1.));
#1174 = DIRECTION('',(0.,0.,1.));
#1175 = DIRECTION('',(1.,0.,-0.));
#1176 = DEFINITIONAL_REPRESENTATION('',(#1177),#1181);
#1177 = LINE('',#1178,#1179);
#1178 = CARTESIAN_POINT('',(0.,1.));
#1179 = VECTOR('',#1180,1.);
#1180 = DIRECTION('',(1.,0.));
#1181 = ( GEOMETRIC_REPRESENTATION_CONTEXT(2) 
PARAMETRIC_REPRESENTATION_CONTEXT() REPRESENTATION_CONTEXT('2D SPACE',''
  ) );
#1182 = FACE_BOUND('',#1183,.F.);
#1183 = EDGE_LOOP('',(#1184));
#1184 = ORIENTED_EDGE('',*,*,#1185,.F.);
#1185 = EDGE_CURVE('',#1186,#1186,#1188,.T.);
#1186 = VERTEX_POINT('',#1187);
#1187 = CARTESIAN_POINT('',(203.91118222068,-122.4450797957,0.));
#1188 = SURFACE_CURVE('',#1189,(#1194,#1201),.PCURVE_S1.);
#1189 = CIRCLE('',#1190,3.);
#1190 = AXIS2_PLACEMENT_3D('',#1191,#1192,#1193);
#1191 = CARTESIAN_POINT('',(200.91118222068,-122.4450797957,0.));
#1192 = DIRECTION('',(0.,0.,1.));
#1193 = DIRECTION('',(1.,0.,-0.));
#1194 = PCURVE('',#126,#1195);
#1195 = DEFINITIONAL_REPRESENTATION('',(#1196),#1200);
#1196 = CIRCLE('',#1197,3.);
#1197 = AXIS2_PLACEMENT_2D('',#1198,#1199);
#1198 = CARTESIAN_POINT('',(4.174283391144,-49.70490831775));
#1199 = DIRECTION('',(1.,0.));
#1200 = ( GEOMETRIC_REPRESENTATION_CONTEXT(2) 
PARAMETRIC_REPRESENTATION_CONTEXT() REPRESENTATION_CONTEXT('2D SPACE',''
  ) );
#1201 = PCURVE('',#1202,#1207);
#1202 = CYLINDRICAL_SURFACE('',#1203,3.);
#1203 = AXIS2_PLACEMENT_3D('',#1204,#1205,#1206);
#1204 = CARTESIAN_POINT('',(200.91118222068,-122.4450797957,-1.));
#1205 = DIRECTION('',(0.,0.,1.));
#1206 = DIRECTION('',(1.,0.,-0.));
#1207 = DEFINITIONAL_REPRESENTATION('',(#1208),#1212);
#1208 = LINE('',#1209,#1210);
#1209 = CARTESIAN_POINT('',(0.,1.));
#1210 = VECTOR('',#1211,1.);
#1211 = DIRECTION('',(1.,0.));
#1212 = ( GEOMETRIC_REPRESENTATION_CONTEXT(2) 
PARAMETRIC_REPRESENTATION_CONTEXT() REPRESENTATION_CONTEXT('2D SPACE',''
  ) );
#1213 = FACE_BOUND('',#1214,.F.);
#1214 = EDGE_LOOP('',(#1215));
#1215 = ORIENTED_EDGE('',*,*,#1216,.F.);
#1216 = EDGE_CURVE('',#1217,#1217,#1219,.T.);
#1217 = VERTEX_POINT('',#1218);
#1218 = CARTESIAN_POINT('',(229.31250000018,-100.1598284082,0.));
#1219 = SURFACE_CURVE('',#1220,(#1225,#1232),.PCURVE_S1.);
#1220 = CIRCLE('',#1221,3.);
#1221 = AXIS2_PLACEMENT_3D('',#1222,#1223,#1224);
#1222 = CARTESIAN_POINT('',(226.31250000018,-100.1598284082,0.));
#1223 = DIRECTION('',(0.,0.,1.));
#1224 = DIRECTION('',(1.,0.,-0.));
#1225 = PCURVE('',#126,#1226);
#1226 = DEFINITIONAL_REPRESENTATION('',(#1227),#1231);
#1227 = CIRCLE('',#1228,3.);
#1228 = AXIS2_PLACEMENT_2D('',#1229,#1230);
#1229 = CARTESIAN_POINT('',(29.575601170648,-27.41965693016));
#1230 = DIRECTION('',(1.,0.));
#1231 = ( GEOMETRIC_REPRESENTATION_CONTEXT(2) 
PARAMETRIC_REPRESENTATION_CONTEXT() REPRESENTATION_CONTEXT('2D SPACE',''
  ) );
#1232 = PCURVE('',#1233,#1238);
#1233 = CYLINDRICAL_SURFACE('',#1234,3.);
#1234 = AXIS2_PLACEMENT_3D('',#1235,#1236,#1237);
#1235 = CARTESIAN_POINT('',(226.31250000018,-100.1598284082,-1.));
#1236 = DIRECTION('',(0.,0.,1.));
#1237 = DIRECTION('',(1.,0.,-0.));
#1238 = DEFINITIONAL_REPRESENTATION('',(#1239),#1243);
#1239 = LINE('',#1240,#1241);
#1240 = CARTESIAN_POINT('',(0.,1.));
#1241 = VECTOR('',#1242,1.);
#1242 = DIRECTION('',(1.,0.));
#1243 = ( GEOMETRIC_REPRESENTATION_CONTEXT(2) 
PARAMETRIC_REPRESENTATION_CONTEXT() REPRESENTATION_CONTEXT('2D SPACE',''
  ) );
#1244 = FACE_BOUND('',#1245,.F.);
#1245 = EDGE_LOOP('',(#1246));
#1246 = ORIENTED_EDGE('',*,*,#1247,.F.);
#1247 = EDGE_CURVE('',#1248,#1248,#1250,.T.);
#1248 = VERTEX_POINT('',#1249);
#1249 = CARTESIAN_POINT('',(261.91763420165,-105.3562500066,0.));
#1250 = SURFACE_CURVE('',#1251,(#1256,#1263),.PCURVE_S1.);
#1251 = CIRCLE('',#1252,3.);
#1252 = AXIS2_PLACEMENT_3D('',#1253,#1254,#1255);
#1253 = CARTESIAN_POINT('',(258.91763420165,-105.3562500066,0.));
#1254 = DIRECTION('',(0.,0.,1.));
#1255 = DIRECTION('',(1.,0.,-0.));
#1256 = PCURVE('',#126,#1257);
#1257 = DEFINITIONAL_REPRESENTATION('',(#1258),#1262);
#1258 = CIRCLE('',#1259,3.);
#1259 = AXIS2_PLACEMENT_2D('',#1260,#1261);
#1260 = CARTESIAN_POINT('',(62.180735372112,-32.6160785286));
#1261 = DIRECTION('',(1.,0.));
#1262 = ( GEOMETRIC_REPRESENTATION_CONTEXT(2) 
PARAMETRIC_REPRESENTATION_CONTEXT() REPRESENTATION_CONTEXT('2D SPACE',''
  ) );
#1263 = PCURVE('',#1264,#1269);
#1264 = CYLINDRICAL_SURFACE('',#1265,3.);
#1265 = AXIS2_PLACEMENT_3D('',#1266,#1267,#1268);
#1266 = CARTESIAN_POINT('',(258.91763420165,-105.3562500066,-1.));
#1267 = DIRECTION('',(0.,0.,1.));
#1268 = DIRECTION('',(1.,0.,-0.));
#1269 = DEFINITIONAL_REPRESENTATION('',(#1270),#1274);
#1270 = LINE('',#1271,#1272);
#1271 = CARTESIAN_POINT('',(0.,1.));
#1272 = VECTOR('',#1273,1.);
#1273 = DIRECTION('',(1.,0.));
#1274 = ( GEOMETRIC_REPRESENTATION_CONTEXT(2) 
PARAMETRIC_REPRESENTATION_CONTEXT() REPRESENTATION_CONTEXT('2D SPACE',''
  ) );
#1275 = FACE_BOUND('',#1276,.F.);
#1276 = EDGE_LOOP('',(#1277));
#1277 = ORIENTED_EDGE('',*,*,#1278,.F.);
#1278 = EDGE_CURVE('',#1279,#1279,#1281,.T.);
#1279 = VERTEX_POINT('',#1280);
#1280 = CARTESIAN_POINT('',(295.09692776023,-102.9422195671,0.));
#1281 = SURFACE_CURVE('',#1282,(#1287,#1294),.PCURVE_S1.);
#1282 = CIRCLE('',#1283,3.);
#1283 = AXIS2_PLACEMENT_3D('',#1284,#1285,#1286);
#1284 = CARTESIAN_POINT('',(292.09692776023,-102.9422195671,0.));
#1285 = DIRECTION('',(0.,0.,1.));
#1286 = DIRECTION('',(1.,0.,-0.));
#1287 = PCURVE('',#126,#1288);
#1288 = DEFINITIONAL_REPRESENTATION('',(#1289),#1293);
#1289 = CIRCLE('',#1290,3.);
#1290 = AXIS2_PLACEMENT_2D('',#1291,#1292);
#1291 = CARTESIAN_POINT('',(95.360028930693,-30.20204808909));
#1292 = DIRECTION('',(1.,0.));
#1293 = ( GEOMETRIC_REPRESENTATION_CONTEXT(2) 
PARAMETRIC_REPRESENTATION_CONTEXT() REPRESENTATION_CONTEXT('2D SPACE',''
  ) );
#1294 = PCURVE('',#1295,#1300);
#1295 = CYLINDRICAL_SURFACE('',#1296,3.);
#1296 = AXIS2_PLACEMENT_3D('',#1297,#1298,#1299);
#1297 = CARTESIAN_POINT('',(292.09692776023,-102.9422195671,-1.));
#1298 = DIRECTION('',(0.,0.,1.));
#1299 = DIRECTION('',(1.,0.,-0.));
#1300 = DEFINITIONAL_REPRESENTATION('',(#1301),#1305);
#1301 = LINE('',#1302,#1303);
#1302 = CARTESIAN_POINT('',(0.,1.));
#1303 = VECTOR('',#1304,1.);
#1304 = DIRECTION('',(1.,0.));
#1305 = ( GEOMETRIC_REPRESENTATION_CONTEXT(2) 
PARAMETRIC_REPRESENTATION_CONTEXT() REPRESENTATION_CONTEXT('2D SPACE',''
  ) );
#1306 = FACE_BOUND('',#1307,.F.);
#1307 = EDGE_LOOP('',(#1308,#1336));
#1308 = ORIENTED_EDGE('',*,*,#1309,.T.);
#1309 = EDGE_CURVE('',#1310,#1312,#1314,.T.);
#1310 = VERTEX_POINT('',#1311);
#1311 = CARTESIAN_POINT('',(178.8701,-62.8415,0.));
#1312 = VERTEX_POINT('',#1313);
#1313 = CARTESIAN_POINT('',(178.81898873943,-63.22972856765,0.));
#1314 = SURFACE_CURVE('',#1315,(#1319,#1325),.PCURVE_S1.);
#1315 = LINE('',#1316,#1317);
#1316 = CARTESIAN_POINT('',(178.35625229652,-66.74456080696,
    1.110223024625E-16));
#1317 = VECTOR('',#1318,1.);
#1318 = DIRECTION('',(-0.13052619222,-0.991444861374,0.));
#1319 = PCURVE('',#126,#1320);
#1320 = DEFINITIONAL_REPRESENTATION('',(#1321),#1324);
#1321 = B_SPLINE_CURVE_WITH_KNOTS('',1,(#1322,#1323),.UNSPECIFIED.,.F.,
  .F.,(2,2),(-3.936740164807,-3.545161588147),.PIECEWISE_BEZIER_KNOTS.);
#1322 = CARTESIAN_POINT('',(-17.86679882953,9.898671478044));
#1323 = CARTESIAN_POINT('',(-17.9179100901,9.51044291039));
#1324 = ( GEOMETRIC_REPRESENTATION_CONTEXT(2) 
PARAMETRIC_REPRESENTATION_CONTEXT() REPRESENTATION_CONTEXT('2D SPACE',''
  ) );
#1325 = PCURVE('',#1326,#1331);
#1326 = PLANE('',#1327);
#1327 = AXIS2_PLACEMENT_3D('',#1328,#1329,#1330);
#1328 = CARTESIAN_POINT('',(178.81898873943,-63.22972856765,-1.));
#1329 = DIRECTION('',(-0.991444861374,0.13052619222,0.));
#1330 = DIRECTION('',(0.13052619222,0.991444861374,0.));
#1331 = DEFINITIONAL_REPRESENTATION('',(#1332),#1335);
#1332 = B_SPLINE_CURVE_WITH_KNOTS('',1,(#1333,#1334),.UNSPECIFIED.,.F.,
  .F.,(2,2),(-3.936740164807,-3.545161588147),.PIECEWISE_BEZIER_KNOTS.);
#1333 = CARTESIAN_POINT('',(0.39157857666,-1.));
#1334 = CARTESIAN_POINT('',(-7.105427357601E-15,-1.));
#1335 = ( GEOMETRIC_REPRESENTATION_CONTEXT(2) 
PARAMETRIC_REPRESENTATION_CONTEXT() REPRESENTATION_CONTEXT('2D SPACE',''
  ) );
#1336 = ORIENTED_EDGE('',*,*,#1337,.T.);
#1337 = EDGE_CURVE('',#1312,#1310,#1338,.T.);
#1338 = SURFACE_CURVE('',#1339,(#1344,#1355),.PCURVE_S1.);
#1339 = CIRCLE('',#1340,1.5);
#1340 = AXIS2_PLACEMENT_3D('',#1341,#1342,#1343);
#1341 = CARTESIAN_POINT('',(177.3701,-62.8415,0.));
#1342 = DIRECTION('',(0.,-0.,-1.));
#1343 = DIRECTION('',(1.,-4.736951571734E-15,0.));
#1344 = PCURVE('',#126,#1345);
#1345 = DEFINITIONAL_REPRESENTATION('',(#1346),#1354);
#1346 = ( BOUNDED_CURVE() B_SPLINE_CURVE(2,(#1347,#1348,#1349,#1350,
#1351,#1352,#1353),.UNSPECIFIED.,.T.,.F.) B_SPLINE_CURVE_WITH_KNOTS((1,2
    ,2,2,2,1),(-2.094395102393,0.,2.094395102393,4.188790204786,
6.28318530718,8.377580409573),.UNSPECIFIED.) CURVE() 
GEOMETRIC_REPRESENTATION_ITEM() RATIONAL_B_SPLINE_CURVE((1.,0.5,1.,0.5,
1.,0.5,1.)) REPRESENTATION_ITEM('') );
#1347 = CARTESIAN_POINT('',(-17.86679882953,9.898671478044));
#1348 = CARTESIAN_POINT('',(-17.86679882953,7.300595266691));
#1349 = CARTESIAN_POINT('',(-20.11679882953,8.599633372368));
#1350 = CARTESIAN_POINT('',(-22.36679882953,9.898671478044));
#1351 = CARTESIAN_POINT('',(-20.11679882953,11.197709583721));
#1352 = CARTESIAN_POINT('',(-17.86679882953,12.496747689398));
#1353 = CARTESIAN_POINT('',(-17.86679882953,9.898671478044));
#1354 = ( GEOMETRIC_REPRESENTATION_CONTEXT(2) 
PARAMETRIC_REPRESENTATION_CONTEXT() REPRESENTATION_CONTEXT('2D SPACE',''
  ) );
#1355 = PCURVE('',#1356,#1361);
#1356 = CYLINDRICAL_SURFACE('',#1357,1.5);
#1357 = AXIS2_PLACEMENT_3D('',#1358,#1359,#1360);
#1358 = CARTESIAN_POINT('',(177.3701,-62.8415,-1.));
#1359 = DIRECTION('',(-0.,-0.,-1.));
#1360 = DIRECTION('',(1.,-4.736951571734E-15,0.));
#1361 = DEFINITIONAL_REPRESENTATION('',(#1362),#1366);
#1362 = LINE('',#1363,#1364);
#1363 = CARTESIAN_POINT('',(-6.28318530718,-1.));
#1364 = VECTOR('',#1365,1.);
#1365 = DIRECTION('',(1.,-0.));
#1366 = ( GEOMETRIC_REPRESENTATION_CONTEXT(2) 
PARAMETRIC_REPRESENTATION_CONTEXT() REPRESENTATION_CONTEXT('2D SPACE',''
  ) );
#1367 = FACE_BOUND('',#1368,.F.);
#1368 = EDGE_LOOP('',(#1369,#1397));
#1369 = ORIENTED_EDGE('',*,*,#1370,.T.);
#1370 = EDGE_CURVE('',#1371,#1373,#1375,.T.);
#1371 = VERTEX_POINT('',#1372);
#1372 = CARTESIAN_POINT('',(177.5,-57.,0.));
#1373 = VERTEX_POINT('',#1374);
#1374 = CARTESIAN_POINT('',(177.44888873943,-57.38822856765,0.));
#1375 = SURFACE_CURVE('',#1376,(#1380,#1386),.PCURVE_S1.);
#1376 = LINE('',#1377,#1378);
#1377 = CARTESIAN_POINT('',(176.61985068988,-63.6853977421,
    1.110223024625E-16));
#1378 = VECTOR('',#1379,1.);
#1379 = DIRECTION('',(-0.13052619222,-0.991444861374,0.));
#1380 = PCURVE('',#126,#1381);
#1381 = DEFINITIONAL_REPRESENTATION('',(#1382),#1385);
#1382 = B_SPLINE_CURVE_WITH_KNOTS('',1,(#1383,#1384),.UNSPECIFIED.,.F.,
  .F.,(2,2),(-6.743085775684,-6.351507199024),.PIECEWISE_BEZIER_KNOTS.);
#1383 = CARTESIAN_POINT('',(-19.23689882953,15.740171478044));
#1384 = CARTESIAN_POINT('',(-19.2880100901,15.35194291039));
#1385 = ( GEOMETRIC_REPRESENTATION_CONTEXT(2) 
PARAMETRIC_REPRESENTATION_CONTEXT() REPRESENTATION_CONTEXT('2D SPACE',''
  ) );
#1386 = PCURVE('',#1387,#1392);
#1387 = PLANE('',#1388);
#1388 = AXIS2_PLACEMENT_3D('',#1389,#1390,#1391);
#1389 = CARTESIAN_POINT('',(177.44888873943,-57.38822856765,-1.));
#1390 = DIRECTION('',(-0.991444861374,0.13052619222,0.));
#1391 = DIRECTION('',(0.13052619222,0.991444861374,0.));
#1392 = DEFINITIONAL_REPRESENTATION('',(#1393),#1396);
#1393 = B_SPLINE_CURVE_WITH_KNOTS('',1,(#1394,#1395),.UNSPECIFIED.,.F.,
  .F.,(2,2),(-6.743085775684,-6.351507199024),.PIECEWISE_BEZIER_KNOTS.);
#1394 = CARTESIAN_POINT('',(0.39157857666,-1.));
#1395 = CARTESIAN_POINT('',(0.,-1.));
#1396 = ( GEOMETRIC_REPRESENTATION_CONTEXT(2) 
PARAMETRIC_REPRESENTATION_CONTEXT() REPRESENTATION_CONTEXT('2D SPACE',''
  ) );
#1397 = ORIENTED_EDGE('',*,*,#1398,.T.);
#1398 = EDGE_CURVE('',#1373,#1371,#1399,.T.);
#1399 = SURFACE_CURVE('',#1400,(#1405,#1416),.PCURVE_S1.);
#1400 = CIRCLE('',#1401,1.5);
#1401 = AXIS2_PLACEMENT_3D('',#1402,#1403,#1404);
#1402 = CARTESIAN_POINT('',(176.,-57.,0.));
#1403 = DIRECTION('',(0.,-0.,-1.));
#1404 = DIRECTION('',(1.,4.736951571734E-15,-0.));
#1405 = PCURVE('',#126,#1406);
#1406 = DEFINITIONAL_REPRESENTATION('',(#1407),#1415);
#1407 = ( BOUNDED_CURVE() B_SPLINE_CURVE(2,(#1408,#1409,#1410,#1411,
#1412,#1413,#1414),.UNSPECIFIED.,.T.,.F.) B_SPLINE_CURVE_WITH_KNOTS((1,2
    ,2,2,2,1),(-2.094395102393,0.,2.094395102393,4.188790204786,
6.28318530718,8.377580409573),.UNSPECIFIED.) CURVE() 
GEOMETRIC_REPRESENTATION_ITEM() RATIONAL_B_SPLINE_CURVE((1.,0.5,1.,0.5,
1.,0.5,1.)) REPRESENTATION_ITEM('') );
#1408 = CARTESIAN_POINT('',(-19.23689882953,15.740171478044));
#1409 = CARTESIAN_POINT('',(-19.23689882953,13.142095266691));
#1410 = CARTESIAN_POINT('',(-21.48689882953,14.441133372368));
#1411 = CARTESIAN_POINT('',(-23.73689882953,15.740171478044));
#1412 = CARTESIAN_POINT('',(-21.48689882953,17.039209583721));
#1413 = CARTESIAN_POINT('',(-19.23689882953,18.338247689398));
#1414 = CARTESIAN_POINT('',(-19.23689882953,15.740171478044));
#1415 = ( GEOMETRIC_REPRESENTATION_CONTEXT(2) 
PARAMETRIC_REPRESENTATION_CONTEXT() REPRESENTATION_CONTEXT('2D SPACE',''
  ) );
#1416 = PCURVE('',#1417,#1422);
#1417 = CYLINDRICAL_SURFACE('',#1418,1.5);
#1418 = AXIS2_PLACEMENT_3D('',#1419,#1420,#1421);
#1419 = CARTESIAN_POINT('',(176.,-57.,-1.));
#1420 = DIRECTION('',(-0.,-0.,-1.));
#1421 = DIRECTION('',(1.,4.736951571734E-15,-0.));
#1422 = DEFINITIONAL_REPRESENTATION('',(#1423),#1427);
#1423 = LINE('',#1424,#1425);
#1424 = CARTESIAN_POINT('',(-6.28318530718,-1.));
#1425 = VECTOR('',#1426,1.);
#1426 = DIRECTION('',(1.,-0.));
#1427 = ( GEOMETRIC_REPRESENTATION_CONTEXT(2) 
PARAMETRIC_REPRESENTATION_CONTEXT() REPRESENTATION_CONTEXT('2D SPACE',''
  ) );
#1428 = FACE_BOUND('',#1429,.F.);
#1429 = EDGE_LOOP('',(#1430));
#1430 = ORIENTED_EDGE('',*,*,#1431,.F.);
#1431 = EDGE_CURVE('',#1432,#1432,#1434,.T.);
#1432 = VERTEX_POINT('',#1433);
#1433 = CARTESIAN_POINT('',(152.8875,-24.81768431614,0.));
#1434 = SURFACE_CURVE('',#1435,(#1440,#1447),.PCURVE_S1.);
#1435 = CIRCLE('',#1436,3.);
#1436 = AXIS2_PLACEMENT_3D('',#1437,#1438,#1439);
#1437 = CARTESIAN_POINT('',(149.8875,-24.81768431614,0.));
#1438 = DIRECTION('',(0.,0.,1.));
#1439 = DIRECTION('',(1.,0.,-0.));
#1440 = PCURVE('',#126,#1441);
#1441 = DEFINITIONAL_REPRESENTATION('',(#1442),#1446);
#1442 = CIRCLE('',#1443,3.);
#1443 = AXIS2_PLACEMENT_2D('',#1444,#1445);
#1444 = CARTESIAN_POINT('',(-46.84939882953,47.922487161899));
#1445 = DIRECTION('',(1.,0.));
#1446 = ( GEOMETRIC_REPRESENTATION_CONTEXT(2) 
PARAMETRIC_REPRESENTATION_CONTEXT() REPRESENTATION_CONTEXT('2D SPACE',''
  ) );
#1447 = PCURVE('',#1448,#1453);
#1448 = CYLINDRICAL_SURFACE('',#1449,3.);
#1449 = AXIS2_PLACEMENT_3D('',#1450,#1451,#1452);
#1450 = CARTESIAN_POINT('',(149.8875,-24.81768431614,-1.));
#1451 = DIRECTION('',(0.,0.,1.));
#1452 = DIRECTION('',(1.,0.,-0.));
#1453 = DEFINITIONAL_REPRESENTATION('',(#1454),#1458);
#1454 = LINE('',#1455,#1456);
#1455 = CARTESIAN_POINT('',(0.,1.));
#1456 = VECTOR('',#1457,1.);
#1457 = DIRECTION('',(1.,0.));
#1458 = ( GEOMETRIC_REPRESENTATION_CONTEXT(2) 
PARAMETRIC_REPRESENTATION_CONTEXT() REPRESENTATION_CONTEXT('2D SPACE',''
  ) );
#1459 = FACE_BOUND('',#1460,.F.);
#1460 = EDGE_LOOP('',(#1461));
#1461 = ORIENTED_EDGE('',*,*,#1462,.F.);
#1462 = EDGE_CURVE('',#1463,#1463,#1465,.T.);
#1463 = VERTEX_POINT('',#1464);
#1464 = CARTESIAN_POINT('',(240.64211901703,-33.69374999882,0.));
#1465 = SURFACE_CURVE('',#1466,(#1471,#1478),.PCURVE_S1.);
#1466 = CIRCLE('',#1467,3.);
#1467 = AXIS2_PLACEMENT_3D('',#1468,#1469,#1470);
#1468 = CARTESIAN_POINT('',(237.64211901703,-33.69374999882,0.));
#1469 = DIRECTION('',(0.,0.,1.));
#1470 = DIRECTION('',(1.,0.,-0.));
#1471 = PCURVE('',#126,#1472);
#1472 = DEFINITIONAL_REPRESENTATION('',(#1473),#1477);
#1473 = CIRCLE('',#1474,3.);
#1474 = AXIS2_PLACEMENT_2D('',#1475,#1476);
#1475 = CARTESIAN_POINT('',(40.905220187499,39.046421479223));
#1476 = DIRECTION('',(1.,0.));
#1477 = ( GEOMETRIC_REPRESENTATION_CONTEXT(2) 
PARAMETRIC_REPRESENTATION_CONTEXT() REPRESENTATION_CONTEXT('2D SPACE',''
  ) );
#1478 = PCURVE('',#1479,#1484);
#1479 = CYLINDRICAL_SURFACE('',#1480,3.);
#1480 = AXIS2_PLACEMENT_3D('',#1481,#1482,#1483);
#1481 = CARTESIAN_POINT('',(237.64211901703,-33.69374999882,-1.));
#1482 = DIRECTION('',(0.,0.,1.));
#1483 = DIRECTION('',(1.,0.,-0.));
#1484 = DEFINITIONAL_REPRESENTATION('',(#1485),#1489);
#1485 = LINE('',#1486,#1487);
#1486 = CARTESIAN_POINT('',(0.,1.));
#1487 = VECTOR('',#1488,1.);
#1488 = DIRECTION('',(1.,0.));
#1489 = ( GEOMETRIC_REPRESENTATION_CONTEXT(2) 
PARAMETRIC_REPRESENTATION_CONTEXT() REPRESENTATION_CONTEXT('2D SPACE',''
  ) );
#1490 = FACE_BOUND('',#1491,.F.);
#1491 = EDGE_LOOP('',(#1492));
#1492 = ORIENTED_EDGE('',*,*,#1493,.F.);
#1493 = EDGE_CURVE('',#1494,#1494,#1496,.T.);
#1494 = VERTEX_POINT('',#1495);
#1495 = CARTESIAN_POINT('',(295.98750000034,-46.11720669061,0.));
#1496 = SURFACE_CURVE('',#1497,(#1502,#1509),.PCURVE_S1.);
#1497 = CIRCLE('',#1498,3.);
#1498 = AXIS2_PLACEMENT_3D('',#1499,#1500,#1501);
#1499 = CARTESIAN_POINT('',(292.98750000034,-46.11720669061,0.));
#1500 = DIRECTION('',(0.,0.,1.));
#1501 = DIRECTION('',(1.,0.,-0.));
#1502 = PCURVE('',#126,#1503);
#1503 = DEFINITIONAL_REPRESENTATION('',(#1504),#1508);
#1504 = CIRCLE('',#1505,3.);
#1505 = AXIS2_PLACEMENT_2D('',#1506,#1507);
#1506 = CARTESIAN_POINT('',(96.250601170805,26.622964787432));
#1507 = DIRECTION('',(1.,0.));
#1508 = ( GEOMETRIC_REPRESENTATION_CONTEXT(2) 
PARAMETRIC_REPRESENTATION_CONTEXT() REPRESENTATION_CONTEXT('2D SPACE',''
  ) );
#1509 = PCURVE('',#1510,#1515);
#1510 = CYLINDRICAL_SURFACE('',#1511,3.);
#1511 = AXIS2_PLACEMENT_3D('',#1512,#1513,#1514);
#1512 = CARTESIAN_POINT('',(292.98750000034,-46.11720669061,-1.));
#1513 = DIRECTION('',(0.,0.,1.));
#1514 = DIRECTION('',(1.,0.,-0.));
#1515 = DEFINITIONAL_REPRESENTATION('',(#1516),#1520);
#1516 = LINE('',#1517,#1518);
#1517 = CARTESIAN_POINT('',(0.,1.));
#1518 = VECTOR('',#1519,1.);
#1519 = DIRECTION('',(1.,0.));
#1520 = ( GEOMETRIC_REPRESENTATION_CONTEXT(2) 
PARAMETRIC_REPRESENTATION_CONTEXT() REPRESENTATION_CONTEXT('2D SPACE',''
  ) );
#1521 = ADVANCED_FACE('',(#1522,#5390,#5421,#5452,#5483,#5514,#5545,
    #5576,#5607),#72,.T.);
#1522 = FACE_BOUND('',#1523,.T.);
#1523 = EDGE_LOOP('',(#1524,#1525,#1526,#1527,#1550,#1576,#1602,#1635,
    #1661,#1694,#1720,#1753,#1779,#1812,#1845,#1878,#1904,#1937,#1964,
    #1997,#2023,#2056,#2082,#2108,#2141,#2167,#2200,#2226,#2247,#2280,
    #2313,#2339,#2372,#2405,#2431,#2457,#2490,#2516,#2549,#2575,#2596,
    #2629,#2655,#2681,#2714,#2740,#2773,#2799,#2820,#2853,#2879,#2905,
    #2938,#2964,#2997,#3023,#3044,#3077,#3110,#3136,#3169,#3202,#3228,
    #3261,#3287,#3313,#3346,#3372,#3405,#3431,#3452,#3485,#3511,#3537,
    #3570,#3596,#3629,#3655,#3676,#3709,#3735,#3768,#3794,#3820,#3853,
    #3879,#3912,#3938,#3959,#3985,#4018,#4044,#4077,#4103,#4136,#4162,
    #4188,#4221,#4247,#4280,#4306,#4339,#4365,#4398,#4424,#4457,#4483,
    #4516,#4542,#4575,#4601,#4634,#4655,#4681,#4704,#4728,#4756,#4779,
    #4803,#4826,#4850,#4873,#4901,#4924,#4948,#4971,#4999,#5022,#5050,
    #5073,#5097,#5120,#5148,#5171,#5195,#5218,#5242,#5265,#5293,#5317,
    #5340,#5368));
#1524 = ORIENTED_EDGE('',*,*,#171,.T.);
#1525 = ORIENTED_EDGE('',*,*,#56,.T.);
#1526 = ORIENTED_EDGE('',*,*,#228,.T.);
#1527 = ORIENTED_EDGE('',*,*,#1528,.T.);
#1528 = EDGE_CURVE('',#229,#1529,#1531,.T.);
#1529 = VERTEX_POINT('',#1530);
#1530 = CARTESIAN_POINT('',(182.5125,-20.85,12.1));
#1531 = SURFACE_CURVE('',#1532,(#1536,#1543),.PCURVE_S1.);
#1532 = LINE('',#1533,#1534);
#1533 = CARTESIAN_POINT('',(214.73091722502,-20.85,12.1));
#1534 = VECTOR('',#1535,1.);
#1535 = DIRECTION('',(-1.,0.,0.));
#1536 = PCURVE('',#72,#1537);
#1537 = DEFINITIONAL_REPRESENTATION('',(#1538),#1542);
#1538 = LINE('',#1539,#1540);
#1539 = CARTESIAN_POINT('',(17.994018395484,51.890171478044));
#1540 = VECTOR('',#1541,1.);
#1541 = DIRECTION('',(-1.,0.));
#1542 = ( GEOMETRIC_REPRESENTATION_CONTEXT(2) 
PARAMETRIC_REPRESENTATION_CONTEXT() REPRESENTATION_CONTEXT('2D SPACE',''
  ) );
#1543 = PCURVE('',#268,#1544);
#1544 = DEFINITIONAL_REPRESENTATION('',(#1545),#1549);
#1545 = LINE('',#1546,#1547);
#1546 = CARTESIAN_POINT('',(0.,-12.1));
#1547 = VECTOR('',#1548,1.);
#1548 = DIRECTION('',(1.,0.));
#1549 = ( GEOMETRIC_REPRESENTATION_CONTEXT(2) 
PARAMETRIC_REPRESENTATION_CONTEXT() REPRESENTATION_CONTEXT('2D SPACE',''
  ) );
#1550 = ORIENTED_EDGE('',*,*,#1551,.F.);
#1551 = EDGE_CURVE('',#1552,#1529,#1554,.T.);
#1552 = VERTEX_POINT('',#1553);
#1553 = CARTESIAN_POINT('',(182.5125,-22.45145929899,12.1));
#1554 = SURFACE_CURVE('',#1555,(#1559,#1565),.PCURVE_S1.);
#1555 = LINE('',#1556,#1557);
#1556 = CARTESIAN_POINT('',(182.5125,-47.07008573902,12.1));
#1557 = VECTOR('',#1558,1.);
#1558 = DIRECTION('',(-0.,1.,0.));
#1559 = PCURVE('',#72,#1560);
#1560 = DEFINITIONAL_REPRESENTATION('',(#1561),#1564);
#1561 = B_SPLINE_CURVE_WITH_KNOTS('',1,(#1562,#1563),.UNSPECIFIED.,.F.,
  .F.,(2,2),(24.120085739022,26.220090646633),.PIECEWISE_BEZIER_KNOTS.);
#1562 = CARTESIAN_POINT('',(-14.22439882953,49.790171478044));
#1563 = CARTESIAN_POINT('',(-14.22439882953,51.890176385655));
#1564 = ( GEOMETRIC_REPRESENTATION_CONTEXT(2) 
PARAMETRIC_REPRESENTATION_CONTEXT() REPRESENTATION_CONTEXT('2D SPACE',''
  ) );
#1565 = PCURVE('',#1566,#1571);
#1566 = PLANE('',#1567);
#1567 = AXIS2_PLACEMENT_3D('',#1568,#1569,#1570);
#1568 = CARTESIAN_POINT('',(182.5125,-21.4,5.3));
#1569 = DIRECTION('',(1.,0.,-0.));
#1570 = DIRECTION('',(0.,0.,1.));
#1571 = DEFINITIONAL_REPRESENTATION('',(#1572),#1575);
#1572 = B_SPLINE_CURVE_WITH_KNOTS('',1,(#1573,#1574),.UNSPECIFIED.,.F.,
  .F.,(2,2),(24.120085739022,26.220090646633),.PIECEWISE_BEZIER_KNOTS.);
#1573 = CARTESIAN_POINT('',(6.8,1.55));
#1574 = CARTESIAN_POINT('',(6.8,-0.550004907611));
#1575 = ( GEOMETRIC_REPRESENTATION_CONTEXT(2) 
PARAMETRIC_REPRESENTATION_CONTEXT() REPRESENTATION_CONTEXT('2D SPACE',''
  ) );
#1576 = ORIENTED_EDGE('',*,*,#1577,.T.);
#1577 = EDGE_CURVE('',#1552,#1578,#1580,.T.);
#1578 = VERTEX_POINT('',#1579);
#1579 = CARTESIAN_POINT('',(189.5125,-22.45,12.1));
#1580 = SURFACE_CURVE('',#1581,(#1585,#1591),.PCURVE_S1.);
#1581 = LINE('',#1582,#1583);
#1582 = CARTESIAN_POINT('',(193.11945722966,-22.44924805298,12.1));
#1583 = VECTOR('',#1584,1.);
#1584 = DIRECTION('',(0.99999997827,2.084712810589E-04,-0.));
#1585 = PCURVE('',#72,#1586);
#1586 = DEFINITIONAL_REPRESENTATION('',(#1587),#1590);
#1587 = B_SPLINE_CURVE_WITH_KNOTS('',1,(#1588,#1589),.UNSPECIFIED.,.F.,
  .F.,(2,2),(-38.25398377141,-3.606957308039),.PIECEWISE_BEZIER_KNOTS.);
#1588 = CARTESIAN_POINT('',(-41.87142454003,50.282948568052));
#1589 = CARTESIAN_POINT('',(-7.224398829539,50.290171478044));
#1590 = ( GEOMETRIC_REPRESENTATION_CONTEXT(2) 
PARAMETRIC_REPRESENTATION_CONTEXT() REPRESENTATION_CONTEXT('2D SPACE',''
  ) );
#1591 = PCURVE('',#1592,#1597);
#1592 = PLANE('',#1593);
#1593 = AXIS2_PLACEMENT_3D('',#1594,#1595,#1596);
#1594 = CARTESIAN_POINT('',(189.5125,-22.45,3.));
#1595 = DIRECTION('',(2.084712810589E-04,-0.99999997827,0.));
#1596 = DIRECTION('',(-0.99999997827,-2.084712810589E-04,0.));
#1597 = DEFINITIONAL_REPRESENTATION('',(#1598),#1601);
#1598 = B_SPLINE_CURVE_WITH_KNOTS('',1,(#1599,#1600),.UNSPECIFIED.,.F.,
  .F.,(2,2),(-38.25398377141,-3.606957308039),.PIECEWISE_BEZIER_KNOTS.);
#1599 = CARTESIAN_POINT('',(34.647026463379,-9.1));
#1600 = CARTESIAN_POINT('',(0.,-9.1));
#1601 = ( GEOMETRIC_REPRESENTATION_CONTEXT(2) 
PARAMETRIC_REPRESENTATION_CONTEXT() REPRESENTATION_CONTEXT('2D SPACE',''
  ) );
#1602 = ORIENTED_EDGE('',*,*,#1603,.T.);
#1603 = EDGE_CURVE('',#1578,#1604,#1606,.T.);
#1604 = VERTEX_POINT('',#1605);
#1605 = CARTESIAN_POINT('',(191.00527709,-23.8029742895,12.1));
#1606 = SURFACE_CURVE('',#1607,(#1612,#1623),.PCURVE_S1.);
#1607 = CIRCLE('',#1608,1.5);
#1608 = AXIS2_PLACEMENT_3D('',#1609,#1610,#1611);
#1609 = CARTESIAN_POINT('',(189.5125,-23.95,12.1));
#1610 = DIRECTION('',(0.,-0.,-1.));
#1611 = DIRECTION('',(0.995184726672,9.801714032956E-02,-0.));
#1612 = PCURVE('',#72,#1613);
#1613 = DEFINITIONAL_REPRESENTATION('',(#1614),#1622);
#1614 = ( BOUNDED_CURVE() B_SPLINE_CURVE(2,(#1615,#1616,#1617,#1618,
#1619,#1620,#1621),.UNSPECIFIED.,.T.,.F.) B_SPLINE_CURVE_WITH_KNOTS((1,2
    ,2,2,2,1),(-2.094395102393,0.,2.094395102393,4.188790204786,
6.28318530718,8.377580409573),.UNSPECIFIED.) CURVE() 
GEOMETRIC_REPRESENTATION_ITEM() RATIONAL_B_SPLINE_CURVE((1.,0.5,1.,0.5,
1.,0.5,1.)) REPRESENTATION_ITEM('') );
#1615 = CARTESIAN_POINT('',(-5.731621739531,48.937197188539));
#1616 = CARTESIAN_POINT('',(-5.476965738935,46.351631424269));
#1617 = CARTESIAN_POINT('',(-7.843459374245,47.423875740662));
#1618 = CARTESIAN_POINT('',(-10.20995300955,48.496120057056));
#1619 = CARTESIAN_POINT('',(-8.098115374841,50.009441504932));
#1620 = CARTESIAN_POINT('',(-5.986277740126,51.522762952808));
#1621 = CARTESIAN_POINT('',(-5.731621739531,48.937197188539));
#1622 = ( GEOMETRIC_REPRESENTATION_CONTEXT(2) 
PARAMETRIC_REPRESENTATION_CONTEXT() REPRESENTATION_CONTEXT('2D SPACE',''
  ) );
#1623 = PCURVE('',#1624,#1629);
#1624 = CYLINDRICAL_SURFACE('',#1625,1.5);
#1625 = AXIS2_PLACEMENT_3D('',#1626,#1627,#1628);
#1626 = CARTESIAN_POINT('',(189.5125,-23.95,3.));
#1627 = DIRECTION('',(-0.,-0.,-1.));
#1628 = DIRECTION('',(0.995184726672,9.801714032956E-02,-0.));
#1629 = DEFINITIONAL_REPRESENTATION('',(#1630),#1634);
#1630 = LINE('',#1631,#1632);
#1631 = CARTESIAN_POINT('',(-6.28318530718,-9.1));
#1632 = VECTOR('',#1633,1.);
#1633 = DIRECTION('',(1.,-0.));
#1634 = ( GEOMETRIC_REPRESENTATION_CONTEXT(2) 
PARAMETRIC_REPRESENTATION_CONTEXT() REPRESENTATION_CONTEXT('2D SPACE',''
  ) );
#1635 = ORIENTED_EDGE('',*,*,#1636,.T.);
#1636 = EDGE_CURVE('',#1604,#1637,#1639,.T.);
#1637 = VERTEX_POINT('',#1638);
#1638 = CARTESIAN_POINT('',(191.0125,-34.7,12.1));
#1639 = SURFACE_CURVE('',#1640,(#1644,#1650),.PCURVE_S1.);
#1640 = LINE('',#1641,#1642);
#1641 = CARTESIAN_POINT('',(191.0251083955,-53.72197454244,12.1));
#1642 = VECTOR('',#1643,1.);
#1643 = DIRECTION('',(6.628330148892E-04,-0.999999780326,0.));
#1644 = PCURVE('',#72,#1645);
#1645 = DEFINITIONAL_REPRESENTATION('',(#1646),#1649);
#1646 = B_SPLINE_CURVE_WITH_KNOTS('',1,(#1647,#1648),.UNSPECIFIED.,.F.,
  .F.,(2,2),(-29.91900682536,-19.02197872107),.PIECEWISE_BEZIER_KNOTS.);
#1647 = CARTESIAN_POINT('',(-5.731621739531,48.937197188539));
#1648 = CARTESIAN_POINT('',(-5.724398829539,38.040171478044));
#1649 = ( GEOMETRIC_REPRESENTATION_CONTEXT(2) 
PARAMETRIC_REPRESENTATION_CONTEXT() REPRESENTATION_CONTEXT('2D SPACE',''
  ) );
#1650 = PCURVE('',#1651,#1656);
#1651 = PLANE('',#1652);
#1652 = AXIS2_PLACEMENT_3D('',#1653,#1654,#1655);
#1653 = CARTESIAN_POINT('',(191.0125,-34.7,3.));
#1654 = DIRECTION('',(-0.999999780326,-6.628330148892E-04,0.));
#1655 = DIRECTION('',(-6.628330148892E-04,0.999999780326,0.));
#1656 = DEFINITIONAL_REPRESENTATION('',(#1657),#1660);
#1657 = B_SPLINE_CURVE_WITH_KNOTS('',1,(#1658,#1659),.UNSPECIFIED.,.F.,
  .F.,(2,2),(-29.91900682536,-19.02197872107),.PIECEWISE_BEZIER_KNOTS.);
#1658 = CARTESIAN_POINT('',(10.897028104286,-9.1));
#1659 = CARTESIAN_POINT('',(0.,-9.1));
#1660 = ( GEOMETRIC_REPRESENTATION_CONTEXT(2) 
PARAMETRIC_REPRESENTATION_CONTEXT() REPRESENTATION_CONTEXT('2D SPACE',''
  ) );
#1661 = ORIENTED_EDGE('',*,*,#1662,.T.);
#1662 = EDGE_CURVE('',#1637,#1663,#1665,.T.);
#1663 = VERTEX_POINT('',#1664);
#1664 = CARTESIAN_POINT('',(189.65952571049,-36.19277709,12.1));
#1665 = SURFACE_CURVE('',#1666,(#1671,#1682),.PCURVE_S1.);
#1666 = CIRCLE('',#1667,1.5);
#1667 = AXIS2_PLACEMENT_3D('',#1668,#1669,#1670);
#1668 = CARTESIAN_POINT('',(189.5125,-34.7,12.1));
#1669 = DIRECTION('',(0.,-0.,-1.));
#1670 = DIRECTION('',(9.801714032955E-02,-0.995184726672,0.));
#1671 = PCURVE('',#72,#1672);
#1672 = DEFINITIONAL_REPRESENTATION('',(#1673),#1681);
#1673 = ( BOUNDED_CURVE() B_SPLINE_CURVE(2,(#1674,#1675,#1676,#1677,
#1678,#1679,#1680),.UNSPECIFIED.,.T.,.F.) B_SPLINE_CURVE_WITH_KNOTS((1,2
    ,2,2,2,1),(-2.094395102393,0.,2.094395102393,4.188790204786,
6.28318530718,8.377580409573),.UNSPECIFIED.) CURVE() 
GEOMETRIC_REPRESENTATION_ITEM() RATIONAL_B_SPLINE_CURVE((1.,0.5,1.,0.5,
1.,0.5,1.)) REPRESENTATION_ITEM('') );
#1674 = CARTESIAN_POINT('',(-7.077373119044,36.547394388036));
#1675 = CARTESIAN_POINT('',(-9.662938883314,36.292738387441));
#1676 = CARTESIAN_POINT('',(-8.590694566921,38.659232022751));
#1677 = CARTESIAN_POINT('',(-7.518450250527,41.025725658061));
#1678 = CARTESIAN_POINT('',(-6.005128802651,38.913888023346));
#1679 = CARTESIAN_POINT('',(-4.491807354775,36.802050388631));
#1680 = CARTESIAN_POINT('',(-7.077373119044,36.547394388036));
#1681 = ( GEOMETRIC_REPRESENTATION_CONTEXT(2) 
PARAMETRIC_REPRESENTATION_CONTEXT() REPRESENTATION_CONTEXT('2D SPACE',''
  ) );
#1682 = PCURVE('',#1683,#1688);
#1683 = CYLINDRICAL_SURFACE('',#1684,1.5);
#1684 = AXIS2_PLACEMENT_3D('',#1685,#1686,#1687);
#1685 = CARTESIAN_POINT('',(189.5125,-34.7,3.));
#1686 = DIRECTION('',(-0.,-0.,-1.));
#1687 = DIRECTION('',(9.801714032955E-02,-0.995184726672,0.));
#1688 = DEFINITIONAL_REPRESENTATION('',(#1689),#1693);
#1689 = LINE('',#1690,#1691);
#1690 = CARTESIAN_POINT('',(-6.28318530718,-9.1));
#1691 = VECTOR('',#1692,1.);
#1692 = DIRECTION('',(1.,-0.));
#1693 = ( GEOMETRIC_REPRESENTATION_CONTEXT(2) 
PARAMETRIC_REPRESENTATION_CONTEXT() REPRESENTATION_CONTEXT('2D SPACE',''
  ) );
#1694 = ORIENTED_EDGE('',*,*,#1695,.T.);
#1695 = EDGE_CURVE('',#1663,#1696,#1698,.T.);
#1696 = VERTEX_POINT('',#1697);
#1697 = CARTESIAN_POINT('',(175.63657212575,-36.20169863318,12.1));
#1698 = SURFACE_CURVE('',#1699,(#1703,#1709),.PCURVE_S1.);
#1699 = LINE('',#1700,#1701);
#1700 = CARTESIAN_POINT('',(186.17510814129,-36.19499391127,12.1));
#1701 = VECTOR('',#1702,1.);
#1702 = DIRECTION('',(-0.999999797618,-6.362098622582E-04,0.));
#1703 = PCURVE('',#72,#1704);
#1704 = DEFINITIONAL_REPRESENTATION('',(#1705),#1708);
#1705 = B_SPLINE_CURVE_WITH_KNOTS('',1,(#1706,#1707),.UNSPECIFIED.,.F.,
  .F.,(2,2),(-3.484418274379,10.538538148344),.PIECEWISE_BEZIER_KNOTS.);
#1706 = CARTESIAN_POINT('',(-7.077373119044,36.547394388036));
#1707 = CARTESIAN_POINT('',(-21.10032670378,36.538472844862));
#1708 = ( GEOMETRIC_REPRESENTATION_CONTEXT(2) 
PARAMETRIC_REPRESENTATION_CONTEXT() REPRESENTATION_CONTEXT('2D SPACE',''
  ) );
#1709 = PCURVE('',#1710,#1715);
#1710 = PLANE('',#1711);
#1711 = AXIS2_PLACEMENT_3D('',#1712,#1713,#1714);
#1712 = CARTESIAN_POINT('',(175.63657212575,-36.20169863318,3.));
#1713 = DIRECTION('',(-6.362098622582E-04,0.999999797618,0.));
#1714 = DIRECTION('',(0.999999797618,6.362098622582E-04,0.));
#1715 = DEFINITIONAL_REPRESENTATION('',(#1716),#1719);
#1716 = B_SPLINE_CURVE_WITH_KNOTS('',1,(#1717,#1718),.UNSPECIFIED.,.F.,
  .F.,(2,2),(-3.484418274379,10.538538148344),.PIECEWISE_BEZIER_KNOTS.);
#1717 = CARTESIAN_POINT('',(14.022956422723,-9.1));
#1718 = CARTESIAN_POINT('',(0.,-9.1));
#1719 = ( GEOMETRIC_REPRESENTATION_CONTEXT(2) 
PARAMETRIC_REPRESENTATION_CONTEXT() REPRESENTATION_CONTEXT('2D SPACE',''
  ) );
#1720 = ORIENTED_EDGE('',*,*,#1721,.F.);
#1721 = EDGE_CURVE('',#1722,#1696,#1724,.T.);
#1722 = VERTEX_POINT('',#1723);
#1723 = CARTESIAN_POINT('',(179.42324797497,-39.68049992222,12.1));
#1724 = SURFACE_CURVE('',#1725,(#1730,#1741),.PCURVE_S1.);
#1725 = CIRCLE('',#1726,4.236426039);
#1726 = AXIS2_PLACEMENT_3D('',#1727,#1728,#1729);
#1727 = CARTESIAN_POINT('',(179.80784428245,-35.461567443,12.1));
#1728 = DIRECTION('',(0.,0.,-1.));
#1729 = DIRECTION('',(-9.078319884256E-02,-0.995870679761,-0.));
#1730 = PCURVE('',#72,#1731);
#1731 = DEFINITIONAL_REPRESENTATION('',(#1732),#1740);
#1732 = ( BOUNDED_CURVE() B_SPLINE_CURVE(2,(#1733,#1734,#1735,#1736,
#1737,#1738,#1739),.UNSPECIFIED.,.T.,.F.) B_SPLINE_CURVE_WITH_KNOTS((1,2
    ,2,2,2,1),(-2.094395102393,0.,2.094395102393,4.188790204786,
6.28318530718,8.377580409573),.UNSPECIFIED.) CURVE() 
GEOMETRIC_REPRESENTATION_ITEM() RATIONAL_B_SPLINE_CURVE((1.,0.5,1.,0.5,
1.,0.5,1.)) REPRESENTATION_ITEM('') );
#1733 = CARTESIAN_POINT('',(-17.31365085456,33.059671555818));
#1734 = CARTESIAN_POINT('',(-24.62105626226,33.725811900778));
#1735 = CARTESIAN_POINT('',(-20.39045909719,39.721140447123));
#1736 = CARTESIAN_POINT('',(-16.15986193212,45.716468993468));
#1737 = CARTESIAN_POINT('',(-13.08305368948,39.055000102163));
#1738 = CARTESIAN_POINT('',(-10.00624544685,32.393531210859));
#1739 = CARTESIAN_POINT('',(-17.31365085456,33.059671555818));
#1740 = ( GEOMETRIC_REPRESENTATION_CONTEXT(2) 
PARAMETRIC_REPRESENTATION_CONTEXT() REPRESENTATION_CONTEXT('2D SPACE',''
  ) );
#1741 = PCURVE('',#1742,#1747);
#1742 = CYLINDRICAL_SURFACE('',#1743,4.236426039);
#1743 = AXIS2_PLACEMENT_3D('',#1744,#1745,#1746);
#1744 = CARTESIAN_POINT('',(179.80784428245,-35.461567443,3.));
#1745 = DIRECTION('',(0.,0.,-1.));
#1746 = DIRECTION('',(-9.078319884256E-02,-0.995870679761,-0.));
#1747 = DEFINITIONAL_REPRESENTATION('',(#1748),#1752);
#1748 = LINE('',#1749,#1750);
#1749 = CARTESIAN_POINT('',(0.,-9.1));
#1750 = VECTOR('',#1751,1.);
#1751 = DIRECTION('',(1.,0.));
#1752 = ( GEOMETRIC_REPRESENTATION_CONTEXT(2) 
PARAMETRIC_REPRESENTATION_CONTEXT() REPRESENTATION_CONTEXT('2D SPACE',''
  ) );
#1753 = ORIENTED_EDGE('',*,*,#1754,.T.);
#1754 = EDGE_CURVE('',#1722,#1755,#1757,.T.);
#1755 = VERTEX_POINT('',#1756);
#1756 = CARTESIAN_POINT('',(188.07563501502,-39.7,12.1));
#1757 = SURFACE_CURVE('',#1758,(#1762,#1768),.PCURVE_S1.);
#1758 = LINE('',#1759,#1760);
#1759 = CARTESIAN_POINT('',(192.44347642278,-39.70984390166,12.1));
#1760 = VECTOR('',#1761,1.);
#1761 = DIRECTION('',(0.999997460378,-2.253716594155E-03,0.));
#1762 = PCURVE('',#72,#1763);
#1763 = DEFINITIONAL_REPRESENTATION('',(#1764),#1767);
#1764 = B_SPLINE_CURVE_WITH_KNOTS('',1,(#1765,#1766),.UNSPECIFIED.,.F.,
  .F.,(2,2),(-13.02026151435,-4.367852500452),.PIECEWISE_BEZIER_KNOTS.);
#1765 = CARTESIAN_POINT('',(-17.31365085456,33.059671555818));
#1766 = CARTESIAN_POINT('',(-8.661263814511,33.040171478044));
#1767 = ( GEOMETRIC_REPRESENTATION_CONTEXT(2) 
PARAMETRIC_REPRESENTATION_CONTEXT() REPRESENTATION_CONTEXT('2D SPACE',''
  ) );
#1768 = PCURVE('',#1769,#1774);
#1769 = PLANE('',#1770);
#1770 = AXIS2_PLACEMENT_3D('',#1771,#1772,#1773);
#1771 = CARTESIAN_POINT('',(188.07563501502,-39.7,3.));
#1772 = DIRECTION('',(-2.253716594155E-03,-0.999997460378,0.));
#1773 = DIRECTION('',(-0.999997460378,2.253716594155E-03,0.));
#1774 = DEFINITIONAL_REPRESENTATION('',(#1775),#1778);
#1775 = B_SPLINE_CURVE_WITH_KNOTS('',1,(#1776,#1777),.UNSPECIFIED.,.F.,
  .F.,(2,2),(-13.02026151435,-4.367852500452),.PIECEWISE_BEZIER_KNOTS.);
#1776 = CARTESIAN_POINT('',(8.652409013903,-9.1));
#1777 = CARTESIAN_POINT('',(0.,-9.1));
#1778 = ( GEOMETRIC_REPRESENTATION_CONTEXT(2) 
PARAMETRIC_REPRESENTATION_CONTEXT() REPRESENTATION_CONTEXT('2D SPACE',''
  ) );
#1779 = ORIENTED_EDGE('',*,*,#1780,.F.);
#1780 = EDGE_CURVE('',#1781,#1755,#1783,.T.);
#1781 = VERTEX_POINT('',#1782);
#1782 = CARTESIAN_POINT('',(191.52523112884,-37.97540741908,12.1));
#1783 = SURFACE_CURVE('',#1784,(#1789,#1800),.PCURVE_S1.);
#1784 = CIRCLE('',#1785,4.260012902589);
#1785 = AXIS2_PLACEMENT_3D('',#1786,#1787,#1788);
#1786 = CARTESIAN_POINT('',(188.10181737692,-35.44006755756,12.1));
#1787 = DIRECTION('',(0.,0.,-1.));
#1788 = DIRECTION('',(0.803615817651,-0.595148399663,0.));
#1789 = PCURVE('',#72,#1790);
#1790 = DEFINITIONAL_REPRESENTATION('',(#1791),#1799);
#1791 = ( BOUNDED_CURVE() B_SPLINE_CURVE(2,(#1792,#1793,#1794,#1795,
#1796,#1797,#1798),.UNSPECIFIED.,.T.,.F.) B_SPLINE_CURVE_WITH_KNOTS((1,2
    ,2,2,2,1),(-2.094395102393,0.,2.094395102393,4.188790204786,
6.28318530718,8.377580409573),.UNSPECIFIED.) CURVE() 
GEOMETRIC_REPRESENTATION_ITEM() RATIONAL_B_SPLINE_CURVE((1.,0.5,1.,0.5,
1.,0.5,1.)) REPRESENTATION_ITEM('') );
#1792 = CARTESIAN_POINT('',(-5.211667700698,34.764764058962));
#1793 = CARTESIAN_POINT('',(-9.603005155307,28.835237505315));
#1794 = CARTESIAN_POINT('',(-12.54245705587,35.60301057442));
#1795 = CARTESIAN_POINT('',(-15.48190895644,42.370783643526));
#1796 = CARTESIAN_POINT('',(-8.151119601266,41.532537128068));
#1797 = CARTESIAN_POINT('',(-0.820330246088,40.69429061261));
#1798 = CARTESIAN_POINT('',(-5.211667700698,34.764764058962));
#1799 = ( GEOMETRIC_REPRESENTATION_CONTEXT(2) 
PARAMETRIC_REPRESENTATION_CONTEXT() REPRESENTATION_CONTEXT('2D SPACE',''
  ) );
#1800 = PCURVE('',#1801,#1806);
#1801 = CYLINDRICAL_SURFACE('',#1802,4.260012902589);
#1802 = AXIS2_PLACEMENT_3D('',#1803,#1804,#1805);
#1803 = CARTESIAN_POINT('',(188.10181737692,-35.44006755756,3.));
#1804 = DIRECTION('',(0.,0.,-1.));
#1805 = DIRECTION('',(0.803615817651,-0.595148399663,0.));
#1806 = DEFINITIONAL_REPRESENTATION('',(#1807),#1811);
#1807 = LINE('',#1808,#1809);
#1808 = CARTESIAN_POINT('',(0.,-9.1));
#1809 = VECTOR('',#1810,1.);
#1810 = DIRECTION('',(1.,0.));
#1811 = ( GEOMETRIC_REPRESENTATION_CONTEXT(2) 
PARAMETRIC_REPRESENTATION_CONTEXT() REPRESENTATION_CONTEXT('2D SPACE',''
  ) );
#1812 = ORIENTED_EDGE('',*,*,#1813,.T.);
#1813 = EDGE_CURVE('',#1781,#1814,#1816,.T.);
#1814 = VERTEX_POINT('',#1815);
#1815 = CARTESIAN_POINT('',(192.35669543293,-37.27739760602,12.1));
#1816 = SURFACE_CURVE('',#1817,(#1822,#1833),.PCURVE_S1.);
#1817 = CIRCLE('',#1818,1.780562987112);
#1818 = AXIS2_PLACEMENT_3D('',#1819,#1820,#1821);
#1819 = CARTESIAN_POINT('',(193.03130907943,-38.92521464047,12.1));
#1820 = DIRECTION('',(-0.,0.,-1.));
#1821 = DIRECTION('',(-0.378876597672,0.925447202025,0.));
#1822 = PCURVE('',#72,#1823);
#1823 = DEFINITIONAL_REPRESENTATION('',(#1824),#1832);
#1824 = ( BOUNDED_CURVE() B_SPLINE_CURVE(2,(#1825,#1826,#1827,#1828,
#1829,#1830,#1831),.UNSPECIFIED.,.T.,.F.) B_SPLINE_CURVE_WITH_KNOTS((1,2
    ,2,2,2,1),(-2.094395102393,0.,2.094395102393,4.188790204786,
6.28318530718,8.377580409573),.UNSPECIFIED.) CURVE() 
GEOMETRIC_REPRESENTATION_ITEM() RATIONAL_B_SPLINE_CURVE((1.,0.5,1.,0.5,
1.,0.5,1.)) REPRESENTATION_ITEM('') );
#1825 = CARTESIAN_POINT('',(-4.380203396602,35.462773872021));
#1826 = CARTESIAN_POINT('',(-1.526100571353,36.631238983233));
#1827 = CARTESIAN_POINT('',(-1.941231514232,33.575280875948));
#1828 = CARTESIAN_POINT('',(-2.356362457111,30.519322768662));
#1829 = CARTESIAN_POINT('',(-4.795334339482,32.406815764735));
#1830 = CARTESIAN_POINT('',(-7.234306221852,34.294308760809));
#1831 = CARTESIAN_POINT('',(-4.380203396602,35.462773872021));
#1832 = ( GEOMETRIC_REPRESENTATION_CONTEXT(2) 
PARAMETRIC_REPRESENTATION_CONTEXT() REPRESENTATION_CONTEXT('2D SPACE',''
  ) );
#1833 = PCURVE('',#1834,#1839);
#1834 = CYLINDRICAL_SURFACE('',#1835,1.780562987112);
#1835 = AXIS2_PLACEMENT_3D('',#1836,#1837,#1838);
#1836 = CARTESIAN_POINT('',(193.03130907943,-38.92521464047,3.));
#1837 = DIRECTION('',(-0.,-0.,-1.));
#1838 = DIRECTION('',(-0.378876597672,0.925447202025,0.));
#1839 = DEFINITIONAL_REPRESENTATION('',(#1840),#1844);
#1840 = LINE('',#1841,#1842);
#1841 = CARTESIAN_POINT('',(-6.28318530718,-9.1));
#1842 = VECTOR('',#1843,1.);
#1843 = DIRECTION('',(1.,-0.));
#1844 = ( GEOMETRIC_REPRESENTATION_CONTEXT(2) 
PARAMETRIC_REPRESENTATION_CONTEXT() REPRESENTATION_CONTEXT('2D SPACE',''
  ) );
#1845 = ORIENTED_EDGE('',*,*,#1846,.F.);
#1846 = EDGE_CURVE('',#1847,#1814,#1849,.T.);
#1847 = VERTEX_POINT('',#1848);
#1848 = CARTESIAN_POINT('',(195.13674840474,-33.28799133513,12.1));
#1849 = SURFACE_CURVE('',#1850,(#1855,#1866),.PCURVE_S1.);
#1850 = CIRCLE('',#1851,4.250274160134);
#1851 = AXIS2_PLACEMENT_3D('',#1852,#1853,#1854);
#1852 = CARTESIAN_POINT('',(190.88647451444,-33.28950582124,12.1));
#1853 = DIRECTION('',(0.,0.,-1.));
#1854 = DIRECTION('',(0.999999936516,3.563266857081E-04,0.));
#1855 = PCURVE('',#72,#1856);
#1856 = DEFINITIONAL_REPRESENTATION('',(#1857),#1865);
#1857 = ( BOUNDED_CURVE() B_SPLINE_CURVE(2,(#1858,#1859,#1860,#1861,
#1862,#1863,#1864),.UNSPECIFIED.,.T.,.F.) B_SPLINE_CURVE_WITH_KNOTS((1,2
    ,2,2,2,1),(-2.094395102393,0.,2.094395102393,4.188790204786,
6.28318530718,8.377580409573),.UNSPECIFIED.) CURVE() 
GEOMETRIC_REPRESENTATION_ITEM() RATIONAL_B_SPLINE_CURVE((1.,0.5,1.,0.5,
1.,0.5,1.)) REPRESENTATION_ITEM('') );
#1858 = CARTESIAN_POINT('',(-1.600150424791,39.452180142906));
#1859 = CARTESIAN_POINT('',(-1.59752725791,32.090489818809));
#1860 = CARTESIAN_POINT('',(-7.974249676812,35.7690632517));
#1861 = CARTESIAN_POINT('',(-14.35097209571,39.447636684591));
#1862 = CARTESIAN_POINT('',(-7.976872843693,43.130753575796));
#1863 = CARTESIAN_POINT('',(-1.602773591672,46.813870467002));
#1864 = CARTESIAN_POINT('',(-1.600150424791,39.452180142906));
#1865 = ( GEOMETRIC_REPRESENTATION_CONTEXT(2) 
PARAMETRIC_REPRESENTATION_CONTEXT() REPRESENTATION_CONTEXT('2D SPACE',''
  ) );
#1866 = PCURVE('',#1867,#1872);
#1867 = CYLINDRICAL_SURFACE('',#1868,4.250274160134);
#1868 = AXIS2_PLACEMENT_3D('',#1869,#1870,#1871);
#1869 = CARTESIAN_POINT('',(190.88647451444,-33.28950582124,3.));
#1870 = DIRECTION('',(0.,0.,-1.));
#1871 = DIRECTION('',(0.999999936516,3.563266857081E-04,0.));
#1872 = DEFINITIONAL_REPRESENTATION('',(#1873),#1877);
#1873 = LINE('',#1874,#1875);
#1874 = CARTESIAN_POINT('',(0.,-9.1));
#1875 = VECTOR('',#1876,1.);
#1876 = DIRECTION('',(1.,0.));
#1877 = ( GEOMETRIC_REPRESENTATION_CONTEXT(2) 
PARAMETRIC_REPRESENTATION_CONTEXT() REPRESENTATION_CONTEXT('2D SPACE',''
  ) );
#1878 = ORIENTED_EDGE('',*,*,#1879,.T.);
#1879 = EDGE_CURVE('',#1847,#1880,#1882,.T.);
#1880 = VERTEX_POINT('',#1881);
#1881 = CARTESIAN_POINT('',(195.13749999149,-24.21902266454,12.1));
#1882 = SURFACE_CURVE('',#1883,(#1887,#1893),.PCURVE_S1.);
#1883 = LINE('',#1884,#1885);
#1884 = CARTESIAN_POINT('',(195.13548941268,-48.47953062993,12.1));
#1885 = VECTOR('',#1886,1.);
#1886 = DIRECTION('',(8.287455523975E-05,0.999999996566,-0.));
#1887 = PCURVE('',#72,#1888);
#1888 = DEFINITIONAL_REPRESENTATION('',(#1889),#1892);
#1889 = B_SPLINE_CURVE_WITH_KNOTS('',1,(#1890,#1891),.UNSPECIFIED.,.F.,
  .F.,(2,2),(15.191539346964,24.260508048704),.PIECEWISE_BEZIER_KNOTS.);
#1890 = CARTESIAN_POINT('',(-1.600150424791,39.452180142906));
#1891 = CARTESIAN_POINT('',(-1.599398838044,48.521148813502));
#1892 = ( GEOMETRIC_REPRESENTATION_CONTEXT(2) 
PARAMETRIC_REPRESENTATION_CONTEXT() REPRESENTATION_CONTEXT('2D SPACE',''
  ) );
#1893 = PCURVE('',#1894,#1899);
#1894 = PLANE('',#1895);
#1895 = AXIS2_PLACEMENT_3D('',#1896,#1897,#1898);
#1896 = CARTESIAN_POINT('',(195.13749999149,-24.21902266454,3.));
#1897 = DIRECTION('',(0.999999996566,-8.287455523975E-05,0.));
#1898 = DIRECTION('',(-8.287455523975E-05,-0.999999996566,0.));
#1899 = DEFINITIONAL_REPRESENTATION('',(#1900),#1903);
#1900 = B_SPLINE_CURVE_WITH_KNOTS('',1,(#1901,#1902),.UNSPECIFIED.,.F.,
  .F.,(2,2),(15.191539346964,24.260508048704),.PIECEWISE_BEZIER_KNOTS.);
#1901 = CARTESIAN_POINT('',(9.06896870174,-9.1));
#1902 = CARTESIAN_POINT('',(0.,-9.1));
#1903 = ( GEOMETRIC_REPRESENTATION_CONTEXT(2) 
PARAMETRIC_REPRESENTATION_CONTEXT() REPRESENTATION_CONTEXT('2D SPACE',''
  ) );
#1904 = ORIENTED_EDGE('',*,*,#1905,.T.);
#1905 = EDGE_CURVE('',#1880,#1906,#1908,.T.);
#1906 = VERTEX_POINT('',#1907);
#1907 = CARTESIAN_POINT('',(196.64178455529,-22.46851766979,12.1));
#1908 = SURFACE_CURVE('',#1909,(#1914,#1925),.PCURVE_S1.);
#1909 = CIRCLE('',#1910,1.751337251658);
#1910 = AXIS2_PLACEMENT_3D('',#1911,#1912,#1913);
#1911 = CARTESIAN_POINT('',(196.88875791212,-24.20235339732,12.1));
#1912 = DIRECTION('',(-0.,0.,-1.));
#1913 = DIRECTION('',(-0.141019873012,0.990006765338,0.));
#1914 = PCURVE('',#72,#1915);
#1915 = DEFINITIONAL_REPRESENTATION('',(#1916),#1924);
#1916 = ( BOUNDED_CURVE() B_SPLINE_CURVE(2,(#1917,#1918,#1919,#1920,
#1921,#1922,#1923),.UNSPECIFIED.,.T.,.F.) B_SPLINE_CURVE_WITH_KNOTS((1,2
    ,2,2,2,1),(-2.094395102393,0.,2.094395102393,4.188790204786,
6.28318530718,8.377580409573),.UNSPECIFIED.) CURVE() 
GEOMETRIC_REPRESENTATION_ITEM() RATIONAL_B_SPLINE_CURVE((1.,0.5,1.,0.5,
1.,0.5,1.)) REPRESENTATION_ITEM('') );
#1917 = CARTESIAN_POINT('',(-9.51142742417E-02,50.271653808251));
#1918 = CARTESIAN_POINT('',(2.907977297819,50.699424210396));
#1919 = CARTESIAN_POINT('',(1.776891547033,47.884785418028));
#1920 = CARTESIAN_POINT('',(0.645805796247,45.07014662566));
#1921 = CARTESIAN_POINT('',(-1.226200025028,47.457015015883));
#1922 = CARTESIAN_POINT('',(-3.098205846302,49.843883406106));
#1923 = CARTESIAN_POINT('',(-9.51142742417E-02,50.271653808251));
#1924 = ( GEOMETRIC_REPRESENTATION_CONTEXT(2) 
PARAMETRIC_REPRESENTATION_CONTEXT() REPRESENTATION_CONTEXT('2D SPACE',''
  ) );
#1925 = PCURVE('',#1926,#1931);
#1926 = CYLINDRICAL_SURFACE('',#1927,1.751337251658);
#1927 = AXIS2_PLACEMENT_3D('',#1928,#1929,#1930);
#1928 = CARTESIAN_POINT('',(196.88875791212,-24.20235339732,3.));
#1929 = DIRECTION('',(-0.,-0.,-1.));
#1930 = DIRECTION('',(-0.141019873012,0.990006765338,0.));
#1931 = DEFINITIONAL_REPRESENTATION('',(#1932),#1936);
#1932 = LINE('',#1933,#1934);
#1933 = CARTESIAN_POINT('',(-6.28318530718,-9.1));
#1934 = VECTOR('',#1935,1.);
#1935 = DIRECTION('',(1.,-0.));
#1936 = ( GEOMETRIC_REPRESENTATION_CONTEXT(2) 
PARAMETRIC_REPRESENTATION_CONTEXT() REPRESENTATION_CONTEXT('2D SPACE',''
  ) );
#1937 = ORIENTED_EDGE('',*,*,#1938,.T.);
#1938 = EDGE_CURVE('',#1906,#1939,#1941,.T.);
#1939 = VERTEX_POINT('',#1940);
#1940 = CARTESIAN_POINT('',(207.8684773357,-22.44999999149,12.1));
#1941 = SURFACE_CURVE('',#1942,(#1946,#1952),.PCURVE_S1.);
#1942 = LINE('',#1943,#1944);
#1943 = CARTESIAN_POINT('',(202.26122820198,-22.45924877362,12.1));
#1944 = VECTOR('',#1945,1.);
#1945 = DIRECTION('',(0.999998639688,1.649430822628E-03,-0.));
#1946 = PCURVE('',#72,#1947);
#1947 = DEFINITIONAL_REPRESENTATION('',(#1948),#1951);
#1948 = B_SPLINE_CURVE_WITH_KNOTS('',1,(#1949,#1950),.UNSPECIFIED.,.F.,
  .F.,(2,2),(-5.619451290896,5.607256761336),.PIECEWISE_BEZIER_KNOTS.);
#1949 = CARTESIAN_POINT('',(-9.511427424169E-02,50.271653808251));
#1950 = CARTESIAN_POINT('',(11.131578506165,50.290171486549));
#1951 = ( GEOMETRIC_REPRESENTATION_CONTEXT(2) 
PARAMETRIC_REPRESENTATION_CONTEXT() REPRESENTATION_CONTEXT('2D SPACE',''
  ) );
#1952 = PCURVE('',#1953,#1958);
#1953 = PLANE('',#1954);
#1954 = AXIS2_PLACEMENT_3D('',#1955,#1956,#1957);
#1955 = CARTESIAN_POINT('',(207.8684773357,-22.44999999149,3.));
#1956 = DIRECTION('',(1.649430822628E-03,-0.999998639688,0.));
#1957 = DIRECTION('',(-0.999998639688,-1.649430822628E-03,0.));
#1958 = DEFINITIONAL_REPRESENTATION('',(#1959),#1963);
#1959 = LINE('',#1960,#1961);
#1960 = CARTESIAN_POINT('',(5.607256761336,-9.1));
#1961 = VECTOR('',#1962,1.);
#1962 = DIRECTION('',(-1.,0.));
#1963 = ( GEOMETRIC_REPRESENTATION_CONTEXT(2) 
PARAMETRIC_REPRESENTATION_CONTEXT() REPRESENTATION_CONTEXT('2D SPACE',''
  ) );
#1964 = ORIENTED_EDGE('',*,*,#1965,.T.);
#1965 = EDGE_CURVE('',#1939,#1966,#1968,.T.);
#1966 = VERTEX_POINT('',#1967);
#1967 = CARTESIAN_POINT('',(209.6189823302,-23.95428455529,12.1));
#1968 = SURFACE_CURVE('',#1969,(#1974,#1985),.PCURVE_S1.);
#1969 = CIRCLE('',#1970,1.751337251653);
#1970 = AXIS2_PLACEMENT_3D('',#1971,#1972,#1973);
#1971 = CARTESIAN_POINT('',(207.88514660268,-24.20125791212,12.1));
#1972 = DIRECTION('',(0.,-0.,-1.));
#1973 = DIRECTION('',(0.990006765338,0.141019873012,-0.));
#1974 = PCURVE('',#72,#1975);
#1975 = DEFINITIONAL_REPRESENTATION('',(#1976),#1984);
#1976 = ( BOUNDED_CURVE() B_SPLINE_CURVE(2,(#1977,#1978,#1979,#1980,
#1981,#1982,#1983),.UNSPECIFIED.,.T.,.F.) B_SPLINE_CURVE_WITH_KNOTS((1,2
    ,2,2,2,1),(-2.094395102393,0.,2.094395102393,4.188790204786,
6.28318530718,8.377580409573),.UNSPECIFIED.) CURVE() 
GEOMETRIC_REPRESENTATION_ITEM() RATIONAL_B_SPLINE_CURVE((1.,0.5,1.,0.5,
1.,0.5,1.)) REPRESENTATION_ITEM('') );
#1977 = CARTESIAN_POINT('',(12.882083500668,48.785886922749));
#1978 = CARTESIAN_POINT('',(13.309853902811,45.782795350696));
#1979 = CARTESIAN_POINT('',(10.495215110451,46.913881101479));
#1980 = CARTESIAN_POINT('',(7.680576318091,48.044966852262));
#1981 = CARTESIAN_POINT('',(10.067444708308,49.916972673532));
#1982 = CARTESIAN_POINT('',(12.454313098524,51.788978494801));
#1983 = CARTESIAN_POINT('',(12.882083500668,48.785886922749));
#1984 = ( GEOMETRIC_REPRESENTATION_CONTEXT(2) 
PARAMETRIC_REPRESENTATION_CONTEXT() REPRESENTATION_CONTEXT('2D SPACE',''
  ) );
#1985 = PCURVE('',#1986,#1991);
#1986 = CYLINDRICAL_SURFACE('',#1987,1.751337251653);
#1987 = AXIS2_PLACEMENT_3D('',#1988,#1989,#1990);
#1988 = CARTESIAN_POINT('',(207.88514660268,-24.20125791212,3.));
#1989 = DIRECTION('',(-0.,-0.,-1.));
#1990 = DIRECTION('',(0.990006765338,0.141019873012,-0.));
#1991 = DEFINITIONAL_REPRESENTATION('',(#1992),#1996);
#1992 = LINE('',#1993,#1994);
#1993 = CARTESIAN_POINT('',(-6.28318530718,-9.1));
#1994 = VECTOR('',#1995,1.);
#1995 = DIRECTION('',(1.,-0.));
#1996 = ( GEOMETRIC_REPRESENTATION_CONTEXT(2) 
PARAMETRIC_REPRESENTATION_CONTEXT() REPRESENTATION_CONTEXT('2D SPACE',''
  ) );
#1997 = ORIENTED_EDGE('',*,*,#1998,.T.);
#1998 = EDGE_CURVE('',#1966,#1999,#2001,.T.);
#1999 = VERTEX_POINT('',#2000);
#2000 = CARTESIAN_POINT('',(209.6375,-30.65497118662,12.1));
#2001 = SURFACE_CURVE('',#2002,(#2006,#2012),.PCURVE_S1.);
#2002 = LINE('',#2003,#2004);
#2003 = CARTESIAN_POINT('',(209.69560253164,-51.67958504728,12.1));
#2004 = VECTOR('',#2005,1.);
#2005 = DIRECTION('',(2.763537544907E-03,-0.999996181423,0.));
#2006 = PCURVE('',#72,#2007);
#2007 = DEFINITIONAL_REPRESENTATION('',(#2008),#2011);
#2008 = B_SPLINE_CURVE_WITH_KNOTS('',1,(#2009,#2010),.UNSPECIFIED.,.F.,
  .F.,(2,2),(-27.72540636358,-21.02469414507),.PIECEWISE_BEZIER_KNOTS.);
#2009 = CARTESIAN_POINT('',(12.882083500668,48.785886922749));
#2010 = CARTESIAN_POINT('',(12.900601170461,42.085200291422));
#2011 = ( GEOMETRIC_REPRESENTATION_CONTEXT(2) 
PARAMETRIC_REPRESENTATION_CONTEXT() REPRESENTATION_CONTEXT('2D SPACE',''
  ) );
#2012 = PCURVE('',#2013,#2018);
#2013 = PLANE('',#2014);
#2014 = AXIS2_PLACEMENT_3D('',#2015,#2016,#2017);
#2015 = CARTESIAN_POINT('',(209.6375,-30.65497118662,3.));
#2016 = DIRECTION('',(-0.999996181423,-2.763537544907E-03,0.));
#2017 = DIRECTION('',(-2.763537544907E-03,0.999996181423,0.));
#2018 = DEFINITIONAL_REPRESENTATION('',(#2019),#2022);
#2019 = B_SPLINE_CURVE_WITH_KNOTS('',1,(#2020,#2021),.UNSPECIFIED.,.F.,
  .F.,(2,2),(-27.72540636358,-21.02469414507),.PIECEWISE_BEZIER_KNOTS.);
#2020 = CARTESIAN_POINT('',(6.700712218513,-9.1));
#2021 = CARTESIAN_POINT('',(0.,-9.1));
#2022 = ( GEOMETRIC_REPRESENTATION_CONTEXT(2) 
PARAMETRIC_REPRESENTATION_CONTEXT() REPRESENTATION_CONTEXT('2D SPACE',''
  ) );
#2023 = ORIENTED_EDGE('',*,*,#2024,.F.);
#2024 = EDGE_CURVE('',#2025,#1999,#2027,.T.);
#2025 = VERTEX_POINT('',#2026);
#2026 = CARTESIAN_POINT('',(213.49673552145,-34.91739847481,12.1));
#2027 = SURFACE_CURVE('',#2028,(#2033,#2044),.PCURVE_S1.);
#2028 = CIRCLE('',#2029,4.252317423141);
#2029 = AXIS2_PLACEMENT_3D('',#2030,#2031,#2032);
#2030 = CARTESIAN_POINT('',(213.88972319627,-30.68327942186,12.1));
#2031 = DIRECTION('',(0.,0.,-1.));
#2032 = DIRECTION('',(-9.241729525823E-02,-0.995720364127,-0.));
#2033 = PCURVE('',#72,#2034);
#2034 = DEFINITIONAL_REPRESENTATION('',(#2035),#2043);
#2035 = ( BOUNDED_CURVE() B_SPLINE_CURVE(2,(#2036,#2037,#2038,#2039,
#2040,#2041,#2042),.UNSPECIFIED.,.T.,.F.) B_SPLINE_CURVE_WITH_KNOTS((1,2
    ,2,2,2,1),(-2.094395102393,0.,2.094395102393,4.188790204786,
6.28318530718,8.377580409573),.UNSPECIFIED.) CURVE() 
GEOMETRIC_REPRESENTATION_ITEM() RATIONAL_B_SPLINE_CURVE((1.,0.5,1.,0.5,
1.,0.5,1.)) REPRESENTATION_ITEM('') );
#2036 = CARTESIAN_POINT('',(16.759836691913,37.82277300323));
#2037 = CARTESIAN_POINT('',(9.426127366903,38.503447622777));
#2038 = CARTESIAN_POINT('',(13.682463541647,44.514288892433));
#2039 = CARTESIAN_POINT('',(17.938799716391,50.525130162089));
#2040 = CARTESIAN_POINT('',(21.016172866657,43.833614272886));
#2041 = CARTESIAN_POINT('',(24.093546016923,37.142098383683));
#2042 = CARTESIAN_POINT('',(16.759836691913,37.82277300323));
#2043 = ( GEOMETRIC_REPRESENTATION_CONTEXT(2) 
PARAMETRIC_REPRESENTATION_CONTEXT() REPRESENTATION_CONTEXT('2D SPACE',''
  ) );
#2044 = PCURVE('',#2045,#2050);
#2045 = CYLINDRICAL_SURFACE('',#2046,4.252317423141);
#2046 = AXIS2_PLACEMENT_3D('',#2047,#2048,#2049);
#2047 = CARTESIAN_POINT('',(213.88972319627,-30.68327942186,3.));
#2048 = DIRECTION('',(0.,0.,-1.));
#2049 = DIRECTION('',(-9.241729525823E-02,-0.995720364127,-0.));
#2050 = DEFINITIONAL_REPRESENTATION('',(#2051),#2055);
#2051 = LINE('',#2052,#2053);
#2052 = CARTESIAN_POINT('',(0.,-9.1));
#2053 = VECTOR('',#2054,1.);
#2054 = DIRECTION('',(1.,0.));
#2055 = ( GEOMETRIC_REPRESENTATION_CONTEXT(2) 
PARAMETRIC_REPRESENTATION_CONTEXT() REPRESENTATION_CONTEXT('2D SPACE',''
  ) );
#2056 = ORIENTED_EDGE('',*,*,#2057,.T.);
#2057 = EDGE_CURVE('',#2025,#2058,#2060,.T.);
#2058 = VERTEX_POINT('',#2059);
#2059 = CARTESIAN_POINT('',(215.90761216888,-34.92018139051,12.1));
#2060 = SURFACE_CURVE('',#2061,(#2065,#2071),.PCURVE_S1.);
#2061 = LINE('',#2062,#2063);
#2062 = CARTESIAN_POINT('',(213.84576201313,-34.91780136199,12.1));
#2063 = VECTOR('',#2064,1.);
#2064 = DIRECTION('',(0.999999333777,-1.154316149837E-03,0.));
#2065 = PCURVE('',#72,#2066);
#2066 = DEFINITIONAL_REPRESENTATION('',(#2067),#2070);
#2067 = B_SPLINE_CURVE_WITH_KNOTS('',1,(#2068,#2069),.UNSPECIFIED.,.F.,
  .F.,(2,2),(-0.349026724213,17.065192812626),.PIECEWISE_BEZIER_KNOTS.);
#2068 = CARTESIAN_POINT('',(16.759836691913,37.82277300323));
#2069 = CARTESIAN_POINT('',(34.174044626996,37.802671488382));
#2070 = ( GEOMETRIC_REPRESENTATION_CONTEXT(2) 
PARAMETRIC_REPRESENTATION_CONTEXT() REPRESENTATION_CONTEXT('2D SPACE',''
  ) );
#2071 = PCURVE('',#2072,#2077);
#2072 = PLANE('',#2073);
#2073 = AXIS2_PLACEMENT_3D('',#2074,#2075,#2076);
#2074 = CARTESIAN_POINT('',(230.91094345653,-34.93749998966,3.));
#2075 = DIRECTION('',(-1.154316149837E-03,-0.999999333777,0.));
#2076 = DIRECTION('',(-0.999999333777,1.154316149837E-03,0.));
#2077 = DEFINITIONAL_REPRESENTATION('',(#2078),#2081);
#2078 = B_SPLINE_CURVE_WITH_KNOTS('',1,(#2079,#2080),.UNSPECIFIED.,.F.,
  .F.,(2,2),(-0.349026724213,17.065192812626),.PIECEWISE_BEZIER_KNOTS.);
#2079 = CARTESIAN_POINT('',(17.414219536839,-9.1));
#2080 = CARTESIAN_POINT('',(0.,-9.1));
#2081 = ( GEOMETRIC_REPRESENTATION_CONTEXT(2) 
PARAMETRIC_REPRESENTATION_CONTEXT() REPRESENTATION_CONTEXT('2D SPACE',''
  ) );
#2082 = ORIENTED_EDGE('',*,*,#2083,.T.);
#2083 = EDGE_CURVE('',#2058,#2084,#2086,.T.);
#2084 = VERTEX_POINT('',#2085);
#2085 = CARTESIAN_POINT('',(215.9,-32.1875,12.1));
#2086 = SURFACE_CURVE('',#2087,(#2091,#2097),.PCURVE_S1.);
#2087 = LINE('',#2088,#2089);
#2088 = CARTESIAN_POINT('',(215.95640706035,-52.43698820326,12.1));
#2089 = VECTOR('',#2090,1.);
#2090 = DIRECTION('',(-2.785593440065E-03,0.999996120227,0.));
#2091 = PCURVE('',#72,#2092);
#2092 = DEFINITIONAL_REPRESENTATION('',(#2093),#2096);
#2093 = B_SPLINE_CURVE_WITH_KNOTS('',1,(#2094,#2095),.UNSPECIFIED.,.F.,
  .F.,(2,2),(16.578170145245,20.249566766988),.PIECEWISE_BEZIER_KNOTS.);
#2094 = CARTESIAN_POINT('',(19.173328188807,36.881289100487));
#2095 = CARTESIAN_POINT('',(19.163101170461,40.552671478044));
#2096 = ( GEOMETRIC_REPRESENTATION_CONTEXT(2) 
PARAMETRIC_REPRESENTATION_CONTEXT() REPRESENTATION_CONTEXT('2D SPACE',''
  ) );
#2097 = PCURVE('',#2098,#2103);
#2098 = PLANE('',#2099);
#2099 = AXIS2_PLACEMENT_3D('',#2100,#2101,#2102);
#2100 = CARTESIAN_POINT('',(215.9,-32.1875,9.85));
#2101 = DIRECTION('',(0.999996120227,2.785593440065E-03,-0.));
#2102 = DIRECTION('',(2.785593440065E-03,-0.999996120227,0.));
#2103 = DEFINITIONAL_REPRESENTATION('',(#2104),#2107);
#2104 = B_SPLINE_CURVE_WITH_KNOTS('',1,(#2105,#2106),.UNSPECIFIED.,.F.,
  .F.,(2,2),(16.578170145245,20.249566766988),.PIECEWISE_BEZIER_KNOTS.);
#2105 = CARTESIAN_POINT('',(3.671396621742,-2.25));
#2106 = CARTESIAN_POINT('',(0.,-2.25));
#2107 = ( GEOMETRIC_REPRESENTATION_CONTEXT(2) 
PARAMETRIC_REPRESENTATION_CONTEXT() REPRESENTATION_CONTEXT('2D SPACE',''
  ) );
#2108 = ORIENTED_EDGE('',*,*,#2109,.T.);
#2109 = EDGE_CURVE('',#2084,#2110,#2112,.T.);
#2110 = VERTEX_POINT('',#2111);
#2111 = CARTESIAN_POINT('',(217.22861762244,-30.69772701834,12.1));
#2112 = SURFACE_CURVE('',#2113,(#2118,#2129),.PCURVE_S1.);
#2113 = CIRCLE('',#2114,1.500413123523);
#2114 = AXIS2_PLACEMENT_3D('',#2115,#2116,#2117);
#2115 = CARTESIAN_POINT('',(217.40041292464,-32.18827252767,12.1));
#2116 = DIRECTION('',(-0.,0.,-1.));
#2117 = DIRECTION('',(-0.11449866674,0.993423401836,0.));
#2118 = PCURVE('',#72,#2119);
#2119 = DEFINITIONAL_REPRESENTATION('',(#2120),#2128);
#2120 = ( BOUNDED_CURVE() B_SPLINE_CURVE(2,(#2121,#2122,#2123,#2124,
#2125,#2126,#2127),.UNSPECIFIED.,.T.,.F.) B_SPLINE_CURVE_WITH_KNOTS((1,2
    ,2,2,2,1),(-2.094395102393,0.,2.094395102393,4.188790204786,
6.28318530718,8.377580409573),.UNSPECIFIED.) CURVE() 
GEOMETRIC_REPRESENTATION_ITEM() RATIONAL_B_SPLINE_CURVE((1.,0.5,1.,0.5,
1.,0.5,1.)) REPRESENTATION_ITEM('') );
#2121 = CARTESIAN_POINT('',(20.491718792904,42.042444459699));
#2122 = CARTESIAN_POINT('',(23.073419346056,42.340002651615));
#2123 = CARTESIAN_POINT('',(22.040262022783,39.955405291663));
#2124 = CARTESIAN_POINT('',(21.007104699511,37.570807931711));
#2125 = CARTESIAN_POINT('',(19.458561469631,39.657847099747));
#2126 = CARTESIAN_POINT('',(17.910018239752,41.744886267783));
#2127 = CARTESIAN_POINT('',(20.491718792904,42.042444459699));
#2128 = ( GEOMETRIC_REPRESENTATION_CONTEXT(2) 
PARAMETRIC_REPRESENTATION_CONTEXT() REPRESENTATION_CONTEXT('2D SPACE',''
  ) );
#2129 = PCURVE('',#2130,#2135);
#2130 = CYLINDRICAL_SURFACE('',#2131,1.500413123523);
#2131 = AXIS2_PLACEMENT_3D('',#2132,#2133,#2134);
#2132 = CARTESIAN_POINT('',(217.40041292464,-32.18827252767,9.85));
#2133 = DIRECTION('',(-0.,-0.,-1.));
#2134 = DIRECTION('',(-0.11449866674,0.993423401836,0.));
#2135 = DEFINITIONAL_REPRESENTATION('',(#2136),#2140);
#2136 = LINE('',#2137,#2138);
#2137 = CARTESIAN_POINT('',(-6.28318530718,-2.25));
#2138 = VECTOR('',#2139,1.);
#2139 = DIRECTION('',(1.,-0.));
#2140 = ( GEOMETRIC_REPRESENTATION_CONTEXT(2) 
PARAMETRIC_REPRESENTATION_CONTEXT() REPRESENTATION_CONTEXT('2D SPACE',''
  ) );
#2141 = ORIENTED_EDGE('',*,*,#2142,.T.);
#2142 = EDGE_CURVE('',#2110,#2143,#2145,.T.);
#2143 = VERTEX_POINT('',#2144);
#2144 = CARTESIAN_POINT('',(225.4,-30.6875,12.1));
#2145 = SURFACE_CURVE('',#2146,(#2150,#2156),.PCURVE_S1.);
#2146 = LINE('',#2147,#2148);
#2147 = CARTESIAN_POINT('',(211.04215607367,-30.70546977872,12.1));
#2148 = VECTOR('',#2149,1.);
#2149 = DIRECTION('',(0.999999216793,1.251564284108E-03,-0.));
#2150 = PCURVE('',#72,#2151);
#2151 = DEFINITIONAL_REPRESENTATION('',(#2152),#2155);
#2152 = B_SPLINE_CURVE_WITH_KNOTS('',1,(#2153,#2154),.UNSPECIFIED.,.F.,
  .F.,(2,2),(6.186466394053,14.357855171498),.PIECEWISE_BEZIER_KNOTS.);
#2153 = CARTESIAN_POINT('',(20.491718792904,42.042444459699));
#2154 = CARTESIAN_POINT('',(28.663101170461,42.052671478044));
#2155 = ( GEOMETRIC_REPRESENTATION_CONTEXT(2) 
PARAMETRIC_REPRESENTATION_CONTEXT() REPRESENTATION_CONTEXT('2D SPACE',''
  ) );
#2156 = PCURVE('',#2157,#2162);
#2157 = PLANE('',#2158);
#2158 = AXIS2_PLACEMENT_3D('',#2159,#2160,#2161);
#2159 = CARTESIAN_POINT('',(225.4,-30.6875,9.85));
#2160 = DIRECTION('',(1.251564284108E-03,-0.999999216793,0.));
#2161 = DIRECTION('',(-0.999999216793,-1.251564284108E-03,0.));
#2162 = DEFINITIONAL_REPRESENTATION('',(#2163),#2166);
#2163 = B_SPLINE_CURVE_WITH_KNOTS('',1,(#2164,#2165),.UNSPECIFIED.,.F.,
  .F.,(2,2),(6.186466394053,14.357855171498),.PIECEWISE_BEZIER_KNOTS.);
#2164 = CARTESIAN_POINT('',(8.171388777445,-2.25));
#2165 = CARTESIAN_POINT('',(0.,-2.25));
#2166 = ( GEOMETRIC_REPRESENTATION_CONTEXT(2) 
PARAMETRIC_REPRESENTATION_CONTEXT() REPRESENTATION_CONTEXT('2D SPACE',''
  ) );
#2167 = ORIENTED_EDGE('',*,*,#2168,.T.);
#2168 = EDGE_CURVE('',#2143,#2169,#2171,.T.);
#2169 = VERTEX_POINT('',#2170);
#2170 = CARTESIAN_POINT('',(226.88977298165,-32.01611762244,12.1));
#2171 = SURFACE_CURVE('',#2172,(#2177,#2188),.PCURVE_S1.);
#2172 = CIRCLE('',#2173,1.500413123523);
#2173 = AXIS2_PLACEMENT_3D('',#2174,#2175,#2176);
#2174 = CARTESIAN_POINT('',(225.39922747232,-32.18791292464,12.1));
#2175 = DIRECTION('',(0.,-0.,-1.));
#2176 = DIRECTION('',(0.993423401836,0.11449866674,-0.));
#2177 = PCURVE('',#72,#2178);
#2178 = DEFINITIONAL_REPRESENTATION('',(#2179),#2187);
#2179 = ( BOUNDED_CURVE() B_SPLINE_CURVE(2,(#2180,#2181,#2182,#2183,
#2184,#2185,#2186),.UNSPECIFIED.,.T.,.F.) B_SPLINE_CURVE_WITH_KNOTS((1,2
    ,2,2,2,1),(-2.094395102393,0.,2.094395102393,4.188790204786,
6.28318530718,8.377580409573),.UNSPECIFIED.) CURVE() 
GEOMETRIC_REPRESENTATION_ITEM() RATIONAL_B_SPLINE_CURVE((1.,0.5,1.,0.5,
1.,0.5,1.)) REPRESENTATION_ITEM('') );
#2180 = CARTESIAN_POINT('',(30.152874152116,40.724053855601));
#2181 = CARTESIAN_POINT('',(30.450432344032,38.142353302449));
#2182 = CARTESIAN_POINT('',(28.06583498408,39.175510625722));
#2183 = CARTESIAN_POINT('',(25.681237624127,40.208667948995));
#2184 = CARTESIAN_POINT('',(27.768276792164,41.757211178874));
#2185 = CARTESIAN_POINT('',(29.8553159602,43.305754408754));
#2186 = CARTESIAN_POINT('',(30.152874152116,40.724053855601));
#2187 = ( GEOMETRIC_REPRESENTATION_CONTEXT(2) 
PARAMETRIC_REPRESENTATION_CONTEXT() REPRESENTATION_CONTEXT('2D SPACE',''
  ) );
#2188 = PCURVE('',#2189,#2194);
#2189 = CYLINDRICAL_SURFACE('',#2190,1.500413123523);
#2190 = AXIS2_PLACEMENT_3D('',#2191,#2192,#2193);
#2191 = CARTESIAN_POINT('',(225.39922747232,-32.18791292464,9.85));
#2192 = DIRECTION('',(-0.,-0.,-1.));
#2193 = DIRECTION('',(0.993423401836,0.11449866674,-0.));
#2194 = DEFINITIONAL_REPRESENTATION('',(#2195),#2199);
#2195 = LINE('',#2196,#2197);
#2196 = CARTESIAN_POINT('',(-6.28318530718,-2.25));
#2197 = VECTOR('',#2198,1.);
#2198 = DIRECTION('',(1.,-0.));
#2199 = ( GEOMETRIC_REPRESENTATION_CONTEXT(2) 
PARAMETRIC_REPRESENTATION_CONTEXT() REPRESENTATION_CONTEXT('2D SPACE',''
  ) );
#2200 = ORIENTED_EDGE('',*,*,#2201,.T.);
#2201 = EDGE_CURVE('',#2169,#2202,#2204,.T.);
#2202 = VERTEX_POINT('',#2203);
#2203 = CARTESIAN_POINT('',(226.89789789295,-34.93286766327,12.1));
#2204 = SURFACE_CURVE('',#2205,(#2209,#2215),.PCURVE_S1.);
#2205 = LINE('',#2206,#2207);
#2206 = CARTESIAN_POINT('',(226.95148961332,-54.17168107796,12.1));
#2207 = VECTOR('',#2208,1.);
#2208 = DIRECTION('',(2.785593440065E-03,-0.999996120227,0.));
#2209 = PCURVE('',#72,#2210);
#2210 = DEFINITIONAL_REPRESENTATION('',(#2211),#2214);
#2211 = B_SPLINE_CURVE_WITH_KNOTS('',1,(#2212,#2213),.UNSPECIFIED.,.F.,
  .F.,(2,2),(-22.15564941441,-18.48425279267),.PIECEWISE_BEZIER_KNOTS.);
#2212 = CARTESIAN_POINT('',(30.152874152116,40.724053855601));
#2213 = CARTESIAN_POINT('',(30.163101170461,37.052671478044));
#2214 = ( GEOMETRIC_REPRESENTATION_CONTEXT(2) 
PARAMETRIC_REPRESENTATION_CONTEXT() REPRESENTATION_CONTEXT('2D SPACE',''
  ) );
#2215 = PCURVE('',#2216,#2221);
#2216 = PLANE('',#2217);
#2217 = AXIS2_PLACEMENT_3D('',#2218,#2219,#2220);
#2218 = CARTESIAN_POINT('',(226.9,-35.6875,9.85));
#2219 = DIRECTION('',(-0.999996120227,-2.785593440065E-03,0.));
#2220 = DIRECTION('',(-2.785593440065E-03,0.999996120227,0.));
#2221 = DEFINITIONAL_REPRESENTATION('',(#2222),#2225);
#2222 = B_SPLINE_CURVE_WITH_KNOTS('',1,(#2223,#2224),.UNSPECIFIED.,.F.,
  .F.,(2,2),(-22.15564941441,-18.48425279267),.PIECEWISE_BEZIER_KNOTS.);
#2223 = CARTESIAN_POINT('',(3.671396621742,-2.25));
#2224 = CARTESIAN_POINT('',(0.,-2.25));
#2225 = ( GEOMETRIC_REPRESENTATION_CONTEXT(2) 
PARAMETRIC_REPRESENTATION_CONTEXT() REPRESENTATION_CONTEXT('2D SPACE',''
  ) );
#2226 = ORIENTED_EDGE('',*,*,#2227,.T.);
#2227 = EDGE_CURVE('',#2202,#2228,#2230,.T.);
#2228 = VERTEX_POINT('',#2229);
#2229 = CARTESIAN_POINT('',(230.91094345653,-34.93749998966,12.1));
#2230 = SURFACE_CURVE('',#2231,(#2235,#2241),.PCURVE_S1.);
#2231 = LINE('',#2232,#2233);
#2232 = CARTESIAN_POINT('',(213.84576201313,-34.91780136199,12.1));
#2233 = VECTOR('',#2234,1.);
#2234 = DIRECTION('',(0.999999333777,-1.154316149837E-03,0.));
#2235 = PCURVE('',#72,#2236);
#2236 = DEFINITIONAL_REPRESENTATION('',(#2237),#2240);
#2237 = B_SPLINE_CURVE_WITH_KNOTS('',1,(#2238,#2239),.UNSPECIFIED.,.F.,
  .F.,(2,2),(-0.349026724213,17.065192812626),.PIECEWISE_BEZIER_KNOTS.);
#2238 = CARTESIAN_POINT('',(16.759836691913,37.82277300323));
#2239 = CARTESIAN_POINT('',(34.174044626996,37.802671488382));
#2240 = ( GEOMETRIC_REPRESENTATION_CONTEXT(2) 
PARAMETRIC_REPRESENTATION_CONTEXT() REPRESENTATION_CONTEXT('2D SPACE',''
  ) );
#2241 = PCURVE('',#2072,#2242);
#2242 = DEFINITIONAL_REPRESENTATION('',(#2243),#2246);
#2243 = B_SPLINE_CURVE_WITH_KNOTS('',1,(#2244,#2245),.UNSPECIFIED.,.F.,
  .F.,(2,2),(-0.349026724213,17.065192812626),.PIECEWISE_BEZIER_KNOTS.);
#2244 = CARTESIAN_POINT('',(17.414219536839,-9.1));
#2245 = CARTESIAN_POINT('',(0.,-9.1));
#2246 = ( GEOMETRIC_REPRESENTATION_CONTEXT(2) 
PARAMETRIC_REPRESENTATION_CONTEXT() REPRESENTATION_CONTEXT('2D SPACE',''
  ) );
#2247 = ORIENTED_EDGE('',*,*,#2248,.T.);
#2248 = EDGE_CURVE('',#2228,#2249,#2251,.T.);
#2249 = VERTEX_POINT('',#2250);
#2250 = CARTESIAN_POINT('',(232.26704925092,-35.55934250512,12.1));
#2251 = SURFACE_CURVE('',#2252,(#2257,#2268),.PCURVE_S1.);
#2252 = CIRCLE('',#2253,1.75417492326);
#2253 = AXIS2_PLACEMENT_3D('',#2254,#2255,#2256);
#2254 = CARTESIAN_POINT('',(230.92722682515,-36.69159933499,12.1));
#2255 = DIRECTION('',(0.,-0.,-1.));
#2256 = DIRECTION('',(0.763790661927,0.645464038311,-0.));
#2257 = PCURVE('',#72,#2258);
#2258 = DEFINITIONAL_REPRESENTATION('',(#2259),#2267);
#2259 = ( BOUNDED_CURVE() B_SPLINE_CURVE(2,(#2260,#2261,#2262,#2263,
#2264,#2265,#2266),.UNSPECIFIED.,.T.,.F.) B_SPLINE_CURVE_WITH_KNOTS((1,2
    ,2,2,2,1),(-2.094395102393,0.,2.094395102393,4.188790204786,
6.28318530718,8.377580409573),.UNSPECIFIED.) CURVE() 
GEOMETRIC_REPRESENTATION_ITEM() RATIONAL_B_SPLINE_CURVE((1.,0.5,1.,0.5,
1.,0.5,1.)) REPRESENTATION_ITEM('') );
#2260 = CARTESIAN_POINT('',(35.53015042139,37.18082897292));
#2261 = CARTESIAN_POINT('',(37.491276777946,34.860188458362));
#2262 = CARTESIAN_POINT('',(34.500979961009,34.322123470832));
#2263 = CARTESIAN_POINT('',(31.510683144073,33.784058483303));
#2264 = CARTESIAN_POINT('',(32.539853604453,36.642763985391));
#2265 = CARTESIAN_POINT('',(33.569024064834,39.501469487478));
#2266 = CARTESIAN_POINT('',(35.53015042139,37.18082897292));
#2267 = ( GEOMETRIC_REPRESENTATION_CONTEXT(2) 
PARAMETRIC_REPRESENTATION_CONTEXT() REPRESENTATION_CONTEXT('2D SPACE',''
  ) );
#2268 = PCURVE('',#2269,#2274);
#2269 = CYLINDRICAL_SURFACE('',#2270,1.75417492326);
#2270 = AXIS2_PLACEMENT_3D('',#2271,#2272,#2273);
#2271 = CARTESIAN_POINT('',(230.92722682515,-36.69159933499,3.));
#2272 = DIRECTION('',(-0.,-0.,-1.));
#2273 = DIRECTION('',(0.763790661927,0.645464038311,-0.));
#2274 = DEFINITIONAL_REPRESENTATION('',(#2275),#2279);
#2275 = LINE('',#2276,#2277);
#2276 = CARTESIAN_POINT('',(-6.28318530718,-9.1));
#2277 = VECTOR('',#2278,1.);
#2278 = DIRECTION('',(1.,-0.));
#2279 = ( GEOMETRIC_REPRESENTATION_CONTEXT(2) 
PARAMETRIC_REPRESENTATION_CONTEXT() REPRESENTATION_CONTEXT('2D SPACE',''
  ) );
#2280 = ORIENTED_EDGE('',*,*,#2281,.F.);
#2281 = EDGE_CURVE('',#2282,#2249,#2284,.T.);
#2282 = VERTEX_POINT('',#2283);
#2283 = CARTESIAN_POINT('',(235.71973883542,-37.31798633907,12.1));
#2284 = SURFACE_CURVE('',#2285,(#2290,#2301),.PCURVE_S1.);
#2285 = CIRCLE('',#2286,4.283353014741);
#2286 = AXIS2_PLACEMENT_3D('',#2287,#2288,#2289);
#2287 = CARTESIAN_POINT('',(235.72725009133,-33.03463991017,12.1));
#2288 = DIRECTION('',(0.,0.,-1.));
#2289 = DIRECTION('',(-1.753592543716E-03,-0.999998462455,-0.));
#2290 = PCURVE('',#72,#2291);
#2291 = DEFINITIONAL_REPRESENTATION('',(#2292),#2300);
#2292 = ( BOUNDED_CURVE() B_SPLINE_CURVE(2,(#2293,#2294,#2295,#2296,
#2297,#2298,#2299),.UNSPECIFIED.,.T.,.F.) B_SPLINE_CURVE_WITH_KNOTS((1,2
    ,2,2,2,1),(-2.094395102393,0.,2.094395102393,4.188790204786,
6.28318530718,8.377580409573),.UNSPECIFIED.) CURVE() 
GEOMETRIC_REPRESENTATION_ITEM() RATIONAL_B_SPLINE_CURVE((1.,0.5,1.,0.5,
1.,0.5,1.)) REPRESENTATION_ITEM('') );
#2293 = CARTESIAN_POINT('',(38.982840005888,35.422185138973));
#2294 = CARTESIAN_POINT('',(31.563866364624,35.435195015836));
#2295 = CARTESIAN_POINT('',(35.284620069119,41.853709720746));
#2296 = CARTESIAN_POINT('',(39.005373773614,48.272224425656));
#2297 = CARTESIAN_POINT('',(42.703593710383,41.840699843884));
#2298 = CARTESIAN_POINT('',(46.401813647152,35.409175262111));
#2299 = CARTESIAN_POINT('',(38.982840005888,35.422185138973));
#2300 = ( GEOMETRIC_REPRESENTATION_CONTEXT(2) 
PARAMETRIC_REPRESENTATION_CONTEXT() REPRESENTATION_CONTEXT('2D SPACE',''
  ) );
#2301 = PCURVE('',#2302,#2307);
#2302 = CYLINDRICAL_SURFACE('',#2303,4.283353014741);
#2303 = AXIS2_PLACEMENT_3D('',#2304,#2305,#2306);
#2304 = CARTESIAN_POINT('',(235.72725009133,-33.03463991017,3.));
#2305 = DIRECTION('',(0.,0.,-1.));
#2306 = DIRECTION('',(-1.753592543716E-03,-0.999998462455,-0.));
#2307 = DEFINITIONAL_REPRESENTATION('',(#2308),#2312);
#2308 = LINE('',#2309,#2310);
#2309 = CARTESIAN_POINT('',(0.,-9.1));
#2310 = VECTOR('',#2311,1.);
#2311 = DIRECTION('',(1.,0.));
#2312 = ( GEOMETRIC_REPRESENTATION_CONTEXT(2) 
PARAMETRIC_REPRESENTATION_CONTEXT() REPRESENTATION_CONTEXT('2D SPACE',''
  ) );
#2313 = ORIENTED_EDGE('',*,*,#2314,.T.);
#2314 = EDGE_CURVE('',#2282,#2315,#2317,.T.);
#2315 = VERTEX_POINT('',#2316);
#2316 = CARTESIAN_POINT('',(249.61572613085,-37.31874999138,12.1));
#2317 = SURFACE_CURVE('',#2318,(#2322,#2328),.PCURVE_S1.);
#2318 = LINE('',#2319,#2320);
#2319 = CARTESIAN_POINT('',(223.17728585001,-37.31729707007,12.1));
#2320 = VECTOR('',#2321,1.);
#2321 = DIRECTION('',(0.99999999849,-5.495487960687E-05,0.));
#2322 = PCURVE('',#72,#2323);
#2323 = DEFINITIONAL_REPRESENTATION('',(#2324),#2327);
#2324 = B_SPLINE_CURVE_WITH_KNOTS('',1,(#2325,#2326),.UNSPECIFIED.,.F.,
  .F.,(2,2),(12.542453004347,26.438440320756),.PIECEWISE_BEZIER_KNOTS.);
#2325 = CARTESIAN_POINT('',(38.982840005888,35.422185138973));
#2326 = CARTESIAN_POINT('',(52.878827301314,35.421421486663));
#2327 = ( GEOMETRIC_REPRESENTATION_CONTEXT(2) 
PARAMETRIC_REPRESENTATION_CONTEXT() REPRESENTATION_CONTEXT('2D SPACE',''
  ) );
#2328 = PCURVE('',#2329,#2334);
#2329 = PLANE('',#2330);
#2330 = AXIS2_PLACEMENT_3D('',#2331,#2332,#2333);
#2331 = CARTESIAN_POINT('',(249.61572613085,-37.31874999138,3.));
#2332 = DIRECTION('',(-5.495487960687E-05,-0.99999999849,0.));
#2333 = DIRECTION('',(-0.99999999849,5.495487960687E-05,0.));
#2334 = DEFINITIONAL_REPRESENTATION('',(#2335),#2338);
#2335 = B_SPLINE_CURVE_WITH_KNOTS('',1,(#2336,#2337),.UNSPECIFIED.,.F.,
  .F.,(2,2),(12.542453004347,26.438440320756),.PIECEWISE_BEZIER_KNOTS.);
#2336 = CARTESIAN_POINT('',(13.895987316409,-9.1));
#2337 = CARTESIAN_POINT('',(0.,-9.1));
#2338 = ( GEOMETRIC_REPRESENTATION_CONTEXT(2) 
PARAMETRIC_REPRESENTATION_CONTEXT() REPRESENTATION_CONTEXT('2D SPACE',''
  ) );
#2339 = ORIENTED_EDGE('',*,*,#2340,.T.);
#2340 = EDGE_CURVE('',#2315,#2341,#2343,.T.);
#2341 = VERTEX_POINT('',#2342);
#2342 = CARTESIAN_POINT('',(251.35637694218,-38.75398005398,12.1));
#2343 = SURFACE_CURVE('',#2344,(#2349,#2360),.PCURVE_S1.);
#2344 = CIRCLE('',#2345,1.753601336612);
#2345 = AXIS2_PLACEMENT_3D('',#2346,#2347,#2348);
#2346 = CARTESIAN_POINT('',(249.63190458949,-39.0722766964,12.1));
#2347 = DIRECTION('',(0.,-0.,-1.));
#2348 = DIRECTION('',(0.983389050113,0.181510264496,-0.));
#2349 = PCURVE('',#72,#2350);
#2350 = DEFINITIONAL_REPRESENTATION('',(#2351),#2359);
#2351 = ( BOUNDED_CURVE() B_SPLINE_CURVE(2,(#2352,#2353,#2354,#2355,
#2356,#2357,#2358),.UNSPECIFIED.,.T.,.F.) B_SPLINE_CURVE_WITH_KNOTS((1,2
    ,2,2,2,1),(-2.094395102393,0.,2.094395102393,4.188790204786,
6.28318530718,8.377580409573),.UNSPECIFIED.) CURVE() 
GEOMETRIC_REPRESENTATION_ITEM() RATIONAL_B_SPLINE_CURVE((1.,0.5,1.,0.5,
1.,0.5,1.)) REPRESENTATION_ITEM('') );
#2352 = CARTESIAN_POINT('',(54.619478112645,33.986191424065));
#2353 = CARTESIAN_POINT('',(55.17078406921,30.99931769296));
#2354 = CARTESIAN_POINT('',(52.308422561895,32.01530959487));
#2355 = CARTESIAN_POINT('',(49.44606105458,33.031301496779));
#2356 = CARTESIAN_POINT('',(51.75711660533,35.002183325974));
#2357 = CARTESIAN_POINT('',(54.068172156081,36.973065155169));
#2358 = CARTESIAN_POINT('',(54.619478112645,33.986191424065));
#2359 = ( GEOMETRIC_REPRESENTATION_CONTEXT(2) 
PARAMETRIC_REPRESENTATION_CONTEXT() REPRESENTATION_CONTEXT('2D SPACE',''
  ) );
#2360 = PCURVE('',#2361,#2366);
#2361 = CYLINDRICAL_SURFACE('',#2362,1.753601336612);
#2362 = AXIS2_PLACEMENT_3D('',#2363,#2364,#2365);
#2363 = CARTESIAN_POINT('',(249.63190458949,-39.0722766964,3.));
#2364 = DIRECTION('',(-0.,-0.,-1.));
#2365 = DIRECTION('',(0.983389050113,0.181510264496,-0.));
#2366 = DEFINITIONAL_REPRESENTATION('',(#2367),#2371);
#2367 = LINE('',#2368,#2369);
#2368 = CARTESIAN_POINT('',(-6.28318530718,-9.1));
#2369 = VECTOR('',#2370,1.);
#2370 = DIRECTION('',(1.,-0.));
#2371 = ( GEOMETRIC_REPRESENTATION_CONTEXT(2) 
PARAMETRIC_REPRESENTATION_CONTEXT() REPRESENTATION_CONTEXT('2D SPACE',''
  ) );
#2372 = ORIENTED_EDGE('',*,*,#2373,.F.);
#2373 = EDGE_CURVE('',#2374,#2341,#2376,.T.);
#2374 = VERTEX_POINT('',#2375);
#2375 = CARTESIAN_POINT('',(255.11158034815,-42.06174992222,12.1));
#2376 = SURFACE_CURVE('',#2377,(#2382,#2393),.PCURVE_S1.);
#2377 = CIRCLE('',#2378,4.243120014868);
#2378 = AXIS2_PLACEMENT_3D('',#2379,#2380,#2381);
#2379 = CARTESIAN_POINT('',(255.49908666751,-37.836361619,12.1));
#2380 = DIRECTION('',(0.,0.,-1.));
#2381 = DIRECTION('',(-9.132579752694E-02,-0.995821067615,-0.));
#2382 = PCURVE('',#72,#2383);
#2383 = DEFINITIONAL_REPRESENTATION('',(#2384),#2392);
#2384 = ( BOUNDED_CURVE() B_SPLINE_CURVE(2,(#2385,#2386,#2387,#2388,
#2389,#2390,#2391),.UNSPECIFIED.,.T.,.F.) B_SPLINE_CURVE_WITH_KNOTS((1,2
    ,2,2,2,1),(-2.094395102393,0.,2.094395102393,4.188790204786,
6.28318530718,8.377580409573),.UNSPECIFIED.) CURVE() 
GEOMETRIC_REPRESENTATION_ITEM() RATIONAL_B_SPLINE_CURVE((1.,0.5,1.,0.5,
1.,0.5,1.)) REPRESENTATION_ITEM('') );
#2385 = CARTESIAN_POINT('',(58.374681518617,30.678421555818));
#2386 = CARTESIAN_POINT('',(51.056094295724,31.349602189204));
#2387 = CARTESIAN_POINT('',(55.296647386211,37.352094327349));
#2388 = CARTESIAN_POINT('',(59.537200476698,43.354586465493));
#2389 = CARTESIAN_POINT('',(62.615234609104,36.680913693963));
#2390 = CARTESIAN_POINT('',(65.69326874151,30.007240922432));
#2391 = CARTESIAN_POINT('',(58.374681518617,30.678421555818));
#2392 = ( GEOMETRIC_REPRESENTATION_CONTEXT(2) 
PARAMETRIC_REPRESENTATION_CONTEXT() REPRESENTATION_CONTEXT('2D SPACE',''
  ) );
#2393 = PCURVE('',#2394,#2399);
#2394 = CYLINDRICAL_SURFACE('',#2395,4.243120014868);
#2395 = AXIS2_PLACEMENT_3D('',#2396,#2397,#2398);
#2396 = CARTESIAN_POINT('',(255.49908666751,-37.836361619,3.));
#2397 = DIRECTION('',(0.,0.,-1.));
#2398 = DIRECTION('',(-9.132579752694E-02,-0.995821067615,-0.));
#2399 = DEFINITIONAL_REPRESENTATION('',(#2400),#2404);
#2400 = LINE('',#2401,#2402);
#2401 = CARTESIAN_POINT('',(0.,-9.1));
#2402 = VECTOR('',#2403,1.);
#2403 = DIRECTION('',(1.,0.));
#2404 = ( GEOMETRIC_REPRESENTATION_CONTEXT(2) 
PARAMETRIC_REPRESENTATION_CONTEXT() REPRESENTATION_CONTEXT('2D SPACE',''
  ) );
#2405 = ORIENTED_EDGE('',*,*,#2406,.T.);
#2406 = EDGE_CURVE('',#2374,#2407,#2409,.T.);
#2407 = VERTEX_POINT('',#2408);
#2408 = CARTESIAN_POINT('',(263.50762013287,-42.0667903716,12.1));
#2409 = SURFACE_CURVE('',#2410,(#2414,#2420),.PCURVE_S1.);
#2410 = LINE('',#2411,#2412);
#2411 = CARTESIAN_POINT('',(242.17440728745,-42.05398326466,12.1));
#2412 = VECTOR('',#2413,1.);
#2413 = DIRECTION('',(0.999999819798,-6.003364200813E-04,0.));
#2414 = PCURVE('',#72,#2415);
#2415 = DEFINITIONAL_REPRESENTATION('',(#2416),#2419);
#2416 = B_SPLINE_CURVE_WITH_KNOTS('',1,(#2417,#2418),.UNSPECIFIED.,.F.,
  .F.,(2,2),(12.937175392001,45.419078233616),.PIECEWISE_BEZIER_KNOTS.);
#2417 = CARTESIAN_POINT('',(58.374681518617,30.678421555818));
#2418 = CARTESIAN_POINT('',(90.856578506931,30.658921486549));
#2419 = ( GEOMETRIC_REPRESENTATION_CONTEXT(2) 
PARAMETRIC_REPRESENTATION_CONTEXT() REPRESENTATION_CONTEXT('2D SPACE',''
  ) );
#2420 = PCURVE('',#2421,#2426);
#2421 = PLANE('',#2422);
#2422 = AXIS2_PLACEMENT_3D('',#2423,#2424,#2425);
#2423 = CARTESIAN_POINT('',(287.59347733647,-42.08124999149,3.));
#2424 = DIRECTION('',(-6.003364200813E-04,-0.999999819798,0.));
#2425 = DIRECTION('',(-0.999999819798,6.003364200813E-04,0.));
#2426 = DEFINITIONAL_REPRESENTATION('',(#2427),#2430);
#2427 = B_SPLINE_CURVE_WITH_KNOTS('',1,(#2428,#2429),.UNSPECIFIED.,.F.,
  .F.,(2,2),(12.937175392001,45.419078233616),.PIECEWISE_BEZIER_KNOTS.);
#2428 = CARTESIAN_POINT('',(32.481902841615,-9.1));
#2429 = CARTESIAN_POINT('',(0.,-9.1));
#2430 = ( GEOMETRIC_REPRESENTATION_CONTEXT(2) 
PARAMETRIC_REPRESENTATION_CONTEXT() REPRESENTATION_CONTEXT('2D SPACE',''
  ) );
#2431 = ORIENTED_EDGE('',*,*,#2432,.T.);
#2432 = EDGE_CURVE('',#2407,#2433,#2435,.T.);
#2433 = VERTEX_POINT('',#2434);
#2434 = CARTESIAN_POINT('',(263.5,-39.33125,12.1));
#2435 = SURFACE_CURVE('',#2436,(#2440,#2446),.PCURVE_S1.);
#2436 = LINE('',#2437,#2438);
#2437 = CARTESIAN_POINT('',(263.54627263055,-55.94259405268,12.1));
#2438 = VECTOR('',#2439,1.);
#2439 = DIRECTION('',(-2.785593440065E-03,0.999996120227,0.));
#2440 = PCURVE('',#72,#2441);
#2441 = DEFINITIONAL_REPRESENTATION('',(#2442),#2445);
#2442 = B_SPLINE_CURVE_WITH_KNOTS('',1,(#2443,#2444),.UNSPECIFIED.,.F.,
  .F.,(2,2),(12.940011879435,16.611408501178),.PIECEWISE_BEZIER_KNOTS.);
#2443 = CARTESIAN_POINT('',(66.773328188807,29.737539100487));
#2444 = CARTESIAN_POINT('',(66.763101170461,33.408921478044));
#2445 = ( GEOMETRIC_REPRESENTATION_CONTEXT(2) 
PARAMETRIC_REPRESENTATION_CONTEXT() REPRESENTATION_CONTEXT('2D SPACE',''
  ) );
#2446 = PCURVE('',#2447,#2452);
#2447 = PLANE('',#2448);
#2448 = AXIS2_PLACEMENT_3D('',#2449,#2450,#2451);
#2449 = CARTESIAN_POINT('',(263.5,-39.33125,9.85));
#2450 = DIRECTION('',(0.999996120227,2.785593440065E-03,-0.));
#2451 = DIRECTION('',(2.785593440065E-03,-0.999996120227,0.));
#2452 = DEFINITIONAL_REPRESENTATION('',(#2453),#2456);
#2453 = B_SPLINE_CURVE_WITH_KNOTS('',1,(#2454,#2455),.UNSPECIFIED.,.F.,
  .F.,(2,2),(12.940011879435,16.611408501178),.PIECEWISE_BEZIER_KNOTS.);
#2454 = CARTESIAN_POINT('',(3.671396621743,-2.25));
#2455 = CARTESIAN_POINT('',(0.,-2.25));
#2456 = ( GEOMETRIC_REPRESENTATION_CONTEXT(2) 
PARAMETRIC_REPRESENTATION_CONTEXT() REPRESENTATION_CONTEXT('2D SPACE',''
  ) );
#2457 = ORIENTED_EDGE('',*,*,#2458,.T.);
#2458 = EDGE_CURVE('',#2433,#2459,#2461,.T.);
#2459 = VERTEX_POINT('',#2460);
#2460 = CARTESIAN_POINT('',(264.82861762244,-37.84147701834,12.1));
#2461 = SURFACE_CURVE('',#2462,(#2467,#2478),.PCURVE_S1.);
#2462 = CIRCLE('',#2463,1.500413123523);
#2463 = AXIS2_PLACEMENT_3D('',#2464,#2465,#2466);
#2464 = CARTESIAN_POINT('',(265.00041292464,-39.33202252767,12.1));
#2465 = DIRECTION('',(-0.,0.,-1.));
#2466 = DIRECTION('',(-0.11449866674,0.993423401836,0.));
#2467 = PCURVE('',#72,#2468);
#2468 = DEFINITIONAL_REPRESENTATION('',(#2469),#2477);
#2469 = ( BOUNDED_CURVE() B_SPLINE_CURVE(2,(#2470,#2471,#2472,#2473,
#2474,#2475,#2476),.UNSPECIFIED.,.T.,.F.) B_SPLINE_CURVE_WITH_KNOTS((1,2
    ,2,2,2,1),(-2.094395102393,0.,2.094395102393,4.188790204786,
6.28318530718,8.377580409573),.UNSPECIFIED.) CURVE() 
GEOMETRIC_REPRESENTATION_ITEM() RATIONAL_B_SPLINE_CURVE((1.,0.5,1.,0.5,
1.,0.5,1.)) REPRESENTATION_ITEM('') );
#2470 = CARTESIAN_POINT('',(68.091718792904,34.898694459699));
#2471 = CARTESIAN_POINT('',(70.673419346056,35.196252651615));
#2472 = CARTESIAN_POINT('',(69.640262022783,32.811655291663));
#2473 = CARTESIAN_POINT('',(68.607104699511,30.427057931711));
#2474 = CARTESIAN_POINT('',(67.058561469631,32.514097099747));
#2475 = CARTESIAN_POINT('',(65.510018239752,34.601136267783));
#2476 = CARTESIAN_POINT('',(68.091718792904,34.898694459699));
#2477 = ( GEOMETRIC_REPRESENTATION_CONTEXT(2) 
PARAMETRIC_REPRESENTATION_CONTEXT() REPRESENTATION_CONTEXT('2D SPACE',''
  ) );
#2478 = PCURVE('',#2479,#2484);
#2479 = CYLINDRICAL_SURFACE('',#2480,1.500413123523);
#2480 = AXIS2_PLACEMENT_3D('',#2481,#2482,#2483);
#2481 = CARTESIAN_POINT('',(265.00041292464,-39.33202252767,9.85));
#2482 = DIRECTION('',(-0.,-0.,-1.));
#2483 = DIRECTION('',(-0.11449866674,0.993423401836,0.));
#2484 = DEFINITIONAL_REPRESENTATION('',(#2485),#2489);
#2485 = LINE('',#2486,#2487);
#2486 = CARTESIAN_POINT('',(-6.28318530718,-2.25));
#2487 = VECTOR('',#2488,1.);
#2488 = DIRECTION('',(1.,-0.));
#2489 = ( GEOMETRIC_REPRESENTATION_CONTEXT(2) 
PARAMETRIC_REPRESENTATION_CONTEXT() REPRESENTATION_CONTEXT('2D SPACE',''
  ) );
#2490 = ORIENTED_EDGE('',*,*,#2491,.T.);
#2491 = EDGE_CURVE('',#2459,#2492,#2494,.T.);
#2492 = VERTEX_POINT('',#2493);
#2493 = CARTESIAN_POINT('',(273.,-37.83125,12.1));
#2494 = SURFACE_CURVE('',#2495,(#2499,#2505),.PCURVE_S1.);
#2495 = LINE('',#2496,#2497);
#2496 = CARTESIAN_POINT('',(234.84666378198,-37.87900139032,12.1));
#2497 = VECTOR('',#2498,1.);
#2498 = DIRECTION('',(0.999999216793,1.251564284108E-03,-0.));
#2499 = PCURVE('',#72,#2500);
#2500 = DEFINITIONAL_REPRESENTATION('',(#2501),#2504);
#2501 = B_SPLINE_CURVE_WITH_KNOTS('',1,(#2502,#2503),.UNSPECIFIED.,.F.,
  .F.,(2,2),(29.981977322552,38.153366099997),.PIECEWISE_BEZIER_KNOTS.);
#2502 = CARTESIAN_POINT('',(68.091718792904,34.898694459699));
#2503 = CARTESIAN_POINT('',(76.263101170461,34.908921478044));
#2504 = ( GEOMETRIC_REPRESENTATION_CONTEXT(2) 
PARAMETRIC_REPRESENTATION_CONTEXT() REPRESENTATION_CONTEXT('2D SPACE',''
  ) );
#2505 = PCURVE('',#2506,#2511);
#2506 = PLANE('',#2507);
#2507 = AXIS2_PLACEMENT_3D('',#2508,#2509,#2510);
#2508 = CARTESIAN_POINT('',(273.,-37.83125,9.85));
#2509 = DIRECTION('',(1.251564284108E-03,-0.999999216793,0.));
#2510 = DIRECTION('',(-0.999999216793,-1.251564284108E-03,0.));
#2511 = DEFINITIONAL_REPRESENTATION('',(#2512),#2515);
#2512 = B_SPLINE_CURVE_WITH_KNOTS('',1,(#2513,#2514),.UNSPECIFIED.,.F.,
  .F.,(2,2),(29.981977322552,38.153366099997),.PIECEWISE_BEZIER_KNOTS.);
#2513 = CARTESIAN_POINT('',(8.171388777445,-2.25));
#2514 = CARTESIAN_POINT('',(0.,-2.25));
#2515 = ( GEOMETRIC_REPRESENTATION_CONTEXT(2) 
PARAMETRIC_REPRESENTATION_CONTEXT() REPRESENTATION_CONTEXT('2D SPACE',''
  ) );
#2516 = ORIENTED_EDGE('',*,*,#2517,.T.);
#2517 = EDGE_CURVE('',#2492,#2518,#2520,.T.);
#2518 = VERTEX_POINT('',#2519);
#2519 = CARTESIAN_POINT('',(274.48977298165,-39.15986762244,12.1));
#2520 = SURFACE_CURVE('',#2521,(#2526,#2537),.PCURVE_S1.);
#2521 = CIRCLE('',#2522,1.500413123523);
#2522 = AXIS2_PLACEMENT_3D('',#2523,#2524,#2525);
#2523 = CARTESIAN_POINT('',(272.99922747232,-39.33166292464,12.1));
#2524 = DIRECTION('',(0.,-0.,-1.));
#2525 = DIRECTION('',(0.993423401836,0.11449866674,-0.));
#2526 = PCURVE('',#72,#2527);
#2527 = DEFINITIONAL_REPRESENTATION('',(#2528),#2536);
#2528 = ( BOUNDED_CURVE() B_SPLINE_CURVE(2,(#2529,#2530,#2531,#2532,
#2533,#2534,#2535),.UNSPECIFIED.,.T.,.F.) B_SPLINE_CURVE_WITH_KNOTS((1,2
    ,2,2,2,1),(-2.094395102393,0.,2.094395102393,4.188790204786,
6.28318530718,8.377580409573),.UNSPECIFIED.) CURVE() 
GEOMETRIC_REPRESENTATION_ITEM() RATIONAL_B_SPLINE_CURVE((1.,0.5,1.,0.5,
1.,0.5,1.)) REPRESENTATION_ITEM('') );
#2529 = CARTESIAN_POINT('',(77.752874152116,33.580303855602));
#2530 = CARTESIAN_POINT('',(78.050432344032,30.998603302449));
#2531 = CARTESIAN_POINT('',(75.66583498408,32.031760625722));
#2532 = CARTESIAN_POINT('',(73.281237624127,33.064917948994));
#2533 = CARTESIAN_POINT('',(75.368276792163,34.613461178874));
#2534 = CARTESIAN_POINT('',(77.455315960199,36.162004408754));
#2535 = CARTESIAN_POINT('',(77.752874152116,33.580303855602));
#2536 = ( GEOMETRIC_REPRESENTATION_CONTEXT(2) 
PARAMETRIC_REPRESENTATION_CONTEXT() REPRESENTATION_CONTEXT('2D SPACE',''
  ) );
#2537 = PCURVE('',#2538,#2543);
#2538 = CYLINDRICAL_SURFACE('',#2539,1.500413123523);
#2539 = AXIS2_PLACEMENT_3D('',#2540,#2541,#2542);
#2540 = CARTESIAN_POINT('',(272.99922747232,-39.33166292464,9.85));
#2541 = DIRECTION('',(-0.,-0.,-1.));
#2542 = DIRECTION('',(0.993423401836,0.11449866674,-0.));
#2543 = DEFINITIONAL_REPRESENTATION('',(#2544),#2548);
#2544 = LINE('',#2545,#2546);
#2545 = CARTESIAN_POINT('',(-6.28318530718,-2.25));
#2546 = VECTOR('',#2547,1.);
#2547 = DIRECTION('',(1.,-0.));
#2548 = ( GEOMETRIC_REPRESENTATION_CONTEXT(2) 
PARAMETRIC_REPRESENTATION_CONTEXT() REPRESENTATION_CONTEXT('2D SPACE',''
  ) );
#2549 = ORIENTED_EDGE('',*,*,#2550,.T.);
#2550 = EDGE_CURVE('',#2518,#2551,#2553,.T.);
#2551 = VERTEX_POINT('',#2552);
#2552 = CARTESIAN_POINT('',(274.49788889703,-42.07338823139,12.1));
#2553 = SURFACE_CURVE('',#2554,(#2558,#2564),.PCURVE_S1.);
#2554 = LINE('',#2555,#2556);
#2555 = CARTESIAN_POINT('',(274.54135518352,-57.67728692738,12.1));
#2556 = VECTOR('',#2557,1.);
#2557 = DIRECTION('',(2.785593440065E-03,-0.999996120227,0.));
#2558 = PCURVE('',#72,#2559);
#2559 = DEFINITIONAL_REPRESENTATION('',(#2560),#2563);
#2560 = B_SPLINE_CURVE_WITH_KNOTS('',1,(#2561,#2562),.UNSPECIFIED.,.F.,
  .F.,(2,2),(-18.5174911486,-14.84609452686),.PIECEWISE_BEZIER_KNOTS.);
#2561 = CARTESIAN_POINT('',(77.752874152116,33.580303855602));
#2562 = CARTESIAN_POINT('',(77.763101170461,29.908921478044));
#2563 = ( GEOMETRIC_REPRESENTATION_CONTEXT(2) 
PARAMETRIC_REPRESENTATION_CONTEXT() REPRESENTATION_CONTEXT('2D SPACE',''
  ) );
#2564 = PCURVE('',#2565,#2570);
#2565 = PLANE('',#2566);
#2566 = AXIS2_PLACEMENT_3D('',#2567,#2568,#2569);
#2567 = CARTESIAN_POINT('',(274.5,-42.83125,9.85));
#2568 = DIRECTION('',(-0.999996120227,-2.785593440065E-03,0.));
#2569 = DIRECTION('',(-2.785593440065E-03,0.999996120227,0.));
#2570 = DEFINITIONAL_REPRESENTATION('',(#2571),#2574);
#2571 = B_SPLINE_CURVE_WITH_KNOTS('',1,(#2572,#2573),.UNSPECIFIED.,.F.,
  .F.,(2,2),(-18.5174911486,-14.84609452686),.PIECEWISE_BEZIER_KNOTS.);
#2572 = CARTESIAN_POINT('',(3.671396621743,-2.25));
#2573 = CARTESIAN_POINT('',(0.,-2.25));
#2574 = ( GEOMETRIC_REPRESENTATION_CONTEXT(2) 
PARAMETRIC_REPRESENTATION_CONTEXT() REPRESENTATION_CONTEXT('2D SPACE',''
  ) );
#2575 = ORIENTED_EDGE('',*,*,#2576,.T.);
#2576 = EDGE_CURVE('',#2551,#2577,#2579,.T.);
#2577 = VERTEX_POINT('',#2578);
#2578 = CARTESIAN_POINT('',(287.59347733647,-42.08124999149,12.1));
#2579 = SURFACE_CURVE('',#2580,(#2584,#2590),.PCURVE_S1.);
#2580 = LINE('',#2581,#2582);
#2581 = CARTESIAN_POINT('',(242.17440728745,-42.05398326466,12.1));
#2582 = VECTOR('',#2583,1.);
#2583 = DIRECTION('',(0.999999819798,-6.003364200813E-04,0.));
#2584 = PCURVE('',#72,#2585);
#2585 = DEFINITIONAL_REPRESENTATION('',(#2586),#2589);
#2586 = B_SPLINE_CURVE_WITH_KNOTS('',1,(#2587,#2588),.UNSPECIFIED.,.F.,
  .F.,(2,2),(12.937175392001,45.419078233616),.PIECEWISE_BEZIER_KNOTS.);
#2587 = CARTESIAN_POINT('',(58.374681518617,30.678421555818));
#2588 = CARTESIAN_POINT('',(90.856578506931,30.658921486549));
#2589 = ( GEOMETRIC_REPRESENTATION_CONTEXT(2) 
PARAMETRIC_REPRESENTATION_CONTEXT() REPRESENTATION_CONTEXT('2D SPACE',''
  ) );
#2590 = PCURVE('',#2421,#2591);
#2591 = DEFINITIONAL_REPRESENTATION('',(#2592),#2595);
#2592 = B_SPLINE_CURVE_WITH_KNOTS('',1,(#2593,#2594),.UNSPECIFIED.,.F.,
  .F.,(2,2),(12.937175392001,45.419078233616),.PIECEWISE_BEZIER_KNOTS.);
#2593 = CARTESIAN_POINT('',(32.481902841615,-9.1));
#2594 = CARTESIAN_POINT('',(0.,-9.1));
#2595 = ( GEOMETRIC_REPRESENTATION_CONTEXT(2) 
PARAMETRIC_REPRESENTATION_CONTEXT() REPRESENTATION_CONTEXT('2D SPACE',''
  ) );
#2596 = ORIENTED_EDGE('',*,*,#2597,.T.);
#2597 = EDGE_CURVE('',#2577,#2598,#2600,.T.);
#2598 = VERTEX_POINT('',#2599);
#2599 = CARTESIAN_POINT('',(289.3439823302,-43.5855345553,12.1));
#2600 = SURFACE_CURVE('',#2601,(#2606,#2617),.PCURVE_S1.);
#2601 = CIRCLE('',#2602,1.751337251639);
#2602 = AXIS2_PLACEMENT_3D('',#2603,#2604,#2605);
#2603 = CARTESIAN_POINT('',(287.61014660269,-43.83250791211,12.1));
#2604 = DIRECTION('',(0.,-0.,-1.));
#2605 = DIRECTION('',(0.990006765339,0.141019873006,-0.));
#2606 = PCURVE('',#72,#2607);
#2607 = DEFINITIONAL_REPRESENTATION('',(#2608),#2616);
#2608 = ( BOUNDED_CURVE() B_SPLINE_CURVE(2,(#2609,#2610,#2611,#2612,
#2613,#2614,#2615),.UNSPECIFIED.,.T.,.F.) B_SPLINE_CURVE_WITH_KNOTS((1,2
    ,2,2,2,1),(-2.094395102393,0.,2.094395102393,4.188790204786,
6.28318530718,8.377580409573),.UNSPECIFIED.) CURVE() 
GEOMETRIC_REPRESENTATION_ITEM() RATIONAL_B_SPLINE_CURVE((1.,0.5,1.,0.5,
1.,0.5,1.)) REPRESENTATION_ITEM('') );
#2609 = CARTESIAN_POINT('',(92.607083500668,29.154636922744));
#2610 = CARTESIAN_POINT('',(93.034853902791,26.151545350713));
#2611 = CARTESIAN_POINT('',(90.22021511046,27.282631101503));
#2612 = CARTESIAN_POINT('',(87.40557631813,28.413716852294));
#2613 = CARTESIAN_POINT('',(89.792444708338,30.285722673534));
#2614 = CARTESIAN_POINT('',(92.179313098546,32.157728494774));
#2615 = CARTESIAN_POINT('',(92.607083500668,29.154636922744));
#2616 = ( GEOMETRIC_REPRESENTATION_CONTEXT(2) 
PARAMETRIC_REPRESENTATION_CONTEXT() REPRESENTATION_CONTEXT('2D SPACE',''
  ) );
#2617 = PCURVE('',#2618,#2623);
#2618 = CYLINDRICAL_SURFACE('',#2619,1.751337251639);
#2619 = AXIS2_PLACEMENT_3D('',#2620,#2621,#2622);
#2620 = CARTESIAN_POINT('',(287.61014660269,-43.83250791211,3.));
#2621 = DIRECTION('',(-0.,-0.,-1.));
#2622 = DIRECTION('',(0.990006765339,0.141019873006,-0.));
#2623 = DEFINITIONAL_REPRESENTATION('',(#2624),#2628);
#2624 = LINE('',#2625,#2626);
#2625 = CARTESIAN_POINT('',(-6.28318530718,-9.1));
#2626 = VECTOR('',#2627,1.);
#2627 = DIRECTION('',(1.,-0.));
#2628 = ( GEOMETRIC_REPRESENTATION_CONTEXT(2) 
PARAMETRIC_REPRESENTATION_CONTEXT() REPRESENTATION_CONTEXT('2D SPACE',''
  ) );
#2629 = ORIENTED_EDGE('',*,*,#2630,.T.);
#2630 = EDGE_CURVE('',#2598,#2631,#2633,.T.);
#2631 = VERTEX_POINT('',#2632);
#2632 = CARTESIAN_POINT('',(289.35147857257,-66.40769111301,12.1));
#2633 = SURFACE_CURVE('',#2634,(#2638,#2644),.PCURVE_S1.);
#2634 = LINE('',#2635,#2636);
#2635 = CARTESIAN_POINT('',(289.35802428833,-86.33598881906,12.1));
#2636 = VECTOR('',#2637,1.);
#2637 = DIRECTION('',(3.284633486839E-04,-0.999999946056,0.));
#2638 = PCURVE('',#72,#2639);
#2639 = DEFINITIONAL_REPRESENTATION('',(#2640),#2643);
#2640 = B_SPLINE_CURVE_WITH_KNOTS('',1,(#2641,#2642),.UNSPECIFIED.,.F.,
  .F.,(2,2),(-42.75045656989,13.626239252632),.PIECEWISE_BEZIER_KNOTS.);
#2641 = CARTESIAN_POINT('',(92.607083500668,29.154636922744));
#2642 = CARTESIAN_POINT('',(92.625601178966,-27.22205585859));
#2643 = ( GEOMETRIC_REPRESENTATION_CONTEXT(2) 
PARAMETRIC_REPRESENTATION_CONTEXT() REPRESENTATION_CONTEXT('2D SPACE',''
  ) );
#2644 = PCURVE('',#2645,#2650);
#2645 = PLANE('',#2646);
#2646 = AXIS2_PLACEMENT_3D('',#2647,#2648,#2649);
#2647 = CARTESIAN_POINT('',(289.3625000085,-99.96222733664,3.));
#2648 = DIRECTION('',(-0.999999946056,-3.284633486839E-04,0.));
#2649 = DIRECTION('',(-3.284633486839E-04,0.999999946056,0.));
#2650 = DEFINITIONAL_REPRESENTATION('',(#2651),#2654);
#2651 = B_SPLINE_CURVE_WITH_KNOTS('',1,(#2652,#2653),.UNSPECIFIED.,.F.,
  .F.,(2,2),(-42.75045656989,13.626239252632),.PIECEWISE_BEZIER_KNOTS.);
#2652 = CARTESIAN_POINT('',(56.376695822529,-9.1));
#2653 = CARTESIAN_POINT('',(0.,-9.1));
#2654 = ( GEOMETRIC_REPRESENTATION_CONTEXT(2) 
PARAMETRIC_REPRESENTATION_CONTEXT() REPRESENTATION_CONTEXT('2D SPACE',''
  ) );
#2655 = ORIENTED_EDGE('',*,*,#2656,.T.);
#2656 = EDGE_CURVE('',#2631,#2657,#2659,.T.);
#2657 = VERTEX_POINT('',#2658);
#2658 = CARTESIAN_POINT('',(292.1125,-66.4,12.1));
#2659 = SURFACE_CURVE('',#2660,(#2664,#2670),.PCURVE_S1.);
#2660 = LINE('',#2661,#2662);
#2661 = CARTESIAN_POINT('',(244.41623891394,-66.53286290747,12.1));
#2662 = VECTOR('',#2663,1.);
#2663 = DIRECTION('',(0.999996120227,2.785593440069E-03,-0.));
#2664 = PCURVE('',#72,#2665);
#2665 = DEFINITIONAL_REPRESENTATION('',(#2666),#2669);
#2666 = B_SPLINE_CURVE_WITH_KNOTS('',1,(#2667,#2668),.UNSPECIFIED.,.F.,
  .F.,(2,2),(44.025049515689,47.696446137432),.PIECEWISE_BEZIER_KNOTS.);
#2667 = CARTESIAN_POINT('',(91.704218792904,6.329944459699));
#2668 = CARTESIAN_POINT('',(95.375601170461,6.340171478044));
#2669 = ( GEOMETRIC_REPRESENTATION_CONTEXT(2) 
PARAMETRIC_REPRESENTATION_CONTEXT() REPRESENTATION_CONTEXT('2D SPACE',''
  ) );
#2670 = PCURVE('',#2671,#2676);
#2671 = PLANE('',#2672);
#2672 = AXIS2_PLACEMENT_3D('',#2673,#2674,#2675);
#2673 = CARTESIAN_POINT('',(292.1125,-66.4,9.85));
#2674 = DIRECTION('',(2.785593440069E-03,-0.999996120227,0.));
#2675 = DIRECTION('',(-0.999996120227,-2.785593440069E-03,0.));
#2676 = DEFINITIONAL_REPRESENTATION('',(#2677),#2680);
#2677 = B_SPLINE_CURVE_WITH_KNOTS('',1,(#2678,#2679),.UNSPECIFIED.,.F.,
  .F.,(2,2),(44.025049515689,47.696446137432),.PIECEWISE_BEZIER_KNOTS.);
#2678 = CARTESIAN_POINT('',(3.671396621742,-2.25));
#2679 = CARTESIAN_POINT('',(0.,-2.25));
#2680 = ( GEOMETRIC_REPRESENTATION_CONTEXT(2) 
PARAMETRIC_REPRESENTATION_CONTEXT() REPRESENTATION_CONTEXT('2D SPACE',''
  ) );
#2681 = ORIENTED_EDGE('',*,*,#2682,.T.);
#2682 = EDGE_CURVE('',#2657,#2683,#2685,.T.);
#2683 = VERTEX_POINT('',#2684);
#2684 = CARTESIAN_POINT('',(293.60227298165,-67.72861762244,12.1));
#2685 = SURFACE_CURVE('',#2686,(#2691,#2702),.PCURVE_S1.);
#2686 = CIRCLE('',#2687,1.500413123523);
#2687 = AXIS2_PLACEMENT_3D('',#2688,#2689,#2690);
#2688 = CARTESIAN_POINT('',(292.11172747232,-67.90041292464,12.1));
#2689 = DIRECTION('',(0.,-0.,-1.));
#2690 = DIRECTION('',(0.993423401836,0.11449866674,-0.));
#2691 = PCURVE('',#72,#2692);
#2692 = DEFINITIONAL_REPRESENTATION('',(#2693),#2701);
#2693 = ( BOUNDED_CURVE() B_SPLINE_CURVE(2,(#2694,#2695,#2696,#2697,
#2698,#2699,#2700),.UNSPECIFIED.,.T.,.F.) B_SPLINE_CURVE_WITH_KNOTS((1,2
    ,2,2,2,1),(-2.094395102393,0.,2.094395102393,4.188790204786,
6.28318530718,8.377580409573),.UNSPECIFIED.) CURVE() 
GEOMETRIC_REPRESENTATION_ITEM() RATIONAL_B_SPLINE_CURVE((1.,0.5,1.,0.5,
1.,0.5,1.)) REPRESENTATION_ITEM('') );
#2694 = CARTESIAN_POINT('',(96.865374152116,5.011553855601));
#2695 = CARTESIAN_POINT('',(97.162932344031,2.429853302449));
#2696 = CARTESIAN_POINT('',(94.77833498408,3.463010625722));
#2697 = CARTESIAN_POINT('',(92.393737624128,4.496167948995));
#2698 = CARTESIAN_POINT('',(94.480776792164,6.044711178874));
#2699 = CARTESIAN_POINT('',(96.5678159602,7.593254408753));
#2700 = CARTESIAN_POINT('',(96.865374152116,5.011553855601));
#2701 = ( GEOMETRIC_REPRESENTATION_CONTEXT(2) 
PARAMETRIC_REPRESENTATION_CONTEXT() REPRESENTATION_CONTEXT('2D SPACE',''
  ) );
#2702 = PCURVE('',#2703,#2708);
#2703 = CYLINDRICAL_SURFACE('',#2704,1.500413123523);
#2704 = AXIS2_PLACEMENT_3D('',#2705,#2706,#2707);
#2705 = CARTESIAN_POINT('',(292.11172747232,-67.90041292464,9.85));
#2706 = DIRECTION('',(-0.,-0.,-1.));
#2707 = DIRECTION('',(0.993423401836,0.11449866674,-0.));
#2708 = DEFINITIONAL_REPRESENTATION('',(#2709),#2713);
#2709 = LINE('',#2710,#2711);
#2710 = CARTESIAN_POINT('',(-6.28318530718,-2.25));
#2711 = VECTOR('',#2712,1.);
#2712 = DIRECTION('',(1.,-0.));
#2713 = ( GEOMETRIC_REPRESENTATION_CONTEXT(2) 
PARAMETRIC_REPRESENTATION_CONTEXT() REPRESENTATION_CONTEXT('2D SPACE',''
  ) );
#2714 = ORIENTED_EDGE('',*,*,#2715,.T.);
#2715 = EDGE_CURVE('',#2683,#2716,#2718,.T.);
#2716 = VERTEX_POINT('',#2717);
#2717 = CARTESIAN_POINT('',(293.6125,-75.9,12.1));
#2718 = SURFACE_CURVE('',#2719,(#2723,#2729),.PCURVE_S1.);
#2719 = LINE('',#2720,#2721);
#2720 = CARTESIAN_POINT('',(293.61044676368,-74.25946524008,12.1));
#2721 = VECTOR('',#2722,1.);
#2722 = DIRECTION('',(1.251564284114E-03,-0.999999216793,0.));
#2723 = PCURVE('',#72,#2724);
#2724 = DEFINITIONAL_REPRESENTATION('',(#2725),#2728);
#2725 = B_SPLINE_CURVE_WITH_KNOTS('',1,(#2726,#2727),.UNSPECIFIED.,.F.,
  .F.,(2,2),(-6.530852732653,1.640536044792),.PIECEWISE_BEZIER_KNOTS.);
#2726 = CARTESIAN_POINT('',(96.865374152116,5.011553855601));
#2727 = CARTESIAN_POINT('',(96.875601170461,-3.159828521956));
#2728 = ( GEOMETRIC_REPRESENTATION_CONTEXT(2) 
PARAMETRIC_REPRESENTATION_CONTEXT() REPRESENTATION_CONTEXT('2D SPACE',''
  ) );
#2729 = PCURVE('',#2730,#2735);
#2730 = PLANE('',#2731);
#2731 = AXIS2_PLACEMENT_3D('',#2732,#2733,#2734);
#2732 = CARTESIAN_POINT('',(293.6125,-75.9,9.85));
#2733 = DIRECTION('',(-0.999999216793,-1.251564284114E-03,0.));
#2734 = DIRECTION('',(-1.251564284114E-03,0.999999216793,0.));
#2735 = DEFINITIONAL_REPRESENTATION('',(#2736),#2739);
#2736 = B_SPLINE_CURVE_WITH_KNOTS('',1,(#2737,#2738),.UNSPECIFIED.,.F.,
  .F.,(2,2),(-6.530852732653,1.640536044792),.PIECEWISE_BEZIER_KNOTS.);
#2737 = CARTESIAN_POINT('',(8.171388777445,-2.25));
#2738 = CARTESIAN_POINT('',(0.,-2.25));
#2739 = ( GEOMETRIC_REPRESENTATION_CONTEXT(2) 
PARAMETRIC_REPRESENTATION_CONTEXT() REPRESENTATION_CONTEXT('2D SPACE',''
  ) );
#2740 = ORIENTED_EDGE('',*,*,#2741,.T.);
#2741 = EDGE_CURVE('',#2716,#2742,#2744,.T.);
#2742 = VERTEX_POINT('',#2743);
#2743 = CARTESIAN_POINT('',(292.28388237755,-77.38977298165,12.1));
#2744 = SURFACE_CURVE('',#2745,(#2750,#2761),.PCURVE_S1.);
#2745 = CIRCLE('',#2746,1.500413123523);
#2746 = AXIS2_PLACEMENT_3D('',#2747,#2748,#2749);
#2747 = CARTESIAN_POINT('',(292.11208707535,-75.89922747232,12.1));
#2748 = DIRECTION('',(0.,-0.,-1.));
#2749 = DIRECTION('',(0.11449866674,-0.993423401836,0.));
#2750 = PCURVE('',#72,#2751);
#2751 = DEFINITIONAL_REPRESENTATION('',(#2752),#2760);
#2752 = ( BOUNDED_CURVE() B_SPLINE_CURVE(2,(#2753,#2754,#2755,#2756,
#2757,#2758,#2759),.UNSPECIFIED.,.T.,.F.) B_SPLINE_CURVE_WITH_KNOTS((1,2
    ,2,2,2,1),(-2.094395102393,0.,2.094395102393,4.188790204786,
6.28318530718,8.377580409573),.UNSPECIFIED.) CURVE() 
GEOMETRIC_REPRESENTATION_ITEM() RATIONAL_B_SPLINE_CURVE((1.,0.5,1.,0.5,
1.,0.5,1.)) REPRESENTATION_ITEM('') );
#2753 = CARTESIAN_POINT('',(95.546983548018,-4.64960150361));
#2754 = CARTESIAN_POINT('',(92.965282994866,-4.947159695526));
#2755 = CARTESIAN_POINT('',(93.998440318139,-2.562562335574));
#2756 = CARTESIAN_POINT('',(95.031597641412,-0.177964975622));
#2757 = CARTESIAN_POINT('',(96.580140871291,-2.265004143658));
#2758 = CARTESIAN_POINT('',(98.128684101171,-4.352043311694));
#2759 = CARTESIAN_POINT('',(95.546983548018,-4.64960150361));
#2760 = ( GEOMETRIC_REPRESENTATION_CONTEXT(2) 
PARAMETRIC_REPRESENTATION_CONTEXT() REPRESENTATION_CONTEXT('2D SPACE',''
  ) );
#2761 = PCURVE('',#2762,#2767);
#2762 = CYLINDRICAL_SURFACE('',#2763,1.500413123523);
#2763 = AXIS2_PLACEMENT_3D('',#2764,#2765,#2766);
#2764 = CARTESIAN_POINT('',(292.11208707535,-75.89922747232,9.85));
#2765 = DIRECTION('',(-0.,-0.,-1.));
#2766 = DIRECTION('',(0.11449866674,-0.993423401836,0.));
#2767 = DEFINITIONAL_REPRESENTATION('',(#2768),#2772);
#2768 = LINE('',#2769,#2770);
#2769 = CARTESIAN_POINT('',(-6.28318530718,-2.25));
#2770 = VECTOR('',#2771,1.);
#2771 = DIRECTION('',(1.,-0.));
#2772 = ( GEOMETRIC_REPRESENTATION_CONTEXT(2) 
PARAMETRIC_REPRESENTATION_CONTEXT() REPRESENTATION_CONTEXT('2D SPACE',''
  ) );
#2773 = ORIENTED_EDGE('',*,*,#2774,.T.);
#2774 = EDGE_CURVE('',#2742,#2775,#2777,.T.);
#2775 = VERTEX_POINT('',#2776);
#2776 = CARTESIAN_POINT('',(289.35508846391,-77.39793144242,12.1));
#2777 = SURFACE_CURVE('',#2778,(#2782,#2788),.PCURVE_S1.);
#2778 = LINE('',#2779,#2780);
#2779 = CARTESIAN_POINT('',(242.68154603924,-77.52794546044,12.1));
#2780 = VECTOR('',#2781,1.);
#2781 = DIRECTION('',(-0.999996120227,-2.785593440069E-03,0.));
#2782 = PCURVE('',#72,#2783);
#2783 = DEFINITIONAL_REPRESENTATION('',(#2784),#2787);
#2784 = B_SPLINE_CURVE_WITH_KNOTS('',1,(#2785,#2786),.UNSPECIFIED.,.F.,
  .F.,(2,2),(-49.60252878485,-45.93113216311),.PIECEWISE_BEZIER_KNOTS.);
#2785 = CARTESIAN_POINT('',(95.546983548018,-4.64960150361));
#2786 = CARTESIAN_POINT('',(91.875601170461,-4.659828521956));
#2787 = ( GEOMETRIC_REPRESENTATION_CONTEXT(2) 
PARAMETRIC_REPRESENTATION_CONTEXT() REPRESENTATION_CONTEXT('2D SPACE',''
  ) );
#2788 = PCURVE('',#2789,#2794);
#2789 = PLANE('',#2790);
#2790 = AXIS2_PLACEMENT_3D('',#2791,#2792,#2793);
#2791 = CARTESIAN_POINT('',(288.6125,-77.4,9.85));
#2792 = DIRECTION('',(-2.785593440069E-03,0.999996120227,0.));
#2793 = DIRECTION('',(0.999996120227,2.785593440069E-03,0.));
#2794 = DEFINITIONAL_REPRESENTATION('',(#2795),#2798);
#2795 = B_SPLINE_CURVE_WITH_KNOTS('',1,(#2796,#2797),.UNSPECIFIED.,.F.,
  .F.,(2,2),(-49.60252878485,-45.93113216311),.PIECEWISE_BEZIER_KNOTS.);
#2796 = CARTESIAN_POINT('',(3.671396621742,-2.25));
#2797 = CARTESIAN_POINT('',(0.,-2.25));
#2798 = ( GEOMETRIC_REPRESENTATION_CONTEXT(2) 
PARAMETRIC_REPRESENTATION_CONTEXT() REPRESENTATION_CONTEXT('2D SPACE',''
  ) );
#2799 = ORIENTED_EDGE('',*,*,#2800,.T.);
#2800 = EDGE_CURVE('',#2775,#2801,#2803,.T.);
#2801 = VERTEX_POINT('',#2802);
#2802 = CARTESIAN_POINT('',(289.3625000085,-99.96222733664,12.1));
#2803 = SURFACE_CURVE('',#2804,(#2808,#2814),.PCURVE_S1.);
#2804 = LINE('',#2805,#2806);
#2805 = CARTESIAN_POINT('',(289.35802428833,-86.33598881906,12.1));
#2806 = VECTOR('',#2807,1.);
#2807 = DIRECTION('',(3.284633486839E-04,-0.999999946056,0.));
#2808 = PCURVE('',#72,#2809);
#2809 = DEFINITIONAL_REPRESENTATION('',(#2810),#2813);
#2810 = B_SPLINE_CURVE_WITH_KNOTS('',1,(#2811,#2812),.UNSPECIFIED.,.F.,
  .F.,(2,2),(-42.75045656989,13.626239252632),.PIECEWISE_BEZIER_KNOTS.);
#2811 = CARTESIAN_POINT('',(92.607083500668,29.154636922744));
#2812 = CARTESIAN_POINT('',(92.625601178966,-27.22205585859));
#2813 = ( GEOMETRIC_REPRESENTATION_CONTEXT(2) 
PARAMETRIC_REPRESENTATION_CONTEXT() REPRESENTATION_CONTEXT('2D SPACE',''
  ) );
#2814 = PCURVE('',#2645,#2815);
#2815 = DEFINITIONAL_REPRESENTATION('',(#2816),#2819);
#2816 = B_SPLINE_CURVE_WITH_KNOTS('',1,(#2817,#2818),.UNSPECIFIED.,.F.,
  .F.,(2,2),(-42.75045656989,13.626239252632),.PIECEWISE_BEZIER_KNOTS.);
#2817 = CARTESIAN_POINT('',(56.376695822529,-9.1));
#2818 = CARTESIAN_POINT('',(0.,-9.1));
#2819 = ( GEOMETRIC_REPRESENTATION_CONTEXT(2) 
PARAMETRIC_REPRESENTATION_CONTEXT() REPRESENTATION_CONTEXT('2D SPACE',''
  ) );
#2820 = ORIENTED_EDGE('',*,*,#2821,.T.);
#2821 = EDGE_CURVE('',#2801,#2822,#2824,.T.);
#2822 = VERTEX_POINT('',#2823);
#2823 = CARTESIAN_POINT('',(287.8582154447,-101.7127323302,12.1));
#2824 = SURFACE_CURVE('',#2825,(#2830,#2841),.PCURVE_S1.);
#2825 = CIRCLE('',#2826,1.751337251636);
#2826 = AXIS2_PLACEMENT_3D('',#2827,#2828,#2829);
#2827 = CARTESIAN_POINT('',(287.61124208788,-99.97889660269,12.1));
#2828 = DIRECTION('',(0.,-0.,-1.));
#2829 = DIRECTION('',(0.141019873006,-0.990006765339,0.));
#2830 = PCURVE('',#72,#2831);
#2831 = DEFINITIONAL_REPRESENTATION('',(#2832),#2840);
#2832 = ( BOUNDED_CURVE() B_SPLINE_CURVE(2,(#2833,#2834,#2835,#2836,
#2837,#2838,#2839),.UNSPECIFIED.,.T.,.F.) B_SPLINE_CURVE_WITH_KNOTS((1,2
    ,2,2,2,1),(-2.094395102393,0.,2.094395102393,4.188790204786,
6.28318530718,8.377580409573),.UNSPECIFIED.) CURVE() 
GEOMETRIC_REPRESENTATION_ITEM() RATIONAL_B_SPLINE_CURVE((1.,0.5,1.,0.5,
1.,0.5,1.)) REPRESENTATION_ITEM('') );
#2833 = CARTESIAN_POINT('',(91.121316615162,-28.97256085216));
#2834 = CARTESIAN_POINT('',(88.118225043137,-29.40033125428));
#2835 = CARTESIAN_POINT('',(89.249310793925,-26.58569246195));
#2836 = CARTESIAN_POINT('',(90.380396544712,-23.77105366963));
#2837 = CARTESIAN_POINT('',(92.25240236595,-26.15792205983));
#2838 = CARTESIAN_POINT('',(94.124408187187,-28.54479045004));
#2839 = CARTESIAN_POINT('',(91.121316615162,-28.97256085216));
#2840 = ( GEOMETRIC_REPRESENTATION_CONTEXT(2) 
PARAMETRIC_REPRESENTATION_CONTEXT() REPRESENTATION_CONTEXT('2D SPACE',''
  ) );
#2841 = PCURVE('',#2842,#2847);
#2842 = CYLINDRICAL_SURFACE('',#2843,1.751337251636);
#2843 = AXIS2_PLACEMENT_3D('',#2844,#2845,#2846);
#2844 = CARTESIAN_POINT('',(287.61124208788,-99.97889660269,3.));
#2845 = DIRECTION('',(-0.,-0.,-1.));
#2846 = DIRECTION('',(0.141019873006,-0.990006765339,0.));
#2847 = DEFINITIONAL_REPRESENTATION('',(#2848),#2852);
#2848 = LINE('',#2849,#2850);
#2849 = CARTESIAN_POINT('',(-6.28318530718,-9.1));
#2850 = VECTOR('',#2851,1.);
#2851 = DIRECTION('',(1.,-0.));
#2852 = ( GEOMETRIC_REPRESENTATION_CONTEXT(2) 
PARAMETRIC_REPRESENTATION_CONTEXT() REPRESENTATION_CONTEXT('2D SPACE',''
  ) );
#2853 = ORIENTED_EDGE('',*,*,#2854,.T.);
#2854 = EDGE_CURVE('',#2822,#2855,#2857,.T.);
#2855 = VERTEX_POINT('',#2856);
#2856 = CARTESIAN_POINT('',(274.49230641589,-101.7193414784,12.1));
#2857 = SURFACE_CURVE('',#2858,(#2862,#2868),.PCURVE_S1.);
#2858 = LINE('',#2859,#2860);
#2859 = CARTESIAN_POINT('',(223.5802606345,-101.7445163659,12.1));
#2860 = VECTOR('',#2861,1.);
#2861 = DIRECTION('',(-0.999999877746,-4.944779576937E-04,0.));
#2862 = PCURVE('',#72,#2863);
#2863 = DEFINITIONAL_REPRESENTATION('',(#2864),#2867);
#2864 = B_SPLINE_CURVE_WITH_KNOTS('',1,(#2865,#2866),.UNSPECIFIED.,.F.,
  .F.,(2,2),(-64.27796266845,-26.82901651402),.PIECEWISE_BEZIER_KNOTS.);
#2865 = CARTESIAN_POINT('',(91.121316615162,-28.97256085216));
#2866 = CARTESIAN_POINT('',(53.672375039024,-28.99107853057));
#2867 = ( GEOMETRIC_REPRESENTATION_CONTEXT(2) 
PARAMETRIC_REPRESENTATION_CONTEXT() REPRESENTATION_CONTEXT('2D SPACE',''
  ) );
#2868 = PCURVE('',#2869,#2874);
#2869 = PLANE('',#2870);
#2870 = AXIS2_PLACEMENT_3D('',#2871,#2872,#2873);
#2871 = CARTESIAN_POINT('',(250.40927386856,-101.7312500086,3.));
#2872 = DIRECTION('',(-4.944779576937E-04,0.999999877746,0.));
#2873 = DIRECTION('',(0.999999877746,4.944779576937E-04,0.));
#2874 = DEFINITIONAL_REPRESENTATION('',(#2875),#2878);
#2875 = B_SPLINE_CURVE_WITH_KNOTS('',1,(#2876,#2877),.UNSPECIFIED.,.F.,
  .F.,(2,2),(-64.27796266845,-26.82901651402),.PIECEWISE_BEZIER_KNOTS.);
#2876 = CARTESIAN_POINT('',(37.44894615443,-9.1));
#2877 = CARTESIAN_POINT('',(0.,-9.1));
#2878 = ( GEOMETRIC_REPRESENTATION_CONTEXT(2) 
PARAMETRIC_REPRESENTATION_CONTEXT() REPRESENTATION_CONTEXT('2D SPACE',''
  ) );
#2879 = ORIENTED_EDGE('',*,*,#2880,.T.);
#2880 = EDGE_CURVE('',#2855,#2881,#2883,.T.);
#2881 = VERTEX_POINT('',#2882);
#2882 = CARTESIAN_POINT('',(274.5,-104.48125,12.1));
#2883 = SURFACE_CURVE('',#2884,(#2888,#2894),.PCURVE_S1.);
#2884 = LINE('',#2885,#2886);
#2885 = CARTESIAN_POINT('',(274.45548959887,-88.50252611492,12.1));
#2886 = VECTOR('',#2887,1.);
#2887 = DIRECTION('',(2.785593440065E-03,-0.999996120227,0.));
#2888 = PCURVE('',#72,#2889);
#2889 = DEFINITIONAL_REPRESENTATION('',(#2890),#2893);
#2890 = B_SPLINE_CURVE_WITH_KNOTS('',1,(#2891,#2892),.UNSPECIFIED.,.F.,
  .F.,(2,2),(12.307389257396,15.978785879139),.PIECEWISE_BEZIER_KNOTS.);
#2891 = CARTESIAN_POINT('',(77.752874152116,-28.06969614439));
#2892 = CARTESIAN_POINT('',(77.763101170461,-31.74107852195));
#2893 = ( GEOMETRIC_REPRESENTATION_CONTEXT(2) 
PARAMETRIC_REPRESENTATION_CONTEXT() REPRESENTATION_CONTEXT('2D SPACE',''
  ) );
#2894 = PCURVE('',#2895,#2900);
#2895 = PLANE('',#2896);
#2896 = AXIS2_PLACEMENT_3D('',#2897,#2898,#2899);
#2897 = CARTESIAN_POINT('',(274.5,-104.48125,9.85));
#2898 = DIRECTION('',(-0.999996120227,-2.785593440065E-03,0.));
#2899 = DIRECTION('',(-2.785593440065E-03,0.999996120227,0.));
#2900 = DEFINITIONAL_REPRESENTATION('',(#2901),#2904);
#2901 = B_SPLINE_CURVE_WITH_KNOTS('',1,(#2902,#2903),.UNSPECIFIED.,.F.,
  .F.,(2,2),(12.307389257396,15.978785879139),.PIECEWISE_BEZIER_KNOTS.);
#2902 = CARTESIAN_POINT('',(3.671396621743,-2.25));
#2903 = CARTESIAN_POINT('',(0.,-2.25));
#2904 = ( GEOMETRIC_REPRESENTATION_CONTEXT(2) 
PARAMETRIC_REPRESENTATION_CONTEXT() REPRESENTATION_CONTEXT('2D SPACE',''
  ) );
#2905 = ORIENTED_EDGE('',*,*,#2906,.T.);
#2906 = EDGE_CURVE('',#2881,#2907,#2909,.T.);
#2907 = VERTEX_POINT('',#2908);
#2908 = CARTESIAN_POINT('',(273.17138237755,-105.9710229816,12.1));
#2909 = SURFACE_CURVE('',#2910,(#2915,#2926),.PCURVE_S1.);
#2910 = CIRCLE('',#2911,1.500413123523);
#2911 = AXIS2_PLACEMENT_3D('',#2912,#2913,#2914);
#2912 = CARTESIAN_POINT('',(272.99958707535,-104.4804774723,12.1));
#2913 = DIRECTION('',(0.,-0.,-1.));
#2914 = DIRECTION('',(0.11449866674,-0.993423401836,0.));
#2915 = PCURVE('',#72,#2916);
#2916 = DEFINITIONAL_REPRESENTATION('',(#2917),#2925);
#2917 = ( BOUNDED_CURVE() B_SPLINE_CURVE(2,(#2918,#2919,#2920,#2921,
#2922,#2923,#2924),.UNSPECIFIED.,.T.,.F.) B_SPLINE_CURVE_WITH_KNOTS((1,2
    ,2,2,2,1),(-2.094395102393,0.,2.094395102393,4.188790204786,
6.28318530718,8.377580409573),.UNSPECIFIED.) CURVE() 
GEOMETRIC_REPRESENTATION_ITEM() RATIONAL_B_SPLINE_CURVE((1.,0.5,1.,0.5,
1.,0.5,1.)) REPRESENTATION_ITEM('') );
#2918 = CARTESIAN_POINT('',(76.434483548018,-33.23085150361));
#2919 = CARTESIAN_POINT('',(73.852782994866,-33.52840969552));
#2920 = CARTESIAN_POINT('',(74.885940318139,-31.14381233557));
#2921 = CARTESIAN_POINT('',(75.919097641412,-28.75921497562));
#2922 = CARTESIAN_POINT('',(77.467640871291,-30.84625414365));
#2923 = CARTESIAN_POINT('',(79.016184101171,-32.93329331169));
#2924 = CARTESIAN_POINT('',(76.434483548018,-33.23085150361));
#2925 = ( GEOMETRIC_REPRESENTATION_CONTEXT(2) 
PARAMETRIC_REPRESENTATION_CONTEXT() REPRESENTATION_CONTEXT('2D SPACE',''
  ) );
#2926 = PCURVE('',#2927,#2932);
#2927 = CYLINDRICAL_SURFACE('',#2928,1.500413123523);
#2928 = AXIS2_PLACEMENT_3D('',#2929,#2930,#2931);
#2929 = CARTESIAN_POINT('',(272.99958707535,-104.4804774723,9.85));
#2930 = DIRECTION('',(-0.,-0.,-1.));
#2931 = DIRECTION('',(0.11449866674,-0.993423401836,0.));
#2932 = DEFINITIONAL_REPRESENTATION('',(#2933),#2937);
#2933 = LINE('',#2934,#2935);
#2934 = CARTESIAN_POINT('',(-6.28318530718,-2.25));
#2935 = VECTOR('',#2936,1.);
#2936 = DIRECTION('',(1.,-0.));
#2937 = ( GEOMETRIC_REPRESENTATION_CONTEXT(2) 
PARAMETRIC_REPRESENTATION_CONTEXT() REPRESENTATION_CONTEXT('2D SPACE',''
  ) );
#2938 = ORIENTED_EDGE('',*,*,#2939,.T.);
#2939 = EDGE_CURVE('',#2907,#2940,#2942,.T.);
#2940 = VERTEX_POINT('',#2941);
#2941 = CARTESIAN_POINT('',(265.,-105.98125,12.1));
#2942 = SURFACE_CURVE('',#2943,(#2947,#2953),.PCURVE_S1.);
#2943 = LINE('',#2944,#2945);
#2944 = CARTESIAN_POINT('',(230.8893045359,-106.0239417615,12.1));
#2945 = VECTOR('',#2946,1.);
#2946 = DIRECTION('',(-0.999999216793,-1.251564284109E-03,0.));
#2947 = PCURVE('',#72,#2948);
#2948 = DEFINITIONAL_REPRESENTATION('',(#2949),#2952);
#2949 = B_SPLINE_CURVE_WITH_KNOTS('',1,(#2950,#2951),.UNSPECIFIED.,.F.,
  .F.,(2,2),(-42.28211095728,-34.11072217984),.PIECEWISE_BEZIER_KNOTS.);
#2950 = CARTESIAN_POINT('',(76.434483548018,-33.23085150361));
#2951 = CARTESIAN_POINT('',(68.263101170461,-33.24107852195));
#2952 = ( GEOMETRIC_REPRESENTATION_CONTEXT(2) 
PARAMETRIC_REPRESENTATION_CONTEXT() REPRESENTATION_CONTEXT('2D SPACE',''
  ) );
#2953 = PCURVE('',#2954,#2959);
#2954 = PLANE('',#2955);
#2955 = AXIS2_PLACEMENT_3D('',#2956,#2957,#2958);
#2956 = CARTESIAN_POINT('',(265.,-105.98125,9.85));
#2957 = DIRECTION('',(-1.251564284109E-03,0.999999216793,0.));
#2958 = DIRECTION('',(0.999999216793,1.251564284109E-03,0.));
#2959 = DEFINITIONAL_REPRESENTATION('',(#2960),#2963);
#2960 = B_SPLINE_CURVE_WITH_KNOTS('',1,(#2961,#2962),.UNSPECIFIED.,.F.,
  .F.,(2,2),(-42.28211095728,-34.11072217984),.PIECEWISE_BEZIER_KNOTS.);
#2961 = CARTESIAN_POINT('',(8.171388777445,-2.25));
#2962 = CARTESIAN_POINT('',(0.,-2.25));
#2963 = ( GEOMETRIC_REPRESENTATION_CONTEXT(2) 
PARAMETRIC_REPRESENTATION_CONTEXT() REPRESENTATION_CONTEXT('2D SPACE',''
  ) );
#2964 = ORIENTED_EDGE('',*,*,#2965,.T.);
#2965 = EDGE_CURVE('',#2940,#2966,#2968,.T.);
#2966 = VERTEX_POINT('',#2967);
#2967 = CARTESIAN_POINT('',(263.51022701834,-104.6526323775,12.1));
#2968 = SURFACE_CURVE('',#2969,(#2974,#2985),.PCURVE_S1.);
#2969 = CIRCLE('',#2970,1.500413123523);
#2970 = AXIS2_PLACEMENT_3D('',#2971,#2972,#2973);
#2971 = CARTESIAN_POINT('',(265.00077252767,-104.4808370753,12.1));
#2972 = DIRECTION('',(-0.,0.,-1.));
#2973 = DIRECTION('',(-0.993423401836,-0.11449866674,0.));
#2974 = PCURVE('',#72,#2975);
#2975 = DEFINITIONAL_REPRESENTATION('',(#2976),#2984);
#2976 = ( BOUNDED_CURVE() B_SPLINE_CURVE(2,(#2977,#2978,#2979,#2980,
#2981,#2982,#2983),.UNSPECIFIED.,.T.,.F.) B_SPLINE_CURVE_WITH_KNOTS((1,2
    ,2,2,2,1),(-2.094395102393,0.,2.094395102393,4.188790204786,
6.28318530718,8.377580409573),.UNSPECIFIED.) CURVE() 
GEOMETRIC_REPRESENTATION_ITEM() RATIONAL_B_SPLINE_CURVE((1.,0.5,1.,0.5,
1.,0.5,1.)) REPRESENTATION_ITEM('') );
#2977 = CARTESIAN_POINT('',(66.773328188807,-31.91246089951));
#2978 = CARTESIAN_POINT('',(66.47576999689,-29.33076034636));
#2979 = CARTESIAN_POINT('',(68.860367356842,-30.36391766963));
#2980 = CARTESIAN_POINT('',(71.244964716795,-31.3970749929));
#2981 = CARTESIAN_POINT('',(69.157925548759,-32.94561822278));
#2982 = CARTESIAN_POINT('',(67.070886380723,-34.49416145266));
#2983 = CARTESIAN_POINT('',(66.773328188807,-31.91246089951));
#2984 = ( GEOMETRIC_REPRESENTATION_CONTEXT(2) 
PARAMETRIC_REPRESENTATION_CONTEXT() REPRESENTATION_CONTEXT('2D SPACE',''
  ) );
#2985 = PCURVE('',#2986,#2991);
#2986 = CYLINDRICAL_SURFACE('',#2987,1.500413123523);
#2987 = AXIS2_PLACEMENT_3D('',#2988,#2989,#2990);
#2988 = CARTESIAN_POINT('',(265.00077252767,-104.4808370753,9.85));
#2989 = DIRECTION('',(-0.,-0.,-1.));
#2990 = DIRECTION('',(-0.993423401836,-0.11449866674,0.));
#2991 = DEFINITIONAL_REPRESENTATION('',(#2992),#2996);
#2992 = LINE('',#2993,#2994);
#2993 = CARTESIAN_POINT('',(-6.28318530718,-2.25));
#2994 = VECTOR('',#2995,1.);
#2995 = DIRECTION('',(1.,-0.));
#2996 = ( GEOMETRIC_REPRESENTATION_CONTEXT(2) 
PARAMETRIC_REPRESENTATION_CONTEXT() REPRESENTATION_CONTEXT('2D SPACE',''
  ) );
#2997 = ORIENTED_EDGE('',*,*,#2998,.T.);
#2998 = EDGE_CURVE('',#2966,#2999,#3001,.T.);
#2999 = VERTEX_POINT('',#3000);
#3000 = CARTESIAN_POINT('',(263.50207116892,-101.7247759081,12.1));
#3001 = SURFACE_CURVE('',#3002,(#3006,#3012),.PCURVE_S1.);
#3002 = LINE('',#3003,#3004);
#3003 = CARTESIAN_POINT('',(263.4604070459,-86.76783324022,12.1));
#3004 = VECTOR('',#3005,1.);
#3005 = DIRECTION('',(-2.785593440065E-03,0.999996120227,0.));
#3006 = PCURVE('',#72,#3007);
#3007 = DEFINITIONAL_REPRESENTATION('',(#3008),#3011);
#3008 = B_SPLINE_CURVE_WITH_KNOTS('',1,(#3009,#3010),.UNSPECIFIED.,.F.,
  .F.,(2,2),(-17.88486852656,-14.21347190482),.PIECEWISE_BEZIER_KNOTS.);
#3009 = CARTESIAN_POINT('',(66.773328188807,-31.91246089951));
#3010 = CARTESIAN_POINT('',(66.763101170461,-28.24107852195));
#3011 = ( GEOMETRIC_REPRESENTATION_CONTEXT(2) 
PARAMETRIC_REPRESENTATION_CONTEXT() REPRESENTATION_CONTEXT('2D SPACE',''
  ) );
#3012 = PCURVE('',#3013,#3018);
#3013 = PLANE('',#3014);
#3014 = AXIS2_PLACEMENT_3D('',#3015,#3016,#3017);
#3015 = CARTESIAN_POINT('',(263.5,-100.98125,9.85));
#3016 = DIRECTION('',(0.999996120227,2.785593440065E-03,-0.));
#3017 = DIRECTION('',(2.785593440065E-03,-0.999996120227,0.));
#3018 = DEFINITIONAL_REPRESENTATION('',(#3019),#3022);
#3019 = B_SPLINE_CURVE_WITH_KNOTS('',1,(#3020,#3021),.UNSPECIFIED.,.F.,
  .F.,(2,2),(-17.88486852656,-14.21347190482),.PIECEWISE_BEZIER_KNOTS.);
#3020 = CARTESIAN_POINT('',(3.671396621743,-2.25));
#3021 = CARTESIAN_POINT('',(0.,-2.25));
#3022 = ( GEOMETRIC_REPRESENTATION_CONTEXT(2) 
PARAMETRIC_REPRESENTATION_CONTEXT() REPRESENTATION_CONTEXT('2D SPACE',''
  ) );
#3023 = ORIENTED_EDGE('',*,*,#3024,.T.);
#3024 = EDGE_CURVE('',#2999,#3025,#3027,.T.);
#3025 = VERTEX_POINT('',#3026);
#3026 = CARTESIAN_POINT('',(250.40927386856,-101.7312500086,12.1));
#3027 = SURFACE_CURVE('',#3028,(#3032,#3038),.PCURVE_S1.);
#3028 = LINE('',#3029,#3030);
#3029 = CARTESIAN_POINT('',(223.5802606345,-101.7445163659,12.1));
#3030 = VECTOR('',#3031,1.);
#3031 = DIRECTION('',(-0.999999877746,-4.944779576937E-04,0.));
#3032 = PCURVE('',#72,#3033);
#3033 = DEFINITIONAL_REPRESENTATION('',(#3034),#3037);
#3034 = B_SPLINE_CURVE_WITH_KNOTS('',1,(#3035,#3036),.UNSPECIFIED.,.F.,
  .F.,(2,2),(-64.27796266845,-26.82901651402),.PIECEWISE_BEZIER_KNOTS.);
#3035 = CARTESIAN_POINT('',(91.121316615162,-28.97256085216));
#3036 = CARTESIAN_POINT('',(53.672375039024,-28.99107853057));
#3037 = ( GEOMETRIC_REPRESENTATION_CONTEXT(2) 
PARAMETRIC_REPRESENTATION_CONTEXT() REPRESENTATION_CONTEXT('2D SPACE',''
  ) );
#3038 = PCURVE('',#2869,#3039);
#3039 = DEFINITIONAL_REPRESENTATION('',(#3040),#3043);
#3040 = B_SPLINE_CURVE_WITH_KNOTS('',1,(#3041,#3042),.UNSPECIFIED.,.F.,
  .F.,(2,2),(-64.27796266845,-26.82901651402),.PIECEWISE_BEZIER_KNOTS.);
#3041 = CARTESIAN_POINT('',(37.44894615443,-9.1));
#3042 = CARTESIAN_POINT('',(0.,-9.1));
#3043 = ( GEOMETRIC_REPRESENTATION_CONTEXT(2) 
PARAMETRIC_REPRESENTATION_CONTEXT() REPRESENTATION_CONTEXT('2D SPACE',''
  ) );
#3044 = ORIENTED_EDGE('',*,*,#3045,.T.);
#3045 = EDGE_CURVE('',#3025,#3046,#3048,.T.);
#3046 = VERTEX_POINT('',#3047);
#3047 = CARTESIAN_POINT('',(248.66862305781,-100.296019946,12.1));
#3048 = SURFACE_CURVE('',#3049,(#3054,#3065),.PCURVE_S1.);
#3049 = CIRCLE('',#3050,1.753601336601);
#3050 = AXIS2_PLACEMENT_3D('',#3051,#3052,#3053);
#3051 = CARTESIAN_POINT('',(250.39309541049,-99.97772330359,12.1));
#3052 = DIRECTION('',(-0.,0.,-1.));
#3053 = DIRECTION('',(-0.983389050114,-0.181510264492,0.));
#3054 = PCURVE('',#72,#3055);
#3055 = DEFINITIONAL_REPRESENTATION('',(#3056),#3064);
#3056 = ( BOUNDED_CURVE() B_SPLINE_CURVE(2,(#3057,#3058,#3059,#3060,
#3061,#3062,#3063),.UNSPECIFIED.,.T.,.F.) B_SPLINE_CURVE_WITH_KNOTS((1,2
    ,2,2,2,1),(-2.094395102393,0.,2.094395102393,4.188790204786,
6.28318530718,8.377580409573),.UNSPECIFIED.) CURVE() 
GEOMETRIC_REPRESENTATION_ITEM() RATIONAL_B_SPLINE_CURVE((1.,0.5,1.,0.5,
1.,0.5,1.)) REPRESENTATION_ITEM('') );
#3057 = CARTESIAN_POINT('',(51.931724228276,-27.55584846797));
#3058 = CARTESIAN_POINT('',(51.380418271726,-24.56897473688));
#3059 = CARTESIAN_POINT('',(54.242779779019,-25.5849666388));
#3060 = CARTESIAN_POINT('',(57.105141286311,-26.60095854071));
#3061 = CARTESIAN_POINT('',(54.794085735569,-28.57184036988));
#3062 = CARTESIAN_POINT('',(52.483030184827,-30.54272219906));
#3063 = CARTESIAN_POINT('',(51.931724228276,-27.55584846797));
#3064 = ( GEOMETRIC_REPRESENTATION_CONTEXT(2) 
PARAMETRIC_REPRESENTATION_CONTEXT() REPRESENTATION_CONTEXT('2D SPACE',''
  ) );
#3065 = PCURVE('',#3066,#3071);
#3066 = CYLINDRICAL_SURFACE('',#3067,1.753601336601);
#3067 = AXIS2_PLACEMENT_3D('',#3068,#3069,#3070);
#3068 = CARTESIAN_POINT('',(250.39309541049,-99.97772330359,3.));
#3069 = DIRECTION('',(-0.,-0.,-1.));
#3070 = DIRECTION('',(-0.983389050114,-0.181510264492,0.));
#3071 = DEFINITIONAL_REPRESENTATION('',(#3072),#3076);
#3072 = LINE('',#3073,#3074);
#3073 = CARTESIAN_POINT('',(-6.28318530718,-9.1));
#3074 = VECTOR('',#3075,1.);
#3075 = DIRECTION('',(1.,-0.));
#3076 = ( GEOMETRIC_REPRESENTATION_CONTEXT(2) 
PARAMETRIC_REPRESENTATION_CONTEXT() REPRESENTATION_CONTEXT('2D SPACE',''
  ) );
#3077 = ORIENTED_EDGE('',*,*,#3078,.F.);
#3078 = EDGE_CURVE('',#3079,#3046,#3081,.T.);
#3079 = VERTEX_POINT('',#3080);
#3080 = CARTESIAN_POINT('',(244.91341965184,-96.98825007777,12.1));
#3081 = SURFACE_CURVE('',#3082,(#3087,#3098),.PCURVE_S1.);
#3082 = CIRCLE('',#3083,4.243120014868);
#3083 = AXIS2_PLACEMENT_3D('',#3084,#3085,#3086);
#3084 = CARTESIAN_POINT('',(244.52591333248,-101.2136383809,12.1));
#3085 = DIRECTION('',(0.,0.,-1.));
#3086 = DIRECTION('',(9.132579752685E-02,0.995821067615,0.));
#3087 = PCURVE('',#72,#3088);
#3088 = DEFINITIONAL_REPRESENTATION('',(#3089),#3097);
#3089 = ( BOUNDED_CURVE() B_SPLINE_CURVE(2,(#3090,#3091,#3092,#3093,
#3094,#3095,#3096),.UNSPECIFIED.,.T.,.F.) B_SPLINE_CURVE_WITH_KNOTS((1,2
    ,2,2,2,1),(-2.094395102393,0.,2.094395102393,4.188790204786,
6.28318530718,8.377580409573),.UNSPECIFIED.) CURVE() 
GEOMETRIC_REPRESENTATION_ITEM() RATIONAL_B_SPLINE_CURVE((1.,0.5,1.,0.5,
1.,0.5,1.)) REPRESENTATION_ITEM('') );
#3090 = CARTESIAN_POINT('',(48.176520822305,-24.24807859973));
#3091 = CARTESIAN_POINT('',(55.495108045198,-24.91925923311));
#3092 = CARTESIAN_POINT('',(51.254554954711,-30.92175137126));
#3093 = CARTESIAN_POINT('',(47.014001864225,-36.9242435094));
#3094 = CARTESIAN_POINT('',(43.935967731818,-30.25057073787));
#3095 = CARTESIAN_POINT('',(40.857933599411,-23.57689796634));
#3096 = CARTESIAN_POINT('',(48.176520822305,-24.24807859973));
#3097 = ( GEOMETRIC_REPRESENTATION_CONTEXT(2) 
PARAMETRIC_REPRESENTATION_CONTEXT() REPRESENTATION_CONTEXT('2D SPACE',''
  ) );
#3098 = PCURVE('',#3099,#3104);
#3099 = CYLINDRICAL_SURFACE('',#3100,4.243120014868);
#3100 = AXIS2_PLACEMENT_3D('',#3101,#3102,#3103);
#3101 = CARTESIAN_POINT('',(244.52591333248,-101.2136383809,3.));
#3102 = DIRECTION('',(0.,0.,-1.));
#3103 = DIRECTION('',(9.132579752685E-02,0.995821067615,0.));
#3104 = DEFINITIONAL_REPRESENTATION('',(#3105),#3109);
#3105 = LINE('',#3106,#3107);
#3106 = CARTESIAN_POINT('',(0.,-9.1));
#3107 = VECTOR('',#3108,1.);
#3108 = DIRECTION('',(1.,0.));
#3109 = ( GEOMETRIC_REPRESENTATION_CONTEXT(2) 
PARAMETRIC_REPRESENTATION_CONTEXT() REPRESENTATION_CONTEXT('2D SPACE',''
  ) );
#3110 = ORIENTED_EDGE('',*,*,#3111,.T.);
#3111 = EDGE_CURVE('',#3079,#3112,#3114,.T.);
#3112 = VERTEX_POINT('',#3113);
#3113 = CARTESIAN_POINT('',(230.86688688443,-96.96875000855,12.1));
#3114 = SURFACE_CURVE('',#3115,(#3119,#3125),.PCURVE_S1.);
#3115 = LINE('',#3116,#3117);
#3116 = CARTESIAN_POINT('',(213.78510814125,-96.94503626557,12.1));
#3117 = VECTOR('',#3118,1.);
#3118 = DIRECTION('',(-0.999999036385,1.388246533926E-03,0.));
#3119 = PCURVE('',#72,#3120);
#3120 = DEFINITIONAL_REPRESENTATION('',(#3121),#3124);
#3121 = B_SPLINE_CURVE_WITH_KNOTS('',1,(#3122,#3123),.UNSPECIFIED.,.F.,
  .F.,(2,2),(-31.12834150631,-17.08179520345),.PIECEWISE_BEZIER_KNOTS.);
#3122 = CARTESIAN_POINT('',(48.176520822305,-24.24807859973));
#3123 = CARTESIAN_POINT('',(34.129988054897,-24.22857853051));
#3124 = ( GEOMETRIC_REPRESENTATION_CONTEXT(2) 
PARAMETRIC_REPRESENTATION_CONTEXT() REPRESENTATION_CONTEXT('2D SPACE',''
  ) );
#3125 = PCURVE('',#3126,#3131);
#3126 = PLANE('',#3127);
#3127 = AXIS2_PLACEMENT_3D('',#3128,#3129,#3130);
#3128 = CARTESIAN_POINT('',(230.86688688443,-96.96875000855,3.));
#3129 = DIRECTION('',(1.388246533926E-03,0.999999036385,-0.));
#3130 = DIRECTION('',(0.999999036385,-1.388246533926E-03,0.));
#3131 = DEFINITIONAL_REPRESENTATION('',(#3132),#3135);
#3132 = B_SPLINE_CURVE_WITH_KNOTS('',1,(#3133,#3134),.UNSPECIFIED.,.F.,
  .F.,(2,2),(-31.12834150631,-17.08179520345),.PIECEWISE_BEZIER_KNOTS.);
#3133 = CARTESIAN_POINT('',(14.046546302866,-9.1));
#3134 = CARTESIAN_POINT('',(0.,-9.1));
#3135 = ( GEOMETRIC_REPRESENTATION_CONTEXT(2) 
PARAMETRIC_REPRESENTATION_CONTEXT() REPRESENTATION_CONTEXT('2D SPACE',''
  ) );
#3136 = ORIENTED_EDGE('',*,*,#3137,.T.);
#3137 = EDGE_CURVE('',#3112,#3138,#3140,.T.);
#3138 = VERTEX_POINT('',#3139);
#3139 = CARTESIAN_POINT('',(229.72155113117,-96.55828182585,12.1));
#3140 = SURFACE_CURVE('',#3141,(#3146,#3157),.PCURVE_S1.);
#3141 = CIRCLE('',#3142,1.769546233663);
#3142 = AXIS2_PLACEMENT_3D('',#3143,#3144,#3145);
#3143 = CARTESIAN_POINT('',(230.85482622682,-95.19924487615,12.1));
#3144 = DIRECTION('',(-0.,0.,-1.));
#3145 = DIRECTION('',(-0.640432600227,-0.768014377838,0.));
#3146 = PCURVE('',#72,#3147);
#3147 = DEFINITIONAL_REPRESENTATION('',(#3148),#3156);
#3148 = ( BOUNDED_CURVE() B_SPLINE_CURVE(2,(#3149,#3150,#3151,#3152,
#3153,#3154,#3155),.UNSPECIFIED.,.T.,.F.) B_SPLINE_CURVE_WITH_KNOTS((1,2
    ,2,2,2,1),(-2.094395102393,0.,2.094395102393,4.188790204786,
6.28318530718,8.377580409573),.UNSPECIFIED.) CURVE() 
GEOMETRIC_REPRESENTATION_ITEM() RATIONAL_B_SPLINE_CURVE((1.,0.5,1.,0.5,
1.,0.5,1.)) REPRESENTATION_ITEM('') );
#3149 = CARTESIAN_POINT('',(32.984652301637,-23.8181103478));
#3150 = CARTESIAN_POINT('',(30.630731255389,-21.85522030319));
#3151 = CARTESIAN_POINT('',(33.507604421985,-20.79810990094));
#3152 = CARTESIAN_POINT('',(36.38447758858,-19.7409994987));
#3153 = CARTESIAN_POINT('',(35.861525468233,-22.76099994556));
#3154 = CARTESIAN_POINT('',(35.338573347885,-25.78100039242));
#3155 = CARTESIAN_POINT('',(32.984652301637,-23.8181103478));
#3156 = ( GEOMETRIC_REPRESENTATION_CONTEXT(2) 
PARAMETRIC_REPRESENTATION_CONTEXT() REPRESENTATION_CONTEXT('2D SPACE',''
  ) );
#3157 = PCURVE('',#3158,#3163);
#3158 = CYLINDRICAL_SURFACE('',#3159,1.769546233663);
#3159 = AXIS2_PLACEMENT_3D('',#3160,#3161,#3162);
#3160 = CARTESIAN_POINT('',(230.85482622682,-95.19924487615,3.));
#3161 = DIRECTION('',(-0.,-0.,-1.));
#3162 = DIRECTION('',(-0.640432600227,-0.768014377838,0.));
#3163 = DEFINITIONAL_REPRESENTATION('',(#3164),#3168);
#3164 = LINE('',#3165,#3166);
#3165 = CARTESIAN_POINT('',(-6.28318530718,-9.1));
#3166 = VECTOR('',#3167,1.);
#3167 = DIRECTION('',(1.,-0.));
#3168 = ( GEOMETRIC_REPRESENTATION_CONTEXT(2) 
PARAMETRIC_REPRESENTATION_CONTEXT() REPRESENTATION_CONTEXT('2D SPACE',''
  ) );
#3169 = ORIENTED_EDGE('',*,*,#3170,.F.);
#3170 = EDGE_CURVE('',#3171,#3138,#3173,.T.);
#3171 = VERTEX_POINT('',#3172);
#3172 = CARTESIAN_POINT('',(222.70742129154,-99.37040873221,12.1));
#3173 = SURFACE_CURVE('',#3174,(#3179,#3190),.PCURVE_S1.);
#3174 = CIRCLE('',#3175,4.246287208426);
#3175 = AXIS2_PLACEMENT_3D('',#3176,#3177,#3178);
#3176 = CARTESIAN_POINT('',(226.9355374511,-99.76282279624,12.1));
#3177 = DIRECTION('',(0.,0.,-1.));
#3178 = DIRECTION('',(-0.995720720722,9.241345315775E-02,0.));
#3179 = PCURVE('',#72,#3180);
#3180 = DEFINITIONAL_REPRESENTATION('',(#3181),#3189);
#3181 = ( BOUNDED_CURVE() B_SPLINE_CURVE(2,(#3182,#3183,#3184,#3185,
#3186,#3187,#3188),.UNSPECIFIED.,.T.,.F.) B_SPLINE_CURVE_WITH_KNOTS((1,2
    ,2,2,2,1),(-2.094395102393,0.,2.094395102393,4.188790204786,
6.28318530718,8.377580409573),.UNSPECIFIED.) CURVE() 
GEOMETRIC_REPRESENTATION_ITEM() RATIONAL_B_SPLINE_CURVE((1.,0.5,1.,0.5,
1.,0.5,1.)) REPRESENTATION_ITEM('') );
#3182 = CARTESIAN_POINT('',(25.970522462002,-26.63023725417));
#3183 = CARTESIAN_POINT('',(26.650203558507,-19.30692524549));
#3184 = CARTESIAN_POINT('',(32.652537249606,-23.55720234587));
#3185 = CARTESIAN_POINT('',(38.654870940705,-27.80747944626));
#3186 = CARTESIAN_POINT('',(31.972856153101,-30.88051435455));
#3187 = CARTESIAN_POINT('',(25.290841365497,-33.95354926284));
#3188 = CARTESIAN_POINT('',(25.970522462002,-26.63023725417));
#3189 = ( GEOMETRIC_REPRESENTATION_CONTEXT(2) 
PARAMETRIC_REPRESENTATION_CONTEXT() REPRESENTATION_CONTEXT('2D SPACE',''
  ) );
#3190 = PCURVE('',#3191,#3196);
#3191 = CYLINDRICAL_SURFACE('',#3192,4.246287208426);
#3192 = AXIS2_PLACEMENT_3D('',#3193,#3194,#3195);
#3193 = CARTESIAN_POINT('',(226.9355374511,-99.76282279624,3.));
#3194 = DIRECTION('',(0.,0.,-1.));
#3195 = DIRECTION('',(-0.995720720722,9.241345315775E-02,0.));
#3196 = DEFINITIONAL_REPRESENTATION('',(#3197),#3201);
#3197 = LINE('',#3198,#3199);
#3198 = CARTESIAN_POINT('',(0.,-9.1));
#3199 = VECTOR('',#3200,1.);
#3200 = DIRECTION('',(1.,0.));
#3201 = ( GEOMETRIC_REPRESENTATION_CONTEXT(2) 
PARAMETRIC_REPRESENTATION_CONTEXT() REPRESENTATION_CONTEXT('2D SPACE',''
  ) );
#3202 = ORIENTED_EDGE('',*,*,#3203,.T.);
#3203 = EDGE_CURVE('',#3171,#3204,#3206,.T.);
#3204 = VERTEX_POINT('',#3205);
#3205 = CARTESIAN_POINT('',(222.6875000085,-116.6309773361,12.1));
#3206 = SURFACE_CURVE('',#3207,(#3211,#3217),.PCURVE_S1.);
#3207 = LINE('',#3208,#3209);
#3208 = CARTESIAN_POINT('',(222.71281097485,-94.70057906123,12.1));
#3209 = VECTOR('',#3210,1.);
#3210 = DIRECTION('',(-1.154149102817E-03,-0.99999933397,0.));
#3211 = PCURVE('',#72,#3212);
#3212 = DEFINITIONAL_REPRESENTATION('',(#3213),#3216);
#3213 = B_SPLINE_CURVE_WITH_KNOTS('',1,(#3214,#3215),.UNSPECIFIED.,.F.,
  .F.,(2,2),(4.669832781231,21.930412881195),.PIECEWISE_BEZIER_KNOTS.);
#3214 = CARTESIAN_POINT('',(25.970522462002,-26.63023725417));
#3215 = CARTESIAN_POINT('',(25.950601178966,-43.89080585806));
#3216 = ( GEOMETRIC_REPRESENTATION_CONTEXT(2) 
PARAMETRIC_REPRESENTATION_CONTEXT() REPRESENTATION_CONTEXT('2D SPACE',''
  ) );
#3217 = PCURVE('',#3218,#3223);
#3218 = PLANE('',#3219);
#3219 = AXIS2_PLACEMENT_3D('',#3220,#3221,#3222);
#3220 = CARTESIAN_POINT('',(222.6875000085,-116.6309773361,3.));
#3221 = DIRECTION('',(-0.99999933397,1.154149102817E-03,0.));
#3222 = DIRECTION('',(1.154149102817E-03,0.99999933397,0.));
#3223 = DEFINITIONAL_REPRESENTATION('',(#3224),#3227);
#3224 = B_SPLINE_CURVE_WITH_KNOTS('',1,(#3225,#3226),.UNSPECIFIED.,.F.,
  .F.,(2,2),(4.669832781231,21.930412881195),.PIECEWISE_BEZIER_KNOTS.);
#3225 = CARTESIAN_POINT('',(17.260580099965,-9.1));
#3226 = CARTESIAN_POINT('',(0.,-9.1));
#3227 = ( GEOMETRIC_REPRESENTATION_CONTEXT(2) 
PARAMETRIC_REPRESENTATION_CONTEXT() REPRESENTATION_CONTEXT('2D SPACE',''
  ) );
#3228 = ORIENTED_EDGE('',*,*,#3229,.T.);
#3229 = EDGE_CURVE('',#3204,#3230,#3232,.T.);
#3230 = VERTEX_POINT('',#3231);
#3231 = CARTESIAN_POINT('',(221.1832154447,-118.3814823302,12.1));
#3232 = SURFACE_CURVE('',#3233,(#3238,#3249),.PCURVE_S1.);
#3233 = CIRCLE('',#3234,1.751337251645);
#3234 = AXIS2_PLACEMENT_3D('',#3235,#3236,#3237);
#3235 = CARTESIAN_POINT('',(220.93624208787,-116.6476466026,12.1));
#3236 = DIRECTION('',(0.,-0.,-1.));
#3237 = DIRECTION('',(0.141019873009,-0.990006765339,0.));
#3238 = PCURVE('',#72,#3239);
#3239 = DEFINITIONAL_REPRESENTATION('',(#3240),#3248);
#3240 = ( BOUNDED_CURVE() B_SPLINE_CURVE(2,(#3241,#3242,#3243,#3244,
#3245,#3246,#3247),.UNSPECIFIED.,.T.,.F.) B_SPLINE_CURVE_WITH_KNOTS((1,2
    ,2,2,2,1),(-2.094395102393,0.,2.094395102393,4.188790204786,
6.28318530718,8.377580409573),.UNSPECIFIED.) CURVE() 
GEOMETRIC_REPRESENTATION_ITEM() RATIONAL_B_SPLINE_CURVE((1.,0.5,1.,0.5,
1.,0.5,1.)) REPRESENTATION_ITEM('') );
#3241 = CARTESIAN_POINT('',(24.446316615164,-45.64131085216));
#3242 = CARTESIAN_POINT('',(21.443225043123,-46.06908125429));
#3243 = CARTESIAN_POINT('',(22.574310793909,-43.25444246195));
#3244 = CARTESIAN_POINT('',(23.705396544694,-40.4398036696));
#3245 = CARTESIAN_POINT('',(25.577402365949,-42.82667205981));
#3246 = CARTESIAN_POINT('',(27.449408187204,-45.21354045002));
#3247 = CARTESIAN_POINT('',(24.446316615164,-45.64131085216));
#3248 = ( GEOMETRIC_REPRESENTATION_CONTEXT(2) 
PARAMETRIC_REPRESENTATION_CONTEXT() REPRESENTATION_CONTEXT('2D SPACE',''
  ) );
#3249 = PCURVE('',#3250,#3255);
#3250 = CYLINDRICAL_SURFACE('',#3251,1.751337251645);
#3251 = AXIS2_PLACEMENT_3D('',#3252,#3253,#3254);
#3252 = CARTESIAN_POINT('',(220.93624208787,-116.6476466026,3.));
#3253 = DIRECTION('',(-0.,-0.,-1.));
#3254 = DIRECTION('',(0.141019873009,-0.990006765339,0.));
#3255 = DEFINITIONAL_REPRESENTATION('',(#3256),#3260);
#3256 = LINE('',#3257,#3258);
#3257 = CARTESIAN_POINT('',(-6.28318530718,-9.1));
#3258 = VECTOR('',#3259,1.);
#3259 = DIRECTION('',(1.,-0.));
#3260 = ( GEOMETRIC_REPRESENTATION_CONTEXT(2) 
PARAMETRIC_REPRESENTATION_CONTEXT() REPRESENTATION_CONTEXT('2D SPACE',''
  ) );
#3261 = ORIENTED_EDGE('',*,*,#3262,.T.);
#3262 = EDGE_CURVE('',#3230,#3263,#3265,.T.);
#3263 = VERTEX_POINT('',#3264);
#3264 = CARTESIAN_POINT('',(217.39229875798,-118.3853423784,12.1));
#3265 = SURFACE_CURVE('',#3266,(#3270,#3276),.PCURVE_S1.);
#3266 = LINE('',#3267,#3268);
#3267 = CARTESIAN_POINT('',(199.89029274434,-118.4031635526,12.1));
#3268 = VECTOR('',#3269,1.);
#3269 = DIRECTION('',(-0.999999481598,-1.018235564437E-03,0.));
#3270 = PCURVE('',#72,#3271);
#3271 = DEFINITIONAL_REPRESENTATION('',(#3272),#3275);
#3272 = B_SPLINE_CURVE_WITH_KNOTS('',1,(#3273,#3274),.UNSPECIFIED.,.F.,
  .F.,(2,2),(-21.29293373865,-3.106896597572),.PIECEWISE_BEZIER_KNOTS.);
#3273 = CARTESIAN_POINT('',(24.446316615164,-45.64131085216));
#3274 = CARTESIAN_POINT('',(6.260288901757,-45.65982852195));
#3275 = ( GEOMETRIC_REPRESENTATION_CONTEXT(2) 
PARAMETRIC_REPRESENTATION_CONTEXT() REPRESENTATION_CONTEXT('2D SPACE',''
  ) );
#3276 = PCURVE('',#3277,#3282);
#3277 = PLANE('',#3278);
#3278 = AXIS2_PLACEMENT_3D('',#3279,#3280,#3281);
#3279 = CARTESIAN_POINT('',(202.99718773129,-118.4,3.));
#3280 = DIRECTION('',(-1.018235564437E-03,0.999999481598,0.));
#3281 = DIRECTION('',(0.999999481598,1.018235564437E-03,0.));
#3282 = DEFINITIONAL_REPRESENTATION('',(#3283),#3286);
#3283 = B_SPLINE_CURVE_WITH_KNOTS('',1,(#3284,#3285),.UNSPECIFIED.,.F.,
  .F.,(2,2),(-21.29293373865,-3.106896597572),.PIECEWISE_BEZIER_KNOTS.);
#3284 = CARTESIAN_POINT('',(18.186037141084,-9.1));
#3285 = CARTESIAN_POINT('',(0.,-9.1));
#3286 = ( GEOMETRIC_REPRESENTATION_CONTEXT(2) 
PARAMETRIC_REPRESENTATION_CONTEXT() REPRESENTATION_CONTEXT('2D SPACE',''
  ) );
#3287 = ORIENTED_EDGE('',*,*,#3288,.T.);
#3288 = EDGE_CURVE('',#3263,#3289,#3291,.T.);
#3289 = VERTEX_POINT('',#3290);
#3290 = CARTESIAN_POINT('',(217.4,-121.15,12.1));
#3291 = SURFACE_CURVE('',#3292,(#3296,#3302),.PCURVE_S1.);
#3292 = LINE('',#3293,#3294);
#3293 = CARTESIAN_POINT('',(217.33249504322,-96.91649416992,12.1));
#3294 = VECTOR('',#3295,1.);
#3295 = DIRECTION('',(2.785593440065E-03,-0.999996120227,0.));
#3296 = PCURVE('',#72,#3297);
#3297 = DEFINITIONAL_REPRESENTATION('',(#3298),#3301);
#3298 = B_SPLINE_CURVE_WITH_KNOTS('',1,(#3299,#3300),.UNSPECIFIED.,.F.,
  .F.,(2,2),(20.5622032292,24.233599850943),.PIECEWISE_BEZIER_KNOTS.);
#3299 = CARTESIAN_POINT('',(20.652874152116,-44.73844614439));
#3300 = CARTESIAN_POINT('',(20.663101170461,-48.40982852195));
#3301 = ( GEOMETRIC_REPRESENTATION_CONTEXT(2) 
PARAMETRIC_REPRESENTATION_CONTEXT() REPRESENTATION_CONTEXT('2D SPACE',''
  ) );
#3302 = PCURVE('',#3303,#3308);
#3303 = PLANE('',#3304);
#3304 = AXIS2_PLACEMENT_3D('',#3305,#3306,#3307);
#3305 = CARTESIAN_POINT('',(217.4,-121.15,9.85));
#3306 = DIRECTION('',(-0.999996120227,-2.785593440065E-03,0.));
#3307 = DIRECTION('',(-2.785593440065E-03,0.999996120227,0.));
#3308 = DEFINITIONAL_REPRESENTATION('',(#3309),#3312);
#3309 = B_SPLINE_CURVE_WITH_KNOTS('',1,(#3310,#3311),.UNSPECIFIED.,.F.,
  .F.,(2,2),(20.5622032292,24.233599850943),.PIECEWISE_BEZIER_KNOTS.);
#3310 = CARTESIAN_POINT('',(3.671396621742,-2.25));
#3311 = CARTESIAN_POINT('',(0.,-2.25));
#3312 = ( GEOMETRIC_REPRESENTATION_CONTEXT(2) 
PARAMETRIC_REPRESENTATION_CONTEXT() REPRESENTATION_CONTEXT('2D SPACE',''
  ) );
#3313 = ORIENTED_EDGE('',*,*,#3314,.T.);
#3314 = EDGE_CURVE('',#3289,#3315,#3317,.T.);
#3315 = VERTEX_POINT('',#3316);
#3316 = CARTESIAN_POINT('',(216.07138237755,-122.6397729816,12.1));
#3317 = SURFACE_CURVE('',#3318,(#3323,#3334),.PCURVE_S1.);
#3318 = CIRCLE('',#3319,1.500413123523);
#3319 = AXIS2_PLACEMENT_3D('',#3320,#3321,#3322);
#3320 = CARTESIAN_POINT('',(215.89958707535,-121.1492274723,12.1));
#3321 = DIRECTION('',(0.,-0.,-1.));
#3322 = DIRECTION('',(0.11449866674,-0.993423401836,0.));
#3323 = PCURVE('',#72,#3324);
#3324 = DEFINITIONAL_REPRESENTATION('',(#3325),#3333);
#3325 = ( BOUNDED_CURVE() B_SPLINE_CURVE(2,(#3326,#3327,#3328,#3329,
#3330,#3331,#3332),.UNSPECIFIED.,.T.,.F.) B_SPLINE_CURVE_WITH_KNOTS((1,2
    ,2,2,2,1),(-2.094395102393,0.,2.094395102393,4.188790204786,
6.28318530718,8.377580409573),.UNSPECIFIED.) CURVE() 
GEOMETRIC_REPRESENTATION_ITEM() RATIONAL_B_SPLINE_CURVE((1.,0.5,1.,0.5,
1.,0.5,1.)) REPRESENTATION_ITEM('') );
#3326 = CARTESIAN_POINT('',(19.334483548018,-49.89960150361));
#3327 = CARTESIAN_POINT('',(16.752782994866,-50.19715969552));
#3328 = CARTESIAN_POINT('',(17.785940318139,-47.81256233557));
#3329 = CARTESIAN_POINT('',(18.819097641412,-45.42796497562));
#3330 = CARTESIAN_POINT('',(20.367640871291,-47.51500414365));
#3331 = CARTESIAN_POINT('',(21.916184101171,-49.60204331169));
#3332 = CARTESIAN_POINT('',(19.334483548018,-49.89960150361));
#3333 = ( GEOMETRIC_REPRESENTATION_CONTEXT(2) 
PARAMETRIC_REPRESENTATION_CONTEXT() REPRESENTATION_CONTEXT('2D SPACE',''
  ) );
#3334 = PCURVE('',#3335,#3340);
#3335 = CYLINDRICAL_SURFACE('',#3336,1.500413123523);
#3336 = AXIS2_PLACEMENT_3D('',#3337,#3338,#3339);
#3337 = CARTESIAN_POINT('',(215.89958707535,-121.1492274723,9.85));
#3338 = DIRECTION('',(-0.,-0.,-1.));
#3339 = DIRECTION('',(0.11449866674,-0.993423401836,0.));
#3340 = DEFINITIONAL_REPRESENTATION('',(#3341),#3345);
#3341 = LINE('',#3342,#3343);
#3342 = CARTESIAN_POINT('',(-6.28318530718,-2.25));
#3343 = VECTOR('',#3344,1.);
#3344 = DIRECTION('',(1.,-0.));
#3345 = ( GEOMETRIC_REPRESENTATION_CONTEXT(2) 
PARAMETRIC_REPRESENTATION_CONTEXT() REPRESENTATION_CONTEXT('2D SPACE',''
  ) );
#3346 = ORIENTED_EDGE('',*,*,#3347,.T.);
#3347 = EDGE_CURVE('',#3315,#3348,#3350,.T.);
#3348 = VERTEX_POINT('',#3349);
#3349 = CARTESIAN_POINT('',(207.9,-122.65,12.1));
#3350 = SURFACE_CURVE('',#3351,(#3355,#3361),.PCURVE_S1.);
#3351 = LINE('',#3352,#3353);
#3352 = CARTESIAN_POINT('',(202.34969081272,-122.6569465741,12.1));
#3353 = VECTOR('',#3354,1.);
#3354 = DIRECTION('',(-0.999999216793,-1.251564284109E-03,0.));
#3355 = PCURVE('',#72,#3356);
#3356 = DEFINITIONAL_REPRESENTATION('',(#3357),#3360);
#3357 = B_SPLINE_CURVE_WITH_KNOTS('',1,(#3358,#3359),.UNSPECIFIED.,.F.,
  .F.,(2,2),(-13.72170231176,-5.55031353432),.PIECEWISE_BEZIER_KNOTS.);
#3358 = CARTESIAN_POINT('',(19.334483548018,-49.89960150361));
#3359 = CARTESIAN_POINT('',(11.163101170461,-49.90982852195));
#3360 = ( GEOMETRIC_REPRESENTATION_CONTEXT(2) 
PARAMETRIC_REPRESENTATION_CONTEXT() REPRESENTATION_CONTEXT('2D SPACE',''
  ) );
#3361 = PCURVE('',#3362,#3367);
#3362 = PLANE('',#3363);
#3363 = AXIS2_PLACEMENT_3D('',#3364,#3365,#3366);
#3364 = CARTESIAN_POINT('',(207.9,-122.65,9.85));
#3365 = DIRECTION('',(-1.251564284109E-03,0.999999216793,0.));
#3366 = DIRECTION('',(0.999999216793,1.251564284109E-03,0.));
#3367 = DEFINITIONAL_REPRESENTATION('',(#3368),#3371);
#3368 = B_SPLINE_CURVE_WITH_KNOTS('',1,(#3369,#3370),.UNSPECIFIED.,.F.,
  .F.,(2,2),(-13.72170231176,-5.55031353432),.PIECEWISE_BEZIER_KNOTS.);
#3369 = CARTESIAN_POINT('',(8.171388777445,-2.25));
#3370 = CARTESIAN_POINT('',(0.,-2.25));
#3371 = ( GEOMETRIC_REPRESENTATION_CONTEXT(2) 
PARAMETRIC_REPRESENTATION_CONTEXT() REPRESENTATION_CONTEXT('2D SPACE',''
  ) );
#3372 = ORIENTED_EDGE('',*,*,#3373,.T.);
#3373 = EDGE_CURVE('',#3348,#3374,#3376,.T.);
#3374 = VERTEX_POINT('',#3375);
#3375 = CARTESIAN_POINT('',(206.41022701834,-121.3213823775,12.1));
#3376 = SURFACE_CURVE('',#3377,(#3382,#3393),.PCURVE_S1.);
#3377 = CIRCLE('',#3378,1.500413123523);
#3378 = AXIS2_PLACEMENT_3D('',#3379,#3380,#3381);
#3379 = CARTESIAN_POINT('',(207.90077252767,-121.1495870753,12.1));
#3380 = DIRECTION('',(-0.,0.,-1.));
#3381 = DIRECTION('',(-0.993423401836,-0.11449866674,0.));
#3382 = PCURVE('',#72,#3383);
#3383 = DEFINITIONAL_REPRESENTATION('',(#3384),#3392);
#3384 = ( BOUNDED_CURVE() B_SPLINE_CURVE(2,(#3385,#3386,#3387,#3388,
#3389,#3390,#3391),.UNSPECIFIED.,.T.,.F.) B_SPLINE_CURVE_WITH_KNOTS((1,2
    ,2,2,2,1),(-2.094395102393,0.,2.094395102393,4.188790204786,
6.28318530718,8.377580409573),.UNSPECIFIED.) CURVE() 
GEOMETRIC_REPRESENTATION_ITEM() RATIONAL_B_SPLINE_CURVE((1.,0.5,1.,0.5,
1.,0.5,1.)) REPRESENTATION_ITEM('') );
#3385 = CARTESIAN_POINT('',(9.673328188807,-48.58121089951));
#3386 = CARTESIAN_POINT('',(9.375769996891,-45.99951034636));
#3387 = CARTESIAN_POINT('',(11.760367356843,-47.03266766963));
#3388 = CARTESIAN_POINT('',(14.144964716795,-48.0658249929));
#3389 = CARTESIAN_POINT('',(12.057925548759,-49.61436822278));
#3390 = CARTESIAN_POINT('',(9.970886380722,-51.16291145266));
#3391 = CARTESIAN_POINT('',(9.673328188807,-48.58121089951));
#3392 = ( GEOMETRIC_REPRESENTATION_CONTEXT(2) 
PARAMETRIC_REPRESENTATION_CONTEXT() REPRESENTATION_CONTEXT('2D SPACE',''
  ) );
#3393 = PCURVE('',#3394,#3399);
#3394 = CYLINDRICAL_SURFACE('',#3395,1.500413123523);
#3395 = AXIS2_PLACEMENT_3D('',#3396,#3397,#3398);
#3396 = CARTESIAN_POINT('',(207.90077252767,-121.1495870753,9.85));
#3397 = DIRECTION('',(-0.,-0.,-1.));
#3398 = DIRECTION('',(-0.993423401836,-0.11449866674,0.));
#3399 = DEFINITIONAL_REPRESENTATION('',(#3400),#3404);
#3400 = LINE('',#3401,#3402);
#3401 = CARTESIAN_POINT('',(-6.28318530718,-2.25));
#3402 = VECTOR('',#3403,1.);
#3403 = DIRECTION('',(1.,-0.));
#3404 = ( GEOMETRIC_REPRESENTATION_CONTEXT(2) 
PARAMETRIC_REPRESENTATION_CONTEXT() REPRESENTATION_CONTEXT('2D SPACE',''
  ) );
#3405 = ORIENTED_EDGE('',*,*,#3406,.T.);
#3406 = EDGE_CURVE('',#3374,#3407,#3409,.T.);
#3407 = VERTEX_POINT('',#3408);
#3408 = CARTESIAN_POINT('',(206.40207954554,-118.3965330162,12.1));
#3409 = SURFACE_CURVE('',#3410,(#3414,#3420),.PCURVE_S1.);
#3410 = LINE('',#3411,#3412);
#3411 = CARTESIAN_POINT('',(206.33741249025,-95.18180129522,12.1));
#3412 = VECTOR('',#3413,1.);
#3413 = DIRECTION('',(-2.785593440065E-03,0.999996120227,0.));
#3414 = PCURVE('',#72,#3415);
#3415 = DEFINITIONAL_REPRESENTATION('',(#3416),#3419);
#3416 = B_SPLINE_CURVE_WITH_KNOTS('',1,(#3417,#3418),.UNSPECIFIED.,.F.,
  .F.,(2,2),(-26.13968249836,-22.46828587662),.PIECEWISE_BEZIER_KNOTS.);
#3417 = CARTESIAN_POINT('',(9.673328188807,-48.58121089951));
#3418 = CARTESIAN_POINT('',(9.663101170461,-44.90982852195));
#3419 = ( GEOMETRIC_REPRESENTATION_CONTEXT(2) 
PARAMETRIC_REPRESENTATION_CONTEXT() REPRESENTATION_CONTEXT('2D SPACE',''
  ) );
#3420 = PCURVE('',#3421,#3426);
#3421 = PLANE('',#3422);
#3422 = AXIS2_PLACEMENT_3D('',#3423,#3424,#3425);
#3423 = CARTESIAN_POINT('',(206.4,-117.65,9.85));
#3424 = DIRECTION('',(0.999996120227,2.785593440065E-03,-0.));
#3425 = DIRECTION('',(2.785593440065E-03,-0.999996120227,0.));
#3426 = DEFINITIONAL_REPRESENTATION('',(#3427),#3430);
#3427 = B_SPLINE_CURVE_WITH_KNOTS('',1,(#3428,#3429),.UNSPECIFIED.,.F.,
  .F.,(2,2),(-26.13968249836,-22.46828587662),.PIECEWISE_BEZIER_KNOTS.);
#3428 = CARTESIAN_POINT('',(3.671396621742,-2.25));
#3429 = CARTESIAN_POINT('',(0.,-2.25));
#3430 = ( GEOMETRIC_REPRESENTATION_CONTEXT(2) 
PARAMETRIC_REPRESENTATION_CONTEXT() REPRESENTATION_CONTEXT('2D SPACE',''
  ) );
#3431 = ORIENTED_EDGE('',*,*,#3432,.T.);
#3432 = EDGE_CURVE('',#3407,#3433,#3435,.T.);
#3433 = VERTEX_POINT('',#3434);
#3434 = CARTESIAN_POINT('',(202.99718773129,-118.4,12.1));
#3435 = SURFACE_CURVE('',#3436,(#3440,#3446),.PCURVE_S1.);
#3436 = LINE('',#3437,#3438);
#3437 = CARTESIAN_POINT('',(199.89029274434,-118.4031635526,12.1));
#3438 = VECTOR('',#3439,1.);
#3439 = DIRECTION('',(-0.999999481598,-1.018235564437E-03,0.));
#3440 = PCURVE('',#72,#3441);
#3441 = DEFINITIONAL_REPRESENTATION('',(#3442),#3445);
#3442 = B_SPLINE_CURVE_WITH_KNOTS('',1,(#3443,#3444),.UNSPECIFIED.,.F.,
  .F.,(2,2),(-21.29293373865,-3.106896597572),.PIECEWISE_BEZIER_KNOTS.);
#3443 = CARTESIAN_POINT('',(24.446316615164,-45.64131085216));
#3444 = CARTESIAN_POINT('',(6.260288901757,-45.65982852195));
#3445 = ( GEOMETRIC_REPRESENTATION_CONTEXT(2) 
PARAMETRIC_REPRESENTATION_CONTEXT() REPRESENTATION_CONTEXT('2D SPACE',''
  ) );
#3446 = PCURVE('',#3277,#3447);
#3447 = DEFINITIONAL_REPRESENTATION('',(#3448),#3451);
#3448 = B_SPLINE_CURVE_WITH_KNOTS('',1,(#3449,#3450),.UNSPECIFIED.,.F.,
  .F.,(2,2),(-21.29293373865,-3.106896597572),.PIECEWISE_BEZIER_KNOTS.);
#3449 = CARTESIAN_POINT('',(18.186037141084,-9.1));
#3450 = CARTESIAN_POINT('',(0.,-9.1));
#3451 = ( GEOMETRIC_REPRESENTATION_CONTEXT(2) 
PARAMETRIC_REPRESENTATION_CONTEXT() REPRESENTATION_CONTEXT('2D SPACE',''
  ) );
#3452 = ORIENTED_EDGE('',*,*,#3453,.F.);
#3453 = EDGE_CURVE('',#3454,#3433,#3456,.T.);
#3454 = VERTEX_POINT('',#3455);
#3455 = CARTESIAN_POINT('',(202.07907461433,-118.4936602628,12.1));
#3456 = SURFACE_CURVE('',#3457,(#3462,#3473),.PCURVE_S1.);
#3457 = CIRCLE('',#3458,4.544451503718);
#3458 = AXIS2_PLACEMENT_3D('',#3459,#3460,#3461);
#3459 = CARTESIAN_POINT('',(202.9969508885,-122.9444514975,12.1));
#3460 = DIRECTION('',(0.,0.,-1.));
#3461 = DIRECTION('',(-0.201977350494,0.979390192869,0.));
#3462 = PCURVE('',#72,#3463);
#3463 = DEFINITIONAL_REPRESENTATION('',(#3464),#3472);
#3464 = ( BOUNDED_CURVE() B_SPLINE_CURVE(2,(#3465,#3466,#3467,#3468,
#3469,#3470,#3471),.UNSPECIFIED.,.T.,.F.) B_SPLINE_CURVE_WITH_KNOTS((1,2
    ,2,2,2,1),(-2.094395102393,0.,2.094395102393,4.188790204786,
6.28318530718,8.377580409573),.UNSPECIFIED.) CURVE() 
GEOMETRIC_REPRESENTATION_ITEM() RATIONAL_B_SPLINE_CURVE((1.,0.5,1.,0.5,
1.,0.5,1.)) REPRESENTATION_ITEM('') );
#3465 = CARTESIAN_POINT('',(5.342175784798,-45.75348878479));
#3466 = CARTESIAN_POINT('',(13.051172337195,-44.16368044287));
#3467 = CARTESIAN_POINT('',(10.573488472249,-51.63477146589));
#3468 = CARTESIAN_POINT('',(8.095804607303,-59.10586248891));
#3469 = CARTESIAN_POINT('',(2.864491919852,-53.22457980781));
#3470 = CARTESIAN_POINT('',(-2.3668207676,-47.34329712671));
#3471 = CARTESIAN_POINT('',(5.342175784798,-45.75348878479));
#3472 = ( GEOMETRIC_REPRESENTATION_CONTEXT(2) 
PARAMETRIC_REPRESENTATION_CONTEXT() REPRESENTATION_CONTEXT('2D SPACE',''
  ) );
#3473 = PCURVE('',#3474,#3479);
#3474 = CYLINDRICAL_SURFACE('',#3475,4.544451503718);
#3475 = AXIS2_PLACEMENT_3D('',#3476,#3477,#3478);
#3476 = CARTESIAN_POINT('',(202.9969508885,-122.9444514975,3.));
#3477 = DIRECTION('',(0.,0.,-1.));
#3478 = DIRECTION('',(-0.201977350494,0.979390192869,0.));
#3479 = DEFINITIONAL_REPRESENTATION('',(#3480),#3484);
#3480 = LINE('',#3481,#3482);
#3481 = CARTESIAN_POINT('',(0.,-9.1));
#3482 = VECTOR('',#3483,1.);
#3483 = DIRECTION('',(1.,0.));
#3484 = ( GEOMETRIC_REPRESENTATION_CONTEXT(2) 
PARAMETRIC_REPRESENTATION_CONTEXT() REPRESENTATION_CONTEXT('2D SPACE',''
  ) );
#3485 = ORIENTED_EDGE('',*,*,#3486,.T.);
#3486 = EDGE_CURVE('',#3454,#3487,#3489,.T.);
#3487 = VERTEX_POINT('',#3488);
#3488 = CARTESIAN_POINT('',(196.23915257225,-119.7283170608,12.1));
#3489 = SURFACE_CURVE('',#3490,(#3494,#3500),.PCURVE_S1.);
#3490 = LINE('',#3491,#3492);
#3491 = CARTESIAN_POINT('',(195.41470388389,-119.9026192468,12.1));
#3492 = VECTOR('',#3493,1.);
#3493 = DIRECTION('',(-0.978373825739,-0.206844523999,0.));
#3494 = PCURVE('',#72,#3495);
#3495 = DEFINITIONAL_REPRESENTATION('',(#3496),#3499);
#3496 = B_SPLINE_CURVE_WITH_KNOTS('',1,(#3497,#3498),.UNSPECIFIED.,.F.,
  .F.,(2,2),(-6.811681338071,11.048894986716),.PIECEWISE_BEZIER_KNOTS.);
#3497 = CARTESIAN_POINT('',(5.342175784798,-45.75348878479));
#3498 = CARTESIAN_POINT('',(-12.13214460399,-49.44785119304));
#3499 = ( GEOMETRIC_REPRESENTATION_CONTEXT(2) 
PARAMETRIC_REPRESENTATION_CONTEXT() REPRESENTATION_CONTEXT('2D SPACE',''
  ) );
#3500 = PCURVE('',#3501,#3506);
#3501 = PLANE('',#3502);
#3502 = AXIS2_PLACEMENT_3D('',#3503,#3504,#3505);
#3503 = CARTESIAN_POINT('',(184.60475422554,-122.188022671,3.));
#3504 = DIRECTION('',(-0.206844523999,0.978373825739,0.));
#3505 = DIRECTION('',(0.978373825739,0.206844523999,0.));
#3506 = DEFINITIONAL_REPRESENTATION('',(#3507),#3510);
#3507 = B_SPLINE_CURVE_WITH_KNOTS('',1,(#3508,#3509),.UNSPECIFIED.,.F.,
  .F.,(2,2),(-6.811681338071,11.048894986716),.PIECEWISE_BEZIER_KNOTS.);
#3508 = CARTESIAN_POINT('',(17.860576324786,-9.1));
#3509 = CARTESIAN_POINT('',(0.,-9.1));
#3510 = ( GEOMETRIC_REPRESENTATION_CONTEXT(2) 
PARAMETRIC_REPRESENTATION_CONTEXT() REPRESENTATION_CONTEXT('2D SPACE',''
  ) );
#3511 = ORIENTED_EDGE('',*,*,#3512,.T.);
#3512 = EDGE_CURVE('',#3487,#3513,#3515,.T.);
#3513 = VERTEX_POINT('',#3514);
#3514 = CARTESIAN_POINT('',(196.8154783351,-122.4167274542,12.1));
#3515 = SURFACE_CURVE('',#3516,(#3520,#3526),.PCURVE_S1.);
#3516 = LINE('',#3517,#3518);
#3517 = CARTESIAN_POINT('',(191.72301792075,-98.66171876295,12.1));
#3518 = VECTOR('',#3519,1.);
#3519 = DIRECTION('',(0.209611787095,-0.977784689342,0.));
#3520 = PCURVE('',#72,#3521);
#3521 = DEFINITIONAL_REPRESENTATION('',(#3522),#3525);
#3522 = B_SPLINE_CURVE_WITH_KNOTS('',1,(#3523,#3524),.UNSPECIFIED.,.F.,
  .F.,(2,2),(20.623326899915,24.294723521658),.PIECEWISE_BEZIER_KNOTS.);
#3523 = CARTESIAN_POINT('',(-0.69098850145,-46.08672057093));
#3524 = CARTESIAN_POINT('',(7.85795055678E-02,-49.67655597617));
#3525 = ( GEOMETRIC_REPRESENTATION_CONTEXT(2) 
PARAMETRIC_REPRESENTATION_CONTEXT() REPRESENTATION_CONTEXT('2D SPACE',''
  ) );
#3526 = PCURVE('',#3527,#3532);
#3527 = PLANE('',#3528);
#3528 = AXIS2_PLACEMENT_3D('',#3529,#3530,#3531);
#3529 = CARTESIAN_POINT('',(196.8154783351,-122.4167274542,9.85));
#3530 = DIRECTION('',(-0.977784689342,-0.209611787095,0.));
#3531 = DIRECTION('',(-0.209611787095,0.977784689342,0.));
#3532 = DEFINITIONAL_REPRESENTATION('',(#3533),#3536);
#3533 = B_SPLINE_CURVE_WITH_KNOTS('',1,(#3534,#3535),.UNSPECIFIED.,.F.,
  .F.,(2,2),(20.623326899915,24.294723521658),.PIECEWISE_BEZIER_KNOTS.);
#3534 = CARTESIAN_POINT('',(3.671396621742,-2.25));
#3535 = CARTESIAN_POINT('',(0.,-2.25));
#3536 = ( GEOMETRIC_REPRESENTATION_CONTEXT(2) 
PARAMETRIC_REPRESENTATION_CONTEXT() REPRESENTATION_CONTEXT('2D SPACE',''
  ) );
#3537 = ORIENTED_EDGE('',*,*,#3538,.T.);
#3538 = EDGE_CURVE('',#3513,#3539,#3541,.T.);
#3539 = VERTEX_POINT('',#3540);
#3540 = CARTESIAN_POINT('',(195.8238206903,-124.1491429468,12.1));
#3541 = SURFACE_CURVE('',#3542,(#3547,#3558),.PCURVE_S1.);
#3542 = CIRCLE('',#3543,1.500413123523);
#3543 = AXIS2_PLACEMENT_3D('',#3544,#3545,#3546);
#3544 = CARTESIAN_POINT('',(195.34736733457,-122.726387964,12.1));
#3545 = DIRECTION('',(0.,-0.,-1.));
#3546 = DIRECTION('',(0.31754811276,-0.948242161097,0.));
#3547 = PCURVE('',#72,#3548);
#3548 = DEFINITIONAL_REPRESENTATION('',(#3549),#3557);
#3549 = ( BOUNDED_CURVE() B_SPLINE_CURVE(2,(#3550,#3551,#3552,#3553,
#3554,#3555,#3556),.UNSPECIFIED.,.T.,.F.) B_SPLINE_CURVE_WITH_KNOTS((1,2
    ,2,2,2,1),(-2.094395102393,0.,2.094395102393,4.188790204786,
6.28318530718,8.377580409573),.UNSPECIFIED.) CURVE() 
GEOMETRIC_REPRESENTATION_ITEM() RATIONAL_B_SPLINE_CURVE((1.,0.5,1.,0.5,
1.,0.5,1.)) REPRESENTATION_ITEM('') );
#3550 = CARTESIAN_POINT('',(-0.913078139234,-51.40897146878));
#3551 = CARTESIAN_POINT('',(-3.377362056145,-52.23421288835));
#3552 = CARTESIAN_POINT('',(-2.859900131292,-49.68745970438));
#3553 = CARTESIAN_POINT('',(-2.342438206439,-47.14070652042));
#3554 = CARTESIAN_POINT('',(-0.395616214381,-48.86221828481));
#3555 = CARTESIAN_POINT('',(1.551205777678,-50.58373004921));
#3556 = CARTESIAN_POINT('',(-0.913078139234,-51.40897146878));
#3557 = ( GEOMETRIC_REPRESENTATION_CONTEXT(2) 
PARAMETRIC_REPRESENTATION_CONTEXT() REPRESENTATION_CONTEXT('2D SPACE',''
  ) );
#3558 = PCURVE('',#3559,#3564);
#3559 = CYLINDRICAL_SURFACE('',#3560,1.500413123523);
#3560 = AXIS2_PLACEMENT_3D('',#3561,#3562,#3563);
#3561 = CARTESIAN_POINT('',(195.34736733457,-122.726387964,9.85));
#3562 = DIRECTION('',(-0.,-0.,-1.));
#3563 = DIRECTION('',(0.31754811276,-0.948242161097,0.));
#3564 = DEFINITIONAL_REPRESENTATION('',(#3565),#3569);
#3565 = LINE('',#3566,#3567);
#3566 = CARTESIAN_POINT('',(-6.28318530718,-2.25));
#3567 = VECTOR('',#3568,1.);
#3568 = DIRECTION('',(1.,-0.));
#3569 = ( GEOMETRIC_REPRESENTATION_CONTEXT(2) 
PARAMETRIC_REPRESENTATION_CONTEXT() REPRESENTATION_CONTEXT('2D SPACE',''
  ) );
#3570 = ORIENTED_EDGE('',*,*,#3571,.T.);
#3571 = EDGE_CURVE('',#3539,#3572,#3574,.T.);
#3572 = VERTEX_POINT('',#3573);
#3573 = CARTESIAN_POINT('',(187.83134373466,-125.8497036383,12.1));
#3574 = SURFACE_CURVE('',#3575,(#3579,#3585),.PCURVE_S1.);
#3575 = LINE('',#3576,#3577);
#3576 = CARTESIAN_POINT('',(197.49662505183,-123.7932200761,12.1));
#3577 = VECTOR('',#3578,1.);
#3578 = DIRECTION('',(-0.978105090007,-0.208111587624,0.));
#3579 = PCURVE('',#72,#3580);
#3580 = DEFINITIONAL_REPRESENTATION('',(#3581),#3584);
#3581 = B_SPLINE_CURVE_WITH_KNOTS('',1,(#3582,#3583),.UNSPECIFIED.,.F.,
  .F.,(2,2),(1.71025013429,9.881638911735),.PIECEWISE_BEZIER_KNOTS.);
#3582 = CARTESIAN_POINT('',(-0.913078139234,-51.40897146878));
#3583 = CARTESIAN_POINT('',(-8.905555094876,-53.10953216035));
#3584 = ( GEOMETRIC_REPRESENTATION_CONTEXT(2) 
PARAMETRIC_REPRESENTATION_CONTEXT() REPRESENTATION_CONTEXT('2D SPACE',''
  ) );
#3585 = PCURVE('',#3586,#3591);
#3586 = PLANE('',#3587);
#3587 = AXIS2_PLACEMENT_3D('',#3588,#3589,#3590);
#3588 = CARTESIAN_POINT('',(187.83134373466,-125.8497036383,9.85));
#3589 = DIRECTION('',(-0.208111587624,0.978105090007,0.));
#3590 = DIRECTION('',(0.978105090007,0.208111587624,0.));
#3591 = DEFINITIONAL_REPRESENTATION('',(#3592),#3595);
#3592 = B_SPLINE_CURVE_WITH_KNOTS('',1,(#3593,#3594),.UNSPECIFIED.,.F.,
  .F.,(2,2),(1.71025013429,9.881638911735),.PIECEWISE_BEZIER_KNOTS.);
#3593 = CARTESIAN_POINT('',(8.171388777445,-2.25));
#3594 = CARTESIAN_POINT('',(0.,-2.25));
#3595 = ( GEOMETRIC_REPRESENTATION_CONTEXT(2) 
PARAMETRIC_REPRESENTATION_CONTEXT() REPRESENTATION_CONTEXT('2D SPACE',''
  ) );
#3596 = ORIENTED_EDGE('',*,*,#3597,.T.);
#3597 = EDGE_CURVE('',#3572,#3598,#3600,.T.);
#3598 = VERTEX_POINT('',#3599);
#3599 = CARTESIAN_POINT('',(186.09892824205,-124.8580459935,12.1));
#3600 = SURFACE_CURVE('',#3601,(#3606,#3617),.PCURVE_S1.);
#3601 = CIRCLE('',#3602,1.500413123523);
#3602 = AXIS2_PLACEMENT_3D('',#3603,#3604,#3605);
#3603 = CARTESIAN_POINT('',(187.52168322484,-124.3815926378,12.1));
#3604 = DIRECTION('',(-0.,0.,-1.));
#3605 = DIRECTION('',(-0.948242161097,-0.31754811276,0.));
#3606 = PCURVE('',#72,#3607);
#3607 = DEFINITIONAL_REPRESENTATION('',(#3608),#3616);
#3608 = ( BOUNDED_CURVE() B_SPLINE_CURVE(2,(#3609,#3610,#3611,#3612,
#3613,#3614,#3615),.UNSPECIFIED.,.T.,.F.) B_SPLINE_CURVE_WITH_KNOTS((1,2
    ,2,2,2,1),(-2.094395102393,0.,2.094395102393,4.188790204786,
6.28318530718,8.377580409573),.UNSPECIFIED.) CURVE() 
GEOMETRIC_REPRESENTATION_ITEM() RATIONAL_B_SPLINE_CURVE((1.,0.5,1.,0.5,
1.,0.5,1.)) REPRESENTATION_ITEM('') );
#3609 = CARTESIAN_POINT('',(-10.63797058748,-52.11787451554));
#3610 = CARTESIAN_POINT('',(-11.46321200705,-49.65359059863));
#3611 = CARTESIAN_POINT('',(-8.916458823089,-50.17105252349));
#3612 = CARTESIAN_POINT('',(-6.369705639121,-50.68851444834));
#3613 = CARTESIAN_POINT('',(-8.091217403519,-52.6353364404));
#3614 = CARTESIAN_POINT('',(-9.812729167917,-54.58215843246));
#3615 = CARTESIAN_POINT('',(-10.63797058748,-52.11787451554));
#3616 = ( GEOMETRIC_REPRESENTATION_CONTEXT(2) 
PARAMETRIC_REPRESENTATION_CONTEXT() REPRESENTATION_CONTEXT('2D SPACE',''
  ) );
#3617 = PCURVE('',#3618,#3623);
#3618 = CYLINDRICAL_SURFACE('',#3619,1.500413123523);
#3619 = AXIS2_PLACEMENT_3D('',#3620,#3621,#3622);
#3620 = CARTESIAN_POINT('',(187.52168322484,-124.3815926378,9.85));
#3621 = DIRECTION('',(-0.,-0.,-1.));
#3622 = DIRECTION('',(-0.948242161097,-0.31754811276,0.));
#3623 = DEFINITIONAL_REPRESENTATION('',(#3624),#3628);
#3624 = LINE('',#3625,#3626);
#3625 = CARTESIAN_POINT('',(-6.28318530718,-2.25));
#3626 = VECTOR('',#3627,1.);
#3627 = DIRECTION('',(1.,-0.));
#3628 = ( GEOMETRIC_REPRESENTATION_CONTEXT(2) 
PARAMETRIC_REPRESENTATION_CONTEXT() REPRESENTATION_CONTEXT('2D SPACE',''
  ) );
#3629 = ORIENTED_EDGE('',*,*,#3630,.T.);
#3630 = EDGE_CURVE('',#3598,#3631,#3633,.T.);
#3631 = VERTEX_POINT('',#3632);
#3632 = CARTESIAN_POINT('',(185.48657793841,-122.0015904492,12.1));
#3633 = SURFACE_CURVE('',#3634,(#3638,#3644),.PCURVE_S1.);
#3634 = LINE('',#3635,#3636);
#3635 = CARTESIAN_POINT('',(180.60693043762,-99.23929887305,12.1));
#3636 = VECTOR('',#3637,1.);
#3637 = DIRECTION('',(-0.209611787095,0.977784689342,0.));
#3638 = PCURVE('',#72,#3639);
#3639 = DEFINITIONAL_REPRESENTATION('',(#3640),#3643);
#3640 = B_SPLINE_CURVE_WITH_KNOTS('',1,(#3641,#3642),.UNSPECIFIED.,.F.,
  .F.,(2,2),(-26.20080616908,-22.52940954734),.PIECEWISE_BEZIER_KNOTS.);
#3641 = CARTESIAN_POINT('',(-10.63797058748,-52.11787451554));
#3642 = CARTESIAN_POINT('',(-11.4075385945,-48.5280391103));
#3643 = ( GEOMETRIC_REPRESENTATION_CONTEXT(2) 
PARAMETRIC_REPRESENTATION_CONTEXT() REPRESENTATION_CONTEXT('2D SPACE',''
  ) );
#3644 = PCURVE('',#3645,#3650);
#3645 = PLANE('',#3646);
#3646 = AXIS2_PLACEMENT_3D('',#3647,#3648,#3649);
#3647 = CARTESIAN_POINT('',(185.32936023503,-121.2682105883,9.85));
#3648 = DIRECTION('',(0.977784689342,0.209611787095,-0.));
#3649 = DIRECTION('',(0.209611787095,-0.977784689342,0.));
#3650 = DEFINITIONAL_REPRESENTATION('',(#3651),#3654);
#3651 = B_SPLINE_CURVE_WITH_KNOTS('',1,(#3652,#3653),.UNSPECIFIED.,.F.,
  .F.,(2,2),(-26.20080616908,-22.52940954734),.PIECEWISE_BEZIER_KNOTS.);
#3652 = CARTESIAN_POINT('',(3.671396621742,-2.25));
#3653 = CARTESIAN_POINT('',(0.,-2.25));
#3654 = ( GEOMETRIC_REPRESENTATION_CONTEXT(2) 
PARAMETRIC_REPRESENTATION_CONTEXT() REPRESENTATION_CONTEXT('2D SPACE',''
  ) );
#3655 = ORIENTED_EDGE('',*,*,#3656,.T.);
#3656 = EDGE_CURVE('',#3631,#3657,#3659,.T.);
#3657 = VERTEX_POINT('',#3658);
#3658 = CARTESIAN_POINT('',(184.60475422554,-122.188022671,12.1));
#3659 = SURFACE_CURVE('',#3660,(#3664,#3670),.PCURVE_S1.);
#3660 = LINE('',#3661,#3662);
#3661 = CARTESIAN_POINT('',(195.41470388389,-119.9026192468,12.1));
#3662 = VECTOR('',#3663,1.);
#3663 = DIRECTION('',(-0.978373825739,-0.206844523999,0.));
#3664 = PCURVE('',#72,#3665);
#3665 = DEFINITIONAL_REPRESENTATION('',(#3666),#3669);
#3666 = B_SPLINE_CURVE_WITH_KNOTS('',1,(#3667,#3668),.UNSPECIFIED.,.F.,
  .F.,(2,2),(-6.811681338071,11.048894986716),.PIECEWISE_BEZIER_KNOTS.);
#3667 = CARTESIAN_POINT('',(5.342175784798,-45.75348878479));
#3668 = CARTESIAN_POINT('',(-12.13214460399,-49.44785119304));
#3669 = ( GEOMETRIC_REPRESENTATION_CONTEXT(2) 
PARAMETRIC_REPRESENTATION_CONTEXT() REPRESENTATION_CONTEXT('2D SPACE',''
  ) );
#3670 = PCURVE('',#3501,#3671);
#3671 = DEFINITIONAL_REPRESENTATION('',(#3672),#3675);
#3672 = B_SPLINE_CURVE_WITH_KNOTS('',1,(#3673,#3674),.UNSPECIFIED.,.F.,
  .F.,(2,2),(-6.811681338071,11.048894986716),.PIECEWISE_BEZIER_KNOTS.);
#3673 = CARTESIAN_POINT('',(17.860576324786,-9.1));
#3674 = CARTESIAN_POINT('',(0.,-9.1));
#3675 = ( GEOMETRIC_REPRESENTATION_CONTEXT(2) 
PARAMETRIC_REPRESENTATION_CONTEXT() REPRESENTATION_CONTEXT('2D SPACE',''
  ) );
#3676 = ORIENTED_EDGE('',*,*,#3677,.F.);
#3677 = EDGE_CURVE('',#3678,#3657,#3680,.T.);
#3678 = VERTEX_POINT('',#3679);
#3679 = CARTESIAN_POINT('',(183.72588179506,-122.4696024844,12.1));
#3680 = SURFACE_CURVE('',#3681,(#3686,#3697),.PCURVE_S1.);
#3681 = CIRCLE('',#3682,4.544451503741);
#3682 = AXIS2_PLACEMENT_3D('',#3683,#3684,#3685);
#3683 = CARTESIAN_POINT('',(185.54471164012,-126.6342030012,12.1));
#3684 = DIRECTION('',(0.,0.,-1.));
#3685 = DIRECTION('',(-0.400230884534,0.916414338095,0.));
#3686 = PCURVE('',#72,#3687);
#3687 = DEFINITIONAL_REPRESENTATION('',(#3688),#3696);
#3688 = ( BOUNDED_CURVE() B_SPLINE_CURVE(2,(#3689,#3690,#3691,#3692,
#3693,#3694,#3695),.UNSPECIFIED.,.T.,.F.) B_SPLINE_CURVE_WITH_KNOTS((1,2
    ,2,2,2,1),(-2.094395102393,0.,2.094395102393,4.188790204786,
6.28318530718,8.377580409573),.UNSPECIFIED.) CURVE() 
GEOMETRIC_REPRESENTATION_ITEM() RATIONAL_B_SPLINE_CURVE((1.,0.5,1.,0.5,
1.,0.5,1.)) REPRESENTATION_ITEM('') );
#3689 = CARTESIAN_POINT('',(-13.01101703447,-49.72943100643));
#3690 = CARTESIAN_POINT('',(-5.797717346145,-46.57912530446));
#3691 = CARTESIAN_POINT('',(-6.676122422715,-54.40117893065));
#3692 = CARTESIAN_POINT('',(-7.554527499285,-62.22323255684));
#3693 = CARTESIAN_POINT('',(-13.88942211104,-57.55148463262));
#3694 = CARTESIAN_POINT('',(-20.2243167228,-52.8797367084));
#3695 = CARTESIAN_POINT('',(-13.01101703447,-49.72943100643));
#3696 = ( GEOMETRIC_REPRESENTATION_CONTEXT(2) 
PARAMETRIC_REPRESENTATION_CONTEXT() REPRESENTATION_CONTEXT('2D SPACE',''
  ) );
#3697 = PCURVE('',#3698,#3703);
#3698 = CYLINDRICAL_SURFACE('',#3699,4.544451503741);
#3699 = AXIS2_PLACEMENT_3D('',#3700,#3701,#3702);
#3700 = CARTESIAN_POINT('',(185.54471164012,-126.6342030012,3.));
#3701 = DIRECTION('',(0.,0.,-1.));
#3702 = DIRECTION('',(-0.400230884534,0.916414338095,0.));
#3703 = DEFINITIONAL_REPRESENTATION('',(#3704),#3708);
#3704 = LINE('',#3705,#3706);
#3705 = CARTESIAN_POINT('',(0.,-9.1));
#3706 = VECTOR('',#3707,1.);
#3707 = DIRECTION('',(1.,0.));
#3708 = ( GEOMETRIC_REPRESENTATION_CONTEXT(2) 
PARAMETRIC_REPRESENTATION_CONTEXT() REPRESENTATION_CONTEXT('2D SPACE',''
  ) );
#3709 = ORIENTED_EDGE('',*,*,#3710,.T.);
#3710 = EDGE_CURVE('',#3678,#3711,#3713,.T.);
#3711 = VERTEX_POINT('',#3712);
#3712 = CARTESIAN_POINT('',(167.31103993331,-129.7359519071,12.1));
#3713 = SURFACE_CURVE('',#3714,(#3718,#3724),.PCURVE_S1.);
#3714 = LINE('',#3715,#3716);
#3715 = CARTESIAN_POINT('',(190.16143702986,-119.6207786299,12.1));
#3716 = VECTOR('',#3717,1.);
#3717 = DIRECTION('',(-0.914412914582,-0.404782684469,0.));
#3718 = PCURVE('',#72,#3719);
#3719 = DEFINITIONAL_REPRESENTATION('',(#3720),#3723);
#3720 = B_SPLINE_CURVE_WITH_KNOTS('',1,(#3721,#3722),.UNSPECIFIED.,.F.,
  .F.,(2,2),(7.037909386641,24.989145201437),.PIECEWISE_BEZIER_KNOTS.);
#3721 = CARTESIAN_POINT('',(-13.01101703447,-49.72943100643));
#3722 = CARTESIAN_POINT('',(-29.42585889622,-56.99578042908));
#3723 = ( GEOMETRIC_REPRESENTATION_CONTEXT(2) 
PARAMETRIC_REPRESENTATION_CONTEXT() REPRESENTATION_CONTEXT('2D SPACE',''
  ) );
#3724 = PCURVE('',#3725,#3730);
#3725 = PLANE('',#3726);
#3726 = AXIS2_PLACEMENT_3D('',#3727,#3728,#3729);
#3727 = CARTESIAN_POINT('',(167.31103993331,-129.7359519071,3.));
#3728 = DIRECTION('',(-0.404782684469,0.914412914582,0.));
#3729 = DIRECTION('',(0.914412914582,0.404782684469,0.));
#3730 = DEFINITIONAL_REPRESENTATION('',(#3731),#3734);
#3731 = B_SPLINE_CURVE_WITH_KNOTS('',1,(#3732,#3733),.UNSPECIFIED.,.F.,
  .F.,(2,2),(7.037909386641,24.989145201437),.PIECEWISE_BEZIER_KNOTS.);
#3732 = CARTESIAN_POINT('',(17.951235814796,-9.1));
#3733 = CARTESIAN_POINT('',(0.,-9.1));
#3734 = ( GEOMETRIC_REPRESENTATION_CONTEXT(2) 
PARAMETRIC_REPRESENTATION_CONTEXT() REPRESENTATION_CONTEXT('2D SPACE',''
  ) );
#3735 = ORIENTED_EDGE('',*,*,#3736,.T.);
#3736 = EDGE_CURVE('',#3711,#3737,#3739,.T.);
#3737 = VERTEX_POINT('',#3738);
#3738 = CARTESIAN_POINT('',(165.1014182296,-129.0690848217,12.1));
#3739 = SURFACE_CURVE('',#3740,(#3745,#3756),.PCURVE_S1.);
#3740 = CIRCLE('',#3741,1.751337251645);
#3741 = AXIS2_PLACEMENT_3D('',#3742,#3743,#3744);
#3742 = CARTESIAN_POINT('',(166.58684915179,-128.1413579522,12.1));
#3743 = DIRECTION('',(-0.,0.,-1.));
#3744 = DIRECTION('',(-0.848169546327,-0.529724853753,0.));
#3745 = PCURVE('',#72,#3746);
#3746 = DEFINITIONAL_REPRESENTATION('',(#3747),#3755);
#3747 = ( BOUNDED_CURVE() B_SPLINE_CURVE(2,(#3748,#3749,#3750,#3751,
#3752,#3753,#3754),.UNSPECIFIED.,.T.,.F.) B_SPLINE_CURVE_WITH_KNOTS((1,2
    ,2,2,2,1),(-2.094395102393,0.,2.094395102393,4.188790204786,
6.28318530718,8.377580409573),.UNSPECIFIED.) CURVE() 
GEOMETRIC_REPRESENTATION_ITEM() RATIONAL_B_SPLINE_CURVE((1.,0.5,1.,0.5,
1.,0.5,1.)) REPRESENTATION_ITEM('') );
#3748 = CARTESIAN_POINT('',(-31.63548059993,-56.3289133437));
#3749 = CARTESIAN_POINT('',(-33.24235067346,-53.75607151533));
#3750 = CARTESIAN_POINT('',(-30.21076925341,-53.65090212526));
#3751 = CARTESIAN_POINT('',(-27.17918783336,-53.5457327352));
#3752 = CARTESIAN_POINT('',(-28.60389917989,-56.22374395363));
#3753 = CARTESIAN_POINT('',(-30.02861052641,-58.90175517207));
#3754 = CARTESIAN_POINT('',(-31.63548059993,-56.3289133437));
#3755 = ( GEOMETRIC_REPRESENTATION_CONTEXT(2) 
PARAMETRIC_REPRESENTATION_CONTEXT() REPRESENTATION_CONTEXT('2D SPACE',''
  ) );
#3756 = PCURVE('',#3757,#3762);
#3757 = CYLINDRICAL_SURFACE('',#3758,1.751337251645);
#3758 = AXIS2_PLACEMENT_3D('',#3759,#3760,#3761);
#3759 = CARTESIAN_POINT('',(166.58684915179,-128.1413579522,3.));
#3760 = DIRECTION('',(-0.,-0.,-1.));
#3761 = DIRECTION('',(-0.848169546327,-0.529724853753,0.));
#3762 = DEFINITIONAL_REPRESENTATION('',(#3763),#3767);
#3763 = LINE('',#3764,#3765);
#3764 = CARTESIAN_POINT('',(-6.28318530718,-9.1));
#3765 = VECTOR('',#3766,1.);
#3766 = DIRECTION('',(1.,-0.));
#3767 = ( GEOMETRIC_REPRESENTATION_CONTEXT(2) 
PARAMETRIC_REPRESENTATION_CONTEXT() REPRESENTATION_CONTEXT('2D SPACE',''
  ) );
#3768 = ORIENTED_EDGE('',*,*,#3769,.T.);
#3769 = EDGE_CURVE('',#3737,#3770,#3772,.T.);
#3770 = VERTEX_POINT('',#3771);
#3771 = CARTESIAN_POINT('',(161.66708949338,-121.3257093841,12.1));
#3772 = SURFACE_CURVE('',#3773,(#3777,#3783),.PCURVE_S1.);
#3773 = LINE('',#3774,#3775);
#3774 = CARTESIAN_POINT('',(151.6274379034,-98.68932320952,12.1));
#3775 = VECTOR('',#3776,1.);
#3776 = DIRECTION('',(-0.405431382207,0.914125480622,0.));
#3777 = PCURVE('',#72,#3778);
#3778 = DEFINITIONAL_REPRESENTATION('',(#3779),#3782);
#3779 = B_SPLINE_CURVE_WITH_KNOTS('',1,(#3780,#3781),.UNSPECIFIED.,.F.,
  .F.,(2,2),(-33.23368865242,-5.431989704347),.PIECEWISE_BEZIER_KNOTS.);
#3780 = CARTESIAN_POINT('',(-31.63548059993,-56.3289133437));
#3781 = CARTESIAN_POINT('',(-42.90716183216,-30.91467193069));
#3782 = ( GEOMETRIC_REPRESENTATION_CONTEXT(2) 
PARAMETRIC_REPRESENTATION_CONTEXT() REPRESENTATION_CONTEXT('2D SPACE',''
  ) );
#3783 = PCURVE('',#3784,#3789);
#3784 = PLANE('',#3785);
#3785 = AXIS2_PLACEMENT_3D('',#3786,#3787,#3788);
#3786 = CARTESIAN_POINT('',(153.82973699736,-103.6548434087,3.));
#3787 = DIRECTION('',(0.914125480622,0.405431382207,-0.));
#3788 = DIRECTION('',(0.405431382207,-0.914125480622,0.));
#3789 = DEFINITIONAL_REPRESENTATION('',(#3790),#3793);
#3790 = B_SPLINE_CURVE_WITH_KNOTS('',1,(#3791,#3792),.UNSPECIFIED.,.F.,
  .F.,(2,2),(-33.23368865242,-5.431989704347),.PIECEWISE_BEZIER_KNOTS.);
#3791 = CARTESIAN_POINT('',(27.801698948079,-9.1));
#3792 = CARTESIAN_POINT('',(0.,-9.1));
#3793 = ( GEOMETRIC_REPRESENTATION_CONTEXT(2) 
PARAMETRIC_REPRESENTATION_CONTEXT() REPRESENTATION_CONTEXT('2D SPACE',''
  ) );
#3794 = ORIENTED_EDGE('',*,*,#3795,.T.);
#3795 = EDGE_CURVE('',#3770,#3796,#3798,.T.);
#3796 = VERTEX_POINT('',#3797);
#3797 = CARTESIAN_POINT('',(159.143844614,-122.4512208248,12.1));
#3798 = SURFACE_CURVE('',#3799,(#3803,#3809),.PCURVE_S1.);
#3799 = LINE('',#3800,#3801);
#3800 = CARTESIAN_POINT('',(184.06822710246,-111.3335215991,12.1));
#3801 = VECTOR('',#3802,1.);
#3802 = DIRECTION('',(-0.91326410228,-0.407367990257,0.));
#3803 = PCURVE('',#72,#3804);
#3804 = DEFINITIONAL_REPRESENTATION('',(#3805),#3808);
#3805 = B_SPLINE_CURVE_WITH_KNOTS('',1,(#3806,#3807),.UNSPECIFIED.,.F.,
  .F.,(2,2),(23.620141966299,27.291538588041),.PIECEWISE_BEZIER_KNOTS.);
#3806 = CARTESIAN_POINT('',(-34.24009947566,-48.21543988352));
#3807 = CARTESIAN_POINT('',(-37.59305421553,-49.71104934676));
#3808 = ( GEOMETRIC_REPRESENTATION_CONTEXT(2) 
PARAMETRIC_REPRESENTATION_CONTEXT() REPRESENTATION_CONTEXT('2D SPACE',''
  ) );
#3809 = PCURVE('',#3810,#3815);
#3810 = PLANE('',#3811);
#3811 = AXIS2_PLACEMENT_3D('',#3812,#3813,#3814);
#3812 = CARTESIAN_POINT('',(159.143844614,-122.4512208248,9.85));
#3813 = DIRECTION('',(-0.407367990257,0.91326410228,0.));
#3814 = DIRECTION('',(0.91326410228,0.407367990257,0.));
#3815 = DEFINITIONAL_REPRESENTATION('',(#3816),#3819);
#3816 = B_SPLINE_CURVE_WITH_KNOTS('',1,(#3817,#3818),.UNSPECIFIED.,.F.,
  .F.,(2,2),(23.620141966299,27.291538588041),.PIECEWISE_BEZIER_KNOTS.);
#3817 = CARTESIAN_POINT('',(3.671396621742,-2.25));
#3818 = CARTESIAN_POINT('',(0.,-2.25));
#3819 = ( GEOMETRIC_REPRESENTATION_CONTEXT(2) 
PARAMETRIC_REPRESENTATION_CONTEXT() REPRESENTATION_CONTEXT('2D SPACE',''
  ) );
#3820 = ORIENTED_EDGE('',*,*,#3821,.T.);
#3821 = EDGE_CURVE('',#3796,#3822,#3824,.T.);
#3822 = VERTEX_POINT('',#3823);
#3823 = CARTESIAN_POINT('',(157.24374895996,-121.8394326024,12.1));
#3824 = SURFACE_CURVE('',#3825,(#3830,#3841),.PCURVE_S1.);
#3825 = CIRCLE('',#3826,1.500413123523);
#3826 = AXIS2_PLACEMENT_3D('',#3827,#3828,#3829);
#3827 = CARTESIAN_POINT('',(158.53715020763,-121.0789375309,12.1));
#3828 = DIRECTION('',(-0.,0.,-1.));
#3829 = DIRECTION('',(-0.862030081849,-0.506857117922,0.));
#3830 = PCURVE('',#72,#3831);
#3831 = DEFINITIONAL_REPRESENTATION('',(#3832),#3840);
#3832 = ( BOUNDED_CURVE() B_SPLINE_CURVE(2,(#3833,#3834,#3835,#3836,
#3837,#3838,#3839),.UNSPECIFIED.,.T.,.F.) B_SPLINE_CURVE_WITH_KNOTS((1,2
    ,2,2,2,1),(-2.094395102393,0.,2.094395102393,4.188790204786,
6.28318530718,8.377580409573),.UNSPECIFIED.) CURVE() 
GEOMETRIC_REPRESENTATION_ITEM() RATIONAL_B_SPLINE_CURVE((1.,0.5,1.,0.5,
1.,0.5,1.)) REPRESENTATION_ITEM('') );
#3833 = CARTESIAN_POINT('',(-39.49314986957,-49.09926112441));
#3834 = CARTESIAN_POINT('',(-40.81036597228,-46.85902444886));
#3835 = CARTESIAN_POINT('',(-38.21165604941,-46.83840017942));
#3836 = CARTESIAN_POINT('',(-35.61294612654,-46.81777590997));
#3837 = CARTESIAN_POINT('',(-36.8944399467,-49.07863685497));
#3838 = CARTESIAN_POINT('',(-38.17593376686,-51.33949779996));
#3839 = CARTESIAN_POINT('',(-39.49314986957,-49.09926112441));
#3840 = ( GEOMETRIC_REPRESENTATION_CONTEXT(2) 
PARAMETRIC_REPRESENTATION_CONTEXT() REPRESENTATION_CONTEXT('2D SPACE',''
  ) );
#3841 = PCURVE('',#3842,#3847);
#3842 = CYLINDRICAL_SURFACE('',#3843,1.500413123523);
#3843 = AXIS2_PLACEMENT_3D('',#3844,#3845,#3846);
#3844 = CARTESIAN_POINT('',(158.53715020763,-121.0789375309,9.85));
#3845 = DIRECTION('',(-0.,-0.,-1.));
#3846 = DIRECTION('',(-0.862030081849,-0.506857117922,0.));
#3847 = DEFINITIONAL_REPRESENTATION('',(#3848),#3852);
#3848 = LINE('',#3849,#3850);
#3849 = CARTESIAN_POINT('',(-6.28318530718,-2.25));
#3850 = VECTOR('',#3851,1.);
#3851 = DIRECTION('',(1.,-0.));
#3852 = ( GEOMETRIC_REPRESENTATION_CONTEXT(2) 
PARAMETRIC_REPRESENTATION_CONTEXT() REPRESENTATION_CONTEXT('2D SPACE',''
  ) );
#3853 = ORIENTED_EDGE('',*,*,#3854,.T.);
#3854 = EDGE_CURVE('',#3822,#3855,#3857,.T.);
#3855 = VERTEX_POINT('',#3856);
#3856 = CARTESIAN_POINT('',(153.92643857401,-114.3716989197,12.1));
#3857 = SURFACE_CURVE('',#3858,(#3862,#3868),.PCURVE_S1.);
#3858 = LINE('',#3859,#3860);
#3859 = CARTESIAN_POINT('',(149.73139621901,-104.9280667449,12.1));
#3860 = VECTOR('',#3861,1.);
#3861 = DIRECTION('',(-0.405966534734,0.913887943172,0.));
#3862 = PCURVE('',#72,#3863);
#3863 = DEFINITIONAL_REPRESENTATION('',(#3864),#3867);
#3864 = B_SPLINE_CURVE_WITH_KNOTS('',1,(#3865,#3866),.UNSPECIFIED.,.F.,
  .F.,(2,2),(-18.5048571697,-10.33346839226),.PIECEWISE_BEZIER_KNOTS.);
#3865 = CARTESIAN_POINT('',(-39.49314986957,-49.09926112441));
#3866 = CARTESIAN_POINT('',(-42.81046025552,-41.63152744173));
#3867 = ( GEOMETRIC_REPRESENTATION_CONTEXT(2) 
PARAMETRIC_REPRESENTATION_CONTEXT() REPRESENTATION_CONTEXT('2D SPACE',''
  ) );
#3868 = PCURVE('',#3869,#3874);
#3869 = PLANE('',#3870);
#3870 = AXIS2_PLACEMENT_3D('',#3871,#3872,#3873);
#3871 = CARTESIAN_POINT('',(153.92643857401,-114.3716989197,9.85));
#3872 = DIRECTION('',(0.913887943172,0.405966534734,-0.));
#3873 = DIRECTION('',(0.405966534734,-0.913887943172,0.));
#3874 = DEFINITIONAL_REPRESENTATION('',(#3875),#3878);
#3875 = B_SPLINE_CURVE_WITH_KNOTS('',1,(#3876,#3877),.UNSPECIFIED.,.F.,
  .F.,(2,2),(-18.5048571697,-10.33346839226),.PIECEWISE_BEZIER_KNOTS.);
#3876 = CARTESIAN_POINT('',(8.171388777445,-2.25));
#3877 = CARTESIAN_POINT('',(0.,-2.25));
#3878 = ( GEOMETRIC_REPRESENTATION_CONTEXT(2) 
PARAMETRIC_REPRESENTATION_CONTEXT() REPRESENTATION_CONTEXT('2D SPACE',''
  ) );
#3879 = ORIENTED_EDGE('',*,*,#3880,.T.);
#3880 = EDGE_CURVE('',#3855,#3881,#3883,.T.);
#3881 = VERTEX_POINT('',#3882);
#3882 = CARTESIAN_POINT('',(154.53822679636,-112.4716032657,12.1));
#3883 = SURFACE_CURVE('',#3884,(#3889,#3900),.PCURVE_S1.);
#3884 = CIRCLE('',#3885,1.500413123523);
#3885 = AXIS2_PLACEMENT_3D('',#3886,#3887,#3888);
#3886 = CARTESIAN_POINT('',(155.29872186784,-113.7650045134,12.1));
#3887 = DIRECTION('',(-0.,0.,-1.));
#3888 = DIRECTION('',(-0.506857117922,0.862030081849,0.));
#3889 = PCURVE('',#72,#3890);
#3890 = DEFINITIONAL_REPRESENTATION('',(#3891),#3899);
#3891 = ( BOUNDED_CURVE() B_SPLINE_CURVE(2,(#3892,#3893,#3894,#3895,
#3896,#3897,#3898),.UNSPECIFIED.,.T.,.F.) B_SPLINE_CURVE_WITH_KNOTS((1,2
    ,2,2,2,1),(-2.094395102393,0.,2.094395102393,4.188790204786,
6.28318530718,8.377580409573),.UNSPECIFIED.) CURVE() 
GEOMETRIC_REPRESENTATION_ITEM() RATIONAL_B_SPLINE_CURVE((1.,0.5,1.,0.5,
1.,0.5,1.)) REPRESENTATION_ITEM('') );
#3892 = CARTESIAN_POINT('',(-42.19867203317,-39.73143178768));
#3893 = CARTESIAN_POINT('',(-39.95843535762,-38.41421568497));
#3894 = CARTESIAN_POINT('',(-39.93781108818,-41.01292560785));
#3895 = CARTESIAN_POINT('',(-39.91718681873,-43.61163553072));
#3896 = CARTESIAN_POINT('',(-42.17804776373,-42.33014171056));
#3897 = CARTESIAN_POINT('',(-44.43890870872,-41.0486478904));
#3898 = CARTESIAN_POINT('',(-42.19867203317,-39.73143178768));
#3899 = ( GEOMETRIC_REPRESENTATION_CONTEXT(2) 
PARAMETRIC_REPRESENTATION_CONTEXT() REPRESENTATION_CONTEXT('2D SPACE',''
  ) );
#3900 = PCURVE('',#3901,#3906);
#3901 = CYLINDRICAL_SURFACE('',#3902,1.500413123523);
#3902 = AXIS2_PLACEMENT_3D('',#3903,#3904,#3905);
#3903 = CARTESIAN_POINT('',(155.29872186784,-113.7650045134,9.85));
#3904 = DIRECTION('',(-0.,-0.,-1.));
#3905 = DIRECTION('',(-0.506857117922,0.862030081849,0.));
#3906 = DEFINITIONAL_REPRESENTATION('',(#3907),#3911);
#3907 = LINE('',#3908,#3909);
#3908 = CARTESIAN_POINT('',(-6.28318530718,-2.25));
#3909 = VECTOR('',#3910,1.);
#3910 = DIRECTION('',(1.,-0.));
#3911 = ( GEOMETRIC_REPRESENTATION_CONTEXT(2) 
PARAMETRIC_REPRESENTATION_CONTEXT() REPRESENTATION_CONTEXT('2D SPACE',''
  ) );
#3912 = ORIENTED_EDGE('',*,*,#3913,.T.);
#3913 = EDGE_CURVE('',#3881,#3914,#3916,.T.);
#3914 = VERTEX_POINT('',#3915);
#3915 = CARTESIAN_POINT('',(157.21130436776,-111.2792578802,12.1));
#3916 = SURFACE_CURVE('',#3917,(#3921,#3927),.PCURVE_S1.);
#3917 = LINE('',#3918,#3919);
#3918 = CARTESIAN_POINT('',(181.20336614269,-100.5774269827,12.1));
#3919 = VECTOR('',#3920,1.);
#3920 = DIRECTION('',(0.91326410228,0.407367990257,-0.));
#3921 = PCURVE('',#72,#3922);
#3922 = DEFINITIONAL_REPRESENTATION('',(#3923),#3926);
#3923 = B_SPLINE_CURVE_WITH_KNOTS('',1,(#3924,#3925),.UNSPECIFIED.,.F.,
  .F.,(2,2),(-29.19762123546,-25.52622461372),.PIECEWISE_BEZIER_KNOTS.);
#3924 = CARTESIAN_POINT('',(-42.19867203317,-39.73143178768));
#3925 = CARTESIAN_POINT('',(-38.8457172933,-38.23582232445));
#3926 = ( GEOMETRIC_REPRESENTATION_CONTEXT(2) 
PARAMETRIC_REPRESENTATION_CONTEXT() REPRESENTATION_CONTEXT('2D SPACE',''
  ) );
#3927 = PCURVE('',#3928,#3933);
#3928 = PLANE('',#3929);
#3929 = AXIS2_PLACEMENT_3D('',#3930,#3931,#3932);
#3930 = CARTESIAN_POINT('',(157.89118153623,-110.9759938024,9.85));
#3931 = DIRECTION('',(0.407367990257,-0.91326410228,0.));
#3932 = DIRECTION('',(-0.91326410228,-0.407367990257,0.));
#3933 = DEFINITIONAL_REPRESENTATION('',(#3934),#3937);
#3934 = B_SPLINE_CURVE_WITH_KNOTS('',1,(#3935,#3936),.UNSPECIFIED.,.F.,
  .F.,(2,2),(-29.19762123546,-25.52622461372),.PIECEWISE_BEZIER_KNOTS.);
#3935 = CARTESIAN_POINT('',(3.671396621742,-2.25));
#3936 = CARTESIAN_POINT('',(0.,-2.25));
#3937 = ( GEOMETRIC_REPRESENTATION_CONTEXT(2) 
PARAMETRIC_REPRESENTATION_CONTEXT() REPRESENTATION_CONTEXT('2D SPACE',''
  ) );
#3938 = ORIENTED_EDGE('',*,*,#3939,.T.);
#3939 = EDGE_CURVE('',#3914,#3940,#3942,.T.);
#3940 = VERTEX_POINT('',#3941);
#3941 = CARTESIAN_POINT('',(156.41828447297,-109.4912372082,12.1));
#3942 = SURFACE_CURVE('',#3943,(#3947,#3953),.PCURVE_S1.);
#3943 = LINE('',#3944,#3945);
#3944 = CARTESIAN_POINT('',(151.6274379034,-98.68932320952,12.1));
#3945 = VECTOR('',#3946,1.);
#3946 = DIRECTION('',(-0.405431382207,0.914125480622,0.));
#3947 = PCURVE('',#72,#3948);
#3948 = DEFINITIONAL_REPRESENTATION('',(#3949),#3952);
#3949 = B_SPLINE_CURVE_WITH_KNOTS('',1,(#3950,#3951),.UNSPECIFIED.,.F.,
  .F.,(2,2),(-33.23368865242,-5.431989704347),.PIECEWISE_BEZIER_KNOTS.);
#3950 = CARTESIAN_POINT('',(-31.63548059993,-56.3289133437));
#3951 = CARTESIAN_POINT('',(-42.90716183216,-30.91467193069));
#3952 = ( GEOMETRIC_REPRESENTATION_CONTEXT(2) 
PARAMETRIC_REPRESENTATION_CONTEXT() REPRESENTATION_CONTEXT('2D SPACE',''
  ) );
#3953 = PCURVE('',#3784,#3954);
#3954 = DEFINITIONAL_REPRESENTATION('',(#3955),#3958);
#3955 = B_SPLINE_CURVE_WITH_KNOTS('',1,(#3956,#3957),.UNSPECIFIED.,.F.,
  .F.,(2,2),(-33.23368865242,-5.431989704347),.PIECEWISE_BEZIER_KNOTS.);
#3956 = CARTESIAN_POINT('',(27.801698948079,-9.1));
#3957 = CARTESIAN_POINT('',(0.,-9.1));
#3958 = ( GEOMETRIC_REPRESENTATION_CONTEXT(2) 
PARAMETRIC_REPRESENTATION_CONTEXT() REPRESENTATION_CONTEXT('2D SPACE',''
  ) );
#3959 = ORIENTED_EDGE('',*,*,#3960,.T.);
#3960 = EDGE_CURVE('',#3940,#3961,#3963,.T.);
#3961 = VERTEX_POINT('',#3962);
#3962 = CARTESIAN_POINT('',(153.88856956732,-110.6125551194,12.1));
#3963 = SURFACE_CURVE('',#3964,(#3968,#3974),.PCURVE_S1.);
#3964 = LINE('',#3965,#3966);
#3965 = CARTESIAN_POINT('',(178.80987178112,-99.56597335675,12.1));
#3966 = VECTOR('',#3967,1.);
#3967 = DIRECTION('',(-0.914213448963,-0.405232982043,0.));
#3968 = PCURVE('',#72,#3969);
#3969 = DEFINITIONAL_REPRESENTATION('',(#3970),#3973);
#3970 = B_SPLINE_CURVE_WITH_KNOTS('',1,(#3971,#3972),.UNSPECIFIED.,.F.,
  .F.,(2,2),(23.588432296848,27.25982891859),.PIECEWISE_BEZIER_KNOTS.);
#3971 = CARTESIAN_POINT('',(-39.49188909413,-36.38461264008));
#3972 = CARTESIAN_POINT('',(-42.84832926221,-37.87238364137));
#3973 = ( GEOMETRIC_REPRESENTATION_CONTEXT(2) 
PARAMETRIC_REPRESENTATION_CONTEXT() REPRESENTATION_CONTEXT('2D SPACE',''
  ) );
#3974 = PCURVE('',#3975,#3980);
#3975 = PLANE('',#3976);
#3976 = AXIS2_PLACEMENT_3D('',#3977,#3978,#3979);
#3977 = CARTESIAN_POINT('',(153.88856956732,-110.6125551194,9.85));
#3978 = DIRECTION('',(-0.405232982043,0.914213448963,0.));
#3979 = DIRECTION('',(0.914213448963,0.405232982043,0.));
#3980 = DEFINITIONAL_REPRESENTATION('',(#3981),#3984);
#3981 = B_SPLINE_CURVE_WITH_KNOTS('',1,(#3982,#3983),.UNSPECIFIED.,.F.,
  .F.,(2,2),(23.588432296848,27.25982891859),.PIECEWISE_BEZIER_KNOTS.);
#3982 = CARTESIAN_POINT('',(3.671396621743,-2.25));
#3983 = CARTESIAN_POINT('',(0.,-2.25));
#3984 = ( GEOMETRIC_REPRESENTATION_CONTEXT(2) 
PARAMETRIC_REPRESENTATION_CONTEXT() REPRESENTATION_CONTEXT('2D SPACE',''
  ) );
#3985 = ORIENTED_EDGE('',*,*,#3986,.T.);
#3986 = EDGE_CURVE('',#3961,#3987,#3989,.T.);
#3987 = VERTEX_POINT('',#3988);
#3988 = CARTESIAN_POINT('',(151.98990857985,-109.9963288799,12.1));
#3989 = SURFACE_CURVE('',#3990,(#3995,#4006),.PCURVE_S1.);
#3990 = CIRCLE('',#3991,1.500413123523);
#3991 = AXIS2_PLACEMENT_3D('',#3992,#3993,#3994);
#3992 = CARTESIAN_POINT('',(153.28508323907,-109.2388579938,12.1));
#3993 = DIRECTION('',(-0.,0.,-1.));
#3994 = DIRECTION('',(-0.863212030685,-0.50484154948,0.));
#3995 = PCURVE('',#72,#3996);
#3996 = DEFINITIONAL_REPRESENTATION('',(#3997),#4005);
#3997 = ( BOUNDED_CURVE() B_SPLINE_CURVE(2,(#3998,#3999,#4000,#4001,
#4002,#4003,#4004),.UNSPECIFIED.,.T.,.F.) B_SPLINE_CURVE_WITH_KNOTS((1,2
    ,2,2,2,1),(-2.094395102393,0.,2.094395102393,4.188790204786,
6.28318530718,8.377580409573),.UNSPECIFIED.) CURVE() 
GEOMETRIC_REPRESENTATION_ITEM() RATIONAL_B_SPLINE_CURVE((1.,0.5,1.,0.5,
1.,0.5,1.)) REPRESENTATION_ITEM('') );
#3998 = CARTESIAN_POINT('',(-44.74699024968,-37.25615740192));
#3999 = CARTESIAN_POINT('',(-46.05896830973,-35.01284908747));
#4000 = CARTESIAN_POINT('',(-43.46021729087,-34.99829691549));
#4001 = CARTESIAN_POINT('',(-40.86146627201,-34.9837447435));
#4002 = CARTESIAN_POINT('',(-42.14823923082,-37.24160522994));
#4003 = CARTESIAN_POINT('',(-43.43501218963,-39.49946571637));
#4004 = CARTESIAN_POINT('',(-44.74699024968,-37.25615740192));
#4005 = ( GEOMETRIC_REPRESENTATION_CONTEXT(2) 
PARAMETRIC_REPRESENTATION_CONTEXT() REPRESENTATION_CONTEXT('2D SPACE',''
  ) );
#4006 = PCURVE('',#4007,#4012);
#4007 = CYLINDRICAL_SURFACE('',#4008,1.500413123523);
#4008 = AXIS2_PLACEMENT_3D('',#4009,#4010,#4011);
#4009 = CARTESIAN_POINT('',(153.28508323907,-109.2388579938,9.85));
#4010 = DIRECTION('',(-0.,-0.,-1.));
#4011 = DIRECTION('',(-0.863212030685,-0.50484154948,0.));
#4012 = DEFINITIONAL_REPRESENTATION('',(#4013),#4017);
#4013 = LINE('',#4014,#4015);
#4014 = CARTESIAN_POINT('',(-6.28318530718,-2.25));
#4015 = VECTOR('',#4016,1.);
#4016 = DIRECTION('',(1.,-0.));
#4017 = ( GEOMETRIC_REPRESENTATION_CONTEXT(2) 
PARAMETRIC_REPRESENTATION_CONTEXT() REPRESENTATION_CONTEXT('2D SPACE',''
  ) );
#4018 = ORIENTED_EDGE('',*,*,#4019,.T.);
#4019 = EDGE_CURVE('',#3987,#4020,#4022,.T.);
#4020 = VERTEX_POINT('',#4021);
#4021 = CARTESIAN_POINT('',(148.69005605576,-102.5208644882,12.1));
#4022 = SURFACE_CURVE('',#4023,(#4027,#4033),.PCURVE_S1.);
#4023 = LINE('',#4024,#4025);
#4024 = CARTESIAN_POINT('',(147.10671286696,-98.93396915242,12.1));
#4025 = VECTOR('',#4026,1.);
#4026 = DIRECTION('',(-0.403830072705,0.914834013567,0.));
#4027 = PCURVE('',#72,#4028);
#4028 = DEFINITIONAL_REPRESENTATION('',(#4029),#4032);
#4029 = B_SPLINE_CURVE_WITH_KNOTS('',1,(#4030,#4031),.UNSPECIFIED.,.F.,
  .F.,(2,2),(-12.09220422884,-3.920815451395),.PIECEWISE_BEZIER_KNOTS.);
#4030 = CARTESIAN_POINT('',(-44.74699024968,-37.25615740192));
#4031 = CARTESIAN_POINT('',(-48.04684277377,-29.78069301023));
#4032 = ( GEOMETRIC_REPRESENTATION_CONTEXT(2) 
PARAMETRIC_REPRESENTATION_CONTEXT() REPRESENTATION_CONTEXT('2D SPACE',''
  ) );
#4033 = PCURVE('',#4034,#4039);
#4034 = PLANE('',#4035);
#4035 = AXIS2_PLACEMENT_3D('',#4036,#4037,#4038);
#4036 = CARTESIAN_POINT('',(148.69005605576,-102.5208644882,9.85));
#4037 = DIRECTION('',(0.914834013567,0.403830072705,-0.));
#4038 = DIRECTION('',(0.403830072705,-0.914834013567,0.));
#4039 = DEFINITIONAL_REPRESENTATION('',(#4040),#4043);
#4040 = B_SPLINE_CURVE_WITH_KNOTS('',1,(#4041,#4042),.UNSPECIFIED.,.F.,
  .F.,(2,2),(-12.09220422884,-3.920815451395),.PIECEWISE_BEZIER_KNOTS.);
#4041 = CARTESIAN_POINT('',(8.171388777445,-2.25));
#4042 = CARTESIAN_POINT('',(0.,-2.25));
#4043 = ( GEOMETRIC_REPRESENTATION_CONTEXT(2) 
PARAMETRIC_REPRESENTATION_CONTEXT() REPRESENTATION_CONTEXT('2D SPACE',''
  ) );
#4044 = ORIENTED_EDGE('',*,*,#4045,.T.);
#4045 = EDGE_CURVE('',#4020,#4046,#4048,.T.);
#4046 = VERTEX_POINT('',#4047);
#4047 = CARTESIAN_POINT('',(149.30628229521,-100.6222035008,12.1));
#4048 = SURFACE_CURVE('',#4049,(#4054,#4065),.PCURVE_S1.);
#4049 = CIRCLE('',#4050,1.500413123523);
#4050 = AXIS2_PLACEMENT_3D('',#4051,#4052,#4053);
#4051 = CARTESIAN_POINT('',(150.06375318135,-101.91737816,12.1));
#4052 = DIRECTION('',(-0.,0.,-1.));
#4053 = DIRECTION('',(-0.50484154948,0.863212030685,0.));
#4054 = PCURVE('',#72,#4055);
#4055 = DEFINITIONAL_REPRESENTATION('',(#4056),#4064);
#4056 = ( BOUNDED_CURVE() B_SPLINE_CURVE(2,(#4057,#4058,#4059,#4060,
#4061,#4062,#4063),.UNSPECIFIED.,.T.,.F.) B_SPLINE_CURVE_WITH_KNOTS((1,2
    ,2,2,2,1),(-2.094395102393,0.,2.094395102393,4.188790204786,
6.28318530718,8.377580409573),.UNSPECIFIED.) CURVE() 
GEOMETRIC_REPRESENTATION_ITEM() RATIONAL_B_SPLINE_CURVE((1.,0.5,1.,0.5,
1.,0.5,1.)) REPRESENTATION_ITEM('') );
#4057 = CARTESIAN_POINT('',(-47.43061653432,-27.88203202276));
#4058 = CARTESIAN_POINT('',(-45.18730821987,-26.57005396272));
#4059 = CARTESIAN_POINT('',(-45.17275604789,-29.16880498157));
#4060 = CARTESIAN_POINT('',(-45.1582038759,-31.76755600043));
#4061 = CARTESIAN_POINT('',(-47.41606436234,-30.48078304162));
#4062 = CARTESIAN_POINT('',(-49.67392484877,-29.19401008281));
#4063 = CARTESIAN_POINT('',(-47.43061653432,-27.88203202276));
#4064 = ( GEOMETRIC_REPRESENTATION_CONTEXT(2) 
PARAMETRIC_REPRESENTATION_CONTEXT() REPRESENTATION_CONTEXT('2D SPACE',''
  ) );
#4065 = PCURVE('',#4066,#4071);
#4066 = CYLINDRICAL_SURFACE('',#4067,1.500413123523);
#4067 = AXIS2_PLACEMENT_3D('',#4068,#4069,#4070);
#4068 = CARTESIAN_POINT('',(150.06375318135,-101.91737816,9.85));
#4069 = DIRECTION('',(-0.,-0.,-1.));
#4070 = DIRECTION('',(-0.50484154948,0.863212030685,0.));
#4071 = DEFINITIONAL_REPRESENTATION('',(#4072),#4076);
#4072 = LINE('',#4073,#4074);
#4073 = CARTESIAN_POINT('',(-6.28318530718,-2.25));
#4074 = VECTOR('',#4075,1.);
#4075 = DIRECTION('',(1.,-0.));
#4076 = ( GEOMETRIC_REPRESENTATION_CONTEXT(2) 
PARAMETRIC_REPRESENTATION_CONTEXT() REPRESENTATION_CONTEXT('2D SPACE',''
  ) );
#4077 = ORIENTED_EDGE('',*,*,#4078,.T.);
#4078 = EDGE_CURVE('',#4046,#4079,#4081,.T.);
#4079 = VERTEX_POINT('',#4080);
#4080 = CARTESIAN_POINT('',(152.66272246328,-99.13443249951,12.1));
#4081 = SURFACE_CURVE('',#4082,(#4086,#4092),.PCURVE_S1.);
#4082 = LINE('',#4083,#4084);
#4083 = CARTESIAN_POINT('',(175.97015090012,-88.8032141829,12.1));
#4084 = VECTOR('',#4085,1.);
#4085 = DIRECTION('',(0.914213448963,0.405232982043,-0.));
#4086 = PCURVE('',#72,#4087);
#4087 = DEFINITIONAL_REPRESENTATION('',(#4088),#4091);
#4088 = B_SPLINE_CURVE_WITH_KNOTS('',1,(#4089,#4090),.UNSPECIFIED.,.F.,
  .F.,(2,2),(-29.16591156601,-25.49451494427),.PIECEWISE_BEZIER_KNOTS.);
#4089 = CARTESIAN_POINT('',(-47.43061653432,-27.88203202276));
#4090 = CARTESIAN_POINT('',(-44.07417636625,-26.39426102147));
#4091 = ( GEOMETRIC_REPRESENTATION_CONTEXT(2) 
PARAMETRIC_REPRESENTATION_CONTEXT() REPRESENTATION_CONTEXT('2D SPACE',''
  ) );
#4092 = PCURVE('',#4093,#4098);
#4093 = PLANE('',#4094);
#4094 = AXIS2_PLACEMENT_3D('',#4095,#4096,#4097);
#4095 = CARTESIAN_POINT('',(152.66272246328,-99.13443249951,9.85));
#4096 = DIRECTION('',(0.405232982043,-0.914213448963,0.));
#4097 = DIRECTION('',(-0.914213448963,-0.405232982043,0.));
#4098 = DEFINITIONAL_REPRESENTATION('',(#4099),#4102);
#4099 = B_SPLINE_CURVE_WITH_KNOTS('',1,(#4100,#4101),.UNSPECIFIED.,.F.,
  .F.,(2,2),(-29.16591156601,-25.49451494427),.PIECEWISE_BEZIER_KNOTS.);
#4100 = CARTESIAN_POINT('',(3.671396621743,-2.25));
#4101 = CARTESIAN_POINT('',(0.,-2.25));
#4102 = ( GEOMETRIC_REPRESENTATION_CONTEXT(2) 
PARAMETRIC_REPRESENTATION_CONTEXT() REPRESENTATION_CONTEXT('2D SPACE',''
  ) );
#4103 = ORIENTED_EDGE('',*,*,#4104,.T.);
#4104 = EDGE_CURVE('',#4079,#4105,#4107,.T.);
#4105 = VERTEX_POINT('',#4106);
#4106 = CARTESIAN_POINT('',(154.56138345075,-99.75065873897,12.1));
#4107 = SURFACE_CURVE('',#4108,(#4113,#4124),.PCURVE_S1.);
#4108 = CIRCLE('',#4109,1.500413123523);
#4109 = AXIS2_PLACEMENT_3D('',#4110,#4111,#4112);
#4110 = CARTESIAN_POINT('',(153.26620879153,-100.5081296251,12.1));
#4111 = DIRECTION('',(0.,-0.,-1.));
#4112 = DIRECTION('',(0.863212030685,0.50484154948,-0.));
#4113 = PCURVE('',#72,#4114);
#4114 = DEFINITIONAL_REPRESENTATION('',(#4115),#4123);
#4115 = ( BOUNDED_CURVE() B_SPLINE_CURVE(2,(#4116,#4117,#4118,#4119,
#4120,#4121,#4122),.UNSPECIFIED.,.T.,.F.) B_SPLINE_CURVE_WITH_KNOTS((1,2
    ,2,2,2,1),(-2.094395102393,0.,2.094395102393,4.188790204786,
6.28318530718,8.377580409573),.UNSPECIFIED.) CURVE() 
GEOMETRIC_REPRESENTATION_ITEM() RATIONAL_B_SPLINE_CURVE((1.,0.5,1.,0.5,
1.,0.5,1.)) REPRESENTATION_ITEM('') );
#4116 = CARTESIAN_POINT('',(-42.17551537878,-27.01048726092));
#4117 = CARTESIAN_POINT('',(-40.86353731873,-29.25379557537));
#4118 = CARTESIAN_POINT('',(-43.46228833759,-29.26834774736));
#4119 = CARTESIAN_POINT('',(-46.06103935645,-29.28289991934));
#4120 = CARTESIAN_POINT('',(-44.77426639764,-27.02503943291));
#4121 = CARTESIAN_POINT('',(-43.48749343883,-24.76717894647));
#4122 = CARTESIAN_POINT('',(-42.17551537878,-27.01048726092));
#4123 = ( GEOMETRIC_REPRESENTATION_CONTEXT(2) 
PARAMETRIC_REPRESENTATION_CONTEXT() REPRESENTATION_CONTEXT('2D SPACE',''
  ) );
#4124 = PCURVE('',#4125,#4130);
#4125 = CYLINDRICAL_SURFACE('',#4126,1.500413123523);
#4126 = AXIS2_PLACEMENT_3D('',#4127,#4128,#4129);
#4127 = CARTESIAN_POINT('',(153.26620879153,-100.5081296251,9.85));
#4128 = DIRECTION('',(-0.,-0.,-1.));
#4129 = DIRECTION('',(0.863212030685,0.50484154948,-0.));
#4130 = DEFINITIONAL_REPRESENTATION('',(#4131),#4135);
#4131 = LINE('',#4132,#4133);
#4132 = CARTESIAN_POINT('',(-6.28318530718,-2.25));
#4133 = VECTOR('',#4134,1.);
#4134 = DIRECTION('',(1.,-0.));
#4135 = ( GEOMETRIC_REPRESENTATION_CONTEXT(2) 
PARAMETRIC_REPRESENTATION_CONTEXT() REPRESENTATION_CONTEXT('2D SPACE',''
  ) );
#4136 = ORIENTED_EDGE('',*,*,#4137,.T.);
#4137 = EDGE_CURVE('',#4105,#4138,#4140,.T.);
#4138 = VERTEX_POINT('',#4139);
#4139 = CARTESIAN_POINT('',(155.17620087519,-101.1434621234,12.1));
#4140 = SURFACE_CURVE('',#4141,(#4145,#4151),.PCURVE_S1.);
#4141 = LINE('',#4142,#4143);
#4142 = CARTESIAN_POINT('',(154.66093114765,-99.97617344242,12.1));
#4143 = VECTOR('',#4144,1.);
#4144 = DIRECTION('',(0.403830072705,-0.914834013567,0.));
#4145 = PCURVE('',#72,#4146);
#4146 = DEFINITIONAL_REPRESENTATION('',(#4147),#4150);
#4147 = B_SPLINE_CURVE_WITH_KNOTS('',1,(#4148,#4149),.UNSPECIFIED.,.F.,
  .F.,(2,2),(-0.246508874954,7.924879902491),.PIECEWISE_BEZIER_KNOTS.);
#4148 = CARTESIAN_POINT('',(-42.17551537878,-27.01048726092));
#4149 = CARTESIAN_POINT('',(-38.87566285468,-34.48595165261));
#4150 = ( GEOMETRIC_REPRESENTATION_CONTEXT(2) 
PARAMETRIC_REPRESENTATION_CONTEXT() REPRESENTATION_CONTEXT('2D SPACE',''
  ) );
#4151 = PCURVE('',#4152,#4157);
#4152 = PLANE('',#4153);
#4153 = AXIS2_PLACEMENT_3D('',#4154,#4155,#4156);
#4154 = CARTESIAN_POINT('',(157.86123597485,-107.2261231306,9.85));
#4155 = DIRECTION('',(-0.914834013567,-0.403830072705,0.));
#4156 = DIRECTION('',(-0.403830072705,0.914834013567,0.));
#4157 = DEFINITIONAL_REPRESENTATION('',(#4158),#4161);
#4158 = B_SPLINE_CURVE_WITH_KNOTS('',1,(#4159,#4160),.UNSPECIFIED.,.F.,
  .F.,(2,2),(-0.246508874954,7.924879902491),.PIECEWISE_BEZIER_KNOTS.);
#4159 = CARTESIAN_POINT('',(8.171388777445,-2.25));
#4160 = CARTESIAN_POINT('',(0.,-2.25));
#4161 = ( GEOMETRIC_REPRESENTATION_CONTEXT(2) 
PARAMETRIC_REPRESENTATION_CONTEXT() REPRESENTATION_CONTEXT('2D SPACE',''
  ) );
#4162 = ORIENTED_EDGE('',*,*,#4163,.T.);
#4163 = EDGE_CURVE('',#4138,#4164,#4166,.T.);
#4164 = VERTEX_POINT('',#4165);
#4165 = CARTESIAN_POINT('',(170.00385925869,-94.55957584908,12.1));
#4166 = SURFACE_CURVE('',#4167,(#4171,#4177),.PCURVE_S1.);
#4167 = LINE('',#4168,#4169);
#4168 = CARTESIAN_POINT('',(185.21546129119,-87.80520808295,12.1));
#4169 = VECTOR('',#4170,1.);
#4170 = DIRECTION('',(0.91395296171,0.405820137231,-0.));
#4171 = PCURVE('',#72,#4172);
#4172 = DEFINITIONAL_REPRESENTATION('',(#4173),#4176);
#4173 = B_SPLINE_CURVE_WITH_KNOTS('',1,(#4174,#4175),.UNSPECIFIED.,.F.,
  .F.,(2,2),(-33.61098272592,-16.64374718371),.PIECEWISE_BEZIER_KNOTS.);
#4174 = CARTESIAN_POINT('',(-42.24029474667,-28.70505022721));
#4175 = CARTESIAN_POINT('',(-26.73303957084,-21.81940437104));
#4176 = ( GEOMETRIC_REPRESENTATION_CONTEXT(2) 
PARAMETRIC_REPRESENTATION_CONTEXT() REPRESENTATION_CONTEXT('2D SPACE',''
  ) );
#4177 = PCURVE('',#4178,#4183);
#4178 = PLANE('',#4179);
#4179 = AXIS2_PLACEMENT_3D('',#4180,#4181,#4182);
#4180 = CARTESIAN_POINT('',(170.00385925869,-94.55957584908,3.));
#4181 = DIRECTION('',(0.405820137231,-0.91395296171,0.));
#4182 = DIRECTION('',(-0.91395296171,-0.405820137231,0.));
#4183 = DEFINITIONAL_REPRESENTATION('',(#4184),#4187);
#4184 = B_SPLINE_CURVE_WITH_KNOTS('',1,(#4185,#4186),.UNSPECIFIED.,.F.,
  .F.,(2,2),(-33.61098272592,-16.64374718371),.PIECEWISE_BEZIER_KNOTS.);
#4185 = CARTESIAN_POINT('',(16.967235542213,-9.1));
#4186 = CARTESIAN_POINT('',(0.,-9.1));
#4187 = ( GEOMETRIC_REPRESENTATION_CONTEXT(2) 
PARAMETRIC_REPRESENTATION_CONTEXT() REPRESENTATION_CONTEXT('2D SPACE',''
  ) );
#4188 = ORIENTED_EDGE('',*,*,#4189,.F.);
#4189 = EDGE_CURVE('',#4190,#4164,#4192,.T.);
#4190 = VERTEX_POINT('',#4191);
#4191 = CARTESIAN_POINT('',(172.54256289624,-91.05407481863,12.1));
#4192 = SURFACE_CURVE('',#4193,(#4198,#4209),.PCURVE_S1.);
#4193 = CIRCLE('',#4194,4.257330983256);
#4194 = AXIS2_PLACEMENT_3D('',#4195,#4196,#4197);
#4195 = CARTESIAN_POINT('',(168.30384639283,-90.65639466485,12.1));
#4196 = DIRECTION('',(0.,0.,-1.));
#4197 = DIRECTION('',(0.995627664394,-9.341067333867E-02,0.));
#4198 = PCURVE('',#72,#4199);
#4199 = DEFINITIONAL_REPRESENTATION('',(#4200),#4208);
#4200 = ( BOUNDED_CURVE() B_SPLINE_CURVE(2,(#4201,#4202,#4203,#4204,
#4205,#4206,#4207),.UNSPECIFIED.,.T.,.F.) B_SPLINE_CURVE_WITH_KNOTS((1,2
    ,2,2,2,1),(-2.094395102393,0.,2.094395102393,4.188790204786,
6.28318530718,8.377580409573),.UNSPECIFIED.) CURVE() 
GEOMETRIC_REPRESENTATION_ITEM() RATIONAL_B_SPLINE_CURVE((1.,0.5,1.,0.5,
1.,0.5,1.)) REPRESENTATION_ITEM('') );
#4201 = CARTESIAN_POINT('',(-24.19433593329,-18.31390334058));
#4202 = CARTESIAN_POINT('',(-24.88313816479,-25.65557568337));
#4203 = CARTESIAN_POINT('',(-30.89681180416,-21.38821928132));
#4204 = CARTESIAN_POINT('',(-36.91048544353,-17.12086287927));
#4205 = CARTESIAN_POINT('',(-30.20800957266,-14.04654693853));
#4206 = CARTESIAN_POINT('',(-23.5055337018,-10.97223099779));
#4207 = CARTESIAN_POINT('',(-24.19433593329,-18.31390334058));
#4208 = ( GEOMETRIC_REPRESENTATION_CONTEXT(2) 
PARAMETRIC_REPRESENTATION_CONTEXT() REPRESENTATION_CONTEXT('2D SPACE',''
  ) );
#4209 = PCURVE('',#4210,#4215);
#4210 = CYLINDRICAL_SURFACE('',#4211,4.257330983256);
#4211 = AXIS2_PLACEMENT_3D('',#4212,#4213,#4214);
#4212 = CARTESIAN_POINT('',(168.30384639283,-90.65639466485,3.));
#4213 = DIRECTION('',(0.,0.,-1.));
#4214 = DIRECTION('',(0.995627664394,-9.341067333867E-02,0.));
#4215 = DEFINITIONAL_REPRESENTATION('',(#4216),#4220);
#4216 = LINE('',#4217,#4218);
#4217 = CARTESIAN_POINT('',(0.,-9.1));
#4218 = VECTOR('',#4219,1.);
#4219 = DIRECTION('',(1.,0.));
#4220 = ( GEOMETRIC_REPRESENTATION_CONTEXT(2) 
PARAMETRIC_REPRESENTATION_CONTEXT() REPRESENTATION_CONTEXT('2D SPACE',''
  ) );
#4221 = ORIENTED_EDGE('',*,*,#4222,.T.);
#4222 = EDGE_CURVE('',#4190,#4223,#4225,.T.);
#4223 = VERTEX_POINT('',#4224);
#4224 = CARTESIAN_POINT('',(172.5625,-79.03252881337,12.1));
#4225 = SURFACE_CURVE('',#4226,(#4230,#4236),.PCURVE_S1.);
#4226 = LINE('',#4227,#4228);
#4227 = CARTESIAN_POINT('',(172.56775100314,-75.86631286772,12.1));
#4228 = VECTOR('',#4229,1.);
#4229 = DIRECTION('',(1.65844528925E-03,0.999998624779,-0.));
#4230 = PCURVE('',#72,#4231);
#4231 = DEFINITIONAL_REPRESENTATION('',(#4232),#4235);
#4232 = B_SPLINE_CURVE_WITH_KNOTS('',1,(#4233,#4234),.UNSPECIFIED.,.F.,
  .F.,(2,2),(-15.18778283746,-3.166220299904),.PIECEWISE_BEZIER_KNOTS.);
#4233 = CARTESIAN_POINT('',(-24.19433593329,-18.31390334058));
#4234 = CARTESIAN_POINT('',(-24.17439882953,-6.292357335333));
#4235 = ( GEOMETRIC_REPRESENTATION_CONTEXT(2) 
PARAMETRIC_REPRESENTATION_CONTEXT() REPRESENTATION_CONTEXT('2D SPACE',''
  ) );
#4236 = PCURVE('',#4237,#4242);
#4237 = PLANE('',#4238);
#4238 = AXIS2_PLACEMENT_3D('',#4239,#4240,#4241);
#4239 = CARTESIAN_POINT('',(172.5625,-79.03252881337,3.));
#4240 = DIRECTION('',(0.999998624779,-1.65844528925E-03,0.));
#4241 = DIRECTION('',(-1.65844528925E-03,-0.999998624779,0.));
#4242 = DEFINITIONAL_REPRESENTATION('',(#4243),#4246);
#4243 = B_SPLINE_CURVE_WITH_KNOTS('',1,(#4244,#4245),.UNSPECIFIED.,.F.,
  .F.,(2,2),(-15.18778283746,-3.166220299904),.PIECEWISE_BEZIER_KNOTS.);
#4244 = CARTESIAN_POINT('',(12.021562537562,-9.1));
#4245 = CARTESIAN_POINT('',(0.,-9.1));
#4246 = ( GEOMETRIC_REPRESENTATION_CONTEXT(2) 
PARAMETRIC_REPRESENTATION_CONTEXT() REPRESENTATION_CONTEXT('2D SPACE',''
  ) );
#4247 = ORIENTED_EDGE('',*,*,#4248,.F.);
#4248 = EDGE_CURVE('',#4249,#4223,#4251,.T.);
#4249 = VERTEX_POINT('',#4250);
#4250 = CARTESIAN_POINT('',(168.70326447854,-74.77010152518,12.1));
#4251 = SURFACE_CURVE('',#4252,(#4257,#4268),.PCURVE_S1.);
#4252 = CIRCLE('',#4253,4.252317423141);
#4253 = AXIS2_PLACEMENT_3D('',#4254,#4255,#4256);
#4254 = CARTESIAN_POINT('',(168.31027680372,-79.00422057813,12.1));
#4255 = DIRECTION('',(0.,0.,-1.));
#4256 = DIRECTION('',(9.241729525828E-02,0.995720364127,0.));
#4257 = PCURVE('',#72,#4258);
#4258 = DEFINITIONAL_REPRESENTATION('',(#4259),#4267);
#4259 = ( BOUNDED_CURVE() B_SPLINE_CURVE(2,(#4260,#4261,#4262,#4263,
#4264,#4265,#4266),.UNSPECIFIED.,.T.,.F.) B_SPLINE_CURVE_WITH_KNOTS((1,2
    ,2,2,2,1),(-2.094395102393,0.,2.094395102393,4.188790204786,
6.28318530718,8.377580409573),.UNSPECIFIED.) CURVE() 
GEOMETRIC_REPRESENTATION_ITEM() RATIONAL_B_SPLINE_CURVE((1.,0.5,1.,0.5,
1.,0.5,1.)) REPRESENTATION_ITEM('') );
#4260 = CARTESIAN_POINT('',(-28.03363435099,-2.029930047141));
#4261 = CARTESIAN_POINT('',(-20.69992502598,-2.710604666689));
#4262 = CARTESIAN_POINT('',(-24.95626120072,-8.721445936345));
#4263 = CARTESIAN_POINT('',(-29.21259737547,-14.732287206));
#4264 = CARTESIAN_POINT('',(-32.28997052573,-8.040771316798));
#4265 = CARTESIAN_POINT('',(-35.367343676,-1.349255427594));
#4266 = CARTESIAN_POINT('',(-28.03363435099,-2.029930047141));
#4267 = ( GEOMETRIC_REPRESENTATION_CONTEXT(2) 
PARAMETRIC_REPRESENTATION_CONTEXT() REPRESENTATION_CONTEXT('2D SPACE',''
  ) );
#4268 = PCURVE('',#4269,#4274);
#4269 = CYLINDRICAL_SURFACE('',#4270,4.252317423141);
#4270 = AXIS2_PLACEMENT_3D('',#4271,#4272,#4273);
#4271 = CARTESIAN_POINT('',(168.31027680372,-79.00422057813,3.));
#4272 = DIRECTION('',(0.,0.,-1.));
#4273 = DIRECTION('',(9.241729525828E-02,0.995720364127,0.));
#4274 = DEFINITIONAL_REPRESENTATION('',(#4275),#4279);
#4275 = LINE('',#4276,#4277);
#4276 = CARTESIAN_POINT('',(0.,-9.1));
#4277 = VECTOR('',#4278,1.);
#4278 = DIRECTION('',(1.,0.));
#4279 = ( GEOMETRIC_REPRESENTATION_CONTEXT(2) 
PARAMETRIC_REPRESENTATION_CONTEXT() REPRESENTATION_CONTEXT('2D SPACE',''
  ) );
#4280 = ORIENTED_EDGE('',*,*,#4281,.T.);
#4281 = EDGE_CURVE('',#4249,#4282,#4284,.T.);
#4282 = VERTEX_POINT('',#4283);
#4283 = CARTESIAN_POINT('',(155.28152266411,-74.7500000085,12.1));
#4284 = SURFACE_CURVE('',#4285,(#4289,#4295),.PCURVE_S1.);
#4285 = LINE('',#4286,#4287);
#4286 = CARTESIAN_POINT('',(176.00765921379,-74.78104119416,12.1));
#4287 = VECTOR('',#4288,1.);
#4288 = DIRECTION('',(-0.999998878474,1.497681479386E-03,0.));
#4289 = PCURVE('',#72,#4290);
#4290 = DEFINITIONAL_REPRESENTATION('',(#4291),#4294);
#4291 = B_SPLINE_CURVE_WITH_KNOTS('',1,(#4292,#4293),.UNSPECIFIED.,.F.,
  .F.,(2,2),(7.30440292732,20.726159794598),.PIECEWISE_BEZIER_KNOTS.);
#4292 = CARTESIAN_POINT('',(-28.03363435099,-2.029930047141));
#4293 = CARTESIAN_POINT('',(-41.45537616542,-2.009828530461));
#4294 = ( GEOMETRIC_REPRESENTATION_CONTEXT(2) 
PARAMETRIC_REPRESENTATION_CONTEXT() REPRESENTATION_CONTEXT('2D SPACE',''
  ) );
#4295 = PCURVE('',#4296,#4301);
#4296 = PLANE('',#4297);
#4297 = AXIS2_PLACEMENT_3D('',#4298,#4299,#4300);
#4298 = CARTESIAN_POINT('',(155.28152266411,-74.7500000085,3.));
#4299 = DIRECTION('',(1.497681479386E-03,0.999998878474,-0.));
#4300 = DIRECTION('',(0.999998878474,-1.497681479386E-03,0.));
#4301 = DEFINITIONAL_REPRESENTATION('',(#4302),#4305);
#4302 = B_SPLINE_CURVE_WITH_KNOTS('',1,(#4303,#4304),.UNSPECIFIED.,.F.,
  .F.,(2,2),(7.30440292732,20.726159794598),.PIECEWISE_BEZIER_KNOTS.);
#4303 = CARTESIAN_POINT('',(13.421756867279,-9.1));
#4304 = CARTESIAN_POINT('',(0.,-9.1));
#4305 = ( GEOMETRIC_REPRESENTATION_CONTEXT(2) 
PARAMETRIC_REPRESENTATION_CONTEXT() REPRESENTATION_CONTEXT('2D SPACE',''
  ) );
#4306 = ORIENTED_EDGE('',*,*,#4307,.T.);
#4307 = EDGE_CURVE('',#4282,#4308,#4310,.T.);
#4308 = VERTEX_POINT('',#4309);
#4309 = CARTESIAN_POINT('',(153.53101766979,-73.2457154447,12.1));
#4310 = SURFACE_CURVE('',#4311,(#4316,#4327),.PCURVE_S1.);
#4311 = CIRCLE('',#4312,1.75133725165);
#4312 = AXIS2_PLACEMENT_3D('',#4313,#4314,#4315);
#4313 = CARTESIAN_POINT('',(155.26485339731,-72.99874208787,12.1));
#4314 = DIRECTION('',(-0.,0.,-1.));
#4315 = DIRECTION('',(-0.990006765339,-0.14101987301,0.));
#4316 = PCURVE('',#72,#4317);
#4317 = DEFINITIONAL_REPRESENTATION('',(#4318),#4326);
#4318 = ( BOUNDED_CURVE() B_SPLINE_CURVE(2,(#4319,#4320,#4321,#4322,
#4323,#4324,#4325),.UNSPECIFIED.,.T.,.F.) B_SPLINE_CURVE_WITH_KNOTS((1,2
    ,2,2,2,1),(-2.094395102393,0.,2.094395102393,4.188790204786,
6.28318530718,8.377580409573),.UNSPECIFIED.) CURVE() 
GEOMETRIC_REPRESENTATION_ITEM() RATIONAL_B_SPLINE_CURVE((1.,0.5,1.,0.5,
1.,0.5,1.)) REPRESENTATION_ITEM('') );
#4319 = CARTESIAN_POINT('',(-43.20588115974,-0.505543966659));
#4320 = CARTESIAN_POINT('',(-43.63365156188,2.497547605388));
#4321 = CARTESIAN_POINT('',(-40.81901276953,1.366461854603));
#4322 = CARTESIAN_POINT('',(-38.00437397717,0.235376103819));
#4323 = CARTESIAN_POINT('',(-40.39124236739,-1.636629717444));
#4324 = CARTESIAN_POINT('',(-42.7781107576,-3.508635538706));
#4325 = CARTESIAN_POINT('',(-43.20588115974,-0.505543966659));
#4326 = ( GEOMETRIC_REPRESENTATION_CONTEXT(2) 
PARAMETRIC_REPRESENTATION_CONTEXT() REPRESENTATION_CONTEXT('2D SPACE',''
  ) );
#4327 = PCURVE('',#4328,#4333);
#4328 = CYLINDRICAL_SURFACE('',#4329,1.75133725165);
#4329 = AXIS2_PLACEMENT_3D('',#4330,#4331,#4332);
#4330 = CARTESIAN_POINT('',(155.26485339731,-72.99874208787,3.));
#4331 = DIRECTION('',(-0.,-0.,-1.));
#4332 = DIRECTION('',(-0.990006765339,-0.14101987301,0.));
#4333 = DEFINITIONAL_REPRESENTATION('',(#4334),#4338);
#4334 = LINE('',#4335,#4336);
#4335 = CARTESIAN_POINT('',(-6.28318530718,-9.1));
#4336 = VECTOR('',#4337,1.);
#4337 = DIRECTION('',(1.,-0.));
#4338 = ( GEOMETRIC_REPRESENTATION_CONTEXT(2) 
PARAMETRIC_REPRESENTATION_CONTEXT() REPRESENTATION_CONTEXT('2D SPACE',''
  ) );
#4339 = ORIENTED_EDGE('',*,*,#4340,.T.);
#4340 = EDGE_CURVE('',#4308,#4341,#4343,.T.);
#4341 = VERTEX_POINT('',#4342);
#4342 = CARTESIAN_POINT('',(153.5125,-57.03252881337,12.1));
#4343 = SURFACE_CURVE('',#4344,(#4348,#4354),.PCURVE_S1.);
#4344 = LINE('',#4345,#4346);
#4345 = CARTESIAN_POINT('',(153.52149831567,-64.91102394695,12.1));
#4346 = VECTOR('',#4347,1.);
#4347 = DIRECTION('',(-1.142135604587E-03,0.999999347763,0.));
#4348 = PCURVE('',#72,#4349);
#4349 = DEFINITIONAL_REPRESENTATION('',(#4350),#4353);
#4350 = B_SPLINE_CURVE_WITH_KNOTS('',1,(#4351,#4352),.UNSPECIFIED.,.F.,
  .F.,(2,2),(-8.334696933951,7.878500272227),.PIECEWISE_BEZIER_KNOTS.);
#4351 = CARTESIAN_POINT('',(-43.20588115974,-0.505543966659));
#4352 = CARTESIAN_POINT('',(-43.22439882953,15.70764266467));
#4353 = ( GEOMETRIC_REPRESENTATION_CONTEXT(2) 
PARAMETRIC_REPRESENTATION_CONTEXT() REPRESENTATION_CONTEXT('2D SPACE',''
  ) );
#4354 = PCURVE('',#4355,#4360);
#4355 = PLANE('',#4356);
#4356 = AXIS2_PLACEMENT_3D('',#4357,#4358,#4359);
#4357 = CARTESIAN_POINT('',(153.5125,-57.03252881337,3.));
#4358 = DIRECTION('',(0.999999347763,1.142135604587E-03,-0.));
#4359 = DIRECTION('',(1.142135604587E-03,-0.999999347763,0.));
#4360 = DEFINITIONAL_REPRESENTATION('',(#4361),#4364);
#4361 = B_SPLINE_CURVE_WITH_KNOTS('',1,(#4362,#4363),.UNSPECIFIED.,.F.,
  .F.,(2,2),(-8.334696933951,7.878500272227),.PIECEWISE_BEZIER_KNOTS.);
#4362 = CARTESIAN_POINT('',(16.213197206178,-9.1));
#4363 = CARTESIAN_POINT('',(0.,-9.1));
#4364 = ( GEOMETRIC_REPRESENTATION_CONTEXT(2) 
PARAMETRIC_REPRESENTATION_CONTEXT() REPRESENTATION_CONTEXT('2D SPACE',''
  ) );
#4365 = ORIENTED_EDGE('',*,*,#4366,.F.);
#4366 = EDGE_CURVE('',#4367,#4341,#4369,.T.);
#4367 = VERTEX_POINT('',#4368);
#4368 = CARTESIAN_POINT('',(149.65326447854,-52.77010152518,12.1));
#4369 = SURFACE_CURVE('',#4370,(#4375,#4386),.PCURVE_S1.);
#4370 = CIRCLE('',#4371,4.252317423141);
#4371 = AXIS2_PLACEMENT_3D('',#4372,#4373,#4374);
#4372 = CARTESIAN_POINT('',(149.26027680372,-57.00422057813,12.1));
#4373 = DIRECTION('',(0.,0.,-1.));
#4374 = DIRECTION('',(9.241729525817E-02,0.995720364127,0.));
#4375 = PCURVE('',#72,#4376);
#4376 = DEFINITIONAL_REPRESENTATION('',(#4377),#4385);
#4377 = ( BOUNDED_CURVE() B_SPLINE_CURVE(2,(#4378,#4379,#4380,#4381,
#4382,#4383,#4384),.UNSPECIFIED.,.T.,.F.) B_SPLINE_CURVE_WITH_KNOTS((1,2
    ,2,2,2,1),(-2.094395102393,0.,2.094395102393,4.188790204786,
6.28318530718,8.377580409573),.UNSPECIFIED.) CURVE() 
GEOMETRIC_REPRESENTATION_ITEM() RATIONAL_B_SPLINE_CURVE((1.,0.5,1.,0.5,
1.,0.5,1.)) REPRESENTATION_ITEM('') );
#4378 = CARTESIAN_POINT('',(-47.08363435099,19.970069952859));
#4379 = CARTESIAN_POINT('',(-39.74992502598,19.289395333312));
#4380 = CARTESIAN_POINT('',(-44.00626120072,13.278554063656));
#4381 = CARTESIAN_POINT('',(-48.26259737546,7.267712793999));
#4382 = CARTESIAN_POINT('',(-51.33997052573,13.959228683202));
#4383 = CARTESIAN_POINT('',(-54.417343676,20.650744572405));
#4384 = CARTESIAN_POINT('',(-47.08363435099,19.970069952859));
#4385 = ( GEOMETRIC_REPRESENTATION_CONTEXT(2) 
PARAMETRIC_REPRESENTATION_CONTEXT() REPRESENTATION_CONTEXT('2D SPACE',''
  ) );
#4386 = PCURVE('',#4387,#4392);
#4387 = CYLINDRICAL_SURFACE('',#4388,4.252317423141);
#4388 = AXIS2_PLACEMENT_3D('',#4389,#4390,#4391);
#4389 = CARTESIAN_POINT('',(149.26027680372,-57.00422057813,3.));
#4390 = DIRECTION('',(0.,0.,-1.));
#4391 = DIRECTION('',(9.241729525817E-02,0.995720364127,0.));
#4392 = DEFINITIONAL_REPRESENTATION('',(#4393),#4397);
#4393 = LINE('',#4394,#4395);
#4394 = CARTESIAN_POINT('',(0.,-9.1));
#4395 = VECTOR('',#4396,1.);
#4396 = DIRECTION('',(1.,0.));
#4397 = ( GEOMETRIC_REPRESENTATION_CONTEXT(2) 
PARAMETRIC_REPRESENTATION_CONTEXT() REPRESENTATION_CONTEXT('2D SPACE',''
  ) );
#4398 = ORIENTED_EDGE('',*,*,#4399,.T.);
#4399 = EDGE_CURVE('',#4367,#4400,#4402,.T.);
#4400 = VERTEX_POINT('',#4401);
#4401 = CARTESIAN_POINT('',(134.78152266401,-52.7500000085,12.1));
#4402 = SURFACE_CURVE('',#4403,(#4407,#4413),.PCURVE_S1.);
#4403 = LINE('',#4404,#4405);
#4404 = CARTESIAN_POINT('',(165.77266406945,-52.79188944914,12.1));
#4405 = VECTOR('',#4406,1.);
#4406 = DIRECTION('',(-0.999999086511,1.351657295367E-03,0.));
#4407 = PCURVE('',#72,#4408);
#4408 = DEFINITIONAL_REPRESENTATION('',(#4409),#4412);
#4409 = B_SPLINE_CURVE_WITH_KNOTS('',1,(#4410,#4411),.UNSPECIFIED.,.F.,
  .F.,(2,2),(16.119414315812,30.991169715531),.PIECEWISE_BEZIER_KNOTS.);
#4410 = CARTESIAN_POINT('',(-47.08363435099,19.970069952859));
#4411 = CARTESIAN_POINT('',(-61.95537616552,19.990171469539));
#4412 = ( GEOMETRIC_REPRESENTATION_CONTEXT(2) 
PARAMETRIC_REPRESENTATION_CONTEXT() REPRESENTATION_CONTEXT('2D SPACE',''
  ) );
#4413 = PCURVE('',#4414,#4419);
#4414 = PLANE('',#4415);
#4415 = AXIS2_PLACEMENT_3D('',#4416,#4417,#4418);
#4416 = CARTESIAN_POINT('',(134.78152266401,-52.7500000085,3.));
#4417 = DIRECTION('',(1.351657295367E-03,0.999999086511,-0.));
#4418 = DIRECTION('',(0.999999086511,-1.351657295367E-03,0.));
#4419 = DEFINITIONAL_REPRESENTATION('',(#4420),#4423);
#4420 = B_SPLINE_CURVE_WITH_KNOTS('',1,(#4421,#4422),.UNSPECIFIED.,.F.,
  .F.,(2,2),(16.119414315812,30.991169715531),.PIECEWISE_BEZIER_KNOTS.);
#4421 = CARTESIAN_POINT('',(14.87175539972,-9.1));
#4422 = CARTESIAN_POINT('',(0.,-9.1));
#4423 = ( GEOMETRIC_REPRESENTATION_CONTEXT(2) 
PARAMETRIC_REPRESENTATION_CONTEXT() REPRESENTATION_CONTEXT('2D SPACE',''
  ) );
#4424 = ORIENTED_EDGE('',*,*,#4425,.T.);
#4425 = EDGE_CURVE('',#4400,#4426,#4428,.T.);
#4426 = VERTEX_POINT('',#4427);
#4427 = CARTESIAN_POINT('',(133.03101766979,-51.2457154447,12.1));
#4428 = SURFACE_CURVE('',#4429,(#4434,#4445),.PCURVE_S1.);
#4429 = CIRCLE('',#4430,1.751337251648);
#4430 = AXIS2_PLACEMENT_3D('',#4431,#4432,#4433);
#4431 = CARTESIAN_POINT('',(134.76485339731,-50.99874208787,12.1));
#4432 = DIRECTION('',(-0.,0.,-1.));
#4433 = DIRECTION('',(-0.990006765338,-0.141019873011,0.));
#4434 = PCURVE('',#72,#4435);
#4435 = DEFINITIONAL_REPRESENTATION('',(#4436),#4444);
#4436 = ( BOUNDED_CURVE() B_SPLINE_CURVE(2,(#4437,#4438,#4439,#4440,
#4441,#4442,#4443),.UNSPECIFIED.,.T.,.F.) B_SPLINE_CURVE_WITH_KNOTS((1,2
    ,2,2,2,1),(-2.094395102393,0.,2.094395102393,4.188790204786,
6.28318530718,8.377580409573),.UNSPECIFIED.) CURVE() 
GEOMETRIC_REPRESENTATION_ITEM() RATIONAL_B_SPLINE_CURVE((1.,0.5,1.,0.5,
1.,0.5,1.)) REPRESENTATION_ITEM('') );
#4437 = CARTESIAN_POINT('',(-63.70588115974,21.494456033339));
#4438 = CARTESIAN_POINT('',(-64.13365156188,24.497547605383));
#4439 = CARTESIAN_POINT('',(-61.31901276953,23.366461854601));
#4440 = CARTESIAN_POINT('',(-58.50437397718,22.23537610382));
#4441 = CARTESIAN_POINT('',(-60.89124236739,20.363370282558));
#4442 = CARTESIAN_POINT('',(-63.2781107576,18.491364461295));
#4443 = CARTESIAN_POINT('',(-63.70588115974,21.494456033339));
#4444 = ( GEOMETRIC_REPRESENTATION_CONTEXT(2) 
PARAMETRIC_REPRESENTATION_CONTEXT() REPRESENTATION_CONTEXT('2D SPACE',''
  ) );
#4445 = PCURVE('',#4446,#4451);
#4446 = CYLINDRICAL_SURFACE('',#4447,1.751337251648);
#4447 = AXIS2_PLACEMENT_3D('',#4448,#4449,#4450);
#4448 = CARTESIAN_POINT('',(134.76485339731,-50.99874208787,3.));
#4449 = DIRECTION('',(-0.,-0.,-1.));
#4450 = DIRECTION('',(-0.990006765338,-0.141019873011,0.));
#4451 = DEFINITIONAL_REPRESENTATION('',(#4452),#4456);
#4452 = LINE('',#4453,#4454);
#4453 = CARTESIAN_POINT('',(-6.28318530718,-9.1));
#4454 = VECTOR('',#4455,1.);
#4455 = DIRECTION('',(1.,-0.));
#4456 = ( GEOMETRIC_REPRESENTATION_CONTEXT(2) 
PARAMETRIC_REPRESENTATION_CONTEXT() REPRESENTATION_CONTEXT('2D SPACE',''
  ) );
#4457 = ORIENTED_EDGE('',*,*,#4458,.T.);
#4458 = EDGE_CURVE('',#4426,#4459,#4461,.T.);
#4459 = VERTEX_POINT('',#4460);
#4460 = CARTESIAN_POINT('',(133.01249999149,-44.5190226651,12.1));
#4461 = SURFACE_CURVE('',#4462,(#4466,#4472),.PCURVE_S1.);
#4462 = LINE('',#4463,#4464);
#4463 = CARTESIAN_POINT('',(133.05158566442,-58.71720181317,12.1));
#4464 = VECTOR('',#4465,1.);
#4465 = DIRECTION('',(-2.752854744446E-03,0.999996210888,0.));
#4466 = PCURVE('',#72,#4467);
#4467 = DEFINITIONAL_REPRESENTATION('',(#4468),#4471);
#4468 = B_SPLINE_CURVE_WITH_KNOTS('',1,(#4469,#4470),.UNSPECIFIED.,.F.,
  .F.,(2,2),(7.471514678877,14.198232946765),.PIECEWISE_BEZIER_KNOTS.);
#4469 = CARTESIAN_POINT('',(-63.70588115974,21.494456033339));
#4470 = CARTESIAN_POINT('',(-63.72439883804,28.221148812939));
#4471 = ( GEOMETRIC_REPRESENTATION_CONTEXT(2) 
PARAMETRIC_REPRESENTATION_CONTEXT() REPRESENTATION_CONTEXT('2D SPACE',''
  ) );
#4472 = PCURVE('',#4473,#4478);
#4473 = PLANE('',#4474);
#4474 = AXIS2_PLACEMENT_3D('',#4475,#4476,#4477);
#4475 = CARTESIAN_POINT('',(133.01249999149,-44.5190226651,3.));
#4476 = DIRECTION('',(0.999996210888,2.752854744446E-03,-0.));
#4477 = DIRECTION('',(2.752854744446E-03,-0.999996210888,0.));
#4478 = DEFINITIONAL_REPRESENTATION('',(#4479),#4482);
#4479 = B_SPLINE_CURVE_WITH_KNOTS('',1,(#4480,#4481),.UNSPECIFIED.,.F.,
  .F.,(2,2),(7.471514678877,14.198232946765),.PIECEWISE_BEZIER_KNOTS.);
#4480 = CARTESIAN_POINT('',(6.726718267888,-9.1));
#4481 = CARTESIAN_POINT('',(0.,-9.1));
#4482 = ( GEOMETRIC_REPRESENTATION_CONTEXT(2) 
PARAMETRIC_REPRESENTATION_CONTEXT() REPRESENTATION_CONTEXT('2D SPACE',''
  ) );
#4483 = ORIENTED_EDGE('',*,*,#4484,.T.);
#4484 = EDGE_CURVE('',#4459,#4485,#4487,.T.);
#4485 = VERTEX_POINT('',#4486);
#4486 = CARTESIAN_POINT('',(134.51678455529,-42.76851766979,12.1));
#4487 = SURFACE_CURVE('',#4488,(#4493,#4504),.PCURVE_S1.);
#4488 = CIRCLE('',#4489,1.751337251668);
#4489 = AXIS2_PLACEMENT_3D('',#4490,#4491,#4492);
#4490 = CARTESIAN_POINT('',(134.76375791213,-44.50235339733,12.1));
#4491 = DIRECTION('',(-0.,0.,-1.));
#4492 = DIRECTION('',(-0.141019873014,0.990006765338,0.));
#4493 = PCURVE('',#72,#4494);
#4494 = DEFINITIONAL_REPRESENTATION('',(#4495),#4503);
#4495 = ( BOUNDED_CURVE() B_SPLINE_CURVE(2,(#4496,#4497,#4498,#4499,
#4500,#4501,#4502),.UNSPECIFIED.,.T.,.F.) B_SPLINE_CURVE_WITH_KNOTS((1,2
    ,2,2,2,1),(-2.094395102393,0.,2.094395102393,4.188790204786,
6.28318530718,8.377580409573),.UNSPECIFIED.) CURVE() 
GEOMETRIC_REPRESENTATION_ITEM() RATIONAL_B_SPLINE_CURVE((1.,0.5,1.,0.5,
1.,0.5,1.)) REPRESENTATION_ITEM('') );
#4496 = CARTESIAN_POINT('',(-62.22011427424,29.971653808251));
#4497 = CARTESIAN_POINT('',(-59.21702270216,30.399424210405));
#4498 = CARTESIAN_POINT('',(-60.34810845295,27.584785418018));
#4499 = CARTESIAN_POINT('',(-61.47919420373,24.77014662563));
#4500 = CARTESIAN_POINT('',(-63.35120002502,27.157015015864));
#4501 = CARTESIAN_POINT('',(-65.22320584631,29.543883406097));
#4502 = CARTESIAN_POINT('',(-62.22011427424,29.971653808251));
#4503 = ( GEOMETRIC_REPRESENTATION_CONTEXT(2) 
PARAMETRIC_REPRESENTATION_CONTEXT() REPRESENTATION_CONTEXT('2D SPACE',''
  ) );
#4504 = PCURVE('',#4505,#4510);
#4505 = CYLINDRICAL_SURFACE('',#4506,1.751337251668);
#4506 = AXIS2_PLACEMENT_3D('',#4507,#4508,#4509);
#4507 = CARTESIAN_POINT('',(134.76375791213,-44.50235339733,3.));
#4508 = DIRECTION('',(-0.,-0.,-1.));
#4509 = DIRECTION('',(-0.141019873014,0.990006765338,0.));
#4510 = DEFINITIONAL_REPRESENTATION('',(#4511),#4515);
#4511 = LINE('',#4512,#4513);
#4512 = CARTESIAN_POINT('',(-6.28318530718,-9.1));
#4513 = VECTOR('',#4514,1.);
#4514 = DIRECTION('',(1.,-0.));
#4515 = ( GEOMETRIC_REPRESENTATION_CONTEXT(2) 
PARAMETRIC_REPRESENTATION_CONTEXT() REPRESENTATION_CONTEXT('2D SPACE',''
  ) );
#4516 = ORIENTED_EDGE('',*,*,#4517,.T.);
#4517 = EDGE_CURVE('',#4485,#4518,#4520,.T.);
#4518 = VERTEX_POINT('',#4519);
#4519 = CARTESIAN_POINT('',(149.22997118662,-42.75,12.1));
#4520 = SURFACE_CURVE('',#4521,(#4525,#4531),.PCURVE_S1.);
#4521 = LINE('',#4522,#4523);
#4522 = CARTESIAN_POINT('',(172.96452495083,-42.72012825023,12.1));
#4523 = VECTOR('',#4524,1.);
#4524 = DIRECTION('',(0.999999207994,1.258575425647E-03,-0.));
#4525 = PCURVE('',#72,#4526);
#4526 = DEFINITIONAL_REPRESENTATION('',(#4527),#4530);
#4527 = B_SPLINE_CURVE_WITH_KNOTS('',1,(#4528,#4529),.UNSPECIFIED.,.F.,
  .F.,(2,2),(-38.44777084641,-23.73457256214),.PIECEWISE_BEZIER_KNOTS.);
#4528 = CARTESIAN_POINT('',(-62.22011427424,29.971653808251));
#4529 = CARTESIAN_POINT('',(-47.50692764291,29.990171478044));
#4530 = ( GEOMETRIC_REPRESENTATION_CONTEXT(2) 
PARAMETRIC_REPRESENTATION_CONTEXT() REPRESENTATION_CONTEXT('2D SPACE',''
  ) );
#4531 = PCURVE('',#4532,#4537);
#4532 = PLANE('',#4533);
#4533 = AXIS2_PLACEMENT_3D('',#4534,#4535,#4536);
#4534 = CARTESIAN_POINT('',(149.22997118662,-42.75,3.));
#4535 = DIRECTION('',(1.258575425647E-03,-0.999999207994,0.));
#4536 = DIRECTION('',(-0.999999207994,-1.258575425647E-03,0.));
#4537 = DEFINITIONAL_REPRESENTATION('',(#4538),#4541);
#4538 = B_SPLINE_CURVE_WITH_KNOTS('',1,(#4539,#4540),.UNSPECIFIED.,.F.,
  .F.,(2,2),(-38.44777084641,-23.73457256214),.PIECEWISE_BEZIER_KNOTS.);
#4539 = CARTESIAN_POINT('',(14.713198284273,-9.1));
#4540 = CARTESIAN_POINT('',(0.,-9.1));
#4541 = ( GEOMETRIC_REPRESENTATION_CONTEXT(2) 
PARAMETRIC_REPRESENTATION_CONTEXT() REPRESENTATION_CONTEXT('2D SPACE',''
  ) );
#4542 = ORIENTED_EDGE('',*,*,#4543,.F.);
#4543 = EDGE_CURVE('',#4544,#4518,#4546,.T.);
#4544 = VERTEX_POINT('',#4545);
#4545 = CARTESIAN_POINT('',(153.51180729462,-38.49568887524,12.1));
#4546 = SURFACE_CURVE('',#4547,(#4552,#4563),.PCURVE_S1.);
#4547 = CIRCLE('',#4548,4.253180716926);
#4548 = AXIS2_PLACEMENT_3D('',#4549,#4550,#4551);
#4549 = CARTESIAN_POINT('',(149.25862675467,-38.49691581681,12.1));
#4550 = DIRECTION('',(0.,0.,-1.));
#4551 = DIRECTION('',(0.999999958391,2.88476236722E-04,0.));
#4552 = PCURVE('',#72,#4553);
#4553 = DEFINITIONAL_REPRESENTATION('',(#4554),#4562);
#4554 = ( BOUNDED_CURVE() B_SPLINE_CURVE(2,(#4555,#4556,#4557,#4558,
#4559,#4560,#4561),.UNSPECIFIED.,.T.,.F.) B_SPLINE_CURVE_WITH_KNOTS((1,2
    ,2,2,2,1),(-2.094395102393,0.,2.094395102393,4.188790204786,
6.28318530718,8.377580409573),.UNSPECIFIED.) CURVE() 
GEOMETRIC_REPRESENTATION_ITEM() RATIONAL_B_SPLINE_CURVE((1.,0.5,1.,0.5,
1.,0.5,1.)) REPRESENTATION_ITEM('') );
#4555 = CARTESIAN_POINT('',(-43.22509153491,34.244482602796));
#4556 = CARTESIAN_POINT('',(-43.22296640978,26.877757813832));
#4557 = CARTESIAN_POINT('',(-49.60379978227,30.559279795963));
#4558 = CARTESIAN_POINT('',(-55.98463315477,34.240801778094));
#4559 = CARTESIAN_POINT('',(-49.60592490741,37.926004584927));
#4560 = CARTESIAN_POINT('',(-43.22721666004,41.61120739176));
#4561 = CARTESIAN_POINT('',(-43.22509153491,34.244482602796));
#4562 = ( GEOMETRIC_REPRESENTATION_CONTEXT(2) 
PARAMETRIC_REPRESENTATION_CONTEXT() REPRESENTATION_CONTEXT('2D SPACE',''
  ) );
#4563 = PCURVE('',#4564,#4569);
#4564 = CYLINDRICAL_SURFACE('',#4565,4.253180716926);
#4565 = AXIS2_PLACEMENT_3D('',#4566,#4567,#4568);
#4566 = CARTESIAN_POINT('',(149.25862675467,-38.49691581681,3.));
#4567 = DIRECTION('',(0.,0.,-1.));
#4568 = DIRECTION('',(0.999999958391,2.88476236722E-04,0.));
#4569 = DEFINITIONAL_REPRESENTATION('',(#4570),#4574);
#4570 = LINE('',#4571,#4572);
#4571 = CARTESIAN_POINT('',(0.,-9.1));
#4572 = VECTOR('',#4573,1.);
#4573 = DIRECTION('',(1.,0.));
#4574 = ( GEOMETRIC_REPRESENTATION_CONTEXT(2) 
PARAMETRIC_REPRESENTATION_CONTEXT() REPRESENTATION_CONTEXT('2D SPACE',''
  ) );
#4575 = ORIENTED_EDGE('',*,*,#4576,.T.);
#4576 = EDGE_CURVE('',#4544,#4577,#4579,.T.);
#4577 = VERTEX_POINT('',#4578);
#4578 = CARTESIAN_POINT('',(153.5125,-23.95,12.1));
#4579 = SURFACE_CURVE('',#4580,(#4584,#4590),.PCURVE_S1.);
#4580 = LINE('',#4581,#4582);
#4581 = CARTESIAN_POINT('',(153.5113382885,-48.34405645181,12.1));
#4582 = VECTOR('',#4583,1.);
#4583 = DIRECTION('',(4.762272725135E-05,0.999999998866,-0.));
#4584 = PCURVE('',#72,#4585);
#4585 = DEFINITIONAL_REPRESENTATION('',(#4586),#4589);
#4586 = B_SPLINE_CURVE_WITH_KNOTS('',1,(#4587,#4588),.UNSPECIFIED.,.F.,
  .F.,(2,2),(9.848367587738,24.394056479481),.PIECEWISE_BEZIER_KNOTS.);
#4587 = CARTESIAN_POINT('',(-43.22509153491,34.244482602796));
#4588 = CARTESIAN_POINT('',(-43.22439882953,48.790171478044));
#4589 = ( GEOMETRIC_REPRESENTATION_CONTEXT(2) 
PARAMETRIC_REPRESENTATION_CONTEXT() REPRESENTATION_CONTEXT('2D SPACE',''
  ) );
#4590 = PCURVE('',#4591,#4596);
#4591 = PLANE('',#4592);
#4592 = AXIS2_PLACEMENT_3D('',#4593,#4594,#4595);
#4593 = CARTESIAN_POINT('',(153.5125,-23.95,3.));
#4594 = DIRECTION('',(0.999999998866,-4.762272725135E-05,0.));
#4595 = DIRECTION('',(-4.762272725135E-05,-0.999999998866,0.));
#4596 = DEFINITIONAL_REPRESENTATION('',(#4597),#4600);
#4597 = B_SPLINE_CURVE_WITH_KNOTS('',1,(#4598,#4599),.UNSPECIFIED.,.F.,
  .F.,(2,2),(9.848367587738,24.394056479481),.PIECEWISE_BEZIER_KNOTS.);
#4598 = CARTESIAN_POINT('',(14.545688891743,-9.1));
#4599 = CARTESIAN_POINT('',(0.,-9.1));
#4600 = ( GEOMETRIC_REPRESENTATION_CONTEXT(2) 
PARAMETRIC_REPRESENTATION_CONTEXT() REPRESENTATION_CONTEXT('2D SPACE',''
  ) );
#4601 = ORIENTED_EDGE('',*,*,#4602,.T.);
#4602 = EDGE_CURVE('',#4577,#4603,#4605,.T.);
#4603 = VERTEX_POINT('',#4604);
#4604 = CARTESIAN_POINT('',(154.8654742895,-22.45722290999,12.1));
#4605 = SURFACE_CURVE('',#4606,(#4611,#4622),.PCURVE_S1.);
#4606 = CIRCLE('',#4607,1.5);
#4607 = AXIS2_PLACEMENT_3D('',#4608,#4609,#4610);
#4608 = CARTESIAN_POINT('',(155.0125,-23.95,12.1));
#4609 = DIRECTION('',(-0.,0.,-1.));
#4610 = DIRECTION('',(-9.801714032955E-02,0.995184726672,0.));
#4611 = PCURVE('',#72,#4612);
#4612 = DEFINITIONAL_REPRESENTATION('',(#4613),#4621);
#4613 = ( BOUNDED_CURVE() B_SPLINE_CURVE(2,(#4614,#4615,#4616,#4617,
#4618,#4619,#4620),.UNSPECIFIED.,.T.,.F.) B_SPLINE_CURVE_WITH_KNOTS((1,2
    ,2,2,2,1),(-2.094395102393,0.,2.094395102393,4.188790204786,
6.28318530718,8.377580409573),.UNSPECIFIED.) CURVE() 
GEOMETRIC_REPRESENTATION_ITEM() RATIONAL_B_SPLINE_CURVE((1.,0.5,1.,0.5,
1.,0.5,1.)) REPRESENTATION_ITEM('') );
#4614 = CARTESIAN_POINT('',(-41.87142454003,50.282948568052));
#4615 = CARTESIAN_POINT('',(-39.28585877576,50.537604568648));
#4616 = CARTESIAN_POINT('',(-40.35810309215,48.171110933338));
#4617 = CARTESIAN_POINT('',(-41.43034740855,45.804617298028));
#4618 = CARTESIAN_POINT('',(-42.94366885642,47.916454932743));
#4619 = CARTESIAN_POINT('',(-44.4569903043,50.028292567457));
#4620 = CARTESIAN_POINT('',(-41.87142454003,50.282948568052));
#4621 = ( GEOMETRIC_REPRESENTATION_CONTEXT(2) 
PARAMETRIC_REPRESENTATION_CONTEXT() REPRESENTATION_CONTEXT('2D SPACE',''
  ) );
#4622 = PCURVE('',#4623,#4628);
#4623 = CYLINDRICAL_SURFACE('',#4624,1.5);
#4624 = AXIS2_PLACEMENT_3D('',#4625,#4626,#4627);
#4625 = CARTESIAN_POINT('',(155.0125,-23.95,3.));
#4626 = DIRECTION('',(-0.,-0.,-1.));
#4627 = DIRECTION('',(-9.801714032955E-02,0.995184726672,0.));
#4628 = DEFINITIONAL_REPRESENTATION('',(#4629),#4633);
#4629 = LINE('',#4630,#4631);
#4630 = CARTESIAN_POINT('',(-6.28318530718,-9.1));
#4631 = VECTOR('',#4632,1.);
#4632 = DIRECTION('',(1.,-0.));
#4633 = ( GEOMETRIC_REPRESENTATION_CONTEXT(2) 
PARAMETRIC_REPRESENTATION_CONTEXT() REPRESENTATION_CONTEXT('2D SPACE',''
  ) );
#4634 = ORIENTED_EDGE('',*,*,#4635,.T.);
#4635 = EDGE_CURVE('',#4603,#4636,#4638,.T.);
#4636 = VERTEX_POINT('',#4637);
#4637 = CARTESIAN_POINT('',(162.0125,-22.45573296035,12.1));
#4638 = SURFACE_CURVE('',#4639,(#4643,#4649),.PCURVE_S1.);
#4639 = LINE('',#4640,#4641);
#4640 = CARTESIAN_POINT('',(193.11945722966,-22.44924805298,12.1));
#4641 = VECTOR('',#4642,1.);
#4642 = DIRECTION('',(0.99999997827,2.084712810589E-04,-0.));
#4643 = PCURVE('',#72,#4644);
#4644 = DEFINITIONAL_REPRESENTATION('',(#4645),#4648);
#4645 = B_SPLINE_CURVE_WITH_KNOTS('',1,(#4646,#4647),.UNSPECIFIED.,.F.,
  .F.,(2,2),(-38.25398377141,-3.606957308039),.PIECEWISE_BEZIER_KNOTS.);
#4646 = CARTESIAN_POINT('',(-41.87142454003,50.282948568052));
#4647 = CARTESIAN_POINT('',(-7.224398829539,50.290171478044));
#4648 = ( GEOMETRIC_REPRESENTATION_CONTEXT(2) 
PARAMETRIC_REPRESENTATION_CONTEXT() REPRESENTATION_CONTEXT('2D SPACE',''
  ) );
#4649 = PCURVE('',#1592,#4650);
#4650 = DEFINITIONAL_REPRESENTATION('',(#4651),#4654);
#4651 = B_SPLINE_CURVE_WITH_KNOTS('',1,(#4652,#4653),.UNSPECIFIED.,.F.,
  .F.,(2,2),(-38.25398377141,-3.606957308039),.PIECEWISE_BEZIER_KNOTS.);
#4652 = CARTESIAN_POINT('',(34.647026463379,-9.1));
#4653 = CARTESIAN_POINT('',(0.,-9.1));
#4654 = ( GEOMETRIC_REPRESENTATION_CONTEXT(2) 
PARAMETRIC_REPRESENTATION_CONTEXT() REPRESENTATION_CONTEXT('2D SPACE',''
  ) );
#4655 = ORIENTED_EDGE('',*,*,#4656,.T.);
#4656 = EDGE_CURVE('',#4636,#4657,#4659,.T.);
#4657 = VERTEX_POINT('',#4658);
#4658 = CARTESIAN_POINT('',(162.0125,-20.85,12.1));
#4659 = SURFACE_CURVE('',#4660,(#4664,#4670),.PCURVE_S1.);
#4660 = LINE('',#4661,#4662);
#4661 = CARTESIAN_POINT('',(162.0125,-47.07008573902,12.1));
#4662 = VECTOR('',#4663,1.);
#4663 = DIRECTION('',(-0.,1.,0.));
#4664 = PCURVE('',#72,#4665);
#4665 = DEFINITIONAL_REPRESENTATION('',(#4666),#4669);
#4666 = B_SPLINE_CURVE_WITH_KNOTS('',1,(#4667,#4668),.UNSPECIFIED.,.F.,
  .F.,(2,2),(24.120085739022,26.220090646633),.PIECEWISE_BEZIER_KNOTS.);
#4667 = CARTESIAN_POINT('',(-34.72439882953,49.790171478044));
#4668 = CARTESIAN_POINT('',(-34.72439882953,51.890176385655));
#4669 = ( GEOMETRIC_REPRESENTATION_CONTEXT(2) 
PARAMETRIC_REPRESENTATION_CONTEXT() REPRESENTATION_CONTEXT('2D SPACE',''
  ) );
#4670 = PCURVE('',#4671,#4676);
#4671 = PLANE('',#4672);
#4672 = AXIS2_PLACEMENT_3D('',#4673,#4674,#4675);
#4673 = CARTESIAN_POINT('',(162.0125,-21.4,5.3));
#4674 = DIRECTION('',(1.,0.,-0.));
#4675 = DIRECTION('',(0.,0.,1.));
#4676 = DEFINITIONAL_REPRESENTATION('',(#4677),#4680);
#4677 = B_SPLINE_CURVE_WITH_KNOTS('',1,(#4678,#4679),.UNSPECIFIED.,.F.,
  .F.,(2,2),(24.120085739022,26.220090646633),.PIECEWISE_BEZIER_KNOTS.);
#4678 = CARTESIAN_POINT('',(6.8,1.55));
#4679 = CARTESIAN_POINT('',(6.8,-0.550004907611));
#4680 = ( GEOMETRIC_REPRESENTATION_CONTEXT(2) 
PARAMETRIC_REPRESENTATION_CONTEXT() REPRESENTATION_CONTEXT('2D SPACE',''
  ) );
#4681 = ORIENTED_EDGE('',*,*,#4682,.T.);
#4682 = EDGE_CURVE('',#4657,#4683,#4685,.T.);
#4683 = VERTEX_POINT('',#4684);
#4684 = CARTESIAN_POINT('',(150.14371098084,-20.85,12.1));
#4685 = SURFACE_CURVE('',#4686,(#4690,#4697),.PCURVE_S1.);
#4686 = LINE('',#4687,#4688);
#4687 = CARTESIAN_POINT('',(214.73091722502,-20.85,12.1));
#4688 = VECTOR('',#4689,1.);
#4689 = DIRECTION('',(-1.,0.,0.));
#4690 = PCURVE('',#72,#4691);
#4691 = DEFINITIONAL_REPRESENTATION('',(#4692),#4696);
#4692 = LINE('',#4693,#4694);
#4693 = CARTESIAN_POINT('',(17.994018395484,51.890171478044));
#4694 = VECTOR('',#4695,1.);
#4695 = DIRECTION('',(-1.,0.));
#4696 = ( GEOMETRIC_REPRESENTATION_CONTEXT(2) 
PARAMETRIC_REPRESENTATION_CONTEXT() REPRESENTATION_CONTEXT('2D SPACE',''
  ) );
#4697 = PCURVE('',#268,#4698);
#4698 = DEFINITIONAL_REPRESENTATION('',(#4699),#4703);
#4699 = LINE('',#4700,#4701);
#4700 = CARTESIAN_POINT('',(0.,-12.1));
#4701 = VECTOR('',#4702,1.);
#4702 = DIRECTION('',(1.,0.));
#4703 = ( GEOMETRIC_REPRESENTATION_CONTEXT(2) 
PARAMETRIC_REPRESENTATION_CONTEXT() REPRESENTATION_CONTEXT('2D SPACE',''
  ) );
#4704 = ORIENTED_EDGE('',*,*,#4705,.T.);
#4705 = EDGE_CURVE('',#4683,#4706,#4708,.T.);
#4706 = VERTEX_POINT('',#4707);
#4707 = CARTESIAN_POINT('',(144.99733932084,-23.76538353484,12.1));
#4708 = SURFACE_CURVE('',#4709,(#4714,#4721),.PCURVE_S1.);
#4709 = CIRCLE('',#4710,6.);
#4710 = AXIS2_PLACEMENT_3D('',#4711,#4712,#4713);
#4711 = CARTESIAN_POINT('',(150.14371098084,-26.85,12.1));
#4712 = DIRECTION('',(0.,-0.,1.));
#4713 = DIRECTION('',(0.,1.,0.));
#4714 = PCURVE('',#72,#4715);
#4715 = DEFINITIONAL_REPRESENTATION('',(#4716),#4720);
#4716 = CIRCLE('',#4717,6.);
#4717 = AXIS2_PLACEMENT_2D('',#4718,#4719);
#4718 = CARTESIAN_POINT('',(-46.59318784869,45.890171478044));
#4719 = DIRECTION('',(0.,1.));
#4720 = ( GEOMETRIC_REPRESENTATION_CONTEXT(2) 
PARAMETRIC_REPRESENTATION_CONTEXT() REPRESENTATION_CONTEXT('2D SPACE',''
  ) );
#4721 = PCURVE('',#347,#4722);
#4722 = DEFINITIONAL_REPRESENTATION('',(#4723),#4727);
#4723 = LINE('',#4724,#4725);
#4724 = CARTESIAN_POINT('',(-0.,-12.1));
#4725 = VECTOR('',#4726,1.);
#4726 = DIRECTION('',(-1.,0.));
#4727 = ( GEOMETRIC_REPRESENTATION_CONTEXT(2) 
PARAMETRIC_REPRESENTATION_CONTEXT() REPRESENTATION_CONTEXT('2D SPACE',''
  ) );
#4728 = ORIENTED_EDGE('',*,*,#4729,.T.);
#4729 = EDGE_CURVE('',#4706,#4730,#4732,.T.);
#4730 = VERTEX_POINT('',#4731);
#4731 = CARTESIAN_POINT('',(123.76302957842,-35.5,12.1));
#4732 = SURFACE_CURVE('',#4733,(#4738,#4749),.PCURVE_S1.);
#4733 = CIRCLE('',#4734,24.949130006066);
#4734 = AXIS2_PLACEMENT_3D('',#4735,#4736,#4737);
#4735 = CARTESIAN_POINT('',(123.83514485808,-10.55097421849,12.1));
#4736 = DIRECTION('',(0.,0.,-1.));
#4737 = DIRECTION('',(0.848213723589,-0.529654112714,0.));
#4738 = PCURVE('',#72,#4739);
#4739 = DEFINITIONAL_REPRESENTATION('',(#4740),#4748);
#4740 = ( BOUNDED_CURVE() B_SPLINE_CURVE(2,(#4741,#4742,#4743,#4744,
#4745,#4746,#4747),.UNSPECIFIED.,.T.,.F.) B_SPLINE_CURVE_WITH_KNOTS((1,2
    ,2,2,2,1),(-2.094395102393,0.,2.094395102393,4.188790204786,
6.28318530718,8.377580409573),.UNSPECIFIED.) CURVE() 
GEOMETRIC_REPRESENTATION_ITEM() RATIONAL_B_SPLINE_CURVE((1.,0.5,1.,0.5,
1.,0.5,1.)) REPRESENTATION_ITEM('') );
#4741 = CARTESIAN_POINT('',(-51.73955950869,48.974787943204));
#4742 = CARTESIAN_POINT('',(-74.62758783661,12.320791934047));
#4743 = CARTESIAN_POINT('',(-94.92686536679,50.469403913138));
#4744 = CARTESIAN_POINT('',(-115.2261428969,88.618015892229));
#4745 = CARTESIAN_POINT('',(-72.03883703888,87.123399922295));
#4746 = CARTESIAN_POINT('',(-28.85153118078,85.62878395236));
#4747 = CARTESIAN_POINT('',(-51.73955950869,48.974787943204));
#4748 = ( GEOMETRIC_REPRESENTATION_CONTEXT(2) 
PARAMETRIC_REPRESENTATION_CONTEXT() REPRESENTATION_CONTEXT('2D SPACE',''
  ) );
#4749 = PCURVE('',#380,#4750);
#4750 = DEFINITIONAL_REPRESENTATION('',(#4751),#4755);
#4751 = LINE('',#4752,#4753);
#4752 = CARTESIAN_POINT('',(0.,-12.1));
#4753 = VECTOR('',#4754,1.);
#4754 = DIRECTION('',(1.,0.));
#4755 = ( GEOMETRIC_REPRESENTATION_CONTEXT(2) 
PARAMETRIC_REPRESENTATION_CONTEXT() REPRESENTATION_CONTEXT('2D SPACE',''
  ) );
#4756 = ORIENTED_EDGE('',*,*,#4757,.T.);
#4757 = EDGE_CURVE('',#4730,#4758,#4760,.T.);
#4758 = VERTEX_POINT('',#4759);
#4759 = CARTESIAN_POINT('',(104.7066650642,-35.51865292787,12.1));
#4760 = SURFACE_CURVE('',#4761,(#4765,#4772),.PCURVE_S1.);
#4761 = LINE('',#4762,#4763);
#4762 = CARTESIAN_POINT('',(123.76302957842,-35.5,12.1));
#4763 = VECTOR('',#4764,1.);
#4764 = DIRECTION('',(-0.999999520947,-9.788288277714E-04,0.));
#4765 = PCURVE('',#72,#4766);
#4766 = DEFINITIONAL_REPRESENTATION('',(#4767),#4771);
#4767 = LINE('',#4768,#4769);
#4768 = CARTESIAN_POINT('',(-72.97386925111,37.240171478044));
#4769 = VECTOR('',#4770,1.);
#4770 = DIRECTION('',(-0.999999520947,-9.788288277714E-04));
#4771 = ( GEOMETRIC_REPRESENTATION_CONTEXT(2) 
PARAMETRIC_REPRESENTATION_CONTEXT() REPRESENTATION_CONTEXT('2D SPACE',''
  ) );
#4772 = PCURVE('',#408,#4773);
#4773 = DEFINITIONAL_REPRESENTATION('',(#4774),#4778);
#4774 = LINE('',#4775,#4776);
#4775 = CARTESIAN_POINT('',(0.,-12.1));
#4776 = VECTOR('',#4777,1.);
#4777 = DIRECTION('',(1.,0.));
#4778 = ( GEOMETRIC_REPRESENTATION_CONTEXT(2) 
PARAMETRIC_REPRESENTATION_CONTEXT() REPRESENTATION_CONTEXT('2D SPACE',''
  ) );
#4779 = ORIENTED_EDGE('',*,*,#4780,.T.);
#4780 = EDGE_CURVE('',#4758,#4781,#4783,.T.);
#4781 = VERTEX_POINT('',#4782);
#4782 = CARTESIAN_POINT('',(95.16,-45.727030523,12.1));
#4783 = SURFACE_CURVE('',#4784,(#4789,#4796),.PCURVE_S1.);
#4784 = CIRCLE('',#4785,10.015155050536);
#4785 = AXIS2_PLACEMENT_3D('',#4786,#4787,#4788);
#4786 = CARTESIAN_POINT('',(105.1730753719,-45.52294161379,12.1));
#4787 = DIRECTION('',(0.,0.,1.));
#4788 = DIRECTION('',(-4.657045301269E-02,0.998915007849,0.));
#4789 = PCURVE('',#72,#4790);
#4790 = DEFINITIONAL_REPRESENTATION('',(#4791),#4795);
#4791 = CIRCLE('',#4792,10.015155050536);
#4792 = AXIS2_PLACEMENT_2D('',#4793,#4794);
#4793 = CARTESIAN_POINT('',(-91.56382345763,27.217229864254));
#4794 = DIRECTION('',(-4.657045301269E-02,0.998915007849));
#4795 = ( GEOMETRIC_REPRESENTATION_CONTEXT(2) 
PARAMETRIC_REPRESENTATION_CONTEXT() REPRESENTATION_CONTEXT('2D SPACE',''
  ) );
#4796 = PCURVE('',#437,#4797);
#4797 = DEFINITIONAL_REPRESENTATION('',(#4798),#4802);
#4798 = LINE('',#4799,#4800);
#4799 = CARTESIAN_POINT('',(-0.,-12.1));
#4800 = VECTOR('',#4801,1.);
#4801 = DIRECTION('',(-1.,0.));
#4802 = ( GEOMETRIC_REPRESENTATION_CONTEXT(2) 
PARAMETRIC_REPRESENTATION_CONTEXT() REPRESENTATION_CONTEXT('2D SPACE',''
  ) );
#4803 = ORIENTED_EDGE('',*,*,#4804,.T.);
#4804 = EDGE_CURVE('',#4781,#4805,#4807,.T.);
#4805 = VERTEX_POINT('',#4806);
#4806 = CARTESIAN_POINT('',(95.178652927875,-87.35333493579,12.1));
#4807 = SURFACE_CURVE('',#4808,(#4812,#4819),.PCURVE_S1.);
#4808 = LINE('',#4809,#4810);
#4809 = CARTESIAN_POINT('',(95.16,-45.727030523,12.1));
#4810 = VECTOR('',#4811,1.);
#4811 = DIRECTION('',(4.481043000367E-04,-0.999999899601,0.));
#4812 = PCURVE('',#72,#4813);
#4813 = DEFINITIONAL_REPRESENTATION('',(#4814),#4818);
#4814 = LINE('',#4815,#4816);
#4815 = CARTESIAN_POINT('',(-101.5768988295,27.013140955042));
#4816 = VECTOR('',#4817,1.);
#4817 = DIRECTION('',(4.481043000367E-04,-0.999999899601));
#4818 = ( GEOMETRIC_REPRESENTATION_CONTEXT(2) 
PARAMETRIC_REPRESENTATION_CONTEXT() REPRESENTATION_CONTEXT('2D SPACE',''
  ) );
#4819 = PCURVE('',#465,#4820);
#4820 = DEFINITIONAL_REPRESENTATION('',(#4821),#4825);
#4821 = LINE('',#4822,#4823);
#4822 = CARTESIAN_POINT('',(0.,-12.1));
#4823 = VECTOR('',#4824,1.);
#4824 = DIRECTION('',(1.,0.));
#4825 = ( GEOMETRIC_REPRESENTATION_CONTEXT(2) 
PARAMETRIC_REPRESENTATION_CONTEXT() REPRESENTATION_CONTEXT('2D SPACE',''
  ) );
#4826 = ORIENTED_EDGE('',*,*,#4827,.T.);
#4827 = EDGE_CURVE('',#4805,#4828,#4830,.T.);
#4828 = VERTEX_POINT('',#4829);
#4829 = CARTESIAN_POINT('',(105.387030523,-96.9,12.1));
#4830 = SURFACE_CURVE('',#4831,(#4836,#4843),.PCURVE_S1.);
#4831 = CIRCLE('',#4832,10.015155050536);
#4832 = AXIS2_PLACEMENT_3D('',#4833,#4834,#4835);
#4833 = CARTESIAN_POINT('',(105.18294161379,-86.88692462809,12.1));
#4834 = DIRECTION('',(0.,0.,1.));
#4835 = DIRECTION('',(-0.998915007849,-4.657045301265E-02,0.));
#4836 = PCURVE('',#72,#4837);
#4837 = DEFINITIONAL_REPRESENTATION('',(#4838),#4842);
#4838 = CIRCLE('',#4839,10.015155050536);
#4839 = AXIS2_PLACEMENT_2D('',#4840,#4841);
#4840 = CARTESIAN_POINT('',(-91.55395721574,-14.14675315005));
#4841 = DIRECTION('',(-0.998915007849,-4.657045301265E-02));
#4842 = ( GEOMETRIC_REPRESENTATION_CONTEXT(2) 
PARAMETRIC_REPRESENTATION_CONTEXT() REPRESENTATION_CONTEXT('2D SPACE',''
  ) );
#4843 = PCURVE('',#494,#4844);
#4844 = DEFINITIONAL_REPRESENTATION('',(#4845),#4849);
#4845 = LINE('',#4846,#4847);
#4846 = CARTESIAN_POINT('',(-0.,-12.1));
#4847 = VECTOR('',#4848,1.);
#4848 = DIRECTION('',(-1.,0.));
#4849 = ( GEOMETRIC_REPRESENTATION_CONTEXT(2) 
PARAMETRIC_REPRESENTATION_CONTEXT() REPRESENTATION_CONTEXT('2D SPACE',''
  ) );
#4850 = ORIENTED_EDGE('',*,*,#4851,.T.);
#4851 = EDGE_CURVE('',#4828,#4852,#4854,.T.);
#4852 = VERTEX_POINT('',#4853);
#4853 = CARTESIAN_POINT('',(126.7002287104,-96.90346444051,12.1));
#4854 = SURFACE_CURVE('',#4855,(#4859,#4866),.PCURVE_S1.);
#4855 = LINE('',#4856,#4857);
#4856 = CARTESIAN_POINT('',(105.387030523,-96.9,12.1));
#4857 = VECTOR('',#4858,1.);
#4858 = DIRECTION('',(0.999999986789,-1.625490664459E-04,0.));
#4859 = PCURVE('',#72,#4860);
#4860 = DEFINITIONAL_REPRESENTATION('',(#4861),#4865);
#4861 = LINE('',#4862,#4863);
#4862 = CARTESIAN_POINT('',(-91.34986830653,-24.15982852195));
#4863 = VECTOR('',#4864,1.);
#4864 = DIRECTION('',(0.999999986789,-1.625490664459E-04));
#4865 = ( GEOMETRIC_REPRESENTATION_CONTEXT(2) 
PARAMETRIC_REPRESENTATION_CONTEXT() REPRESENTATION_CONTEXT('2D SPACE',''
  ) );
#4866 = PCURVE('',#522,#4867);
#4867 = DEFINITIONAL_REPRESENTATION('',(#4868),#4872);
#4868 = LINE('',#4869,#4870);
#4869 = CARTESIAN_POINT('',(0.,-12.1));
#4870 = VECTOR('',#4871,1.);
#4871 = DIRECTION('',(1.,0.));
#4872 = ( GEOMETRIC_REPRESENTATION_CONTEXT(2) 
PARAMETRIC_REPRESENTATION_CONTEXT() REPRESENTATION_CONTEXT('2D SPACE',''
  ) );
#4873 = ORIENTED_EDGE('',*,*,#4874,.T.);
#4874 = EDGE_CURVE('',#4852,#4875,#4877,.T.);
#4875 = VERTEX_POINT('',#4876);
#4876 = CARTESIAN_POINT('',(149.5131415761,-111.8359532417,12.1));
#4877 = SURFACE_CURVE('',#4878,(#4883,#4894),.PCURVE_S1.);
#4878 = CIRCLE('',#4879,25.023768875819);
#4879 = AXIS2_PLACEMENT_3D('',#4880,#4881,#4882);
#4880 = CARTESIAN_POINT('',(126.61427578547,-121.9270856981,12.1));
#4881 = DIRECTION('',(0.,0.,-1.));
#4882 = DIRECTION('',(3.434851295055E-03,0.999994100881,0.));
#4883 = PCURVE('',#72,#4884);
#4884 = DEFINITIONAL_REPRESENTATION('',(#4885),#4893);
#4885 = ( BOUNDED_CURVE() B_SPLINE_CURVE(2,(#4886,#4887,#4888,#4889,
#4890,#4891,#4892),.UNSPECIFIED.,.T.,.F.) B_SPLINE_CURVE_WITH_KNOTS((1,2
    ,2,2,2,1),(-2.094395102393,0.,2.094395102393,4.188790204786,
6.28318530718,8.377580409573),.UNSPECIFIED.) CURVE() 
GEOMETRIC_REPRESENTATION_ITEM() RATIONAL_B_SPLINE_CURVE((1.,0.5,1.,0.5,
1.,0.5,1.)) REPRESENTATION_ITEM('') );
#4886 = CARTESIAN_POINT('',(-70.03667011913,-24.16329296247));
#4887 = CARTESIAN_POINT('',(-26.69448671157,-24.3121677955));
#4888 = CARTESIAN_POINT('',(-48.49450780274,-61.77316226542));
#4889 = CARTESIAN_POINT('',(-70.29452889392,-99.23415673534));
#4890 = CARTESIAN_POINT('',(-91.83669121031,-61.62428743238));
#4891 = CARTESIAN_POINT('',(-113.3788535267,-24.01441812943));
#4892 = CARTESIAN_POINT('',(-70.03667011913,-24.16329296247));
#4893 = ( GEOMETRIC_REPRESENTATION_CONTEXT(2) 
PARAMETRIC_REPRESENTATION_CONTEXT() REPRESENTATION_CONTEXT('2D SPACE',''
  ) );
#4894 = PCURVE('',#555,#4895);
#4895 = DEFINITIONAL_REPRESENTATION('',(#4896),#4900);
#4896 = LINE('',#4897,#4898);
#4897 = CARTESIAN_POINT('',(0.,-12.1));
#4898 = VECTOR('',#4899,1.);
#4899 = DIRECTION('',(1.,0.));
#4900 = ( GEOMETRIC_REPRESENTATION_CONTEXT(2) 
PARAMETRIC_REPRESENTATION_CONTEXT() REPRESENTATION_CONTEXT('2D SPACE',''
  ) );
#4901 = ORIENTED_EDGE('',*,*,#4902,.T.);
#4902 = EDGE_CURVE('',#4875,#4903,#4905,.T.);
#4903 = VERTEX_POINT('',#4904);
#4904 = CARTESIAN_POINT('',(158.57078349724,-132.2328108109,12.1));
#4905 = SURFACE_CURVE('',#4906,(#4910,#4917),.PCURVE_S1.);
#4906 = LINE('',#4907,#4908);
#4907 = CARTESIAN_POINT('',(149.5131415761,-111.8359532417,12.1));
#4908 = VECTOR('',#4909,1.);
#4909 = DIRECTION('',(0.405853026603,-0.913938357219,0.));
#4910 = PCURVE('',#72,#4911);
#4911 = DEFINITIONAL_REPRESENTATION('',(#4912),#4916);
#4912 = LINE('',#4913,#4914);
#4913 = CARTESIAN_POINT('',(-47.22375725343,-39.09578176368));
#4914 = VECTOR('',#4915,1.);
#4915 = DIRECTION('',(0.405853026603,-0.913938357219));
#4916 = ( GEOMETRIC_REPRESENTATION_CONTEXT(2) 
PARAMETRIC_REPRESENTATION_CONTEXT() REPRESENTATION_CONTEXT('2D SPACE',''
  ) );
#4917 = PCURVE('',#583,#4918);
#4918 = DEFINITIONAL_REPRESENTATION('',(#4919),#4923);
#4919 = LINE('',#4920,#4921);
#4920 = CARTESIAN_POINT('',(0.,-12.1));
#4921 = VECTOR('',#4922,1.);
#4922 = DIRECTION('',(1.,0.));
#4923 = ( GEOMETRIC_REPRESENTATION_CONTEXT(2) 
PARAMETRIC_REPRESENTATION_CONTEXT() REPRESENTATION_CONTEXT('2D SPACE',''
  ) );
#4924 = ORIENTED_EDGE('',*,*,#4925,.T.);
#4925 = EDGE_CURVE('',#4903,#4926,#4928,.T.);
#4926 = VERTEX_POINT('',#4927);
#4927 = CARTESIAN_POINT('',(170.13714905644,-136.4100223271,12.1));
#4928 = SURFACE_CURVE('',#4929,(#4934,#4941),.PCURVE_S1.);
#4929 = CIRCLE('',#4930,8.996381618343);
#4930 = AXIS2_PLACEMENT_3D('',#4931,#4932,#4933);
#4931 = CARTESIAN_POINT('',(166.58468229876,-128.144741802,12.1));
#4932 = DIRECTION('',(0.,0.,1.));
#4933 = DIRECTION('',(-0.890791336061,-0.454412583012,0.));
#4934 = PCURVE('',#72,#4935);
#4935 = DEFINITIONAL_REPRESENTATION('',(#4936),#4940);
#4936 = CIRCLE('',#4937,8.996381618343);
#4937 = AXIS2_PLACEMENT_2D('',#4938,#4939);
#4938 = CARTESIAN_POINT('',(-30.15221653077,-55.404570324));
#4939 = DIRECTION('',(-0.890791336061,-0.454412583012));
#4940 = ( GEOMETRIC_REPRESENTATION_CONTEXT(2) 
PARAMETRIC_REPRESENTATION_CONTEXT() REPRESENTATION_CONTEXT('2D SPACE',''
  ) );
#4941 = PCURVE('',#612,#4942);
#4942 = DEFINITIONAL_REPRESENTATION('',(#4943),#4947);
#4943 = LINE('',#4944,#4945);
#4944 = CARTESIAN_POINT('',(-0.,-12.1));
#4945 = VECTOR('',#4946,1.);
#4946 = DIRECTION('',(-1.,0.));
#4947 = ( GEOMETRIC_REPRESENTATION_CONTEXT(2) 
PARAMETRIC_REPRESENTATION_CONTEXT() REPRESENTATION_CONTEXT('2D SPACE',''
  ) );
#4948 = ORIENTED_EDGE('',*,*,#4949,.T.);
#4949 = EDGE_CURVE('',#4926,#4950,#4952,.T.);
#4950 = VERTEX_POINT('',#4951);
#4951 = CARTESIAN_POINT('',(184.06073669108,-130.2536900091,12.1));
#4952 = SURFACE_CURVE('',#4953,(#4957,#4964),.PCURVE_S1.);
#4953 = LINE('',#4954,#4955);
#4954 = CARTESIAN_POINT('',(170.13714905644,-136.4100223271,12.1));
#4955 = VECTOR('',#4956,1.);
#4956 = DIRECTION('',(0.914588244776,0.404386377759,0.));
#4957 = PCURVE('',#72,#4958);
#4958 = DEFINITIONAL_REPRESENTATION('',(#4959),#4963);
#4959 = LINE('',#4960,#4961);
#4960 = CARTESIAN_POINT('',(-26.59974977309,-63.66985084909));
#4961 = VECTOR('',#4962,1.);
#4962 = DIRECTION('',(0.914588244776,0.404386377759));
#4963 = ( GEOMETRIC_REPRESENTATION_CONTEXT(2) 
PARAMETRIC_REPRESENTATION_CONTEXT() REPRESENTATION_CONTEXT('2D SPACE',''
  ) );
#4964 = PCURVE('',#640,#4965);
#4965 = DEFINITIONAL_REPRESENTATION('',(#4966),#4970);
#4966 = LINE('',#4967,#4968);
#4967 = CARTESIAN_POINT('',(0.,-12.1));
#4968 = VECTOR('',#4969,1.);
#4969 = DIRECTION('',(1.,0.));
#4970 = ( GEOMETRIC_REPRESENTATION_CONTEXT(2) 
PARAMETRIC_REPRESENTATION_CONTEXT() REPRESENTATION_CONTEXT('2D SPACE',''
  ) );
#4971 = ORIENTED_EDGE('',*,*,#4972,.T.);
#4972 = EDGE_CURVE('',#4950,#4973,#4975,.T.);
#4973 = VERTEX_POINT('',#4974);
#4974 = CARTESIAN_POINT('',(189.0079197656,-128.6679351293,12.1));
#4975 = SURFACE_CURVE('',#4976,(#4981,#4992),.PCURVE_S1.);
#4976 = CIRCLE('',#4977,26.111011216981);
#4977 = AXIS2_PLACEMENT_3D('',#4978,#4979,#4980);
#4978 = CARTESIAN_POINT('',(194.464903996,-154.2023477891,12.1));
#4979 = DIRECTION('',(0.,0.,-1.));
#4980 = DIRECTION('',(-0.39845899565,0.917186147293,0.));
#4981 = PCURVE('',#72,#4982);
#4982 = DEFINITIONAL_REPRESENTATION('',(#4983),#4991);
#4983 = ( BOUNDED_CURVE() B_SPLINE_CURVE(2,(#4984,#4985,#4986,#4987,
#4988,#4989,#4990),.UNSPECIFIED.,.T.,.F.) B_SPLINE_CURVE_WITH_KNOTS((1,2
    ,2,2,2,1),(-2.094395102393,0.,2.094395102393,4.188790204786,
6.28318530718,8.377580409573),.UNSPECIFIED.) CURVE() 
GEOMETRIC_REPRESENTATION_ITEM() RATIONAL_B_SPLINE_CURVE((1.,0.5,1.,0.5,
1.,0.5,1.)) REPRESENTATION_ITEM('') );
#4984 = CARTESIAN_POINT('',(-12.67616213845,-57.51351853108));
#4985 = CARTESIAN_POINT('',(28.804129909622,-39.49297214852));
#4986 = CARTESIAN_POINT('',(23.67023484296,-84.42623200983));
#4987 = CARTESIAN_POINT('',(18.536339776298,-129.3594918711));
#4988 = CARTESIAN_POINT('',(-17.81005720511,-102.4467783924));
#4989 = CARTESIAN_POINT('',(-54.15645418653,-75.53406491365));
#4990 = CARTESIAN_POINT('',(-12.67616213845,-57.51351853108));
#4991 = ( GEOMETRIC_REPRESENTATION_CONTEXT(2) 
PARAMETRIC_REPRESENTATION_CONTEXT() REPRESENTATION_CONTEXT('2D SPACE',''
  ) );
#4992 = PCURVE('',#673,#4993);
#4993 = DEFINITIONAL_REPRESENTATION('',(#4994),#4998);
#4994 = LINE('',#4995,#4996);
#4995 = CARTESIAN_POINT('',(0.,-12.1));
#4996 = VECTOR('',#4997,1.);
#4997 = DIRECTION('',(1.,0.));
#4998 = ( GEOMETRIC_REPRESENTATION_CONTEXT(2) 
PARAMETRIC_REPRESENTATION_CONTEXT() REPRESENTATION_CONTEXT('2D SPACE',''
  ) );
#4999 = ORIENTED_EDGE('',*,*,#5000,.T.);
#5000 = EDGE_CURVE('',#4973,#5001,#5003,.T.);
#5001 = VERTEX_POINT('',#5002);
#5002 = CARTESIAN_POINT('',(200.79207927547,-126.1796286508,12.1));
#5003 = SURFACE_CURVE('',#5004,(#5008,#5015),.PCURVE_S1.);
#5004 = LINE('',#5005,#5006);
#5005 = CARTESIAN_POINT('',(189.0079197656,-128.6679351293,12.1));
#5006 = VECTOR('',#5007,1.);
#5007 = DIRECTION('',(0.978425230704,0.206601229237,0.));
#5008 = PCURVE('',#72,#5009);
#5009 = DEFINITIONAL_REPRESENTATION('',(#5010),#5014);
#5010 = LINE('',#5011,#5012);
#5011 = CARTESIAN_POINT('',(-7.728979063937,-55.92776365127));
#5012 = VECTOR('',#5013,1.);
#5013 = DIRECTION('',(0.978425230704,0.206601229237));
#5014 = ( GEOMETRIC_REPRESENTATION_CONTEXT(2) 
PARAMETRIC_REPRESENTATION_CONTEXT() REPRESENTATION_CONTEXT('2D SPACE',''
  ) );
#5015 = PCURVE('',#701,#5016);
#5016 = DEFINITIONAL_REPRESENTATION('',(#5017),#5021);
#5017 = LINE('',#5018,#5019);
#5018 = CARTESIAN_POINT('',(0.,-12.1));
#5019 = VECTOR('',#5020,1.);
#5020 = DIRECTION('',(1.,0.));
#5021 = ( GEOMETRIC_REPRESENTATION_CONTEXT(2) 
PARAMETRIC_REPRESENTATION_CONTEXT() REPRESENTATION_CONTEXT('2D SPACE',''
  ) );
#5022 = ORIENTED_EDGE('',*,*,#5023,.T.);
#5023 = EDGE_CURVE('',#5001,#5024,#5026,.T.);
#5024 = VERTEX_POINT('',#5025);
#5025 = CARTESIAN_POINT('',(205.9651951554,-125.6506777149,12.1));
#5026 = SURFACE_CURVE('',#5027,(#5032,#5043),.PCURVE_S1.);
#5027 = CIRCLE('',#5028,26.11064457842);
#5028 = AXIS2_PLACEMENT_3D('',#5029,#5030,#5031);
#5029 = CARTESIAN_POINT('',(206.02140100806,-151.7612617988,12.1));
#5030 = DIRECTION('',(0.,0.,-1.));
#5031 = DIRECTION('',(-0.200275474506,0.979739625774,0.));
#5032 = PCURVE('',#72,#5033);
#5033 = DEFINITIONAL_REPRESENTATION('',(#5034),#5042);
#5034 = ( BOUNDED_CURVE() B_SPLINE_CURVE(2,(#5035,#5036,#5037,#5038,
#5039,#5040,#5041),.UNSPECIFIED.,.T.,.F.) B_SPLINE_CURVE_WITH_KNOTS((1,2
    ,2,2,2,1),(-2.094395102393,0.,2.094395102393,4.188790204786,
6.28318530718,8.377580409573),.UNSPECIFIED.) CURVE() 
GEOMETRIC_REPRESENTATION_ITEM() RATIONAL_B_SPLINE_CURVE((1.,0.5,1.,0.5,
1.,0.5,1.)) REPRESENTATION_ITEM('') );
#5035 = CARTESIAN_POINT('',(4.055180445934,-53.4394571728));
#5036 = CARTESIAN_POINT('',(48.363868798816,-44.38200624283));
#5037 = CARTESIAN_POINT('',(34.053507221265,-87.28318142978));
#5038 = CARTESIAN_POINT('',(19.743145643715,-130.1843566167));
#5039 = CARTESIAN_POINT('',(-10.25518113161,-96.34063235975));
#5040 = CARTESIAN_POINT('',(-40.25350790694,-62.49690810278));
#5041 = CARTESIAN_POINT('',(4.055180445934,-53.4394571728));
#5042 = ( GEOMETRIC_REPRESENTATION_CONTEXT(2) 
PARAMETRIC_REPRESENTATION_CONTEXT() REPRESENTATION_CONTEXT('2D SPACE',''
  ) );
#5043 = PCURVE('',#734,#5044);
#5044 = DEFINITIONAL_REPRESENTATION('',(#5045),#5049);
#5045 = LINE('',#5046,#5047);
#5046 = CARTESIAN_POINT('',(0.,-12.1));
#5047 = VECTOR('',#5048,1.);
#5048 = DIRECTION('',(1.,0.));
#5049 = ( GEOMETRIC_REPRESENTATION_CONTEXT(2) 
PARAMETRIC_REPRESENTATION_CONTEXT() REPRESENTATION_CONTEXT('2D SPACE',''
  ) );
#5050 = ORIENTED_EDGE('',*,*,#5051,.T.);
#5051 = EDGE_CURVE('',#5024,#5052,#5054,.T.);
#5052 = VERTEX_POINT('',#5053);
#5053 = CARTESIAN_POINT('',(221.43236428105,-125.6338114043,12.1));
#5054 = SURFACE_CURVE('',#5055,(#5059,#5066),.PCURVE_S1.);
#5055 = LINE('',#5056,#5057);
#5056 = CARTESIAN_POINT('',(205.9651951554,-125.6506777149,12.1));
#5057 = VECTOR('',#5058,1.);
#5058 = DIRECTION('',(0.99999940545,1.090458143612E-03,0.));
#5059 = PCURVE('',#72,#5060);
#5060 = DEFINITIONAL_REPRESENTATION('',(#5061),#5065);
#5061 = LINE('',#5062,#5063);
#5062 = CARTESIAN_POINT('',(9.228296325866,-52.91050623687));
#5063 = VECTOR('',#5064,1.);
#5064 = DIRECTION('',(0.99999940545,1.090458143612E-03));
#5065 = ( GEOMETRIC_REPRESENTATION_CONTEXT(2) 
PARAMETRIC_REPRESENTATION_CONTEXT() REPRESENTATION_CONTEXT('2D SPACE',''
  ) );
#5066 = PCURVE('',#762,#5067);
#5067 = DEFINITIONAL_REPRESENTATION('',(#5068),#5072);
#5068 = LINE('',#5069,#5070);
#5069 = CARTESIAN_POINT('',(0.,-12.1));
#5070 = VECTOR('',#5071,1.);
#5071 = DIRECTION('',(1.,0.));
#5072 = ( GEOMETRIC_REPRESENTATION_CONTEXT(2) 
PARAMETRIC_REPRESENTATION_CONTEXT() REPRESENTATION_CONTEXT('2D SPACE',''
  ) );
#5073 = ORIENTED_EDGE('',*,*,#5074,.T.);
#5074 = EDGE_CURVE('',#5052,#5075,#5077,.T.);
#5075 = VERTEX_POINT('',#5076);
#5076 = CARTESIAN_POINT('',(228.63110811507,-121.3155935689,12.1));
#5077 = SURFACE_CURVE('',#5078,(#5083,#5090),.PCURVE_S1.);
#5078 = CIRCLE('',#5079,8.996425229285);
#5079 = AXIS2_PLACEMENT_3D('',#5080,#5081,#5082);
#5080 = CARTESIAN_POINT('',(220.93846198702,-116.6509539842,12.1));
#5081 = DIRECTION('',(0.,0.,1.));
#5082 = DIRECTION('',(5.489983870687E-02,-0.998491866622,0.));
#5083 = PCURVE('',#72,#5084);
#5084 = DEFINITIONAL_REPRESENTATION('',(#5085),#5089);
#5085 = CIRCLE('',#5086,8.996425229285);
#5086 = AXIS2_PLACEMENT_2D('',#5087,#5088);
#5087 = CARTESIAN_POINT('',(24.201563157485,-43.9107825062));
#5088 = DIRECTION('',(5.489983870687E-02,-0.998491866622));
#5089 = ( GEOMETRIC_REPRESENTATION_CONTEXT(2) 
PARAMETRIC_REPRESENTATION_CONTEXT() REPRESENTATION_CONTEXT('2D SPACE',''
  ) );
#5090 = PCURVE('',#791,#5091);
#5091 = DEFINITIONAL_REPRESENTATION('',(#5092),#5096);
#5092 = LINE('',#5093,#5094);
#5093 = CARTESIAN_POINT('',(-0.,-12.1));
#5094 = VECTOR('',#5095,1.);
#5095 = DIRECTION('',(-1.,0.));
#5096 = ( GEOMETRIC_REPRESENTATION_CONTEXT(2) 
PARAMETRIC_REPRESENTATION_CONTEXT() REPRESENTATION_CONTEXT('2D SPACE',''
  ) );
#5097 = ORIENTED_EDGE('',*,*,#5098,.T.);
#5098 = EDGE_CURVE('',#5075,#5099,#5101,.T.);
#5099 = VERTEX_POINT('',#5100);
#5100 = CARTESIAN_POINT('',(230.05654010592,-119.1665876445,12.1));
#5101 = SURFACE_CURVE('',#5102,(#5106,#5113),.PCURVE_S1.);
#5102 = LINE('',#5103,#5104);
#5103 = CARTESIAN_POINT('',(228.63110811507,-121.3155935689,12.1));
#5104 = VECTOR('',#5105,1.);
#5105 = DIRECTION('',(0.552755374899,0.833343563916,0.));
#5106 = PCURVE('',#72,#5107);
#5107 = DEFINITIONAL_REPRESENTATION('',(#5108),#5112);
#5108 = LINE('',#5109,#5110);
#5109 = CARTESIAN_POINT('',(31.894209285531,-48.57542209086));
#5110 = VECTOR('',#5111,1.);
#5111 = DIRECTION('',(0.552755374899,0.833343563916));
#5112 = ( GEOMETRIC_REPRESENTATION_CONTEXT(2) 
PARAMETRIC_REPRESENTATION_CONTEXT() REPRESENTATION_CONTEXT('2D SPACE',''
  ) );
#5113 = PCURVE('',#819,#5114);
#5114 = DEFINITIONAL_REPRESENTATION('',(#5115),#5119);
#5115 = LINE('',#5116,#5117);
#5116 = CARTESIAN_POINT('',(0.,-12.1));
#5117 = VECTOR('',#5118,1.);
#5118 = DIRECTION('',(1.,0.));
#5119 = ( GEOMETRIC_REPRESENTATION_CONTEXT(2) 
PARAMETRIC_REPRESENTATION_CONTEXT() REPRESENTATION_CONTEXT('2D SPACE',''
  ) );
#5120 = ORIENTED_EDGE('',*,*,#5121,.T.);
#5121 = EDGE_CURVE('',#5099,#5122,#5124,.T.);
#5122 = VERTEX_POINT('',#5123);
#5123 = CARTESIAN_POINT('',(250.25835675492,-108.9803577927,12.1));
#5124 = SURFACE_CURVE('',#5125,(#5130,#5141),.PCURVE_S1.);
#5125 = CIRCLE('',#5126,25.023213003455);
#5126 = AXIS2_PLACEMENT_3D('',#5127,#5128,#5129);
#5127 = CARTESIAN_POINT('',(250.20664446198,-134.0035173625,12.1));
#5128 = DIRECTION('',(0.,0.,-1.));
#5129 = DIRECTION('',(-0.805256477387,0.592926644389,0.));
#5130 = PCURVE('',#72,#5131);
#5131 = DEFINITIONAL_REPRESENTATION('',(#5132),#5140);
#5132 = ( BOUNDED_CURVE() B_SPLINE_CURVE(2,(#5133,#5134,#5135,#5136,
#5137,#5138,#5139),.UNSPECIFIED.,.T.,.F.) B_SPLINE_CURVE_WITH_KNOTS((1,2
    ,2,2,2,1),(-2.094395102393,0.,2.094395102393,4.188790204786,
6.28318530718,8.377580409573),.UNSPECIFIED.) CURVE() 
GEOMETRIC_REPRESENTATION_ITEM() RATIONAL_B_SPLINE_CURVE((1.,0.5,1.,0.5,
1.,0.5,1.)) REPRESENTATION_ITEM('') );
#5133 = CARTESIAN_POINT('',(33.319641276385,-46.4264161665));
#5134 = CARTESIAN_POINT('',(59.017957376248,-11.52541164399));
#5135 = CARTESIAN_POINT('',(76.393955860406,-51.23130848221));
#5136 = CARTESIAN_POINT('',(93.769954344563,-90.93720532043));
#5137 = CARTESIAN_POINT('',(50.695639760542,-86.13231300472));
#5138 = CARTESIAN_POINT('',(7.621325176521,-81.32742068901));
#5139 = CARTESIAN_POINT('',(33.319641276385,-46.4264161665));
#5140 = ( GEOMETRIC_REPRESENTATION_CONTEXT(2) 
PARAMETRIC_REPRESENTATION_CONTEXT() REPRESENTATION_CONTEXT('2D SPACE',''
  ) );
#5141 = PCURVE('',#852,#5142);
#5142 = DEFINITIONAL_REPRESENTATION('',(#5143),#5147);
#5143 = LINE('',#5144,#5145);
#5144 = CARTESIAN_POINT('',(0.,-12.1));
#5145 = VECTOR('',#5146,1.);
#5146 = DIRECTION('',(1.,0.));
#5147 = ( GEOMETRIC_REPRESENTATION_CONTEXT(2) 
PARAMETRIC_REPRESENTATION_CONTEXT() REPRESENTATION_CONTEXT('2D SPACE',''
  ) );
#5148 = ORIENTED_EDGE('',*,*,#5149,.T.);
#5149 = EDGE_CURVE('',#5122,#5150,#5152,.T.);
#5150 = VERTEX_POINT('',#5151);
#5151 = CARTESIAN_POINT('',(288.10736428099,-108.9650614043,12.1));
#5152 = SURFACE_CURVE('',#5153,(#5157,#5164),.PCURVE_S1.);
#5153 = LINE('',#5154,#5155);
#5154 = CARTESIAN_POINT('',(250.25835675492,-108.9803577927,12.1));
#5155 = VECTOR('',#5156,1.);
#5156 = DIRECTION('',(0.999999918334,4.04142357408E-04,0.));
#5157 = PCURVE('',#72,#5158);
#5158 = DEFINITIONAL_REPRESENTATION('',(#5159),#5163);
#5159 = LINE('',#5160,#5161);
#5160 = CARTESIAN_POINT('',(53.521457925383,-36.24018631469));
#5161 = VECTOR('',#5162,1.);
#5162 = DIRECTION('',(0.999999918334,4.04142357408E-04));
#5163 = ( GEOMETRIC_REPRESENTATION_CONTEXT(2) 
PARAMETRIC_REPRESENTATION_CONTEXT() REPRESENTATION_CONTEXT('2D SPACE',''
  ) );
#5164 = PCURVE('',#880,#5165);
#5165 = DEFINITIONAL_REPRESENTATION('',(#5166),#5170);
#5166 = LINE('',#5167,#5168);
#5167 = CARTESIAN_POINT('',(0.,-12.1));
#5168 = VECTOR('',#5169,1.);
#5169 = DIRECTION('',(1.,0.));
#5170 = ( GEOMETRIC_REPRESENTATION_CONTEXT(2) 
PARAMETRIC_REPRESENTATION_CONTEXT() REPRESENTATION_CONTEXT('2D SPACE',''
  ) );
#5171 = ORIENTED_EDGE('',*,*,#5172,.T.);
#5172 = EDGE_CURVE('',#5150,#5173,#5175,.T.);
#5173 = VERTEX_POINT('',#5174);
#5174 = CARTESIAN_POINT('',(296.60929611171,-100.0792859405,12.1));
#5175 = SURFACE_CURVE('',#5176,(#5181,#5188),.PCURVE_S1.);
#5176 = CIRCLE('',#5177,8.99634240493);
#5177 = AXIS2_PLACEMENT_3D('',#5178,#5179,#5180);
#5178 = CARTESIAN_POINT('',(287.61347665471,-99.98228612723,12.1));
#5179 = DIRECTION('',(0.,0.,1.));
#5180 = DIRECTION('',(5.48987137278E-02,-0.998491928476,0.));
#5181 = PCURVE('',#72,#5182);
#5182 = DEFINITIONAL_REPRESENTATION('',(#5183),#5187);
#5183 = CIRCLE('',#5184,8.99634240493);
#5184 = AXIS2_PLACEMENT_2D('',#5185,#5186);
#5185 = CARTESIAN_POINT('',(90.876577825173,-27.24211464919));
#5186 = DIRECTION('',(5.48987137278E-02,-0.998491928476));
#5187 = ( GEOMETRIC_REPRESENTATION_CONTEXT(2) 
PARAMETRIC_REPRESENTATION_CONTEXT() REPRESENTATION_CONTEXT('2D SPACE',''
  ) );
#5188 = PCURVE('',#909,#5189);
#5189 = DEFINITIONAL_REPRESENTATION('',(#5190),#5194);
#5190 = LINE('',#5191,#5192);
#5191 = CARTESIAN_POINT('',(-0.,-12.1));
#5192 = VECTOR('',#5193,1.);
#5193 = DIRECTION('',(-1.,0.));
#5194 = ( GEOMETRIC_REPRESENTATION_CONTEXT(2) 
PARAMETRIC_REPRESENTATION_CONTEXT() REPRESENTATION_CONTEXT('2D SPACE',''
  ) );
#5195 = ORIENTED_EDGE('',*,*,#5196,.T.);
#5196 = EDGE_CURVE('',#5173,#5197,#5199,.T.);
#5197 = VERTEX_POINT('',#5198);
#5198 = CARTESIAN_POINT('',(296.59631140436,-43.33638571905,12.1));
#5199 = SURFACE_CURVE('',#5200,(#5204,#5211),.PCURVE_S1.);
#5200 = LINE('',#5201,#5202);
#5201 = CARTESIAN_POINT('',(296.60929611171,-100.0792859405,12.1));
#5202 = VECTOR('',#5203,1.);
#5203 = DIRECTION('',(-2.288340383252E-04,0.999999973817,0.));
#5204 = PCURVE('',#72,#5205);
#5205 = DEFINITIONAL_REPRESENTATION('',(#5206),#5210);
#5206 = LINE('',#5207,#5208);
#5207 = CARTESIAN_POINT('',(99.872397282174,-27.33911446252));
#5208 = VECTOR('',#5209,1.);
#5209 = DIRECTION('',(-2.288340383252E-04,0.999999973817));
#5210 = ( GEOMETRIC_REPRESENTATION_CONTEXT(2) 
PARAMETRIC_REPRESENTATION_CONTEXT() REPRESENTATION_CONTEXT('2D SPACE',''
  ) );
#5211 = PCURVE('',#937,#5212);
#5212 = DEFINITIONAL_REPRESENTATION('',(#5213),#5217);
#5213 = LINE('',#5214,#5215);
#5214 = CARTESIAN_POINT('',(0.,-12.1));
#5215 = VECTOR('',#5216,1.);
#5216 = DIRECTION('',(1.,0.));
#5217 = ( GEOMETRIC_REPRESENTATION_CONTEXT(2) 
PARAMETRIC_REPRESENTATION_CONTEXT() REPRESENTATION_CONTEXT('2D SPACE',''
  ) );
#5218 = ORIENTED_EDGE('',*,*,#5219,.T.);
#5219 = EDGE_CURVE('',#5197,#5220,#5222,.T.);
#5220 = VERTEX_POINT('',#5221);
#5221 = CARTESIAN_POINT('',(287.7108987425,-34.83444437314,12.1));
#5222 = SURFACE_CURVE('',#5223,(#5228,#5235),.PCURVE_S1.);
#5223 = CIRCLE('',#5224,8.996367231152);
#5224 = AXIS2_PLACEMENT_3D('',#5225,#5226,#5227);
#5225 = CARTESIAN_POINT('',(287.61351187551,-43.83028447598,12.1));
#5226 = DIRECTION('',(0.,0.,1.));
#5227 = DIRECTION('',(0.998491868779,5.489979946865E-02,-0.));
#5228 = PCURVE('',#72,#5229);
#5229 = DEFINITIONAL_REPRESENTATION('',(#5230),#5234);
#5230 = CIRCLE('',#5231,8.996367231152);
#5231 = AXIS2_PLACEMENT_2D('',#5232,#5233);
#5232 = CARTESIAN_POINT('',(90.876613045973,28.909887002058));
#5233 = DIRECTION('',(0.998491868779,5.489979946865E-02));
#5234 = ( GEOMETRIC_REPRESENTATION_CONTEXT(2) 
PARAMETRIC_REPRESENTATION_CONTEXT() REPRESENTATION_CONTEXT('2D SPACE',''
  ) );
#5235 = PCURVE('',#966,#5236);
#5236 = DEFINITIONAL_REPRESENTATION('',(#5237),#5241);
#5237 = LINE('',#5238,#5239);
#5238 = CARTESIAN_POINT('',(-0.,-12.1));
#5239 = VECTOR('',#5240,1.);
#5240 = DIRECTION('',(-1.,0.));
#5241 = ( GEOMETRIC_REPRESENTATION_CONTEXT(2) 
PARAMETRIC_REPRESENTATION_CONTEXT() REPRESENTATION_CONTEXT('2D SPACE',''
  ) );
#5242 = ORIENTED_EDGE('',*,*,#5243,.T.);
#5243 = EDGE_CURVE('',#5220,#5244,#5246,.T.);
#5244 = VERTEX_POINT('',#5245);
#5245 = CARTESIAN_POINT('',(266.90304378361,-34.82700556635,12.1));
#5246 = SURFACE_CURVE('',#5247,(#5251,#5258),.PCURVE_S1.);
#5247 = LINE('',#5248,#5249);
#5248 = CARTESIAN_POINT('',(287.7108987425,-34.83444437314,12.1));
#5249 = VECTOR('',#5250,1.);
#5250 = DIRECTION('',(-0.999999936097,3.574999121642E-04,0.));
#5251 = PCURVE('',#72,#5252);
#5252 = DEFINITIONAL_REPRESENTATION('',(#5253),#5257);
#5253 = LINE('',#5254,#5255);
#5254 = CARTESIAN_POINT('',(90.97399991297,37.905727104898));
#5255 = VECTOR('',#5256,1.);
#5256 = DIRECTION('',(-0.999999936097,3.574999121642E-04));
#5257 = ( GEOMETRIC_REPRESENTATION_CONTEXT(2) 
PARAMETRIC_REPRESENTATION_CONTEXT() REPRESENTATION_CONTEXT('2D SPACE',''
  ) );
#5258 = PCURVE('',#994,#5259);
#5259 = DEFINITIONAL_REPRESENTATION('',(#5260),#5264);
#5260 = LINE('',#5261,#5262);
#5261 = CARTESIAN_POINT('',(0.,-12.1));
#5262 = VECTOR('',#5263,1.);
#5263 = DIRECTION('',(1.,0.));
#5264 = ( GEOMETRIC_REPRESENTATION_CONTEXT(2) 
PARAMETRIC_REPRESENTATION_CONTEXT() REPRESENTATION_CONTEXT('2D SPACE',''
  ) );
#5265 = ORIENTED_EDGE('',*,*,#5266,.T.);
#5266 = EDGE_CURVE('',#5244,#5267,#5269,.T.);
#5267 = VERTEX_POINT('',#5268);
#5268 = CARTESIAN_POINT('',(254.17446692141,-31.29986431021,12.1));
#5269 = SURFACE_CURVE('',#5270,(#5275,#5286),.PCURVE_S1.);
#5270 = CIRCLE('',#5271,25.18125548189);
#5271 = AXIS2_PLACEMENT_3D('',#5272,#5273,#5274);
#5272 = CARTESIAN_POINT('',(267.02780696474,-9.646059162515,12.1));
#5273 = DIRECTION('',(0.,0.,-1.));
#5274 = DIRECTION('',(-4.954605270559E-03,-0.999987725868,-0.));
#5275 = PCURVE('',#72,#5276);
#5276 = DEFINITIONAL_REPRESENTATION('',(#5277),#5285);
#5277 = ( BOUNDED_CURVE() B_SPLINE_CURVE(2,(#5278,#5279,#5280,#5281,
#5282,#5283,#5284),.UNSPECIFIED.,.T.,.F.) B_SPLINE_CURVE_WITH_KNOTS((1,2
    ,2,2,2,1),(-2.094395102393,0.,2.094395102393,4.188790204786,
6.28318530718,8.377580409573),.UNSPECIFIED.) CURVE() 
GEOMETRIC_REPRESENTATION_ITEM() RATIONAL_B_SPLINE_CURVE((1.,0.5,1.,0.5,
1.,0.5,1.)) REPRESENTATION_ITEM('') );
#5278 = CARTESIAN_POINT('',(70.166144954079,37.913165911694));
#5279 = CARTESIAN_POINT('',(26.551466399966,38.129262080324));
#5280 = CARTESIAN_POINT('',(48.545950448717,75.792633601763));
#5281 = CARTESIAN_POINT('',(70.540434497469,113.4560051232));
#5282 = CARTESIAN_POINT('',(92.16062900283,75.576537433132));
#5283 = CARTESIAN_POINT('',(113.78082350819,37.697069743063));
#5284 = CARTESIAN_POINT('',(70.166144954079,37.913165911694));
#5285 = ( GEOMETRIC_REPRESENTATION_CONTEXT(2) 
PARAMETRIC_REPRESENTATION_CONTEXT() REPRESENTATION_CONTEXT('2D SPACE',''
  ) );
#5286 = PCURVE('',#1027,#5287);
#5287 = DEFINITIONAL_REPRESENTATION('',(#5288),#5292);
#5288 = LINE('',#5289,#5290);
#5289 = CARTESIAN_POINT('',(0.,-12.1));
#5290 = VECTOR('',#5291,1.);
#5291 = DIRECTION('',(1.,0.));
#5292 = ( GEOMETRIC_REPRESENTATION_CONTEXT(2) 
PARAMETRIC_REPRESENTATION_CONTEXT() REPRESENTATION_CONTEXT('2D SPACE',''
  ) );
#5293 = ORIENTED_EDGE('',*,*,#5294,.T.);
#5294 = EDGE_CURVE('',#5267,#5295,#5297,.T.);
#5295 = VERTEX_POINT('',#5296);
#5296 = CARTESIAN_POINT('',(249.73484742239,-30.07193202847,12.1));
#5297 = SURFACE_CURVE('',#5298,(#5303,#5310),.PCURVE_S1.);
#5298 = CIRCLE('',#5299,8.996095736618);
#5299 = AXIS2_PLACEMENT_3D('',#5300,#5301,#5302);
#5300 = CARTESIAN_POINT('',(249.63643451487,-39.06748945433,12.1));
#5301 = DIRECTION('',(0.,0.,1.));
#5302 = DIRECTION('',(0.504444654593,0.863444028558,-0.));
#5303 = PCURVE('',#72,#5304);
#5304 = DEFINITIONAL_REPRESENTATION('',(#5305),#5309);
#5305 = CIRCLE('',#5306,8.996095736618);
#5306 = AXIS2_PLACEMENT_2D('',#5307,#5308);
#5307 = CARTESIAN_POINT('',(52.899535685336,33.672682023706));
#5308 = DIRECTION('',(0.504444654593,0.863444028558));
#5309 = ( GEOMETRIC_REPRESENTATION_CONTEXT(2) 
PARAMETRIC_REPRESENTATION_CONTEXT() REPRESENTATION_CONTEXT('2D SPACE',''
  ) );
#5310 = PCURVE('',#1056,#5311);
#5311 = DEFINITIONAL_REPRESENTATION('',(#5312),#5316);
#5312 = LINE('',#5313,#5314);
#5313 = CARTESIAN_POINT('',(-0.,-12.1));
#5314 = VECTOR('',#5315,1.);
#5315 = DIRECTION('',(-1.,0.));
#5316 = ( GEOMETRIC_REPRESENTATION_CONTEXT(2) 
PARAMETRIC_REPRESENTATION_CONTEXT() REPRESENTATION_CONTEXT('2D SPACE',''
  ) );
#5317 = ORIENTED_EDGE('',*,*,#5318,.T.);
#5318 = EDGE_CURVE('',#5295,#5319,#5321,.T.);
#5319 = VERTEX_POINT('',#5320);
#5320 = CARTESIAN_POINT('',(243.34777989297,-30.06553476092,12.1));
#5321 = SURFACE_CURVE('',#5322,(#5326,#5333),.PCURVE_S1.);
#5322 = LINE('',#5323,#5324);
#5323 = CARTESIAN_POINT('',(249.73484742239,-30.07193202847,12.1));
#5324 = VECTOR('',#5325,1.);
#5325 = DIRECTION('',(-0.999999498402,1.001596477739E-03,0.));
#5326 = PCURVE('',#72,#5327);
#5327 = DEFINITIONAL_REPRESENTATION('',(#5328),#5332);
#5328 = LINE('',#5329,#5330);
#5329 = CARTESIAN_POINT('',(52.997948592853,42.66823944957));
#5330 = VECTOR('',#5331,1.);
#5331 = DIRECTION('',(-0.999999498402,1.001596477739E-03));
#5332 = ( GEOMETRIC_REPRESENTATION_CONTEXT(2) 
PARAMETRIC_REPRESENTATION_CONTEXT() REPRESENTATION_CONTEXT('2D SPACE',''
  ) );
#5333 = PCURVE('',#1084,#5334);
#5334 = DEFINITIONAL_REPRESENTATION('',(#5335),#5339);
#5335 = LINE('',#5336,#5337);
#5336 = CARTESIAN_POINT('',(0.,-12.1));
#5337 = VECTOR('',#5338,1.);
#5338 = DIRECTION('',(1.,0.));
#5339 = ( GEOMETRIC_REPRESENTATION_CONTEXT(2) 
PARAMETRIC_REPRESENTATION_CONTEXT() REPRESENTATION_CONTEXT('2D SPACE',''
  ) );
#5340 = ORIENTED_EDGE('',*,*,#5341,.T.);
#5341 = EDGE_CURVE('',#5319,#5342,#5344,.T.);
#5342 = VERTEX_POINT('',#5343);
#5343 = CARTESIAN_POINT('',(234.15312279868,-28.28680484863,12.1));
#5344 = SURFACE_CURVE('',#5345,(#5350,#5361),.PCURVE_S1.);
#5345 = CIRCLE('',#5346,25.285822224066);
#5346 = AXIS2_PLACEMENT_3D('',#5347,#5348,#5349);
#5347 = CARTESIAN_POINT('',(243.46995125426,-4.780007681081,12.1));
#5348 = DIRECTION('',(0.,0.,-1.));
#5349 = DIRECTION('',(-4.831615132105E-03,-0.999988327679,-0.));
#5350 = PCURVE('',#72,#5351);
#5351 = DEFINITIONAL_REPRESENTATION('',(#5352),#5360);
#5352 = ( BOUNDED_CURVE() B_SPLINE_CURVE(2,(#5353,#5354,#5355,#5356,
#5357,#5358,#5359),.UNSPECIFIED.,.T.,.F.) B_SPLINE_CURVE_WITH_KNOTS((1,2
    ,2,2,2,1),(-2.094395102393,0.,2.094395102393,4.188790204786,
6.28318530718,8.377580409573),.UNSPECIFIED.) CURVE() 
GEOMETRIC_REPRESENTATION_ITEM() RATIONAL_B_SPLINE_CURVE((1.,0.5,1.,0.5,
1.,0.5,1.)) REPRESENTATION_ITEM('') );
#5353 = CARTESIAN_POINT('',(46.610881063437,42.674636717119));
#5354 = CARTESIAN_POINT('',(2.815063464988,42.886243722096));
#5355 = CARTESIAN_POINT('',(24.896229306141,80.708730839374));
#5356 = CARTESIAN_POINT('',(46.977395147293,118.53121795665));
#5357 = CARTESIAN_POINT('',(68.69204690459,80.497123834397));
#5358 = CARTESIAN_POINT('',(90.406698661886,42.463029712143));
#5359 = CARTESIAN_POINT('',(46.610881063437,42.674636717119));
#5360 = ( GEOMETRIC_REPRESENTATION_CONTEXT(2) 
PARAMETRIC_REPRESENTATION_CONTEXT() REPRESENTATION_CONTEXT('2D SPACE',''
  ) );
#5361 = PCURVE('',#1117,#5362);
#5362 = DEFINITIONAL_REPRESENTATION('',(#5363),#5367);
#5363 = LINE('',#5364,#5365);
#5364 = CARTESIAN_POINT('',(0.,-12.1));
#5365 = VECTOR('',#5366,1.);
#5366 = DIRECTION('',(1.,0.));
#5367 = ( GEOMETRIC_REPRESENTATION_CONTEXT(2) 
PARAMETRIC_REPRESENTATION_CONTEXT() REPRESENTATION_CONTEXT('2D SPACE',''
  ) );
#5368 = ORIENTED_EDGE('',*,*,#5369,.T.);
#5369 = EDGE_CURVE('',#5342,#144,#5370,.T.);
#5370 = SURFACE_CURVE('',#5371,(#5376,#5383),.PCURVE_S1.);
#5371 = CIRCLE('',#5372,9.15823775267);
#5372 = AXIS2_PLACEMENT_3D('',#5373,#5374,#5375);
#5373 = CARTESIAN_POINT('',(230.88317508921,-36.8413802742,12.1));
#5374 = DIRECTION('',(0.,0.,1.));
#5375 = DIRECTION('',(0.35704988206,0.934085318224,-0.));
#5376 = PCURVE('',#72,#5377);
#5377 = DEFINITIONAL_REPRESENTATION('',(#5378),#5382);
#5378 = CIRCLE('',#5379,9.15823775267);
#5379 = AXIS2_PLACEMENT_2D('',#5380,#5381);
#5380 = CARTESIAN_POINT('',(34.146276259674,35.898791203842));
#5381 = DIRECTION('',(0.35704988206,0.934085318224));
#5382 = ( GEOMETRIC_REPRESENTATION_CONTEXT(2) 
PARAMETRIC_REPRESENTATION_CONTEXT() REPRESENTATION_CONTEXT('2D SPACE',''
  ) );
#5383 = PCURVE('',#159,#5384);
#5384 = DEFINITIONAL_REPRESENTATION('',(#5385),#5389);
#5385 = LINE('',#5386,#5387);
#5386 = CARTESIAN_POINT('',(-0.,-12.1));
#5387 = VECTOR('',#5388,1.);
#5388 = DIRECTION('',(-1.,0.));
#5389 = ( GEOMETRIC_REPRESENTATION_CONTEXT(2) 
PARAMETRIC_REPRESENTATION_CONTEXT() REPRESENTATION_CONTEXT('2D SPACE',''
  ) );
#5390 = FACE_BOUND('',#5391,.T.);
#5391 = EDGE_LOOP('',(#5392));
#5392 = ORIENTED_EDGE('',*,*,#5393,.F.);
#5393 = EDGE_CURVE('',#5394,#5394,#5396,.T.);
#5394 = VERTEX_POINT('',#5395);
#5395 = CARTESIAN_POINT('',(169.55189014134,-133.3657094118,12.1));
#5396 = SURFACE_CURVE('',#5397,(#5402,#5409),.PCURVE_S1.);
#5397 = CIRCLE('',#5398,1.7);
#5398 = AXIS2_PLACEMENT_3D('',#5399,#5400,#5401);
#5399 = CARTESIAN_POINT('',(167.85189014134,-133.3657094118,12.1));
#5400 = DIRECTION('',(0.,0.,1.));
#5401 = DIRECTION('',(1.,0.,-0.));
#5402 = PCURVE('',#72,#5403);
#5403 = DEFINITIONAL_REPRESENTATION('',(#5404),#5408);
#5404 = CIRCLE('',#5405,1.7);
#5405 = AXIS2_PLACEMENT_2D('',#5406,#5407);
#5406 = CARTESIAN_POINT('',(-28.88500868819,-60.62553793376));
#5407 = DIRECTION('',(1.,0.));
#5408 = ( GEOMETRIC_REPRESENTATION_CONTEXT(2) 
PARAMETRIC_REPRESENTATION_CONTEXT() REPRESENTATION_CONTEXT('2D SPACE',''
  ) );
#5409 = PCURVE('',#5410,#5415);
#5410 = CYLINDRICAL_SURFACE('',#5411,1.7);
#5411 = AXIS2_PLACEMENT_3D('',#5412,#5413,#5414);
#5412 = CARTESIAN_POINT('',(167.85189014134,-133.3657094118,-1.));
#5413 = DIRECTION('',(0.,0.,1.));
#5414 = DIRECTION('',(1.,0.,-0.));
#5415 = DEFINITIONAL_REPRESENTATION('',(#5416),#5420);
#5416 = LINE('',#5417,#5418);
#5417 = CARTESIAN_POINT('',(0.,13.1));
#5418 = VECTOR('',#5419,1.);
#5419 = DIRECTION('',(1.,0.));
#5420 = ( GEOMETRIC_REPRESENTATION_CONTEXT(2) 
PARAMETRIC_REPRESENTATION_CONTEXT() REPRESENTATION_CONTEXT('2D SPACE',''
  ) );
#5421 = FACE_BOUND('',#5422,.T.);
#5422 = EDGE_LOOP('',(#5423));
#5423 = ORIENTED_EDGE('',*,*,#5424,.F.);
#5424 = EDGE_CURVE('',#5425,#5425,#5427,.T.);
#5425 = VERTEX_POINT('',#5426);
#5426 = CARTESIAN_POINT('',(202.61118222068,-122.4450797957,12.1));
#5427 = SURFACE_CURVE('',#5428,(#5433,#5440),.PCURVE_S1.);
#5428 = CIRCLE('',#5429,1.7);
#5429 = AXIS2_PLACEMENT_3D('',#5430,#5431,#5432);
#5430 = CARTESIAN_POINT('',(200.91118222068,-122.4450797957,12.1));
#5431 = DIRECTION('',(0.,0.,1.));
#5432 = DIRECTION('',(1.,0.,-0.));
#5433 = PCURVE('',#72,#5434);
#5434 = DEFINITIONAL_REPRESENTATION('',(#5435),#5439);
#5435 = CIRCLE('',#5436,1.7);
#5436 = AXIS2_PLACEMENT_2D('',#5437,#5438);
#5437 = CARTESIAN_POINT('',(4.174283391144,-49.70490831775));
#5438 = DIRECTION('',(1.,0.));
#5439 = ( GEOMETRIC_REPRESENTATION_CONTEXT(2) 
PARAMETRIC_REPRESENTATION_CONTEXT() REPRESENTATION_CONTEXT('2D SPACE',''
  ) );
#5440 = PCURVE('',#5441,#5446);
#5441 = CYLINDRICAL_SURFACE('',#5442,1.7);
#5442 = AXIS2_PLACEMENT_3D('',#5443,#5444,#5445);
#5443 = CARTESIAN_POINT('',(200.91118222068,-122.4450797957,-1.));
#5444 = DIRECTION('',(0.,0.,1.));
#5445 = DIRECTION('',(1.,0.,-0.));
#5446 = DEFINITIONAL_REPRESENTATION('',(#5447),#5451);
#5447 = LINE('',#5448,#5449);
#5448 = CARTESIAN_POINT('',(0.,13.1));
#5449 = VECTOR('',#5450,1.);
#5450 = DIRECTION('',(1.,0.));
#5451 = ( GEOMETRIC_REPRESENTATION_CONTEXT(2) 
PARAMETRIC_REPRESENTATION_CONTEXT() REPRESENTATION_CONTEXT('2D SPACE',''
  ) );
#5452 = FACE_BOUND('',#5453,.T.);
#5453 = EDGE_LOOP('',(#5454));
#5454 = ORIENTED_EDGE('',*,*,#5455,.F.);
#5455 = EDGE_CURVE('',#5456,#5456,#5458,.T.);
#5456 = VERTEX_POINT('',#5457);
#5457 = CARTESIAN_POINT('',(228.01250000018,-100.1598284082,12.1));
#5458 = SURFACE_CURVE('',#5459,(#5464,#5471),.PCURVE_S1.);
#5459 = CIRCLE('',#5460,1.7);
#5460 = AXIS2_PLACEMENT_3D('',#5461,#5462,#5463);
#5461 = CARTESIAN_POINT('',(226.31250000018,-100.1598284082,12.1));
#5462 = DIRECTION('',(0.,0.,1.));
#5463 = DIRECTION('',(1.,0.,-0.));
#5464 = PCURVE('',#72,#5465);
#5465 = DEFINITIONAL_REPRESENTATION('',(#5466),#5470);
#5466 = CIRCLE('',#5467,1.7);
#5467 = AXIS2_PLACEMENT_2D('',#5468,#5469);
#5468 = CARTESIAN_POINT('',(29.575601170648,-27.41965693016));
#5469 = DIRECTION('',(1.,0.));
#5470 = ( GEOMETRIC_REPRESENTATION_CONTEXT(2) 
PARAMETRIC_REPRESENTATION_CONTEXT() REPRESENTATION_CONTEXT('2D SPACE',''
  ) );
#5471 = PCURVE('',#5472,#5477);
#5472 = CYLINDRICAL_SURFACE('',#5473,1.7);
#5473 = AXIS2_PLACEMENT_3D('',#5474,#5475,#5476);
#5474 = CARTESIAN_POINT('',(226.31250000018,-100.1598284082,-1.));
#5475 = DIRECTION('',(0.,0.,1.));
#5476 = DIRECTION('',(1.,0.,-0.));
#5477 = DEFINITIONAL_REPRESENTATION('',(#5478),#5482);
#5478 = LINE('',#5479,#5480);
#5479 = CARTESIAN_POINT('',(0.,13.1));
#5480 = VECTOR('',#5481,1.);
#5481 = DIRECTION('',(1.,0.));
#5482 = ( GEOMETRIC_REPRESENTATION_CONTEXT(2) 
PARAMETRIC_REPRESENTATION_CONTEXT() REPRESENTATION_CONTEXT('2D SPACE',''
  ) );
#5483 = FACE_BOUND('',#5484,.T.);
#5484 = EDGE_LOOP('',(#5485));
#5485 = ORIENTED_EDGE('',*,*,#5486,.F.);
#5486 = EDGE_CURVE('',#5487,#5487,#5489,.T.);
#5487 = VERTEX_POINT('',#5488);
#5488 = CARTESIAN_POINT('',(260.61763420165,-105.3562500066,12.1));
#5489 = SURFACE_CURVE('',#5490,(#5495,#5502),.PCURVE_S1.);
#5490 = CIRCLE('',#5491,1.7);
#5491 = AXIS2_PLACEMENT_3D('',#5492,#5493,#5494);
#5492 = CARTESIAN_POINT('',(258.91763420165,-105.3562500066,12.1));
#5493 = DIRECTION('',(0.,0.,1.));
#5494 = DIRECTION('',(1.,0.,-0.));
#5495 = PCURVE('',#72,#5496);
#5496 = DEFINITIONAL_REPRESENTATION('',(#5497),#5501);
#5497 = CIRCLE('',#5498,1.7);
#5498 = AXIS2_PLACEMENT_2D('',#5499,#5500);
#5499 = CARTESIAN_POINT('',(62.180735372112,-32.6160785286));
#5500 = DIRECTION('',(1.,0.));
#5501 = ( GEOMETRIC_REPRESENTATION_CONTEXT(2) 
PARAMETRIC_REPRESENTATION_CONTEXT() REPRESENTATION_CONTEXT('2D SPACE',''
  ) );
#5502 = PCURVE('',#5503,#5508);
#5503 = CYLINDRICAL_SURFACE('',#5504,1.7);
#5504 = AXIS2_PLACEMENT_3D('',#5505,#5506,#5507);
#5505 = CARTESIAN_POINT('',(258.91763420165,-105.3562500066,-1.));
#5506 = DIRECTION('',(0.,0.,1.));
#5507 = DIRECTION('',(1.,0.,-0.));
#5508 = DEFINITIONAL_REPRESENTATION('',(#5509),#5513);
#5509 = LINE('',#5510,#5511);
#5510 = CARTESIAN_POINT('',(0.,13.1));
#5511 = VECTOR('',#5512,1.);
#5512 = DIRECTION('',(1.,0.));
#5513 = ( GEOMETRIC_REPRESENTATION_CONTEXT(2) 
PARAMETRIC_REPRESENTATION_CONTEXT() REPRESENTATION_CONTEXT('2D SPACE',''
  ) );
#5514 = FACE_BOUND('',#5515,.T.);
#5515 = EDGE_LOOP('',(#5516));
#5516 = ORIENTED_EDGE('',*,*,#5517,.F.);
#5517 = EDGE_CURVE('',#5518,#5518,#5520,.T.);
#5518 = VERTEX_POINT('',#5519);
#5519 = CARTESIAN_POINT('',(293.79692776023,-102.9422195671,12.1));
#5520 = SURFACE_CURVE('',#5521,(#5526,#5533),.PCURVE_S1.);
#5521 = CIRCLE('',#5522,1.7);
#5522 = AXIS2_PLACEMENT_3D('',#5523,#5524,#5525);
#5523 = CARTESIAN_POINT('',(292.09692776023,-102.9422195671,12.1));
#5524 = DIRECTION('',(0.,0.,1.));
#5525 = DIRECTION('',(1.,0.,-0.));
#5526 = PCURVE('',#72,#5527);
#5527 = DEFINITIONAL_REPRESENTATION('',(#5528),#5532);
#5528 = CIRCLE('',#5529,1.7);
#5529 = AXIS2_PLACEMENT_2D('',#5530,#5531);
#5530 = CARTESIAN_POINT('',(95.360028930693,-30.20204808909));
#5531 = DIRECTION('',(1.,0.));
#5532 = ( GEOMETRIC_REPRESENTATION_CONTEXT(2) 
PARAMETRIC_REPRESENTATION_CONTEXT() REPRESENTATION_CONTEXT('2D SPACE',''
  ) );
#5533 = PCURVE('',#5534,#5539);
#5534 = CYLINDRICAL_SURFACE('',#5535,1.7);
#5535 = AXIS2_PLACEMENT_3D('',#5536,#5537,#5538);
#5536 = CARTESIAN_POINT('',(292.09692776023,-102.9422195671,-1.));
#5537 = DIRECTION('',(0.,0.,1.));
#5538 = DIRECTION('',(1.,0.,-0.));
#5539 = DEFINITIONAL_REPRESENTATION('',(#5540),#5544);
#5540 = LINE('',#5541,#5542);
#5541 = CARTESIAN_POINT('',(0.,13.1));
#5542 = VECTOR('',#5543,1.);
#5543 = DIRECTION('',(1.,0.));
#5544 = ( GEOMETRIC_REPRESENTATION_CONTEXT(2) 
PARAMETRIC_REPRESENTATION_CONTEXT() REPRESENTATION_CONTEXT('2D SPACE',''
  ) );
#5545 = FACE_BOUND('',#5546,.T.);
#5546 = EDGE_LOOP('',(#5547));
#5547 = ORIENTED_EDGE('',*,*,#5548,.F.);
#5548 = EDGE_CURVE('',#5549,#5549,#5551,.T.);
#5549 = VERTEX_POINT('',#5550);
#5550 = CARTESIAN_POINT('',(151.5875,-24.81768431614,12.1));
#5551 = SURFACE_CURVE('',#5552,(#5557,#5564),.PCURVE_S1.);
#5552 = CIRCLE('',#5553,1.7);
#5553 = AXIS2_PLACEMENT_3D('',#5554,#5555,#5556);
#5554 = CARTESIAN_POINT('',(149.8875,-24.81768431614,12.1));
#5555 = DIRECTION('',(0.,0.,1.));
#5556 = DIRECTION('',(1.,0.,-0.));
#5557 = PCURVE('',#72,#5558);
#5558 = DEFINITIONAL_REPRESENTATION('',(#5559),#5563);
#5559 = CIRCLE('',#5560,1.7);
#5560 = AXIS2_PLACEMENT_2D('',#5561,#5562);
#5561 = CARTESIAN_POINT('',(-46.84939882953,47.922487161899));
#5562 = DIRECTION('',(1.,0.));
#5563 = ( GEOMETRIC_REPRESENTATION_CONTEXT(2) 
PARAMETRIC_REPRESENTATION_CONTEXT() REPRESENTATION_CONTEXT('2D SPACE',''
  ) );
#5564 = PCURVE('',#5565,#5570);
#5565 = CYLINDRICAL_SURFACE('',#5566,1.7);
#5566 = AXIS2_PLACEMENT_3D('',#5567,#5568,#5569);
#5567 = CARTESIAN_POINT('',(149.8875,-24.81768431614,-1.));
#5568 = DIRECTION('',(0.,0.,1.));
#5569 = DIRECTION('',(1.,0.,-0.));
#5570 = DEFINITIONAL_REPRESENTATION('',(#5571),#5575);
#5571 = LINE('',#5572,#5573);
#5572 = CARTESIAN_POINT('',(0.,13.1));
#5573 = VECTOR('',#5574,1.);
#5574 = DIRECTION('',(1.,0.));
#5575 = ( GEOMETRIC_REPRESENTATION_CONTEXT(2) 
PARAMETRIC_REPRESENTATION_CONTEXT() REPRESENTATION_CONTEXT('2D SPACE',''
  ) );
#5576 = FACE_BOUND('',#5577,.T.);
#5577 = EDGE_LOOP('',(#5578));
#5578 = ORIENTED_EDGE('',*,*,#5579,.F.);
#5579 = EDGE_CURVE('',#5580,#5580,#5582,.T.);
#5580 = VERTEX_POINT('',#5581);
#5581 = CARTESIAN_POINT('',(239.34211901703,-33.69374999882,12.1));
#5582 = SURFACE_CURVE('',#5583,(#5588,#5595),.PCURVE_S1.);
#5583 = CIRCLE('',#5584,1.7);
#5584 = AXIS2_PLACEMENT_3D('',#5585,#5586,#5587);
#5585 = CARTESIAN_POINT('',(237.64211901703,-33.69374999882,12.1));
#5586 = DIRECTION('',(0.,0.,1.));
#5587 = DIRECTION('',(1.,0.,-0.));
#5588 = PCURVE('',#72,#5589);
#5589 = DEFINITIONAL_REPRESENTATION('',(#5590),#5594);
#5590 = CIRCLE('',#5591,1.7);
#5591 = AXIS2_PLACEMENT_2D('',#5592,#5593);
#5592 = CARTESIAN_POINT('',(40.905220187499,39.046421479223));
#5593 = DIRECTION('',(1.,0.));
#5594 = ( GEOMETRIC_REPRESENTATION_CONTEXT(2) 
PARAMETRIC_REPRESENTATION_CONTEXT() REPRESENTATION_CONTEXT('2D SPACE',''
  ) );
#5595 = PCURVE('',#5596,#5601);
#5596 = CYLINDRICAL_SURFACE('',#5597,1.7);
#5597 = AXIS2_PLACEMENT_3D('',#5598,#5599,#5600);
#5598 = CARTESIAN_POINT('',(237.64211901703,-33.69374999882,-1.));
#5599 = DIRECTION('',(0.,0.,1.));
#5600 = DIRECTION('',(1.,0.,-0.));
#5601 = DEFINITIONAL_REPRESENTATION('',(#5602),#5606);
#5602 = LINE('',#5603,#5604);
#5603 = CARTESIAN_POINT('',(0.,13.1));
#5604 = VECTOR('',#5605,1.);
#5605 = DIRECTION('',(1.,0.));
#5606 = ( GEOMETRIC_REPRESENTATION_CONTEXT(2) 
PARAMETRIC_REPRESENTATION_CONTEXT() REPRESENTATION_CONTEXT('2D SPACE',''
  ) );
#5607 = FACE_BOUND('',#5608,.T.);
#5608 = EDGE_LOOP('',(#5609));
#5609 = ORIENTED_EDGE('',*,*,#5610,.F.);
#5610 = EDGE_CURVE('',#5611,#5611,#5613,.T.);
#5611 = VERTEX_POINT('',#5612);
#5612 = CARTESIAN_POINT('',(294.68750000034,-46.11720669061,12.1));
#5613 = SURFACE_CURVE('',#5614,(#5619,#5626),.PCURVE_S1.);
#5614 = CIRCLE('',#5615,1.7);
#5615 = AXIS2_PLACEMENT_3D('',#5616,#5617,#5618);
#5616 = CARTESIAN_POINT('',(292.98750000034,-46.11720669061,12.1));
#5617 = DIRECTION('',(0.,0.,1.));
#5618 = DIRECTION('',(1.,0.,-0.));
#5619 = PCURVE('',#72,#5620);
#5620 = DEFINITIONAL_REPRESENTATION('',(#5621),#5625);
#5621 = CIRCLE('',#5622,1.7);
#5622 = AXIS2_PLACEMENT_2D('',#5623,#5624);
#5623 = CARTESIAN_POINT('',(96.250601170805,26.622964787432));
#5624 = DIRECTION('',(1.,0.));
#5625 = ( GEOMETRIC_REPRESENTATION_CONTEXT(2) 
PARAMETRIC_REPRESENTATION_CONTEXT() REPRESENTATION_CONTEXT('2D SPACE',''
  ) );
#5626 = PCURVE('',#5627,#5632);
#5627 = CYLINDRICAL_SURFACE('',#5628,1.7);
#5628 = AXIS2_PLACEMENT_3D('',#5629,#5630,#5631);
#5629 = CARTESIAN_POINT('',(292.98750000034,-46.11720669061,-1.));
#5630 = DIRECTION('',(0.,0.,1.));
#5631 = DIRECTION('',(1.,0.,-0.));
#5632 = DEFINITIONAL_REPRESENTATION('',(#5633),#5637);
#5633 = LINE('',#5634,#5635);
#5634 = CARTESIAN_POINT('',(0.,13.1));
#5635 = VECTOR('',#5636,1.);
#5636 = DIRECTION('',(1.,0.));
#5637 = ( GEOMETRIC_REPRESENTATION_CONTEXT(2) 
PARAMETRIC_REPRESENTATION_CONTEXT() REPRESENTATION_CONTEXT('2D SPACE',''
  ) );
#5638 = ADVANCED_FACE('',(#5639),#159,.T.);
#5639 = FACE_BOUND('',#5640,.F.);
#5640 = EDGE_LOOP('',(#5641,#5662,#5663,#5664));
#5641 = ORIENTED_EDGE('',*,*,#5642,.T.);
#5642 = EDGE_CURVE('',#1097,#5342,#5643,.T.);
#5643 = SURFACE_CURVE('',#5644,(#5648,#5655),.PCURVE_S1.);
#5644 = LINE('',#5645,#5646);
#5645 = CARTESIAN_POINT('',(234.15312279868,-28.28680484863,0.));
#5646 = VECTOR('',#5647,1.);
#5647 = DIRECTION('',(0.,0.,1.));
#5648 = PCURVE('',#159,#5649);
#5649 = DEFINITIONAL_REPRESENTATION('',(#5650),#5654);
#5650 = LINE('',#5651,#5652);
#5651 = CARTESIAN_POINT('',(-0.,0.));
#5652 = VECTOR('',#5653,1.);
#5653 = DIRECTION('',(-0.,-1.));
#5654 = ( GEOMETRIC_REPRESENTATION_CONTEXT(2) 
PARAMETRIC_REPRESENTATION_CONTEXT() REPRESENTATION_CONTEXT('2D SPACE',''
  ) );
#5655 = PCURVE('',#1117,#5656);
#5656 = DEFINITIONAL_REPRESENTATION('',(#5657),#5661);
#5657 = LINE('',#5658,#5659);
#5658 = CARTESIAN_POINT('',(0.372520905569,0.));
#5659 = VECTOR('',#5660,1.);
#5660 = DIRECTION('',(0.,-1.));
#5661 = ( GEOMETRIC_REPRESENTATION_CONTEXT(2) 
PARAMETRIC_REPRESENTATION_CONTEXT() REPRESENTATION_CONTEXT('2D SPACE',''
  ) );
#5662 = ORIENTED_EDGE('',*,*,#5369,.T.);
#5663 = ORIENTED_EDGE('',*,*,#141,.F.);
#5664 = ORIENTED_EDGE('',*,*,#1129,.F.);
#5665 = ADVANCED_FACE('',(#5666,#5817,#5848,#5879),#268,.F.);
#5666 = FACE_BOUND('',#5667,.F.);
#5667 = EDGE_LOOP('',(#5668,#5669,#5670,#5671,#5692,#5721,#5747,#5776,
    #5795,#5796));
#5668 = ORIENTED_EDGE('',*,*,#307,.F.);
#5669 = ORIENTED_EDGE('',*,*,#252,.T.);
#5670 = ORIENTED_EDGE('',*,*,#1528,.T.);
#5671 = ORIENTED_EDGE('',*,*,#5672,.F.);
#5672 = EDGE_CURVE('',#5673,#1529,#5675,.T.);
#5673 = VERTEX_POINT('',#5674);
#5674 = CARTESIAN_POINT('',(182.5125,-20.85,5.3));
#5675 = SURFACE_CURVE('',#5676,(#5680,#5686),.PCURVE_S1.);
#5676 = LINE('',#5677,#5678);
#5677 = CARTESIAN_POINT('',(182.5125,-20.85,2.65));
#5678 = VECTOR('',#5679,1.);
#5679 = DIRECTION('',(0.,0.,1.));
#5680 = PCURVE('',#268,#5681);
#5681 = DEFINITIONAL_REPRESENTATION('',(#5682),#5685);
#5682 = B_SPLINE_CURVE_WITH_KNOTS('',1,(#5683,#5684),.UNSPECIFIED.,.F.,
  .F.,(2,2),(2.65,9.45),.PIECEWISE_BEZIER_KNOTS.);
#5683 = CARTESIAN_POINT('',(32.218417225023,-5.3));
#5684 = CARTESIAN_POINT('',(32.218417225023,-12.1));
#5685 = ( GEOMETRIC_REPRESENTATION_CONTEXT(2) 
PARAMETRIC_REPRESENTATION_CONTEXT() REPRESENTATION_CONTEXT('2D SPACE',''
  ) );
#5686 = PCURVE('',#1566,#5687);
#5687 = DEFINITIONAL_REPRESENTATION('',(#5688),#5691);
#5688 = B_SPLINE_CURVE_WITH_KNOTS('',1,(#5689,#5690),.UNSPECIFIED.,.F.,
  .F.,(2,2),(2.65,9.45),.PIECEWISE_BEZIER_KNOTS.);
#5689 = CARTESIAN_POINT('',(0.,-0.55));
#5690 = CARTESIAN_POINT('',(6.8,-0.55));
#5691 = ( GEOMETRIC_REPRESENTATION_CONTEXT(2) 
PARAMETRIC_REPRESENTATION_CONTEXT() REPRESENTATION_CONTEXT('2D SPACE',''
  ) );
#5692 = ORIENTED_EDGE('',*,*,#5693,.F.);
#5693 = EDGE_CURVE('',#5694,#5673,#5696,.T.);
#5694 = VERTEX_POINT('',#5695);
#5695 = CARTESIAN_POINT('',(181.5125,-20.85,4.3));
#5696 = SURFACE_CURVE('',#5697,(#5702,#5709),.PCURVE_S1.);
#5697 = CIRCLE('',#5698,1.);
#5698 = AXIS2_PLACEMENT_3D('',#5699,#5700,#5701);
#5699 = CARTESIAN_POINT('',(181.5125,-20.85,5.3));
#5700 = DIRECTION('',(-0.,-1.,0.));
#5701 = DIRECTION('',(-1.,0.,0.));
#5702 = PCURVE('',#268,#5703);
#5703 = DEFINITIONAL_REPRESENTATION('',(#5704),#5708);
#5704 = CIRCLE('',#5705,1.);
#5705 = AXIS2_PLACEMENT_2D('',#5706,#5707);
#5706 = CARTESIAN_POINT('',(33.218417225023,-5.3));
#5707 = DIRECTION('',(1.,0.));
#5708 = ( GEOMETRIC_REPRESENTATION_CONTEXT(2) 
PARAMETRIC_REPRESENTATION_CONTEXT() REPRESENTATION_CONTEXT('2D SPACE',''
  ) );
#5709 = PCURVE('',#5710,#5715);
#5710 = CYLINDRICAL_SURFACE('',#5711,1.);
#5711 = AXIS2_PLACEMENT_3D('',#5712,#5713,#5714);
#5712 = CARTESIAN_POINT('',(181.5125,-21.4,5.3));
#5713 = DIRECTION('',(-0.,-1.,0.));
#5714 = DIRECTION('',(-1.,0.,0.));
#5715 = DEFINITIONAL_REPRESENTATION('',(#5716),#5720);
#5716 = LINE('',#5717,#5718);
#5717 = CARTESIAN_POINT('',(-6.28318530718,-0.55));
#5718 = VECTOR('',#5719,1.);
#5719 = DIRECTION('',(1.,-0.));
#5720 = ( GEOMETRIC_REPRESENTATION_CONTEXT(2) 
PARAMETRIC_REPRESENTATION_CONTEXT() REPRESENTATION_CONTEXT('2D SPACE',''
  ) );
#5721 = ORIENTED_EDGE('',*,*,#5722,.F.);
#5722 = EDGE_CURVE('',#5723,#5694,#5725,.T.);
#5723 = VERTEX_POINT('',#5724);
#5724 = CARTESIAN_POINT('',(163.0125,-20.85,4.3));
#5725 = SURFACE_CURVE('',#5726,(#5730,#5736),.PCURVE_S1.);
#5726 = LINE('',#5727,#5728);
#5727 = CARTESIAN_POINT('',(188.87170861251,-20.85,4.3));
#5728 = VECTOR('',#5729,1.);
#5729 = DIRECTION('',(1.,0.,0.));
#5730 = PCURVE('',#268,#5731);
#5731 = DEFINITIONAL_REPRESENTATION('',(#5732),#5735);
#5732 = B_SPLINE_CURVE_WITH_KNOTS('',1,(#5733,#5734),.UNSPECIFIED.,.F.,
  .F.,(2,2),(-25.85920861251,-7.359208612512),.PIECEWISE_BEZIER_KNOTS.);
#5733 = CARTESIAN_POINT('',(51.718417225023,-4.3));
#5734 = CARTESIAN_POINT('',(33.218417225023,-4.3));
#5735 = ( GEOMETRIC_REPRESENTATION_CONTEXT(2) 
PARAMETRIC_REPRESENTATION_CONTEXT() REPRESENTATION_CONTEXT('2D SPACE',''
  ) );
#5736 = PCURVE('',#5737,#5742);
#5737 = PLANE('',#5738);
#5738 = AXIS2_PLACEMENT_3D('',#5739,#5740,#5741);
#5739 = CARTESIAN_POINT('',(163.0125,-21.4,4.3));
#5740 = DIRECTION('',(0.,0.,-1.));
#5741 = DIRECTION('',(1.,0.,0.));
#5742 = DEFINITIONAL_REPRESENTATION('',(#5743),#5746);
#5743 = B_SPLINE_CURVE_WITH_KNOTS('',1,(#5744,#5745),.UNSPECIFIED.,.F.,
  .F.,(2,2),(-25.85920861251,-7.359208612512),.PIECEWISE_BEZIER_KNOTS.);
#5744 = CARTESIAN_POINT('',(0.,-0.55));
#5745 = CARTESIAN_POINT('',(18.5,-0.55));
#5746 = ( GEOMETRIC_REPRESENTATION_CONTEXT(2) 
PARAMETRIC_REPRESENTATION_CONTEXT() REPRESENTATION_CONTEXT('2D SPACE',''
  ) );
#5747 = ORIENTED_EDGE('',*,*,#5748,.F.);
#5748 = EDGE_CURVE('',#5749,#5723,#5751,.T.);
#5749 = VERTEX_POINT('',#5750);
#5750 = CARTESIAN_POINT('',(162.0125,-20.85,5.3));
#5751 = SURFACE_CURVE('',#5752,(#5757,#5764),.PCURVE_S1.);
#5752 = CIRCLE('',#5753,1.);
#5753 = AXIS2_PLACEMENT_3D('',#5754,#5755,#5756);
#5754 = CARTESIAN_POINT('',(163.0125,-20.85,5.3));
#5755 = DIRECTION('',(-0.,-1.,0.));
#5756 = DIRECTION('',(-1.,0.,0.));
#5757 = PCURVE('',#268,#5758);
#5758 = DEFINITIONAL_REPRESENTATION('',(#5759),#5763);
#5759 = CIRCLE('',#5760,1.);
#5760 = AXIS2_PLACEMENT_2D('',#5761,#5762);
#5761 = CARTESIAN_POINT('',(51.718417225023,-5.3));
#5762 = DIRECTION('',(1.,0.));
#5763 = ( GEOMETRIC_REPRESENTATION_CONTEXT(2) 
PARAMETRIC_REPRESENTATION_CONTEXT() REPRESENTATION_CONTEXT('2D SPACE',''
  ) );
#5764 = PCURVE('',#5765,#5770);
#5765 = CYLINDRICAL_SURFACE('',#5766,1.);
#5766 = AXIS2_PLACEMENT_3D('',#5767,#5768,#5769);
#5767 = CARTESIAN_POINT('',(163.0125,-21.4,5.3));
#5768 = DIRECTION('',(-0.,-1.,0.));
#5769 = DIRECTION('',(-1.,0.,0.));
#5770 = DEFINITIONAL_REPRESENTATION('',(#5771),#5775);
#5771 = LINE('',#5772,#5773);
#5772 = CARTESIAN_POINT('',(-6.28318530718,-0.55));
#5773 = VECTOR('',#5774,1.);
#5774 = DIRECTION('',(1.,-0.));
#5775 = ( GEOMETRIC_REPRESENTATION_CONTEXT(2) 
PARAMETRIC_REPRESENTATION_CONTEXT() REPRESENTATION_CONTEXT('2D SPACE',''
  ) );
#5776 = ORIENTED_EDGE('',*,*,#5777,.T.);
#5777 = EDGE_CURVE('',#5749,#4657,#5778,.T.);
#5778 = SURFACE_CURVE('',#5779,(#5783,#5789),.PCURVE_S1.);
#5779 = LINE('',#5780,#5781);
#5780 = CARTESIAN_POINT('',(162.0125,-20.85,2.65));
#5781 = VECTOR('',#5782,1.);
#5782 = DIRECTION('',(0.,0.,1.));
#5783 = PCURVE('',#268,#5784);
#5784 = DEFINITIONAL_REPRESENTATION('',(#5785),#5788);
#5785 = B_SPLINE_CURVE_WITH_KNOTS('',1,(#5786,#5787),.UNSPECIFIED.,.F.,
  .F.,(2,2),(2.65,9.45),.PIECEWISE_BEZIER_KNOTS.);
#5786 = CARTESIAN_POINT('',(52.718417225023,-5.3));
#5787 = CARTESIAN_POINT('',(52.718417225023,-12.1));
#5788 = ( GEOMETRIC_REPRESENTATION_CONTEXT(2) 
PARAMETRIC_REPRESENTATION_CONTEXT() REPRESENTATION_CONTEXT('2D SPACE',''
  ) );
#5789 = PCURVE('',#4671,#5790);
#5790 = DEFINITIONAL_REPRESENTATION('',(#5791),#5794);
#5791 = B_SPLINE_CURVE_WITH_KNOTS('',1,(#5792,#5793),.UNSPECIFIED.,.F.,
  .F.,(2,2),(2.65,9.45),.PIECEWISE_BEZIER_KNOTS.);
#5792 = CARTESIAN_POINT('',(0.,-0.55));
#5793 = CARTESIAN_POINT('',(6.8,-0.55));
#5794 = ( GEOMETRIC_REPRESENTATION_CONTEXT(2) 
PARAMETRIC_REPRESENTATION_CONTEXT() REPRESENTATION_CONTEXT('2D SPACE',''
  ) );
#5795 = ORIENTED_EDGE('',*,*,#4682,.T.);
#5796 = ORIENTED_EDGE('',*,*,#5797,.F.);
#5797 = EDGE_CURVE('',#308,#4683,#5798,.T.);
#5798 = SURFACE_CURVE('',#5799,(#5803,#5810),.PCURVE_S1.);
#5799 = LINE('',#5800,#5801);
#5800 = CARTESIAN_POINT('',(150.14371098084,-20.85,0.));
#5801 = VECTOR('',#5802,1.);
#5802 = DIRECTION('',(0.,0.,1.));
#5803 = PCURVE('',#268,#5804);
#5804 = DEFINITIONAL_REPRESENTATION('',(#5805),#5809);
#5805 = LINE('',#5806,#5807);
#5806 = CARTESIAN_POINT('',(64.587206244179,0.));
#5807 = VECTOR('',#5808,1.);
#5808 = DIRECTION('',(0.,-1.));
#5809 = ( GEOMETRIC_REPRESENTATION_CONTEXT(2) 
PARAMETRIC_REPRESENTATION_CONTEXT() REPRESENTATION_CONTEXT('2D SPACE',''
  ) );
#5810 = PCURVE('',#347,#5811);
#5811 = DEFINITIONAL_REPRESENTATION('',(#5812),#5816);
#5812 = LINE('',#5813,#5814);
#5813 = CARTESIAN_POINT('',(-0.,0.));
#5814 = VECTOR('',#5815,1.);
#5815 = DIRECTION('',(-0.,-1.));
#5816 = ( GEOMETRIC_REPRESENTATION_CONTEXT(2) 
PARAMETRIC_REPRESENTATION_CONTEXT() REPRESENTATION_CONTEXT('2D SPACE',''
  ) );
#5817 = FACE_BOUND('',#5818,.F.);
#5818 = EDGE_LOOP('',(#5819));
#5819 = ORIENTED_EDGE('',*,*,#5820,.F.);
#5820 = EDGE_CURVE('',#5821,#5821,#5823,.T.);
#5821 = VERTEX_POINT('',#5822);
#5822 = CARTESIAN_POINT('',(186.3625,-20.85,10.));
#5823 = SURFACE_CURVE('',#5824,(#5829,#5836),.PCURVE_S1.);
#5824 = CIRCLE('',#5825,1.6);
#5825 = AXIS2_PLACEMENT_3D('',#5826,#5827,#5828);
#5826 = CARTESIAN_POINT('',(184.7625,-20.85,10.));
#5827 = DIRECTION('',(0.,-1.,2.22044604925E-16));
#5828 = DIRECTION('',(1.,0.,0.));
#5829 = PCURVE('',#268,#5830);
#5830 = DEFINITIONAL_REPRESENTATION('',(#5831),#5835);
#5831 = CIRCLE('',#5832,1.6);
#5832 = AXIS2_PLACEMENT_2D('',#5833,#5834);
#5833 = CARTESIAN_POINT('',(29.968417225023,-10.));
#5834 = DIRECTION('',(-1.,-0.));
#5835 = ( GEOMETRIC_REPRESENTATION_CONTEXT(2) 
PARAMETRIC_REPRESENTATION_CONTEXT() REPRESENTATION_CONTEXT('2D SPACE',''
  ) );
#5836 = PCURVE('',#5837,#5842);
#5837 = CYLINDRICAL_SURFACE('',#5838,1.6);
#5838 = AXIS2_PLACEMENT_3D('',#5839,#5840,#5841);
#5839 = CARTESIAN_POINT('',(184.7625,-19.85,10.));
#5840 = DIRECTION('',(0.,-1.,2.22044604925E-16));
#5841 = DIRECTION('',(1.,0.,0.));
#5842 = DEFINITIONAL_REPRESENTATION('',(#5843),#5847);
#5843 = LINE('',#5844,#5845);
#5844 = CARTESIAN_POINT('',(0.,1.));
#5845 = VECTOR('',#5846,1.);
#5846 = DIRECTION('',(1.,0.));
#5847 = ( GEOMETRIC_REPRESENTATION_CONTEXT(2) 
PARAMETRIC_REPRESENTATION_CONTEXT() REPRESENTATION_CONTEXT('2D SPACE',''
  ) );
#5848 = FACE_BOUND('',#5849,.F.);
#5849 = EDGE_LOOP('',(#5850));
#5850 = ORIENTED_EDGE('',*,*,#5851,.F.);
#5851 = EDGE_CURVE('',#5852,#5852,#5854,.T.);
#5852 = VERTEX_POINT('',#5853);
#5853 = CARTESIAN_POINT('',(161.3625,-20.85,10.));
#5854 = SURFACE_CURVE('',#5855,(#5860,#5867),.PCURVE_S1.);
#5855 = CIRCLE('',#5856,1.6);
#5856 = AXIS2_PLACEMENT_3D('',#5857,#5858,#5859);
#5857 = CARTESIAN_POINT('',(159.7625,-20.85,10.));
#5858 = DIRECTION('',(0.,-1.,2.22044604925E-16));
#5859 = DIRECTION('',(1.,0.,0.));
#5860 = PCURVE('',#268,#5861);
#5861 = DEFINITIONAL_REPRESENTATION('',(#5862),#5866);
#5862 = CIRCLE('',#5863,1.6);
#5863 = AXIS2_PLACEMENT_2D('',#5864,#5865);
#5864 = CARTESIAN_POINT('',(54.968417225023,-10.));
#5865 = DIRECTION('',(-1.,-0.));
#5866 = ( GEOMETRIC_REPRESENTATION_CONTEXT(2) 
PARAMETRIC_REPRESENTATION_CONTEXT() REPRESENTATION_CONTEXT('2D SPACE',''
  ) );
#5867 = PCURVE('',#5868,#5873);
#5868 = CYLINDRICAL_SURFACE('',#5869,1.6);
#5869 = AXIS2_PLACEMENT_3D('',#5870,#5871,#5872);
#5870 = CARTESIAN_POINT('',(159.7625,-19.85,10.));
#5871 = DIRECTION('',(0.,-1.,2.22044604925E-16));
#5872 = DIRECTION('',(1.,0.,0.));
#5873 = DEFINITIONAL_REPRESENTATION('',(#5874),#5878);
#5874 = LINE('',#5875,#5876);
#5875 = CARTESIAN_POINT('',(0.,1.));
#5876 = VECTOR('',#5877,1.);
#5877 = DIRECTION('',(1.,0.));
#5878 = ( GEOMETRIC_REPRESENTATION_CONTEXT(2) 
PARAMETRIC_REPRESENTATION_CONTEXT() REPRESENTATION_CONTEXT('2D SPACE',''
  ) );
#5879 = FACE_BOUND('',#5880,.F.);
#5880 = EDGE_LOOP('',(#5881,#5912,#5938,#5967,#5993,#6022,#6048,#6077));
#5881 = ORIENTED_EDGE('',*,*,#5882,.F.);
#5882 = EDGE_CURVE('',#5883,#5885,#5887,.T.);
#5883 = VERTEX_POINT('',#5884);
#5884 = CARTESIAN_POINT('',(195.4125,-20.85,2.26));
#5885 = VERTEX_POINT('',#5886);
#5886 = CARTESIAN_POINT('',(196.4125,-20.85,1.26));
#5887 = SURFACE_CURVE('',#5888,(#5893,#5900),.PCURVE_S1.);
#5888 = CIRCLE('',#5889,1.);
#5889 = AXIS2_PLACEMENT_3D('',#5890,#5891,#5892);
#5890 = CARTESIAN_POINT('',(196.4125,-20.85,2.26));
#5891 = DIRECTION('',(0.,-1.,0.));
#5892 = DIRECTION('',(1.,0.,0.));
#5893 = PCURVE('',#268,#5894);
#5894 = DEFINITIONAL_REPRESENTATION('',(#5895),#5899);
#5895 = CIRCLE('',#5896,1.);
#5896 = AXIS2_PLACEMENT_2D('',#5897,#5898);
#5897 = CARTESIAN_POINT('',(18.318417225023,-2.26));
#5898 = DIRECTION('',(-1.,-0.));
#5899 = ( GEOMETRIC_REPRESENTATION_CONTEXT(2) 
PARAMETRIC_REPRESENTATION_CONTEXT() REPRESENTATION_CONTEXT('2D SPACE',''
  ) );
#5900 = PCURVE('',#5901,#5906);
#5901 = CYLINDRICAL_SURFACE('',#5902,1.);
#5902 = AXIS2_PLACEMENT_3D('',#5903,#5904,#5905);
#5903 = CARTESIAN_POINT('',(196.4125,-21.4,2.26));
#5904 = DIRECTION('',(0.,-1.,0.));
#5905 = DIRECTION('',(1.,0.,0.));
#5906 = DEFINITIONAL_REPRESENTATION('',(#5907),#5911);
#5907 = LINE('',#5908,#5909);
#5908 = CARTESIAN_POINT('',(0.,-0.55));
#5909 = VECTOR('',#5910,1.);
#5910 = DIRECTION('',(1.,0.));
#5911 = ( GEOMETRIC_REPRESENTATION_CONTEXT(2) 
PARAMETRIC_REPRESENTATION_CONTEXT() REPRESENTATION_CONTEXT('2D SPACE',''
  ) );
#5912 = ORIENTED_EDGE('',*,*,#5913,.T.);
#5913 = EDGE_CURVE('',#5883,#5914,#5916,.T.);
#5914 = VERTEX_POINT('',#5915);
#5915 = CARTESIAN_POINT('',(195.4125,-20.85,8.36));
#5916 = SURFACE_CURVE('',#5917,(#5921,#5927),.PCURVE_S1.);
#5917 = LINE('',#5918,#5919);
#5918 = CARTESIAN_POINT('',(195.4125,-20.85,1.13));
#5919 = VECTOR('',#5920,1.);
#5920 = DIRECTION('',(0.,0.,1.));
#5921 = PCURVE('',#268,#5922);
#5922 = DEFINITIONAL_REPRESENTATION('',(#5923),#5926);
#5923 = B_SPLINE_CURVE_WITH_KNOTS('',1,(#5924,#5925),.UNSPECIFIED.,.F.,
  .F.,(2,2),(1.13,7.23),.PIECEWISE_BEZIER_KNOTS.);
#5924 = CARTESIAN_POINT('',(19.318417225023,-2.26));
#5925 = CARTESIAN_POINT('',(19.318417225023,-8.36));
#5926 = ( GEOMETRIC_REPRESENTATION_CONTEXT(2) 
PARAMETRIC_REPRESENTATION_CONTEXT() REPRESENTATION_CONTEXT('2D SPACE',''
  ) );
#5927 = PCURVE('',#5928,#5933);
#5928 = PLANE('',#5929);
#5929 = AXIS2_PLACEMENT_3D('',#5930,#5931,#5932);
#5930 = CARTESIAN_POINT('',(195.4125,-21.4,2.26));
#5931 = DIRECTION('',(1.,0.,-0.));
#5932 = DIRECTION('',(0.,0.,1.));
#5933 = DEFINITIONAL_REPRESENTATION('',(#5934),#5937);
#5934 = B_SPLINE_CURVE_WITH_KNOTS('',1,(#5935,#5936),.UNSPECIFIED.,.F.,
  .F.,(2,2),(1.13,7.23),.PIECEWISE_BEZIER_KNOTS.);
#5935 = CARTESIAN_POINT('',(0.,-0.55));
#5936 = CARTESIAN_POINT('',(6.1,-0.55));
#5937 = ( GEOMETRIC_REPRESENTATION_CONTEXT(2) 
PARAMETRIC_REPRESENTATION_CONTEXT() REPRESENTATION_CONTEXT('2D SPACE',''
  ) );
#5938 = ORIENTED_EDGE('',*,*,#5939,.F.);
#5939 = EDGE_CURVE('',#5940,#5914,#5942,.T.);
#5940 = VERTEX_POINT('',#5941);
#5941 = CARTESIAN_POINT('',(196.4125,-20.85,9.36));
#5942 = SURFACE_CURVE('',#5943,(#5948,#5955),.PCURVE_S1.);
#5943 = CIRCLE('',#5944,1.);
#5944 = AXIS2_PLACEMENT_3D('',#5945,#5946,#5947);
#5945 = CARTESIAN_POINT('',(196.4125,-20.85,8.36));
#5946 = DIRECTION('',(0.,-1.,0.));
#5947 = DIRECTION('',(1.,0.,0.));
#5948 = PCURVE('',#268,#5949);
#5949 = DEFINITIONAL_REPRESENTATION('',(#5950),#5954);
#5950 = CIRCLE('',#5951,1.);
#5951 = AXIS2_PLACEMENT_2D('',#5952,#5953);
#5952 = CARTESIAN_POINT('',(18.318417225023,-8.36));
#5953 = DIRECTION('',(-1.,-0.));
#5954 = ( GEOMETRIC_REPRESENTATION_CONTEXT(2) 
PARAMETRIC_REPRESENTATION_CONTEXT() REPRESENTATION_CONTEXT('2D SPACE',''
  ) );
#5955 = PCURVE('',#5956,#5961);
#5956 = CYLINDRICAL_SURFACE('',#5957,1.);
#5957 = AXIS2_PLACEMENT_3D('',#5958,#5959,#5960);
#5958 = CARTESIAN_POINT('',(196.4125,-21.4,8.36));
#5959 = DIRECTION('',(0.,-1.,0.));
#5960 = DIRECTION('',(1.,0.,0.));
#5961 = DEFINITIONAL_REPRESENTATION('',(#5962),#5966);
#5962 = LINE('',#5963,#5964);
#5963 = CARTESIAN_POINT('',(0.,-0.55));
#5964 = VECTOR('',#5965,1.);
#5965 = DIRECTION('',(1.,0.));
#5966 = ( GEOMETRIC_REPRESENTATION_CONTEXT(2) 
PARAMETRIC_REPRESENTATION_CONTEXT() REPRESENTATION_CONTEXT('2D SPACE',''
  ) );
#5967 = ORIENTED_EDGE('',*,*,#5968,.T.);
#5968 = EDGE_CURVE('',#5940,#5969,#5971,.T.);
#5969 = VERTEX_POINT('',#5970);
#5970 = CARTESIAN_POINT('',(208.3625,-20.85,9.36));
#5971 = SURFACE_CURVE('',#5972,(#5976,#5982),.PCURVE_S1.);
#5972 = LINE('',#5973,#5974);
#5973 = CARTESIAN_POINT('',(205.57170861251,-20.85,9.36));
#5974 = VECTOR('',#5975,1.);
#5975 = DIRECTION('',(1.,0.,0.));
#5976 = PCURVE('',#268,#5977);
#5977 = DEFINITIONAL_REPRESENTATION('',(#5978),#5981);
#5978 = B_SPLINE_CURVE_WITH_KNOTS('',1,(#5979,#5980),.UNSPECIFIED.,.F.,
  .F.,(2,2),(-9.159208612512,2.790791387488),.PIECEWISE_BEZIER_KNOTS.);
#5979 = CARTESIAN_POINT('',(18.318417225023,-9.36));
#5980 = CARTESIAN_POINT('',(6.368417225023,-9.36));
#5981 = ( GEOMETRIC_REPRESENTATION_CONTEXT(2) 
PARAMETRIC_REPRESENTATION_CONTEXT() REPRESENTATION_CONTEXT('2D SPACE',''
  ) );
#5982 = PCURVE('',#5983,#5988);
#5983 = PLANE('',#5984);
#5984 = AXIS2_PLACEMENT_3D('',#5985,#5986,#5987);
#5985 = CARTESIAN_POINT('',(196.4125,-21.4,9.36));
#5986 = DIRECTION('',(0.,0.,-1.));
#5987 = DIRECTION('',(1.,0.,0.));
#5988 = DEFINITIONAL_REPRESENTATION('',(#5989),#5992);
#5989 = B_SPLINE_CURVE_WITH_KNOTS('',1,(#5990,#5991),.UNSPECIFIED.,.F.,
  .F.,(2,2),(-9.159208612512,2.790791387488),.PIECEWISE_BEZIER_KNOTS.);
#5990 = CARTESIAN_POINT('',(0.,-0.55));
#5991 = CARTESIAN_POINT('',(11.95,-0.55));
#5992 = ( GEOMETRIC_REPRESENTATION_CONTEXT(2) 
PARAMETRIC_REPRESENTATION_CONTEXT() REPRESENTATION_CONTEXT('2D SPACE',''
  ) );
#5993 = ORIENTED_EDGE('',*,*,#5994,.F.);
#5994 = EDGE_CURVE('',#5995,#5969,#5997,.T.);
#5995 = VERTEX_POINT('',#5996);
#5996 = CARTESIAN_POINT('',(209.3625,-20.85,8.36));
#5997 = SURFACE_CURVE('',#5998,(#6003,#6010),.PCURVE_S1.);
#5998 = CIRCLE('',#5999,1.);
#5999 = AXIS2_PLACEMENT_3D('',#6000,#6001,#6002);
#6000 = CARTESIAN_POINT('',(208.3625,-20.85,8.36));
#6001 = DIRECTION('',(0.,-1.,0.));
#6002 = DIRECTION('',(1.,0.,0.));
#6003 = PCURVE('',#268,#6004);
#6004 = DEFINITIONAL_REPRESENTATION('',(#6005),#6009);
#6005 = CIRCLE('',#6006,1.);
#6006 = AXIS2_PLACEMENT_2D('',#6007,#6008);
#6007 = CARTESIAN_POINT('',(6.368417225023,-8.36));
#6008 = DIRECTION('',(-1.,-0.));
#6009 = ( GEOMETRIC_REPRESENTATION_CONTEXT(2) 
PARAMETRIC_REPRESENTATION_CONTEXT() REPRESENTATION_CONTEXT('2D SPACE',''
  ) );
#6010 = PCURVE('',#6011,#6016);
#6011 = CYLINDRICAL_SURFACE('',#6012,1.);
#6012 = AXIS2_PLACEMENT_3D('',#6013,#6014,#6015);
#6013 = CARTESIAN_POINT('',(208.3625,-21.4,8.36));
#6014 = DIRECTION('',(0.,-1.,0.));
#6015 = DIRECTION('',(1.,0.,0.));
#6016 = DEFINITIONAL_REPRESENTATION('',(#6017),#6021);
#6017 = LINE('',#6018,#6019);
#6018 = CARTESIAN_POINT('',(0.,-0.55));
#6019 = VECTOR('',#6020,1.);
#6020 = DIRECTION('',(1.,0.));
#6021 = ( GEOMETRIC_REPRESENTATION_CONTEXT(2) 
PARAMETRIC_REPRESENTATION_CONTEXT() REPRESENTATION_CONTEXT('2D SPACE',''
  ) );
#6022 = ORIENTED_EDGE('',*,*,#6023,.F.);
#6023 = EDGE_CURVE('',#6024,#5995,#6026,.T.);
#6024 = VERTEX_POINT('',#6025);
#6025 = CARTESIAN_POINT('',(209.3625,-20.85,2.26));
#6026 = SURFACE_CURVE('',#6027,(#6031,#6037),.PCURVE_S1.);
#6027 = LINE('',#6028,#6029);
#6028 = CARTESIAN_POINT('',(209.3625,-20.85,1.13));
#6029 = VECTOR('',#6030,1.);
#6030 = DIRECTION('',(0.,0.,1.));
#6031 = PCURVE('',#268,#6032);
#6032 = DEFINITIONAL_REPRESENTATION('',(#6033),#6036);
#6033 = B_SPLINE_CURVE_WITH_KNOTS('',1,(#6034,#6035),.UNSPECIFIED.,.F.,
  .F.,(2,2),(1.13,7.23),.PIECEWISE_BEZIER_KNOTS.);
#6034 = CARTESIAN_POINT('',(5.368417225023,-2.26));
#6035 = CARTESIAN_POINT('',(5.368417225023,-8.36));
#6036 = ( GEOMETRIC_REPRESENTATION_CONTEXT(2) 
PARAMETRIC_REPRESENTATION_CONTEXT() REPRESENTATION_CONTEXT('2D SPACE',''
  ) );
#6037 = PCURVE('',#6038,#6043);
#6038 = PLANE('',#6039);
#6039 = AXIS2_PLACEMENT_3D('',#6040,#6041,#6042);
#6040 = CARTESIAN_POINT('',(209.3625,-21.4,2.26));
#6041 = DIRECTION('',(1.,0.,-0.));
#6042 = DIRECTION('',(0.,0.,1.));
#6043 = DEFINITIONAL_REPRESENTATION('',(#6044),#6047);
#6044 = B_SPLINE_CURVE_WITH_KNOTS('',1,(#6045,#6046),.UNSPECIFIED.,.F.,
  .F.,(2,2),(1.13,7.23),.PIECEWISE_BEZIER_KNOTS.);
#6045 = CARTESIAN_POINT('',(0.,-0.55));
#6046 = CARTESIAN_POINT('',(6.1,-0.55));
#6047 = ( GEOMETRIC_REPRESENTATION_CONTEXT(2) 
PARAMETRIC_REPRESENTATION_CONTEXT() REPRESENTATION_CONTEXT('2D SPACE',''
  ) );
#6048 = ORIENTED_EDGE('',*,*,#6049,.F.);
#6049 = EDGE_CURVE('',#6050,#6024,#6052,.T.);
#6050 = VERTEX_POINT('',#6051);
#6051 = CARTESIAN_POINT('',(208.3625,-20.85,1.26));
#6052 = SURFACE_CURVE('',#6053,(#6058,#6065),.PCURVE_S1.);
#6053 = CIRCLE('',#6054,1.);
#6054 = AXIS2_PLACEMENT_3D('',#6055,#6056,#6057);
#6055 = CARTESIAN_POINT('',(208.3625,-20.85,2.26));
#6056 = DIRECTION('',(0.,-1.,0.));
#6057 = DIRECTION('',(1.,0.,0.));
#6058 = PCURVE('',#268,#6059);
#6059 = DEFINITIONAL_REPRESENTATION('',(#6060),#6064);
#6060 = CIRCLE('',#6061,1.);
#6061 = AXIS2_PLACEMENT_2D('',#6062,#6063);
#6062 = CARTESIAN_POINT('',(6.368417225023,-2.26));
#6063 = DIRECTION('',(-1.,-0.));
#6064 = ( GEOMETRIC_REPRESENTATION_CONTEXT(2) 
PARAMETRIC_REPRESENTATION_CONTEXT() REPRESENTATION_CONTEXT('2D SPACE',''
  ) );
#6065 = PCURVE('',#6066,#6071);
#6066 = CYLINDRICAL_SURFACE('',#6067,1.);
#6067 = AXIS2_PLACEMENT_3D('',#6068,#6069,#6070);
#6068 = CARTESIAN_POINT('',(208.3625,-21.4,2.26));
#6069 = DIRECTION('',(0.,-1.,0.));
#6070 = DIRECTION('',(1.,0.,0.));
#6071 = DEFINITIONAL_REPRESENTATION('',(#6072),#6076);
#6072 = LINE('',#6073,#6074);
#6073 = CARTESIAN_POINT('',(0.,-0.55));
#6074 = VECTOR('',#6075,1.);
#6075 = DIRECTION('',(1.,0.));
#6076 = ( GEOMETRIC_REPRESENTATION_CONTEXT(2) 
PARAMETRIC_REPRESENTATION_CONTEXT() REPRESENTATION_CONTEXT('2D SPACE',''
  ) );
#6077 = ORIENTED_EDGE('',*,*,#6078,.F.);
#6078 = EDGE_CURVE('',#5885,#6050,#6079,.T.);
#6079 = SURFACE_CURVE('',#6080,(#6084,#6090),.PCURVE_S1.);
#6080 = LINE('',#6081,#6082);
#6081 = CARTESIAN_POINT('',(205.57170861251,-20.85,1.26));
#6082 = VECTOR('',#6083,1.);
#6083 = DIRECTION('',(1.,0.,0.));
#6084 = PCURVE('',#268,#6085);
#6085 = DEFINITIONAL_REPRESENTATION('',(#6086),#6089);
#6086 = B_SPLINE_CURVE_WITH_KNOTS('',1,(#6087,#6088),.UNSPECIFIED.,.F.,
  .F.,(2,2),(-9.159208612512,2.790791387488),.PIECEWISE_BEZIER_KNOTS.);
#6087 = CARTESIAN_POINT('',(18.318417225023,-1.26));
#6088 = CARTESIAN_POINT('',(6.368417225023,-1.26));
#6089 = ( GEOMETRIC_REPRESENTATION_CONTEXT(2) 
PARAMETRIC_REPRESENTATION_CONTEXT() REPRESENTATION_CONTEXT('2D SPACE',''
  ) );
#6090 = PCURVE('',#6091,#6096);
#6091 = PLANE('',#6092);
#6092 = AXIS2_PLACEMENT_3D('',#6093,#6094,#6095);
#6093 = CARTESIAN_POINT('',(196.4125,-21.4,1.26));
#6094 = DIRECTION('',(0.,0.,-1.));
#6095 = DIRECTION('',(1.,0.,0.));
#6096 = DEFINITIONAL_REPRESENTATION('',(#6097),#6100);
#6097 = B_SPLINE_CURVE_WITH_KNOTS('',1,(#6098,#6099),.UNSPECIFIED.,.F.,
  .F.,(2,2),(-9.159208612512,2.790791387488),.PIECEWISE_BEZIER_KNOTS.);
#6098 = CARTESIAN_POINT('',(0.,-0.55));
#6099 = CARTESIAN_POINT('',(11.95,-0.55));
#6100 = ( GEOMETRIC_REPRESENTATION_CONTEXT(2) 
PARAMETRIC_REPRESENTATION_CONTEXT() REPRESENTATION_CONTEXT('2D SPACE',''
  ) );
#6101 = ADVANCED_FACE('',(#6102),#1117,.F.);
#6102 = FACE_BOUND('',#6103,.F.);
#6103 = EDGE_LOOP('',(#6104,#6125,#6126,#6127));
#6104 = ORIENTED_EDGE('',*,*,#6105,.T.);
#6105 = EDGE_CURVE('',#1069,#5319,#6106,.T.);
#6106 = SURFACE_CURVE('',#6107,(#6111,#6118),.PCURVE_S1.);
#6107 = LINE('',#6108,#6109);
#6108 = CARTESIAN_POINT('',(243.34777989297,-30.06553476092,0.));
#6109 = VECTOR('',#6110,1.);
#6110 = DIRECTION('',(0.,0.,1.));
#6111 = PCURVE('',#1117,#6112);
#6112 = DEFINITIONAL_REPRESENTATION('',(#6113),#6117);
#6113 = LINE('',#6114,#6115);
#6114 = CARTESIAN_POINT('',(0.,0.));
#6115 = VECTOR('',#6116,1.);
#6116 = DIRECTION('',(0.,-1.));
#6117 = ( GEOMETRIC_REPRESENTATION_CONTEXT(2) 
PARAMETRIC_REPRESENTATION_CONTEXT() REPRESENTATION_CONTEXT('2D SPACE',''
  ) );
#6118 = PCURVE('',#1084,#6119);
#6119 = DEFINITIONAL_REPRESENTATION('',(#6120),#6124);
#6120 = LINE('',#6121,#6122);
#6121 = CARTESIAN_POINT('',(6.387070733158,0.));
#6122 = VECTOR('',#6123,1.);
#6123 = DIRECTION('',(0.,-1.));
#6124 = ( GEOMETRIC_REPRESENTATION_CONTEXT(2) 
PARAMETRIC_REPRESENTATION_CONTEXT() REPRESENTATION_CONTEXT('2D SPACE',''
  ) );
#6125 = ORIENTED_EDGE('',*,*,#5341,.T.);
#6126 = ORIENTED_EDGE('',*,*,#5642,.F.);
#6127 = ORIENTED_EDGE('',*,*,#1096,.F.);
#6128 = ADVANCED_FACE('',(#6129),#347,.T.);
#6129 = FACE_BOUND('',#6130,.F.);
#6130 = EDGE_LOOP('',(#6131,#6132,#6133,#6154));
#6131 = ORIENTED_EDGE('',*,*,#5797,.T.);
#6132 = ORIENTED_EDGE('',*,*,#4705,.T.);
#6133 = ORIENTED_EDGE('',*,*,#6134,.F.);
#6134 = EDGE_CURVE('',#331,#4706,#6135,.T.);
#6135 = SURFACE_CURVE('',#6136,(#6140,#6147),.PCURVE_S1.);
#6136 = LINE('',#6137,#6138);
#6137 = CARTESIAN_POINT('',(144.99733932084,-23.76538353484,0.));
#6138 = VECTOR('',#6139,1.);
#6139 = DIRECTION('',(0.,0.,1.));
#6140 = PCURVE('',#347,#6141);
#6141 = DEFINITIONAL_REPRESENTATION('',(#6142),#6146);
#6142 = LINE('',#6143,#6144);
#6143 = CARTESIAN_POINT('',(-1.030835089459,0.));
#6144 = VECTOR('',#6145,1.);
#6145 = DIRECTION('',(-0.,-1.));
#6146 = ( GEOMETRIC_REPRESENTATION_CONTEXT(2) 
PARAMETRIC_REPRESENTATION_CONTEXT() REPRESENTATION_CONTEXT('2D SPACE',''
  ) );
#6147 = PCURVE('',#380,#6148);
#6148 = DEFINITIONAL_REPRESENTATION('',(#6149),#6153);
#6149 = LINE('',#6150,#6151);
#6150 = CARTESIAN_POINT('',(0.,0.));
#6151 = VECTOR('',#6152,1.);
#6152 = DIRECTION('',(0.,-1.));
#6153 = ( GEOMETRIC_REPRESENTATION_CONTEXT(2) 
PARAMETRIC_REPRESENTATION_CONTEXT() REPRESENTATION_CONTEXT('2D SPACE',''
  ) );
#6154 = ORIENTED_EDGE('',*,*,#330,.F.);
#6155 = ADVANCED_FACE('',(#6156),#1084,.F.);
#6156 = FACE_BOUND('',#6157,.F.);
#6157 = EDGE_LOOP('',(#6158,#6179,#6180,#6181));
#6158 = ORIENTED_EDGE('',*,*,#6159,.T.);
#6159 = EDGE_CURVE('',#1040,#5295,#6160,.T.);
#6160 = SURFACE_CURVE('',#6161,(#6165,#6172),.PCURVE_S1.);
#6161 = LINE('',#6162,#6163);
#6162 = CARTESIAN_POINT('',(249.73484742239,-30.07193202847,0.));
#6163 = VECTOR('',#6164,1.);
#6164 = DIRECTION('',(0.,0.,1.));
#6165 = PCURVE('',#1084,#6166);
#6166 = DEFINITIONAL_REPRESENTATION('',(#6167),#6171);
#6167 = LINE('',#6168,#6169);
#6168 = CARTESIAN_POINT('',(0.,0.));
#6169 = VECTOR('',#6170,1.);
#6170 = DIRECTION('',(0.,-1.));
#6171 = ( GEOMETRIC_REPRESENTATION_CONTEXT(2) 
PARAMETRIC_REPRESENTATION_CONTEXT() REPRESENTATION_CONTEXT('2D SPACE',''
  ) );
#6172 = PCURVE('',#1056,#6173);
#6173 = DEFINITIONAL_REPRESENTATION('',(#6174),#6178);
#6174 = LINE('',#6175,#6176);
#6175 = CARTESIAN_POINT('',(-0.517798938286,0.));
#6176 = VECTOR('',#6177,1.);
#6177 = DIRECTION('',(-0.,-1.));
#6178 = ( GEOMETRIC_REPRESENTATION_CONTEXT(2) 
PARAMETRIC_REPRESENTATION_CONTEXT() REPRESENTATION_CONTEXT('2D SPACE',''
  ) );
#6179 = ORIENTED_EDGE('',*,*,#5318,.T.);
#6180 = ORIENTED_EDGE('',*,*,#6105,.F.);
#6181 = ORIENTED_EDGE('',*,*,#1068,.F.);
#6182 = ADVANCED_FACE('',(#6183),#380,.F.);
#6183 = FACE_BOUND('',#6184,.F.);
#6184 = EDGE_LOOP('',(#6185,#6186,#6187,#6208));
#6185 = ORIENTED_EDGE('',*,*,#6134,.T.);
#6186 = ORIENTED_EDGE('',*,*,#4729,.T.);
#6187 = ORIENTED_EDGE('',*,*,#6188,.F.);
#6188 = EDGE_CURVE('',#360,#4730,#6189,.T.);
#6189 = SURFACE_CURVE('',#6190,(#6194,#6201),.PCURVE_S1.);
#6190 = LINE('',#6191,#6192);
#6191 = CARTESIAN_POINT('',(123.76302957842,-35.5,0.));
#6192 = VECTOR('',#6193,1.);
#6193 = DIRECTION('',(0.,0.,1.));
#6194 = PCURVE('',#380,#6195);
#6195 = DEFINITIONAL_REPRESENTATION('',(#6196),#6200);
#6196 = LINE('',#6197,#6198);
#6197 = CARTESIAN_POINT('',(1.015494093356,0.));
#6198 = VECTOR('',#6199,1.);
#6199 = DIRECTION('',(0.,-1.));
#6200 = ( GEOMETRIC_REPRESENTATION_CONTEXT(2) 
PARAMETRIC_REPRESENTATION_CONTEXT() REPRESENTATION_CONTEXT('2D SPACE',''
  ) );
#6201 = PCURVE('',#408,#6202);
#6202 = DEFINITIONAL_REPRESENTATION('',(#6203),#6207);
#6203 = LINE('',#6204,#6205);
#6204 = CARTESIAN_POINT('',(0.,0.));
#6205 = VECTOR('',#6206,1.);
#6206 = DIRECTION('',(0.,-1.));
#6207 = ( GEOMETRIC_REPRESENTATION_CONTEXT(2) 
PARAMETRIC_REPRESENTATION_CONTEXT() REPRESENTATION_CONTEXT('2D SPACE',''
  ) );
#6208 = ORIENTED_EDGE('',*,*,#359,.F.);
#6209 = ADVANCED_FACE('',(#6210),#1056,.T.);
#6210 = FACE_BOUND('',#6211,.F.);
#6211 = EDGE_LOOP('',(#6212,#6233,#6234,#6235));
#6212 = ORIENTED_EDGE('',*,*,#6213,.T.);
#6213 = EDGE_CURVE('',#1007,#5267,#6214,.T.);
#6214 = SURFACE_CURVE('',#6215,(#6219,#6226),.PCURVE_S1.);
#6215 = LINE('',#6216,#6217);
#6216 = CARTESIAN_POINT('',(254.17446692141,-31.29986431021,0.));
#6217 = VECTOR('',#6218,1.);
#6218 = DIRECTION('',(0.,0.,1.));
#6219 = PCURVE('',#1056,#6220);
#6220 = DEFINITIONAL_REPRESENTATION('',(#6221),#6225);
#6221 = LINE('',#6222,#6223);
#6222 = CARTESIAN_POINT('',(-0.,0.));
#6223 = VECTOR('',#6224,1.);
#6224 = DIRECTION('',(-0.,-1.));
#6225 = ( GEOMETRIC_REPRESENTATION_CONTEXT(2) 
PARAMETRIC_REPRESENTATION_CONTEXT() REPRESENTATION_CONTEXT('2D SPACE',''
  ) );
#6226 = PCURVE('',#1027,#6227);
#6227 = DEFINITIONAL_REPRESENTATION('',(#6228),#6232);
#6228 = LINE('',#6229,#6230);
#6229 = CARTESIAN_POINT('',(0.530733453651,0.));
#6230 = VECTOR('',#6231,1.);
#6231 = DIRECTION('',(0.,-1.));
#6232 = ( GEOMETRIC_REPRESENTATION_CONTEXT(2) 
PARAMETRIC_REPRESENTATION_CONTEXT() REPRESENTATION_CONTEXT('2D SPACE',''
  ) );
#6233 = ORIENTED_EDGE('',*,*,#5294,.T.);
#6234 = ORIENTED_EDGE('',*,*,#6159,.F.);
#6235 = ORIENTED_EDGE('',*,*,#1039,.F.);
#6236 = ADVANCED_FACE('',(#6237),#408,.F.);
#6237 = FACE_BOUND('',#6238,.F.);
#6238 = EDGE_LOOP('',(#6239,#6240,#6241,#6262));
#6239 = ORIENTED_EDGE('',*,*,#6188,.T.);
#6240 = ORIENTED_EDGE('',*,*,#4757,.T.);
#6241 = ORIENTED_EDGE('',*,*,#6242,.F.);
#6242 = EDGE_CURVE('',#393,#4758,#6243,.T.);
#6243 = SURFACE_CURVE('',#6244,(#6248,#6255),.PCURVE_S1.);
#6244 = LINE('',#6245,#6246);
#6245 = CARTESIAN_POINT('',(104.7066650642,-35.51865292787,0.));
#6246 = VECTOR('',#6247,1.);
#6247 = DIRECTION('',(0.,0.,1.));
#6248 = PCURVE('',#408,#6249);
#6249 = DEFINITIONAL_REPRESENTATION('',(#6250),#6254);
#6250 = LINE('',#6251,#6252);
#6251 = CARTESIAN_POINT('',(19.05637364323,0.));
#6252 = VECTOR('',#6253,1.);
#6253 = DIRECTION('',(0.,-1.));
#6254 = ( GEOMETRIC_REPRESENTATION_CONTEXT(2) 
PARAMETRIC_REPRESENTATION_CONTEXT() REPRESENTATION_CONTEXT('2D SPACE',''
  ) );
#6255 = PCURVE('',#437,#6256);
#6256 = DEFINITIONAL_REPRESENTATION('',(#6257),#6261);
#6257 = LINE('',#6258,#6259);
#6258 = CARTESIAN_POINT('',(-0.,0.));
#6259 = VECTOR('',#6260,1.);
#6260 = DIRECTION('',(-0.,-1.));
#6261 = ( GEOMETRIC_REPRESENTATION_CONTEXT(2) 
PARAMETRIC_REPRESENTATION_CONTEXT() REPRESENTATION_CONTEXT('2D SPACE',''
  ) );
#6262 = ORIENTED_EDGE('',*,*,#392,.F.);
#6263 = ADVANCED_FACE('',(#6264),#1027,.F.);
#6264 = FACE_BOUND('',#6265,.F.);
#6265 = EDGE_LOOP('',(#6266,#6287,#6288,#6289));
#6266 = ORIENTED_EDGE('',*,*,#6267,.T.);
#6267 = EDGE_CURVE('',#979,#5244,#6268,.T.);
#6268 = SURFACE_CURVE('',#6269,(#6273,#6280),.PCURVE_S1.);
#6269 = LINE('',#6270,#6271);
#6270 = CARTESIAN_POINT('',(266.90304378361,-34.82700556635,0.));
#6271 = VECTOR('',#6272,1.);
#6272 = DIRECTION('',(0.,0.,1.));
#6273 = PCURVE('',#1027,#6274);
#6274 = DEFINITIONAL_REPRESENTATION('',(#6275),#6279);
#6275 = LINE('',#6276,#6277);
#6276 = CARTESIAN_POINT('',(0.,0.));
#6277 = VECTOR('',#6278,1.);
#6278 = DIRECTION('',(0.,-1.));
#6279 = ( GEOMETRIC_REPRESENTATION_CONTEXT(2) 
PARAMETRIC_REPRESENTATION_CONTEXT() REPRESENTATION_CONTEXT('2D SPACE',''
  ) );
#6280 = PCURVE('',#994,#6281);
#6281 = DEFINITIONAL_REPRESENTATION('',(#6282),#6286);
#6282 = LINE('',#6283,#6284);
#6283 = CARTESIAN_POINT('',(20.807856288577,0.));
#6284 = VECTOR('',#6285,1.);
#6285 = DIRECTION('',(0.,-1.));
#6286 = ( GEOMETRIC_REPRESENTATION_CONTEXT(2) 
PARAMETRIC_REPRESENTATION_CONTEXT() REPRESENTATION_CONTEXT('2D SPACE',''
  ) );
#6287 = ORIENTED_EDGE('',*,*,#5266,.T.);
#6288 = ORIENTED_EDGE('',*,*,#6213,.F.);
#6289 = ORIENTED_EDGE('',*,*,#1006,.F.);
#6290 = ADVANCED_FACE('',(#6291),#437,.T.);
#6291 = FACE_BOUND('',#6292,.F.);
#6292 = EDGE_LOOP('',(#6293,#6294,#6295,#6316));
#6293 = ORIENTED_EDGE('',*,*,#6242,.T.);
#6294 = ORIENTED_EDGE('',*,*,#4780,.T.);
#6295 = ORIENTED_EDGE('',*,*,#6296,.F.);
#6296 = EDGE_CURVE('',#421,#4781,#6297,.T.);
#6297 = SURFACE_CURVE('',#6298,(#6302,#6309),.PCURVE_S1.);
#6298 = LINE('',#6299,#6300);
#6299 = CARTESIAN_POINT('',(95.16,-45.727030523,0.));
#6300 = VECTOR('',#6301,1.);
#6301 = DIRECTION('',(0.,0.,1.));
#6302 = PCURVE('',#437,#6303);
#6303 = DEFINITIONAL_REPRESENTATION('',(#6304),#6308);
#6304 = LINE('',#6305,#6306);
#6305 = CARTESIAN_POINT('',(-1.544588442194,0.));
#6306 = VECTOR('',#6307,1.);
#6307 = DIRECTION('',(-0.,-1.));
#6308 = ( GEOMETRIC_REPRESENTATION_CONTEXT(2) 
PARAMETRIC_REPRESENTATION_CONTEXT() REPRESENTATION_CONTEXT('2D SPACE',''
  ) );
#6309 = PCURVE('',#465,#6310);
#6310 = DEFINITIONAL_REPRESENTATION('',(#6311),#6315);
#6311 = LINE('',#6312,#6313);
#6312 = CARTESIAN_POINT('',(0.,0.));
#6313 = VECTOR('',#6314,1.);
#6314 = DIRECTION('',(0.,-1.));
#6315 = ( GEOMETRIC_REPRESENTATION_CONTEXT(2) 
PARAMETRIC_REPRESENTATION_CONTEXT() REPRESENTATION_CONTEXT('2D SPACE',''
  ) );
#6316 = ORIENTED_EDGE('',*,*,#420,.F.);
#6317 = ADVANCED_FACE('',(#6318),#994,.F.);
#6318 = FACE_BOUND('',#6319,.F.);
#6319 = EDGE_LOOP('',(#6320,#6341,#6342,#6343));
#6320 = ORIENTED_EDGE('',*,*,#6321,.T.);
#6321 = EDGE_CURVE('',#950,#5220,#6322,.T.);
#6322 = SURFACE_CURVE('',#6323,(#6327,#6334),.PCURVE_S1.);
#6323 = LINE('',#6324,#6325);
#6324 = CARTESIAN_POINT('',(287.7108987425,-34.83444437314,0.));
#6325 = VECTOR('',#6326,1.);
#6326 = DIRECTION('',(0.,0.,1.));
#6327 = PCURVE('',#994,#6328);
#6328 = DEFINITIONAL_REPRESENTATION('',(#6329),#6333);
#6329 = LINE('',#6330,#6331);
#6330 = CARTESIAN_POINT('',(0.,0.));
#6331 = VECTOR('',#6332,1.);
#6332 = DIRECTION('',(0.,-1.));
#6333 = ( GEOMETRIC_REPRESENTATION_CONTEXT(2) 
PARAMETRIC_REPRESENTATION_CONTEXT() REPRESENTATION_CONTEXT('2D SPACE',''
  ) );
#6334 = PCURVE('',#966,#6335);
#6335 = DEFINITIONAL_REPRESENTATION('',(#6336),#6340);
#6336 = LINE('',#6337,#6338);
#6337 = CARTESIAN_POINT('',(-1.505043568067,0.));
#6338 = VECTOR('',#6339,1.);
#6339 = DIRECTION('',(-0.,-1.));
#6340 = ( GEOMETRIC_REPRESENTATION_CONTEXT(2) 
PARAMETRIC_REPRESENTATION_CONTEXT() REPRESENTATION_CONTEXT('2D SPACE',''
  ) );
#6341 = ORIENTED_EDGE('',*,*,#5243,.T.);
#6342 = ORIENTED_EDGE('',*,*,#6267,.F.);
#6343 = ORIENTED_EDGE('',*,*,#978,.F.);
#6344 = ADVANCED_FACE('',(#6345),#465,.F.);
#6345 = FACE_BOUND('',#6346,.F.);
#6346 = EDGE_LOOP('',(#6347,#6348,#6349,#6370));
#6347 = ORIENTED_EDGE('',*,*,#6296,.T.);
#6348 = ORIENTED_EDGE('',*,*,#4804,.T.);
#6349 = ORIENTED_EDGE('',*,*,#6350,.F.);
#6350 = EDGE_CURVE('',#450,#4805,#6351,.T.);
#6351 = SURFACE_CURVE('',#6352,(#6356,#6363),.PCURVE_S1.);
#6352 = LINE('',#6353,#6354);
#6353 = CARTESIAN_POINT('',(95.178652927875,-87.35333493579,0.));
#6354 = VECTOR('',#6355,1.);
#6355 = DIRECTION('',(0.,0.,1.));
#6356 = PCURVE('',#465,#6357);
#6357 = DEFINITIONAL_REPRESENTATION('',(#6358),#6362);
#6358 = LINE('',#6359,#6360);
#6359 = CARTESIAN_POINT('',(41.626308592019,0.));
#6360 = VECTOR('',#6361,1.);
#6361 = DIRECTION('',(0.,-1.));
#6362 = ( GEOMETRIC_REPRESENTATION_CONTEXT(2) 
PARAMETRIC_REPRESENTATION_CONTEXT() REPRESENTATION_CONTEXT('2D SPACE',''
  ) );
#6363 = PCURVE('',#494,#6364);
#6364 = DEFINITIONAL_REPRESENTATION('',(#6365),#6369);
#6365 = LINE('',#6366,#6367);
#6366 = CARTESIAN_POINT('',(-0.,0.));
#6367 = VECTOR('',#6368,1.);
#6368 = DIRECTION('',(-0.,-1.));
#6369 = ( GEOMETRIC_REPRESENTATION_CONTEXT(2) 
PARAMETRIC_REPRESENTATION_CONTEXT() REPRESENTATION_CONTEXT('2D SPACE',''
  ) );
#6370 = ORIENTED_EDGE('',*,*,#449,.F.);
#6371 = ADVANCED_FACE('',(#6372),#966,.T.);
#6372 = FACE_BOUND('',#6373,.F.);
#6373 = EDGE_LOOP('',(#6374,#6395,#6396,#6397));
#6374 = ORIENTED_EDGE('',*,*,#6375,.T.);
#6375 = EDGE_CURVE('',#922,#5197,#6376,.T.);
#6376 = SURFACE_CURVE('',#6377,(#6381,#6388),.PCURVE_S1.);
#6377 = LINE('',#6378,#6379);
#6378 = CARTESIAN_POINT('',(296.59631140436,-43.33638571905,0.));
#6379 = VECTOR('',#6380,1.);
#6380 = DIRECTION('',(0.,0.,1.));
#6381 = PCURVE('',#966,#6382);
#6382 = DEFINITIONAL_REPRESENTATION('',(#6383),#6387);
#6383 = LINE('',#6384,#6385);
#6384 = CARTESIAN_POINT('',(-0.,0.));
#6385 = VECTOR('',#6386,1.);
#6386 = DIRECTION('',(-0.,-1.));
#6387 = ( GEOMETRIC_REPRESENTATION_CONTEXT(2) 
PARAMETRIC_REPRESENTATION_CONTEXT() REPRESENTATION_CONTEXT('2D SPACE',''
  ) );
#6388 = PCURVE('',#937,#6389);
#6389 = DEFINITIONAL_REPRESENTATION('',(#6390),#6394);
#6390 = LINE('',#6391,#6392);
#6391 = CARTESIAN_POINT('',(56.742901707186,0.));
#6392 = VECTOR('',#6393,1.);
#6393 = DIRECTION('',(0.,-1.));
#6394 = ( GEOMETRIC_REPRESENTATION_CONTEXT(2) 
PARAMETRIC_REPRESENTATION_CONTEXT() REPRESENTATION_CONTEXT('2D SPACE',''
  ) );
#6395 = ORIENTED_EDGE('',*,*,#5219,.T.);
#6396 = ORIENTED_EDGE('',*,*,#6321,.F.);
#6397 = ORIENTED_EDGE('',*,*,#949,.F.);
#6398 = ADVANCED_FACE('',(#6399),#494,.T.);
#6399 = FACE_BOUND('',#6400,.F.);
#6400 = EDGE_LOOP('',(#6401,#6402,#6403,#6424));
#6401 = ORIENTED_EDGE('',*,*,#6350,.T.);
#6402 = ORIENTED_EDGE('',*,*,#4827,.T.);
#6403 = ORIENTED_EDGE('',*,*,#6404,.F.);
#6404 = EDGE_CURVE('',#478,#4828,#6405,.T.);
#6405 = SURFACE_CURVE('',#6406,(#6410,#6417),.PCURVE_S1.);
#6406 = LINE('',#6407,#6408);
#6407 = CARTESIAN_POINT('',(105.387030523,-96.9,0.));
#6408 = VECTOR('',#6409,1.);
#6409 = DIRECTION('',(0.,0.,1.));
#6410 = PCURVE('',#494,#6411);
#6411 = DEFINITIONAL_REPRESENTATION('',(#6412),#6416);
#6412 = LINE('',#6413,#6414);
#6413 = CARTESIAN_POINT('',(-1.544588442194,0.));
#6414 = VECTOR('',#6415,1.);
#6415 = DIRECTION('',(-0.,-1.));
#6416 = ( GEOMETRIC_REPRESENTATION_CONTEXT(2) 
PARAMETRIC_REPRESENTATION_CONTEXT() REPRESENTATION_CONTEXT('2D SPACE',''
  ) );
#6417 = PCURVE('',#522,#6418);
#6418 = DEFINITIONAL_REPRESENTATION('',(#6419),#6423);
#6419 = LINE('',#6420,#6421);
#6420 = CARTESIAN_POINT('',(0.,0.));
#6421 = VECTOR('',#6422,1.);
#6422 = DIRECTION('',(0.,-1.));
#6423 = ( GEOMETRIC_REPRESENTATION_CONTEXT(2) 
PARAMETRIC_REPRESENTATION_CONTEXT() REPRESENTATION_CONTEXT('2D SPACE',''
  ) );
#6424 = ORIENTED_EDGE('',*,*,#477,.F.);
#6425 = ADVANCED_FACE('',(#6426),#937,.F.);
#6426 = FACE_BOUND('',#6427,.F.);
#6427 = EDGE_LOOP('',(#6428,#6449,#6450,#6451));
#6428 = ORIENTED_EDGE('',*,*,#6429,.T.);
#6429 = EDGE_CURVE('',#893,#5173,#6430,.T.);
#6430 = SURFACE_CURVE('',#6431,(#6435,#6442),.PCURVE_S1.);
#6431 = LINE('',#6432,#6433);
#6432 = CARTESIAN_POINT('',(296.60929611171,-100.0792859405,0.));
#6433 = VECTOR('',#6434,1.);
#6434 = DIRECTION('',(0.,0.,1.));
#6435 = PCURVE('',#937,#6436);
#6436 = DEFINITIONAL_REPRESENTATION('',(#6437),#6441);
#6437 = LINE('',#6438,#6439);
#6438 = CARTESIAN_POINT('',(0.,0.));
#6439 = VECTOR('',#6440,1.);
#6440 = DIRECTION('',(0.,-1.));
#6441 = ( GEOMETRIC_REPRESENTATION_CONTEXT(2) 
PARAMETRIC_REPRESENTATION_CONTEXT() REPRESENTATION_CONTEXT('2D SPACE',''
  ) );
#6442 = PCURVE('',#909,#6443);
#6443 = DEFINITIONAL_REPRESENTATION('',(#6444),#6448);
#6444 = LINE('',#6445,#6446);
#6445 = CARTESIAN_POINT('',(-1.505087651532,0.));
#6446 = VECTOR('',#6447,1.);
#6447 = DIRECTION('',(-0.,-1.));
#6448 = ( GEOMETRIC_REPRESENTATION_CONTEXT(2) 
PARAMETRIC_REPRESENTATION_CONTEXT() REPRESENTATION_CONTEXT('2D SPACE',''
  ) );
#6449 = ORIENTED_EDGE('',*,*,#5196,.T.);
#6450 = ORIENTED_EDGE('',*,*,#6375,.F.);
#6451 = ORIENTED_EDGE('',*,*,#921,.F.);
#6452 = ADVANCED_FACE('',(#6453),#522,.F.);
#6453 = FACE_BOUND('',#6454,.F.);
#6454 = EDGE_LOOP('',(#6455,#6456,#6457,#6478));
#6455 = ORIENTED_EDGE('',*,*,#6404,.T.);
#6456 = ORIENTED_EDGE('',*,*,#4851,.T.);
#6457 = ORIENTED_EDGE('',*,*,#6458,.F.);
#6458 = EDGE_CURVE('',#507,#4852,#6459,.T.);
#6459 = SURFACE_CURVE('',#6460,(#6464,#6471),.PCURVE_S1.);
#6460 = LINE('',#6461,#6462);
#6461 = CARTESIAN_POINT('',(126.7002287104,-96.90346444051,0.));
#6462 = VECTOR('',#6463,1.);
#6463 = DIRECTION('',(0.,0.,1.));
#6464 = PCURVE('',#522,#6465);
#6465 = DEFINITIONAL_REPRESENTATION('',(#6466),#6470);
#6466 = LINE('',#6467,#6468);
#6467 = CARTESIAN_POINT('',(21.313198468969,0.));
#6468 = VECTOR('',#6469,1.);
#6469 = DIRECTION('',(0.,-1.));
#6470 = ( GEOMETRIC_REPRESENTATION_CONTEXT(2) 
PARAMETRIC_REPRESENTATION_CONTEXT() REPRESENTATION_CONTEXT('2D SPACE',''
  ) );
#6471 = PCURVE('',#555,#6472);
#6472 = DEFINITIONAL_REPRESENTATION('',(#6473),#6477);
#6473 = LINE('',#6474,#6475);
#6474 = CARTESIAN_POINT('',(0.,0.));
#6475 = VECTOR('',#6476,1.);
#6476 = DIRECTION('',(0.,-1.));
#6477 = ( GEOMETRIC_REPRESENTATION_CONTEXT(2) 
PARAMETRIC_REPRESENTATION_CONTEXT() REPRESENTATION_CONTEXT('2D SPACE',''
  ) );
#6478 = ORIENTED_EDGE('',*,*,#506,.F.);
#6479 = ADVANCED_FACE('',(#6480),#909,.T.);
#6480 = FACE_BOUND('',#6481,.F.);
#6481 = EDGE_LOOP('',(#6482,#6503,#6504,#6505));
#6482 = ORIENTED_EDGE('',*,*,#6483,.T.);
#6483 = EDGE_CURVE('',#865,#5150,#6484,.T.);
#6484 = SURFACE_CURVE('',#6485,(#6489,#6496),.PCURVE_S1.);
#6485 = LINE('',#6486,#6487);
#6486 = CARTESIAN_POINT('',(288.10736428099,-108.9650614043,0.));
#6487 = VECTOR('',#6488,1.);
#6488 = DIRECTION('',(0.,0.,1.));
#6489 = PCURVE('',#909,#6490);
#6490 = DEFINITIONAL_REPRESENTATION('',(#6491),#6495);
#6491 = LINE('',#6492,#6493);
#6492 = CARTESIAN_POINT('',(-0.,0.));
#6493 = VECTOR('',#6494,1.);
#6494 = DIRECTION('',(-0.,-1.));
#6495 = ( GEOMETRIC_REPRESENTATION_CONTEXT(2) 
PARAMETRIC_REPRESENTATION_CONTEXT() REPRESENTATION_CONTEXT('2D SPACE',''
  ) );
#6496 = PCURVE('',#880,#6497);
#6497 = DEFINITIONAL_REPRESENTATION('',(#6498),#6502);
#6498 = LINE('',#6499,#6500);
#6499 = CARTESIAN_POINT('',(37.849010617035,0.));
#6500 = VECTOR('',#6501,1.);
#6501 = DIRECTION('',(0.,-1.));
#6502 = ( GEOMETRIC_REPRESENTATION_CONTEXT(2) 
PARAMETRIC_REPRESENTATION_CONTEXT() REPRESENTATION_CONTEXT('2D SPACE',''
  ) );
#6503 = ORIENTED_EDGE('',*,*,#5172,.T.);
#6504 = ORIENTED_EDGE('',*,*,#6429,.F.);
#6505 = ORIENTED_EDGE('',*,*,#892,.F.);
#6506 = ADVANCED_FACE('',(#6507),#555,.F.);
#6507 = FACE_BOUND('',#6508,.F.);
#6508 = EDGE_LOOP('',(#6509,#6510,#6511,#6532));
#6509 = ORIENTED_EDGE('',*,*,#6458,.T.);
#6510 = ORIENTED_EDGE('',*,*,#4874,.T.);
#6511 = ORIENTED_EDGE('',*,*,#6512,.F.);
#6512 = EDGE_CURVE('',#535,#4875,#6513,.T.);
#6513 = SURFACE_CURVE('',#6514,(#6518,#6525),.PCURVE_S1.);
#6514 = LINE('',#6515,#6516);
#6515 = CARTESIAN_POINT('',(149.5131415761,-111.8359532417,0.));
#6516 = VECTOR('',#6517,1.);
#6517 = DIRECTION('',(0.,0.,1.));
#6518 = PCURVE('',#555,#6519);
#6519 = DEFINITIONAL_REPRESENTATION('',(#6520),#6524);
#6520 = LINE('',#6521,#6522);
#6521 = CARTESIAN_POINT('',(1.15228282755,0.));
#6522 = VECTOR('',#6523,1.);
#6523 = DIRECTION('',(0.,-1.));
#6524 = ( GEOMETRIC_REPRESENTATION_CONTEXT(2) 
PARAMETRIC_REPRESENTATION_CONTEXT() REPRESENTATION_CONTEXT('2D SPACE',''
  ) );
#6525 = PCURVE('',#583,#6526);
#6526 = DEFINITIONAL_REPRESENTATION('',(#6527),#6531);
#6527 = LINE('',#6528,#6529);
#6528 = CARTESIAN_POINT('',(0.,0.));
#6529 = VECTOR('',#6530,1.);
#6530 = DIRECTION('',(0.,-1.));
#6531 = ( GEOMETRIC_REPRESENTATION_CONTEXT(2) 
PARAMETRIC_REPRESENTATION_CONTEXT() REPRESENTATION_CONTEXT('2D SPACE',''
  ) );
#6532 = ORIENTED_EDGE('',*,*,#534,.F.);
#6533 = ADVANCED_FACE('',(#6534),#880,.F.);
#6534 = FACE_BOUND('',#6535,.F.);
#6535 = EDGE_LOOP('',(#6536,#6557,#6558,#6559));
#6536 = ORIENTED_EDGE('',*,*,#6537,.T.);
#6537 = EDGE_CURVE('',#832,#5122,#6538,.T.);
#6538 = SURFACE_CURVE('',#6539,(#6543,#6550),.PCURVE_S1.);
#6539 = LINE('',#6540,#6541);
#6540 = CARTESIAN_POINT('',(250.25835675492,-108.9803577927,0.));
#6541 = VECTOR('',#6542,1.);
#6542 = DIRECTION('',(0.,0.,1.));
#6543 = PCURVE('',#880,#6544);
#6544 = DEFINITIONAL_REPRESENTATION('',(#6545),#6549);
#6545 = LINE('',#6546,#6547);
#6546 = CARTESIAN_POINT('',(0.,0.));
#6547 = VECTOR('',#6548,1.);
#6548 = DIRECTION('',(0.,-1.));
#6549 = ( GEOMETRIC_REPRESENTATION_CONTEXT(2) 
PARAMETRIC_REPRESENTATION_CONTEXT() REPRESENTATION_CONTEXT('2D SPACE',''
  ) );
#6550 = PCURVE('',#852,#6551);
#6551 = DEFINITIONAL_REPRESENTATION('',(#6552),#6556);
#6552 = LINE('',#6553,#6554);
#6553 = CARTESIAN_POINT('',(0.938174477326,0.));
#6554 = VECTOR('',#6555,1.);
#6555 = DIRECTION('',(0.,-1.));
#6556 = ( GEOMETRIC_REPRESENTATION_CONTEXT(2) 
PARAMETRIC_REPRESENTATION_CONTEXT() REPRESENTATION_CONTEXT('2D SPACE',''
  ) );
#6557 = ORIENTED_EDGE('',*,*,#5149,.T.);
#6558 = ORIENTED_EDGE('',*,*,#6483,.F.);
#6559 = ORIENTED_EDGE('',*,*,#864,.F.);
#6560 = ADVANCED_FACE('',(#6561),#583,.F.);
#6561 = FACE_BOUND('',#6562,.F.);
#6562 = EDGE_LOOP('',(#6563,#6564,#6565,#6586));
#6563 = ORIENTED_EDGE('',*,*,#6512,.T.);
#6564 = ORIENTED_EDGE('',*,*,#4902,.T.);
#6565 = ORIENTED_EDGE('',*,*,#6566,.F.);
#6566 = EDGE_CURVE('',#568,#4903,#6567,.T.);
#6567 = SURFACE_CURVE('',#6568,(#6572,#6579),.PCURVE_S1.);
#6568 = LINE('',#6569,#6570);
#6569 = CARTESIAN_POINT('',(158.57078349724,-132.2328108109,0.));
#6570 = VECTOR('',#6571,1.);
#6571 = DIRECTION('',(0.,0.,1.));
#6572 = PCURVE('',#583,#6573);
#6573 = DEFINITIONAL_REPRESENTATION('',(#6574),#6578);
#6574 = LINE('',#6575,#6576);
#6575 = CARTESIAN_POINT('',(22.317541886881,0.));
#6576 = VECTOR('',#6577,1.);
#6577 = DIRECTION('',(0.,-1.));
#6578 = ( GEOMETRIC_REPRESENTATION_CONTEXT(2) 
PARAMETRIC_REPRESENTATION_CONTEXT() REPRESENTATION_CONTEXT('2D SPACE',''
  ) );
#6579 = PCURVE('',#612,#6580);
#6580 = DEFINITIONAL_REPRESENTATION('',(#6581),#6585);
#6581 = LINE('',#6582,#6583);
#6582 = CARTESIAN_POINT('',(-0.,0.));
#6583 = VECTOR('',#6584,1.);
#6584 = DIRECTION('',(-0.,-1.));
#6585 = ( GEOMETRIC_REPRESENTATION_CONTEXT(2) 
PARAMETRIC_REPRESENTATION_CONTEXT() REPRESENTATION_CONTEXT('2D SPACE',''
  ) );
#6586 = ORIENTED_EDGE('',*,*,#567,.F.);
#6587 = ADVANCED_FACE('',(#6588),#852,.F.);
#6588 = FACE_BOUND('',#6589,.F.);
#6589 = EDGE_LOOP('',(#6590,#6611,#6612,#6613));
#6590 = ORIENTED_EDGE('',*,*,#6591,.T.);
#6591 = EDGE_CURVE('',#804,#5099,#6592,.T.);
#6592 = SURFACE_CURVE('',#6593,(#6597,#6604),.PCURVE_S1.);
#6593 = LINE('',#6594,#6595);
#6594 = CARTESIAN_POINT('',(230.05654010592,-119.1665876445,0.));
#6595 = VECTOR('',#6596,1.);
#6596 = DIRECTION('',(0.,0.,1.));
#6597 = PCURVE('',#852,#6598);
#6598 = DEFINITIONAL_REPRESENTATION('',(#6599),#6603);
#6599 = LINE('',#6600,#6601);
#6600 = CARTESIAN_POINT('',(0.,0.));
#6601 = VECTOR('',#6602,1.);
#6602 = DIRECTION('',(0.,-1.));
#6603 = ( GEOMETRIC_REPRESENTATION_CONTEXT(2) 
PARAMETRIC_REPRESENTATION_CONTEXT() REPRESENTATION_CONTEXT('2D SPACE',''
  ) );
#6604 = PCURVE('',#819,#6605);
#6605 = DEFINITIONAL_REPRESENTATION('',(#6606),#6610);
#6606 = LINE('',#6607,#6608);
#6607 = CARTESIAN_POINT('',(2.578775450378,0.));
#6608 = VECTOR('',#6609,1.);
#6609 = DIRECTION('',(0.,-1.));
#6610 = ( GEOMETRIC_REPRESENTATION_CONTEXT(2) 
PARAMETRIC_REPRESENTATION_CONTEXT() REPRESENTATION_CONTEXT('2D SPACE',''
  ) );
#6611 = ORIENTED_EDGE('',*,*,#5121,.T.);
#6612 = ORIENTED_EDGE('',*,*,#6537,.F.);
#6613 = ORIENTED_EDGE('',*,*,#831,.F.);
#6614 = ADVANCED_FACE('',(#6615),#612,.T.);
#6615 = FACE_BOUND('',#6616,.F.);
#6616 = EDGE_LOOP('',(#6617,#6618,#6619,#6640));
#6617 = ORIENTED_EDGE('',*,*,#6566,.T.);
#6618 = ORIENTED_EDGE('',*,*,#4925,.T.);
#6619 = ORIENTED_EDGE('',*,*,#6620,.F.);
#6620 = EDGE_CURVE('',#596,#4926,#6621,.T.);
#6621 = SURFACE_CURVE('',#6622,(#6626,#6633),.PCURVE_S1.);
#6622 = LINE('',#6623,#6624);
#6623 = CARTESIAN_POINT('',(170.13714905644,-136.4100223271,0.));
#6624 = VECTOR('',#6625,1.);
#6625 = DIRECTION('',(0.,0.,1.));
#6626 = PCURVE('',#612,#6627);
#6627 = DEFINITIONAL_REPRESENTATION('',(#6628),#6632);
#6628 = LINE('',#6629,#6630);
#6629 = CARTESIAN_POINT('',(-1.505017935094,0.));
#6630 = VECTOR('',#6631,1.);
#6631 = DIRECTION('',(-0.,-1.));
#6632 = ( GEOMETRIC_REPRESENTATION_CONTEXT(2) 
PARAMETRIC_REPRESENTATION_CONTEXT() REPRESENTATION_CONTEXT('2D SPACE',''
  ) );
#6633 = PCURVE('',#640,#6634);
#6634 = DEFINITIONAL_REPRESENTATION('',(#6635),#6639);
#6635 = LINE('',#6636,#6637);
#6636 = CARTESIAN_POINT('',(0.,0.));
#6637 = VECTOR('',#6638,1.);
#6638 = DIRECTION('',(0.,-1.));
#6639 = ( GEOMETRIC_REPRESENTATION_CONTEXT(2) 
PARAMETRIC_REPRESENTATION_CONTEXT() REPRESENTATION_CONTEXT('2D SPACE',''
  ) );
#6640 = ORIENTED_EDGE('',*,*,#595,.F.);
#6641 = ADVANCED_FACE('',(#6642),#819,.F.);
#6642 = FACE_BOUND('',#6643,.F.);
#6643 = EDGE_LOOP('',(#6644,#6665,#6666,#6667));
#6644 = ORIENTED_EDGE('',*,*,#6645,.T.);
#6645 = EDGE_CURVE('',#775,#5075,#6646,.T.);
#6646 = SURFACE_CURVE('',#6647,(#6651,#6658),.PCURVE_S1.);
#6647 = LINE('',#6648,#6649);
#6648 = CARTESIAN_POINT('',(228.63110811507,-121.3155935689,0.));
#6649 = VECTOR('',#6650,1.);
#6650 = DIRECTION('',(0.,0.,1.));
#6651 = PCURVE('',#819,#6652);
#6652 = DEFINITIONAL_REPRESENTATION('',(#6653),#6657);
#6653 = LINE('',#6654,#6655);
#6654 = CARTESIAN_POINT('',(0.,0.));
#6655 = VECTOR('',#6656,1.);
#6656 = DIRECTION('',(0.,-1.));
#6657 = ( GEOMETRIC_REPRESENTATION_CONTEXT(2) 
PARAMETRIC_REPRESENTATION_CONTEXT() REPRESENTATION_CONTEXT('2D SPACE',''
  ) );
#6658 = PCURVE('',#791,#6659);
#6659 = DEFINITIONAL_REPRESENTATION('',(#6660),#6664);
#6660 = LINE('',#6661,#6662);
#6661 = CARTESIAN_POINT('',(-0.970773980103,0.));
#6662 = VECTOR('',#6663,1.);
#6663 = DIRECTION('',(-0.,-1.));
#6664 = ( GEOMETRIC_REPRESENTATION_CONTEXT(2) 
PARAMETRIC_REPRESENTATION_CONTEXT() REPRESENTATION_CONTEXT('2D SPACE',''
  ) );
#6665 = ORIENTED_EDGE('',*,*,#5098,.T.);
#6666 = ORIENTED_EDGE('',*,*,#6591,.F.);
#6667 = ORIENTED_EDGE('',*,*,#803,.F.);
#6668 = ADVANCED_FACE('',(#6669),#640,.F.);
#6669 = FACE_BOUND('',#6670,.F.);
#6670 = EDGE_LOOP('',(#6671,#6672,#6673,#6694));
#6671 = ORIENTED_EDGE('',*,*,#6620,.T.);
#6672 = ORIENTED_EDGE('',*,*,#4949,.T.);
#6673 = ORIENTED_EDGE('',*,*,#6674,.F.);
#6674 = EDGE_CURVE('',#625,#4950,#6675,.T.);
#6675 = SURFACE_CURVE('',#6676,(#6680,#6687),.PCURVE_S1.);
#6676 = LINE('',#6677,#6678);
#6677 = CARTESIAN_POINT('',(184.06073669108,-130.2536900091,0.));
#6678 = VECTOR('',#6679,1.);
#6679 = DIRECTION('',(0.,0.,1.));
#6680 = PCURVE('',#640,#6681);
#6681 = DEFINITIONAL_REPRESENTATION('',(#6682),#6686);
#6682 = LINE('',#6683,#6684);
#6683 = CARTESIAN_POINT('',(15.223886502111,0.));
#6684 = VECTOR('',#6685,1.);
#6685 = DIRECTION('',(0.,-1.));
#6686 = ( GEOMETRIC_REPRESENTATION_CONTEXT(2) 
PARAMETRIC_REPRESENTATION_CONTEXT() REPRESENTATION_CONTEXT('2D SPACE',''
  ) );
#6687 = PCURVE('',#673,#6688);
#6688 = DEFINITIONAL_REPRESENTATION('',(#6689),#6693);
#6689 = LINE('',#6690,#6691);
#6690 = CARTESIAN_POINT('',(0.,0.));
#6691 = VECTOR('',#6692,1.);
#6692 = DIRECTION('',(0.,-1.));
#6693 = ( GEOMETRIC_REPRESENTATION_CONTEXT(2) 
PARAMETRIC_REPRESENTATION_CONTEXT() REPRESENTATION_CONTEXT('2D SPACE',''
  ) );
#6694 = ORIENTED_EDGE('',*,*,#624,.F.);
#6695 = ADVANCED_FACE('',(#6696),#791,.T.);
#6696 = FACE_BOUND('',#6697,.F.);
#6697 = EDGE_LOOP('',(#6698,#6719,#6720,#6721));
#6698 = ORIENTED_EDGE('',*,*,#6699,.T.);
#6699 = EDGE_CURVE('',#747,#5052,#6700,.T.);
#6700 = SURFACE_CURVE('',#6701,(#6705,#6712),.PCURVE_S1.);
#6701 = LINE('',#6702,#6703);
#6702 = CARTESIAN_POINT('',(221.43236428105,-125.6338114043,0.));
#6703 = VECTOR('',#6704,1.);
#6704 = DIRECTION('',(0.,0.,1.));
#6705 = PCURVE('',#791,#6706);
#6706 = DEFINITIONAL_REPRESENTATION('',(#6707),#6711);
#6707 = LINE('',#6708,#6709);
#6708 = CARTESIAN_POINT('',(-0.,0.));
#6709 = VECTOR('',#6710,1.);
#6710 = DIRECTION('',(-0.,-1.));
#6711 = ( GEOMETRIC_REPRESENTATION_CONTEXT(2) 
PARAMETRIC_REPRESENTATION_CONTEXT() REPRESENTATION_CONTEXT('2D SPACE',''
  ) );
#6712 = PCURVE('',#762,#6713);
#6713 = DEFINITIONAL_REPRESENTATION('',(#6714),#6718);
#6714 = LINE('',#6715,#6716);
#6715 = CARTESIAN_POINT('',(15.467178321651,0.));
#6716 = VECTOR('',#6717,1.);
#6717 = DIRECTION('',(0.,-1.));
#6718 = ( GEOMETRIC_REPRESENTATION_CONTEXT(2) 
PARAMETRIC_REPRESENTATION_CONTEXT() REPRESENTATION_CONTEXT('2D SPACE',''
  ) );
#6719 = ORIENTED_EDGE('',*,*,#5074,.T.);
#6720 = ORIENTED_EDGE('',*,*,#6645,.F.);
#6721 = ORIENTED_EDGE('',*,*,#774,.F.);
#6722 = ADVANCED_FACE('',(#6723),#673,.F.);
#6723 = FACE_BOUND('',#6724,.F.);
#6724 = EDGE_LOOP('',(#6725,#6726,#6727,#6748));
#6725 = ORIENTED_EDGE('',*,*,#6674,.T.);
#6726 = ORIENTED_EDGE('',*,*,#4972,.T.);
#6727 = ORIENTED_EDGE('',*,*,#6728,.F.);
#6728 = EDGE_CURVE('',#653,#4973,#6729,.T.);
#6729 = SURFACE_CURVE('',#6730,(#6734,#6741),.PCURVE_S1.);
#6730 = LINE('',#6731,#6732);
#6731 = CARTESIAN_POINT('',(189.0079197656,-128.6679351293,0.));
#6732 = VECTOR('',#6733,1.);
#6733 = DIRECTION('',(0.,0.,1.));
#6734 = PCURVE('',#673,#6735);
#6735 = DEFINITIONAL_REPRESENTATION('',(#6736),#6740);
#6736 = LINE('',#6737,#6738);
#6737 = CARTESIAN_POINT('',(0.199292326223,0.));
#6738 = VECTOR('',#6739,1.);
#6739 = DIRECTION('',(0.,-1.));
#6740 = ( GEOMETRIC_REPRESENTATION_CONTEXT(2) 
PARAMETRIC_REPRESENTATION_CONTEXT() REPRESENTATION_CONTEXT('2D SPACE',''
  ) );
#6741 = PCURVE('',#701,#6742);
#6742 = DEFINITIONAL_REPRESENTATION('',(#6743),#6747);
#6743 = LINE('',#6744,#6745);
#6744 = CARTESIAN_POINT('',(0.,0.));
#6745 = VECTOR('',#6746,1.);
#6746 = DIRECTION('',(0.,-1.));
#6747 = ( GEOMETRIC_REPRESENTATION_CONTEXT(2) 
PARAMETRIC_REPRESENTATION_CONTEXT() REPRESENTATION_CONTEXT('2D SPACE',''
  ) );
#6748 = ORIENTED_EDGE('',*,*,#652,.F.);
#6749 = ADVANCED_FACE('',(#6750),#762,.F.);
#6750 = FACE_BOUND('',#6751,.F.);
#6751 = EDGE_LOOP('',(#6752,#6773,#6774,#6775));
#6752 = ORIENTED_EDGE('',*,*,#6753,.T.);
#6753 = EDGE_CURVE('',#714,#5024,#6754,.T.);
#6754 = SURFACE_CURVE('',#6755,(#6759,#6766),.PCURVE_S1.);
#6755 = LINE('',#6756,#6757);
#6756 = CARTESIAN_POINT('',(205.9651951554,-125.6506777149,0.));
#6757 = VECTOR('',#6758,1.);
#6758 = DIRECTION('',(0.,0.,1.));
#6759 = PCURVE('',#762,#6760);
#6760 = DEFINITIONAL_REPRESENTATION('',(#6761),#6765);
#6761 = LINE('',#6762,#6763);
#6762 = CARTESIAN_POINT('',(0.,0.));
#6763 = VECTOR('',#6764,1.);
#6764 = DIRECTION('',(0.,-1.));
#6765 = ( GEOMETRIC_REPRESENTATION_CONTEXT(2) 
PARAMETRIC_REPRESENTATION_CONTEXT() REPRESENTATION_CONTEXT('2D SPACE',''
  ) );
#6766 = PCURVE('',#734,#6767);
#6767 = DEFINITIONAL_REPRESENTATION('',(#6768),#6772);
#6768 = LINE('',#6769,#6770);
#6769 = CARTESIAN_POINT('',(0.199486479159,0.));
#6770 = VECTOR('',#6771,1.);
#6771 = DIRECTION('',(0.,-1.));
#6772 = ( GEOMETRIC_REPRESENTATION_CONTEXT(2) 
PARAMETRIC_REPRESENTATION_CONTEXT() REPRESENTATION_CONTEXT('2D SPACE',''
  ) );
#6773 = ORIENTED_EDGE('',*,*,#5051,.T.);
#6774 = ORIENTED_EDGE('',*,*,#6699,.F.);
#6775 = ORIENTED_EDGE('',*,*,#746,.F.);
#6776 = ADVANCED_FACE('',(#6777),#701,.F.);
#6777 = FACE_BOUND('',#6778,.F.);
#6778 = EDGE_LOOP('',(#6779,#6780,#6781,#6802));
#6779 = ORIENTED_EDGE('',*,*,#6728,.T.);
#6780 = ORIENTED_EDGE('',*,*,#5000,.T.);
#6781 = ORIENTED_EDGE('',*,*,#6782,.F.);
#6782 = EDGE_CURVE('',#686,#5001,#6783,.T.);
#6783 = SURFACE_CURVE('',#6784,(#6788,#6795),.PCURVE_S1.);
#6784 = LINE('',#6785,#6786);
#6785 = CARTESIAN_POINT('',(200.79207927547,-126.1796286508,0.));
#6786 = VECTOR('',#6787,1.);
#6787 = DIRECTION('',(0.,0.,1.));
#6788 = PCURVE('',#701,#6789);
#6789 = DEFINITIONAL_REPRESENTATION('',(#6790),#6794);
#6790 = LINE('',#6791,#6792);
#6791 = CARTESIAN_POINT('',(12.044006164266,0.));
#6792 = VECTOR('',#6793,1.);
#6793 = DIRECTION('',(0.,-1.));
#6794 = ( GEOMETRIC_REPRESENTATION_CONTEXT(2) 
PARAMETRIC_REPRESENTATION_CONTEXT() REPRESENTATION_CONTEXT('2D SPACE',''
  ) );
#6795 = PCURVE('',#734,#6796);
#6796 = DEFINITIONAL_REPRESENTATION('',(#6797),#6801);
#6797 = LINE('',#6798,#6799);
#6798 = CARTESIAN_POINT('',(0.,0.));
#6799 = VECTOR('',#6800,1.);
#6800 = DIRECTION('',(0.,-1.));
#6801 = ( GEOMETRIC_REPRESENTATION_CONTEXT(2) 
PARAMETRIC_REPRESENTATION_CONTEXT() REPRESENTATION_CONTEXT('2D SPACE',''
  ) );
#6802 = ORIENTED_EDGE('',*,*,#685,.F.);
#6803 = ADVANCED_FACE('',(#6804),#734,.F.);
#6804 = FACE_BOUND('',#6805,.F.);
#6805 = EDGE_LOOP('',(#6806,#6807,#6808,#6809));
#6806 = ORIENTED_EDGE('',*,*,#6782,.T.);
#6807 = ORIENTED_EDGE('',*,*,#5023,.T.);
#6808 = ORIENTED_EDGE('',*,*,#6753,.F.);
#6809 = ORIENTED_EDGE('',*,*,#713,.F.);
#6810 = ADVANCED_FACE('',(#6811),#1171,.F.);
#6811 = FACE_BOUND('',#6812,.F.);
#6812 = EDGE_LOOP('',(#6813,#6836,#6863,#6864));
#6813 = ORIENTED_EDGE('',*,*,#6814,.T.);
#6814 = EDGE_CURVE('',#1155,#6815,#6817,.T.);
#6815 = VERTEX_POINT('',#6816);
#6816 = CARTESIAN_POINT('',(170.85189014134,-133.3657094118,4.));
#6817 = SEAM_CURVE('',#6818,(#6822,#6829),.PCURVE_S1.);
#6818 = LINE('',#6819,#6820);
#6819 = CARTESIAN_POINT('',(170.85189014134,-133.3657094118,-1.));
#6820 = VECTOR('',#6821,1.);
#6821 = DIRECTION('',(0.,0.,1.));
#6822 = PCURVE('',#1171,#6823);
#6823 = DEFINITIONAL_REPRESENTATION('',(#6824),#6828);
#6824 = LINE('',#6825,#6826);
#6825 = CARTESIAN_POINT('',(6.28318530718,-0.));
#6826 = VECTOR('',#6827,1.);
#6827 = DIRECTION('',(0.,1.));
#6828 = ( GEOMETRIC_REPRESENTATION_CONTEXT(2) 
PARAMETRIC_REPRESENTATION_CONTEXT() REPRESENTATION_CONTEXT('2D SPACE',''
  ) );
#6829 = PCURVE('',#1171,#6830);
#6830 = DEFINITIONAL_REPRESENTATION('',(#6831),#6835);
#6831 = LINE('',#6832,#6833);
#6832 = CARTESIAN_POINT('',(0.,-0.));
#6833 = VECTOR('',#6834,1.);
#6834 = DIRECTION('',(0.,1.));
#6835 = ( GEOMETRIC_REPRESENTATION_CONTEXT(2) 
PARAMETRIC_REPRESENTATION_CONTEXT() REPRESENTATION_CONTEXT('2D SPACE',''
  ) );
#6836 = ORIENTED_EDGE('',*,*,#6837,.F.);
#6837 = EDGE_CURVE('',#6815,#6815,#6838,.T.);
#6838 = SURFACE_CURVE('',#6839,(#6844,#6851),.PCURVE_S1.);
#6839 = CIRCLE('',#6840,3.);
#6840 = AXIS2_PLACEMENT_3D('',#6841,#6842,#6843);
#6841 = CARTESIAN_POINT('',(167.85189014134,-133.3657094118,4.));
#6842 = DIRECTION('',(0.,0.,1.));
#6843 = DIRECTION('',(1.,0.,-0.));
#6844 = PCURVE('',#1171,#6845);
#6845 = DEFINITIONAL_REPRESENTATION('',(#6846),#6850);
#6846 = LINE('',#6847,#6848);
#6847 = CARTESIAN_POINT('',(0.,5.));
#6848 = VECTOR('',#6849,1.);
#6849 = DIRECTION('',(1.,0.));
#6850 = ( GEOMETRIC_REPRESENTATION_CONTEXT(2) 
PARAMETRIC_REPRESENTATION_CONTEXT() REPRESENTATION_CONTEXT('2D SPACE',''
  ) );
#6851 = PCURVE('',#6852,#6857);
#6852 = PLANE('',#6853);
#6853 = AXIS2_PLACEMENT_3D('',#6854,#6855,#6856);
#6854 = CARTESIAN_POINT('',(167.85189014134,-133.3657094118,4.));
#6855 = DIRECTION('',(0.,0.,1.));
#6856 = DIRECTION('',(1.,0.,-0.));
#6857 = DEFINITIONAL_REPRESENTATION('',(#6858),#6862);
#6858 = CIRCLE('',#6859,3.);
#6859 = AXIS2_PLACEMENT_2D('',#6860,#6861);
#6860 = CARTESIAN_POINT('',(0.,0.));
#6861 = DIRECTION('',(1.,0.));
#6862 = ( GEOMETRIC_REPRESENTATION_CONTEXT(2) 
PARAMETRIC_REPRESENTATION_CONTEXT() REPRESENTATION_CONTEXT('2D SPACE',''
  ) );
#6863 = ORIENTED_EDGE('',*,*,#6814,.F.);
#6864 = ORIENTED_EDGE('',*,*,#1154,.T.);
#6865 = ADVANCED_FACE('',(#6866),#1202,.F.);
#6866 = FACE_BOUND('',#6867,.F.);
#6867 = EDGE_LOOP('',(#6868,#6891,#6918,#6919));
#6868 = ORIENTED_EDGE('',*,*,#6869,.T.);
#6869 = EDGE_CURVE('',#1186,#6870,#6872,.T.);
#6870 = VERTEX_POINT('',#6871);
#6871 = CARTESIAN_POINT('',(203.91118222068,-122.4450797957,4.));
#6872 = SEAM_CURVE('',#6873,(#6877,#6884),.PCURVE_S1.);
#6873 = LINE('',#6874,#6875);
#6874 = CARTESIAN_POINT('',(203.91118222068,-122.4450797957,-1.));
#6875 = VECTOR('',#6876,1.);
#6876 = DIRECTION('',(0.,0.,1.));
#6877 = PCURVE('',#1202,#6878);
#6878 = DEFINITIONAL_REPRESENTATION('',(#6879),#6883);
#6879 = LINE('',#6880,#6881);
#6880 = CARTESIAN_POINT('',(6.28318530718,-0.));
#6881 = VECTOR('',#6882,1.);
#6882 = DIRECTION('',(0.,1.));
#6883 = ( GEOMETRIC_REPRESENTATION_CONTEXT(2) 
PARAMETRIC_REPRESENTATION_CONTEXT() REPRESENTATION_CONTEXT('2D SPACE',''
  ) );
#6884 = PCURVE('',#1202,#6885);
#6885 = DEFINITIONAL_REPRESENTATION('',(#6886),#6890);
#6886 = LINE('',#6887,#6888);
#6887 = CARTESIAN_POINT('',(0.,-0.));
#6888 = VECTOR('',#6889,1.);
#6889 = DIRECTION('',(0.,1.));
#6890 = ( GEOMETRIC_REPRESENTATION_CONTEXT(2) 
PARAMETRIC_REPRESENTATION_CONTEXT() REPRESENTATION_CONTEXT('2D SPACE',''
  ) );
#6891 = ORIENTED_EDGE('',*,*,#6892,.F.);
#6892 = EDGE_CURVE('',#6870,#6870,#6893,.T.);
#6893 = SURFACE_CURVE('',#6894,(#6899,#6906),.PCURVE_S1.);
#6894 = CIRCLE('',#6895,3.);
#6895 = AXIS2_PLACEMENT_3D('',#6896,#6897,#6898);
#6896 = CARTESIAN_POINT('',(200.91118222068,-122.4450797957,4.));
#6897 = DIRECTION('',(0.,0.,1.));
#6898 = DIRECTION('',(1.,0.,-0.));
#6899 = PCURVE('',#1202,#6900);
#6900 = DEFINITIONAL_REPRESENTATION('',(#6901),#6905);
#6901 = LINE('',#6902,#6903);
#6902 = CARTESIAN_POINT('',(0.,5.));
#6903 = VECTOR('',#6904,1.);
#6904 = DIRECTION('',(1.,0.));
#6905 = ( GEOMETRIC_REPRESENTATION_CONTEXT(2) 
PARAMETRIC_REPRESENTATION_CONTEXT() REPRESENTATION_CONTEXT('2D SPACE',''
  ) );
#6906 = PCURVE('',#6907,#6912);
#6907 = PLANE('',#6908);
#6908 = AXIS2_PLACEMENT_3D('',#6909,#6910,#6911);
#6909 = CARTESIAN_POINT('',(200.91118222068,-122.4450797957,4.));
#6910 = DIRECTION('',(0.,0.,1.));
#6911 = DIRECTION('',(1.,0.,-0.));
#6912 = DEFINITIONAL_REPRESENTATION('',(#6913),#6917);
#6913 = CIRCLE('',#6914,3.);
#6914 = AXIS2_PLACEMENT_2D('',#6915,#6916);
#6915 = CARTESIAN_POINT('',(0.,0.));
#6916 = DIRECTION('',(1.,0.));
#6917 = ( GEOMETRIC_REPRESENTATION_CONTEXT(2) 
PARAMETRIC_REPRESENTATION_CONTEXT() REPRESENTATION_CONTEXT('2D SPACE',''
  ) );
#6918 = ORIENTED_EDGE('',*,*,#6869,.F.);
#6919 = ORIENTED_EDGE('',*,*,#1185,.T.);
#6920 = ADVANCED_FACE('',(#6921),#1233,.F.);
#6921 = FACE_BOUND('',#6922,.F.);
#6922 = EDGE_LOOP('',(#6923,#6946,#6973,#6974));
#6923 = ORIENTED_EDGE('',*,*,#6924,.T.);
#6924 = EDGE_CURVE('',#1217,#6925,#6927,.T.);
#6925 = VERTEX_POINT('',#6926);
#6926 = CARTESIAN_POINT('',(229.31250000018,-100.1598284082,4.));
#6927 = SEAM_CURVE('',#6928,(#6932,#6939),.PCURVE_S1.);
#6928 = LINE('',#6929,#6930);
#6929 = CARTESIAN_POINT('',(229.31250000018,-100.1598284082,-1.));
#6930 = VECTOR('',#6931,1.);
#6931 = DIRECTION('',(0.,0.,1.));
#6932 = PCURVE('',#1233,#6933);
#6933 = DEFINITIONAL_REPRESENTATION('',(#6934),#6938);
#6934 = LINE('',#6935,#6936);
#6935 = CARTESIAN_POINT('',(6.28318530718,-0.));
#6936 = VECTOR('',#6937,1.);
#6937 = DIRECTION('',(0.,1.));
#6938 = ( GEOMETRIC_REPRESENTATION_CONTEXT(2) 
PARAMETRIC_REPRESENTATION_CONTEXT() REPRESENTATION_CONTEXT('2D SPACE',''
  ) );
#6939 = PCURVE('',#1233,#6940);
#6940 = DEFINITIONAL_REPRESENTATION('',(#6941),#6945);
#6941 = LINE('',#6942,#6943);
#6942 = CARTESIAN_POINT('',(0.,-0.));
#6943 = VECTOR('',#6944,1.);
#6944 = DIRECTION('',(0.,1.));
#6945 = ( GEOMETRIC_REPRESENTATION_CONTEXT(2) 
PARAMETRIC_REPRESENTATION_CONTEXT() REPRESENTATION_CONTEXT('2D SPACE',''
  ) );
#6946 = ORIENTED_EDGE('',*,*,#6947,.F.);
#6947 = EDGE_CURVE('',#6925,#6925,#6948,.T.);
#6948 = SURFACE_CURVE('',#6949,(#6954,#6961),.PCURVE_S1.);
#6949 = CIRCLE('',#6950,3.);
#6950 = AXIS2_PLACEMENT_3D('',#6951,#6952,#6953);
#6951 = CARTESIAN_POINT('',(226.31250000018,-100.1598284082,4.));
#6952 = DIRECTION('',(0.,0.,1.));
#6953 = DIRECTION('',(1.,0.,-0.));
#6954 = PCURVE('',#1233,#6955);
#6955 = DEFINITIONAL_REPRESENTATION('',(#6956),#6960);
#6956 = LINE('',#6957,#6958);
#6957 = CARTESIAN_POINT('',(0.,5.));
#6958 = VECTOR('',#6959,1.);
#6959 = DIRECTION('',(1.,0.));
#6960 = ( GEOMETRIC_REPRESENTATION_CONTEXT(2) 
PARAMETRIC_REPRESENTATION_CONTEXT() REPRESENTATION_CONTEXT('2D SPACE',''
  ) );
#6961 = PCURVE('',#6962,#6967);
#6962 = PLANE('',#6963);
#6963 = AXIS2_PLACEMENT_3D('',#6964,#6965,#6966);
#6964 = CARTESIAN_POINT('',(226.31250000018,-100.1598284082,4.));
#6965 = DIRECTION('',(0.,0.,1.));
#6966 = DIRECTION('',(1.,0.,-0.));
#6967 = DEFINITIONAL_REPRESENTATION('',(#6968),#6972);
#6968 = CIRCLE('',#6969,3.);
#6969 = AXIS2_PLACEMENT_2D('',#6970,#6971);
#6970 = CARTESIAN_POINT('',(0.,0.));
#6971 = DIRECTION('',(1.,0.));
#6972 = ( GEOMETRIC_REPRESENTATION_CONTEXT(2) 
PARAMETRIC_REPRESENTATION_CONTEXT() REPRESENTATION_CONTEXT('2D SPACE',''
  ) );
#6973 = ORIENTED_EDGE('',*,*,#6924,.F.);
#6974 = ORIENTED_EDGE('',*,*,#1216,.T.);
#6975 = ADVANCED_FACE('',(#6976),#1264,.F.);
#6976 = FACE_BOUND('',#6977,.F.);
#6977 = EDGE_LOOP('',(#6978,#7001,#7028,#7029));
#6978 = ORIENTED_EDGE('',*,*,#6979,.T.);
#6979 = EDGE_CURVE('',#1248,#6980,#6982,.T.);
#6980 = VERTEX_POINT('',#6981);
#6981 = CARTESIAN_POINT('',(261.91763420165,-105.3562500066,4.));
#6982 = SEAM_CURVE('',#6983,(#6987,#6994),.PCURVE_S1.);
#6983 = LINE('',#6984,#6985);
#6984 = CARTESIAN_POINT('',(261.91763420165,-105.3562500066,-1.));
#6985 = VECTOR('',#6986,1.);
#6986 = DIRECTION('',(0.,0.,1.));
#6987 = PCURVE('',#1264,#6988);
#6988 = DEFINITIONAL_REPRESENTATION('',(#6989),#6993);
#6989 = LINE('',#6990,#6991);
#6990 = CARTESIAN_POINT('',(6.28318530718,-0.));
#6991 = VECTOR('',#6992,1.);
#6992 = DIRECTION('',(0.,1.));
#6993 = ( GEOMETRIC_REPRESENTATION_CONTEXT(2) 
PARAMETRIC_REPRESENTATION_CONTEXT() REPRESENTATION_CONTEXT('2D SPACE',''
  ) );
#6994 = PCURVE('',#1264,#6995);
#6995 = DEFINITIONAL_REPRESENTATION('',(#6996),#7000);
#6996 = LINE('',#6997,#6998);
#6997 = CARTESIAN_POINT('',(0.,-0.));
#6998 = VECTOR('',#6999,1.);
#6999 = DIRECTION('',(0.,1.));
#7000 = ( GEOMETRIC_REPRESENTATION_CONTEXT(2) 
PARAMETRIC_REPRESENTATION_CONTEXT() REPRESENTATION_CONTEXT('2D SPACE',''
  ) );
#7001 = ORIENTED_EDGE('',*,*,#7002,.F.);
#7002 = EDGE_CURVE('',#6980,#6980,#7003,.T.);
#7003 = SURFACE_CURVE('',#7004,(#7009,#7016),.PCURVE_S1.);
#7004 = CIRCLE('',#7005,3.);
#7005 = AXIS2_PLACEMENT_3D('',#7006,#7007,#7008);
#7006 = CARTESIAN_POINT('',(258.91763420165,-105.3562500066,4.));
#7007 = DIRECTION('',(0.,0.,1.));
#7008 = DIRECTION('',(1.,0.,-0.));
#7009 = PCURVE('',#1264,#7010);
#7010 = DEFINITIONAL_REPRESENTATION('',(#7011),#7015);
#7011 = LINE('',#7012,#7013);
#7012 = CARTESIAN_POINT('',(0.,5.));
#7013 = VECTOR('',#7014,1.);
#7014 = DIRECTION('',(1.,0.));
#7015 = ( GEOMETRIC_REPRESENTATION_CONTEXT(2) 
PARAMETRIC_REPRESENTATION_CONTEXT() REPRESENTATION_CONTEXT('2D SPACE',''
  ) );
#7016 = PCURVE('',#7017,#7022);
#7017 = PLANE('',#7018);
#7018 = AXIS2_PLACEMENT_3D('',#7019,#7020,#7021);
#7019 = CARTESIAN_POINT('',(258.91763420165,-105.3562500066,4.));
#7020 = DIRECTION('',(0.,0.,1.));
#7021 = DIRECTION('',(1.,0.,-0.));
#7022 = DEFINITIONAL_REPRESENTATION('',(#7023),#7027);
#7023 = CIRCLE('',#7024,3.);
#7024 = AXIS2_PLACEMENT_2D('',#7025,#7026);
#7025 = CARTESIAN_POINT('',(0.,0.));
#7026 = DIRECTION('',(1.,0.));
#7027 = ( GEOMETRIC_REPRESENTATION_CONTEXT(2) 
PARAMETRIC_REPRESENTATION_CONTEXT() REPRESENTATION_CONTEXT('2D SPACE',''
  ) );
#7028 = ORIENTED_EDGE('',*,*,#6979,.F.);
#7029 = ORIENTED_EDGE('',*,*,#1247,.T.);
#7030 = ADVANCED_FACE('',(#7031),#1295,.F.);
#7031 = FACE_BOUND('',#7032,.F.);
#7032 = EDGE_LOOP('',(#7033,#7056,#7083,#7084));
#7033 = ORIENTED_EDGE('',*,*,#7034,.T.);
#7034 = EDGE_CURVE('',#1279,#7035,#7037,.T.);
#7035 = VERTEX_POINT('',#7036);
#7036 = CARTESIAN_POINT('',(295.09692776023,-102.9422195671,4.));
#7037 = SEAM_CURVE('',#7038,(#7042,#7049),.PCURVE_S1.);
#7038 = LINE('',#7039,#7040);
#7039 = CARTESIAN_POINT('',(295.09692776023,-102.9422195671,-1.));
#7040 = VECTOR('',#7041,1.);
#7041 = DIRECTION('',(0.,0.,1.));
#7042 = PCURVE('',#1295,#7043);
#7043 = DEFINITIONAL_REPRESENTATION('',(#7044),#7048);
#7044 = LINE('',#7045,#7046);
#7045 = CARTESIAN_POINT('',(6.28318530718,-0.));
#7046 = VECTOR('',#7047,1.);
#7047 = DIRECTION('',(0.,1.));
#7048 = ( GEOMETRIC_REPRESENTATION_CONTEXT(2) 
PARAMETRIC_REPRESENTATION_CONTEXT() REPRESENTATION_CONTEXT('2D SPACE',''
  ) );
#7049 = PCURVE('',#1295,#7050);
#7050 = DEFINITIONAL_REPRESENTATION('',(#7051),#7055);
#7051 = LINE('',#7052,#7053);
#7052 = CARTESIAN_POINT('',(0.,-0.));
#7053 = VECTOR('',#7054,1.);
#7054 = DIRECTION('',(0.,1.));
#7055 = ( GEOMETRIC_REPRESENTATION_CONTEXT(2) 
PARAMETRIC_REPRESENTATION_CONTEXT() REPRESENTATION_CONTEXT('2D SPACE',''
  ) );
#7056 = ORIENTED_EDGE('',*,*,#7057,.F.);
#7057 = EDGE_CURVE('',#7035,#7035,#7058,.T.);
#7058 = SURFACE_CURVE('',#7059,(#7064,#7071),.PCURVE_S1.);
#7059 = CIRCLE('',#7060,3.);
#7060 = AXIS2_PLACEMENT_3D('',#7061,#7062,#7063);
#7061 = CARTESIAN_POINT('',(292.09692776023,-102.9422195671,4.));
#7062 = DIRECTION('',(0.,0.,1.));
#7063 = DIRECTION('',(1.,0.,-0.));
#7064 = PCURVE('',#1295,#7065);
#7065 = DEFINITIONAL_REPRESENTATION('',(#7066),#7070);
#7066 = LINE('',#7067,#7068);
#7067 = CARTESIAN_POINT('',(0.,5.));
#7068 = VECTOR('',#7069,1.);
#7069 = DIRECTION('',(1.,0.));
#7070 = ( GEOMETRIC_REPRESENTATION_CONTEXT(2) 
PARAMETRIC_REPRESENTATION_CONTEXT() REPRESENTATION_CONTEXT('2D SPACE',''
  ) );
#7071 = PCURVE('',#7072,#7077);
#7072 = PLANE('',#7073);
#7073 = AXIS2_PLACEMENT_3D('',#7074,#7075,#7076);
#7074 = CARTESIAN_POINT('',(292.09692776023,-102.9422195671,4.));
#7075 = DIRECTION('',(0.,0.,1.));
#7076 = DIRECTION('',(1.,0.,-0.));
#7077 = DEFINITIONAL_REPRESENTATION('',(#7078),#7082);
#7078 = CIRCLE('',#7079,3.);
#7079 = AXIS2_PLACEMENT_2D('',#7080,#7081);
#7080 = CARTESIAN_POINT('',(0.,0.));
#7081 = DIRECTION('',(1.,0.));
#7082 = ( GEOMETRIC_REPRESENTATION_CONTEXT(2) 
PARAMETRIC_REPRESENTATION_CONTEXT() REPRESENTATION_CONTEXT('2D SPACE',''
  ) );
#7083 = ORIENTED_EDGE('',*,*,#7034,.F.);
#7084 = ORIENTED_EDGE('',*,*,#1278,.T.);
#7085 = ADVANCED_FACE('',(#7086),#1326,.T.);
#7086 = FACE_BOUND('',#7087,.T.);
#7087 = EDGE_LOOP('',(#7088,#7089,#7112,#7138));
#7088 = ORIENTED_EDGE('',*,*,#1309,.T.);
#7089 = ORIENTED_EDGE('',*,*,#7090,.T.);
#7090 = EDGE_CURVE('',#1312,#7091,#7093,.T.);
#7091 = VERTEX_POINT('',#7092);
#7092 = CARTESIAN_POINT('',(178.81898873943,-63.22972856765,3.));
#7093 = SURFACE_CURVE('',#7094,(#7098,#7105),.PCURVE_S1.);
#7094 = LINE('',#7095,#7096);
#7095 = CARTESIAN_POINT('',(178.81898873943,-63.22972856765,-1.));
#7096 = VECTOR('',#7097,1.);
#7097 = DIRECTION('',(0.,0.,1.));
#7098 = PCURVE('',#1326,#7099);
#7099 = DEFINITIONAL_REPRESENTATION('',(#7100),#7104);
#7100 = LINE('',#7101,#7102);
#7101 = CARTESIAN_POINT('',(-7.044639441558E-15,0.));
#7102 = VECTOR('',#7103,1.);
#7103 = DIRECTION('',(0.,-1.));
#7104 = ( GEOMETRIC_REPRESENTATION_CONTEXT(2) 
PARAMETRIC_REPRESENTATION_CONTEXT() REPRESENTATION_CONTEXT('2D SPACE',''
  ) );
#7105 = PCURVE('',#1356,#7106);
#7106 = DEFINITIONAL_REPRESENTATION('',(#7107),#7111);
#7107 = LINE('',#7108,#7109);
#7108 = CARTESIAN_POINT('',(-6.02138591938,0.));
#7109 = VECTOR('',#7110,1.);
#7110 = DIRECTION('',(-0.,-1.));
#7111 = ( GEOMETRIC_REPRESENTATION_CONTEXT(2) 
PARAMETRIC_REPRESENTATION_CONTEXT() REPRESENTATION_CONTEXT('2D SPACE',''
  ) );
#7112 = ORIENTED_EDGE('',*,*,#7113,.F.);
#7113 = EDGE_CURVE('',#7114,#7091,#7116,.T.);
#7114 = VERTEX_POINT('',#7115);
#7115 = CARTESIAN_POINT('',(178.8701,-62.8415,3.));
#7116 = SURFACE_CURVE('',#7117,(#7121,#7127),.PCURVE_S1.);
#7117 = LINE('',#7118,#7119);
#7118 = CARTESIAN_POINT('',(178.75888620189,-63.68625266433,3.));
#7119 = VECTOR('',#7120,1.);
#7120 = DIRECTION('',(-0.13052619222,-0.991444861374,0.));
#7121 = PCURVE('',#1326,#7122);
#7122 = DEFINITIONAL_REPRESENTATION('',(#7123),#7126);
#7123 = B_SPLINE_CURVE_WITH_KNOTS('',1,(#7124,#7125),.UNSPECIFIED.,.F.,
  .F.,(2,2),(-0.852042001775,-0.460463425115),.PIECEWISE_BEZIER_KNOTS.);
#7124 = CARTESIAN_POINT('',(0.39157857666,-4.));
#7125 = CARTESIAN_POINT('',(-7.04991620637E-15,-4.));
#7126 = ( GEOMETRIC_REPRESENTATION_CONTEXT(2) 
PARAMETRIC_REPRESENTATION_CONTEXT() REPRESENTATION_CONTEXT('2D SPACE',''
  ) );
#7127 = PCURVE('',#7128,#7133);
#7128 = PLANE('',#7129);
#7129 = AXIS2_PLACEMENT_3D('',#7130,#7131,#7132);
#7130 = CARTESIAN_POINT('',(206.46081524323,-67.79771755647,3.));
#7131 = DIRECTION('',(0.,0.,1.));
#7132 = DIRECTION('',(1.,0.,-0.));
#7133 = DEFINITIONAL_REPRESENTATION('',(#7134),#7137);
#7134 = B_SPLINE_CURVE_WITH_KNOTS('',1,(#7135,#7136),.UNSPECIFIED.,.F.,
  .F.,(2,2),(-0.852042001775,-0.460463425115),.PIECEWISE_BEZIER_KNOTS.);
#7135 = CARTESIAN_POINT('',(-27.59071524323,4.956217556472));
#7136 = CARTESIAN_POINT('',(-27.64182650379,4.567988988819));
#7137 = ( GEOMETRIC_REPRESENTATION_CONTEXT(2) 
PARAMETRIC_REPRESENTATION_CONTEXT() REPRESENTATION_CONTEXT('2D SPACE',''
  ) );
#7138 = ORIENTED_EDGE('',*,*,#7139,.F.);
#7139 = EDGE_CURVE('',#1310,#7114,#7140,.T.);
#7140 = SURFACE_CURVE('',#7141,(#7145,#7152),.PCURVE_S1.);
#7141 = LINE('',#7142,#7143);
#7142 = CARTESIAN_POINT('',(178.8701,-62.8415,-1.));
#7143 = VECTOR('',#7144,1.);
#7144 = DIRECTION('',(0.,0.,1.));
#7145 = PCURVE('',#1326,#7146);
#7146 = DEFINITIONAL_REPRESENTATION('',(#7147),#7151);
#7147 = LINE('',#7148,#7149);
#7148 = CARTESIAN_POINT('',(0.39157857666,0.));
#7149 = VECTOR('',#7150,1.);
#7150 = DIRECTION('',(0.,-1.));
#7151 = ( GEOMETRIC_REPRESENTATION_CONTEXT(2) 
PARAMETRIC_REPRESENTATION_CONTEXT() REPRESENTATION_CONTEXT('2D SPACE',''
  ) );
#7152 = PCURVE('',#1356,#7153);
#7153 = DEFINITIONAL_REPRESENTATION('',(#7154),#7158);
#7154 = LINE('',#7155,#7156);
#7155 = CARTESIAN_POINT('',(-0.,0.));
#7156 = VECTOR('',#7157,1.);
#7157 = DIRECTION('',(-0.,-1.));
#7158 = ( GEOMETRIC_REPRESENTATION_CONTEXT(2) 
PARAMETRIC_REPRESENTATION_CONTEXT() REPRESENTATION_CONTEXT('2D SPACE',''
  ) );
#7159 = ADVANCED_FACE('',(#7160),#1356,.F.);
#7160 = FACE_BOUND('',#7161,.T.);
#7161 = EDGE_LOOP('',(#7162,#7163,#7164,#7190));
#7162 = ORIENTED_EDGE('',*,*,#1337,.T.);
#7163 = ORIENTED_EDGE('',*,*,#7139,.T.);
#7164 = ORIENTED_EDGE('',*,*,#7165,.F.);
#7165 = EDGE_CURVE('',#7091,#7114,#7166,.T.);
#7166 = SURFACE_CURVE('',#7167,(#7172,#7179),.PCURVE_S1.);
#7167 = CIRCLE('',#7168,1.5);
#7168 = AXIS2_PLACEMENT_3D('',#7169,#7170,#7171);
#7169 = CARTESIAN_POINT('',(177.3701,-62.8415,3.));
#7170 = DIRECTION('',(0.,-0.,-1.));
#7171 = DIRECTION('',(1.,-4.736951571734E-15,0.));
#7172 = PCURVE('',#1356,#7173);
#7173 = DEFINITIONAL_REPRESENTATION('',(#7174),#7178);
#7174 = LINE('',#7175,#7176);
#7175 = CARTESIAN_POINT('',(-6.28318530718,-4.));
#7176 = VECTOR('',#7177,1.);
#7177 = DIRECTION('',(1.,-0.));
#7178 = ( GEOMETRIC_REPRESENTATION_CONTEXT(2) 
PARAMETRIC_REPRESENTATION_CONTEXT() REPRESENTATION_CONTEXT('2D SPACE',''
  ) );
#7179 = PCURVE('',#7128,#7180);
#7180 = DEFINITIONAL_REPRESENTATION('',(#7181),#7189);
#7181 = ( BOUNDED_CURVE() B_SPLINE_CURVE(2,(#7182,#7183,#7184,#7185,
#7186,#7187,#7188),.UNSPECIFIED.,.T.,.F.) B_SPLINE_CURVE_WITH_KNOTS((1,2
    ,2,2,2,1),(-2.094395102393,0.,2.094395102393,4.188790204786,
6.28318530718,8.377580409573),.UNSPECIFIED.) CURVE() 
GEOMETRIC_REPRESENTATION_ITEM() RATIONAL_B_SPLINE_CURVE((1.,0.5,1.,0.5,
1.,0.5,1.)) REPRESENTATION_ITEM('') );
#7182 = CARTESIAN_POINT('',(-27.59071524323,4.956217556472));
#7183 = CARTESIAN_POINT('',(-27.59071524323,2.358141345119));
#7184 = CARTESIAN_POINT('',(-29.84071524323,3.657179450796));
#7185 = CARTESIAN_POINT('',(-32.09071524323,4.956217556472));
#7186 = CARTESIAN_POINT('',(-29.84071524323,6.255255662149));
#7187 = CARTESIAN_POINT('',(-27.59071524323,7.554293767826));
#7188 = CARTESIAN_POINT('',(-27.59071524323,4.956217556472));
#7189 = ( GEOMETRIC_REPRESENTATION_CONTEXT(2) 
PARAMETRIC_REPRESENTATION_CONTEXT() REPRESENTATION_CONTEXT('2D SPACE',''
  ) );
#7190 = ORIENTED_EDGE('',*,*,#7090,.F.);
#7191 = ADVANCED_FACE('',(#7192),#1387,.T.);
#7192 = FACE_BOUND('',#7193,.T.);
#7193 = EDGE_LOOP('',(#7194,#7195,#7218,#7239));
#7194 = ORIENTED_EDGE('',*,*,#1370,.T.);
#7195 = ORIENTED_EDGE('',*,*,#7196,.T.);
#7196 = EDGE_CURVE('',#1373,#7197,#7199,.T.);
#7197 = VERTEX_POINT('',#7198);
#7198 = CARTESIAN_POINT('',(177.44888873943,-57.38822856765,3.));
#7199 = SURFACE_CURVE('',#7200,(#7204,#7211),.PCURVE_S1.);
#7200 = LINE('',#7201,#7202);
#7201 = CARTESIAN_POINT('',(177.44888873943,-57.38822856765,-1.));
#7202 = VECTOR('',#7203,1.);
#7203 = DIRECTION('',(0.,0.,1.));
#7204 = PCURVE('',#1387,#7205);
#7205 = DEFINITIONAL_REPRESENTATION('',(#7206),#7210);
#7206 = LINE('',#7207,#7208);
#7207 = CARTESIAN_POINT('',(0.,0.));
#7208 = VECTOR('',#7209,1.);
#7209 = DIRECTION('',(0.,-1.));
#7210 = ( GEOMETRIC_REPRESENTATION_CONTEXT(2) 
PARAMETRIC_REPRESENTATION_CONTEXT() REPRESENTATION_CONTEXT('2D SPACE',''
  ) );
#7211 = PCURVE('',#1417,#7212);
#7212 = DEFINITIONAL_REPRESENTATION('',(#7213),#7217);
#7213 = LINE('',#7214,#7215);
#7214 = CARTESIAN_POINT('',(-6.02138591938,0.));
#7215 = VECTOR('',#7216,1.);
#7216 = DIRECTION('',(-0.,-1.));
#7217 = ( GEOMETRIC_REPRESENTATION_CONTEXT(2) 
PARAMETRIC_REPRESENTATION_CONTEXT() REPRESENTATION_CONTEXT('2D SPACE',''
  ) );
#7218 = ORIENTED_EDGE('',*,*,#7219,.F.);
#7219 = EDGE_CURVE('',#7220,#7197,#7222,.T.);
#7220 = VERTEX_POINT('',#7221);
#7221 = CARTESIAN_POINT('',(177.5,-57.,3.));
#7222 = SURFACE_CURVE('',#7223,(#7227,#7233),.PCURVE_S1.);
#7223 = LINE('',#7224,#7225);
#7224 = CARTESIAN_POINT('',(177.02248459525,-60.62708959947,3.));
#7225 = VECTOR('',#7226,1.);
#7226 = DIRECTION('',(-0.13052619222,-0.991444861374,0.));
#7227 = PCURVE('',#1387,#7228);
#7228 = DEFINITIONAL_REPRESENTATION('',(#7229),#7232);
#7229 = B_SPLINE_CURVE_WITH_KNOTS('',1,(#7230,#7231),.UNSPECIFIED.,.F.,
  .F.,(2,2),(-3.658387612652,-3.266809035992),.PIECEWISE_BEZIER_KNOTS.);
#7230 = CARTESIAN_POINT('',(0.39157857666,-4.));
#7231 = CARTESIAN_POINT('',(0.,-4.));
#7232 = ( GEOMETRIC_REPRESENTATION_CONTEXT(2) 
PARAMETRIC_REPRESENTATION_CONTEXT() REPRESENTATION_CONTEXT('2D SPACE',''
  ) );
#7233 = PCURVE('',#7128,#7234);
#7234 = DEFINITIONAL_REPRESENTATION('',(#7235),#7238);
#7235 = B_SPLINE_CURVE_WITH_KNOTS('',1,(#7236,#7237),.UNSPECIFIED.,.F.,
  .F.,(2,2),(-3.658387612652,-3.266809035992),.PIECEWISE_BEZIER_KNOTS.);
#7236 = CARTESIAN_POINT('',(-28.96081524323,10.797717556472));
#7237 = CARTESIAN_POINT('',(-29.01192650379,10.409488988819));
#7238 = ( GEOMETRIC_REPRESENTATION_CONTEXT(2) 
PARAMETRIC_REPRESENTATION_CONTEXT() REPRESENTATION_CONTEXT('2D SPACE',''
  ) );
#7239 = ORIENTED_EDGE('',*,*,#7240,.F.);
#7240 = EDGE_CURVE('',#1371,#7220,#7241,.T.);
#7241 = SURFACE_CURVE('',#7242,(#7246,#7253),.PCURVE_S1.);
#7242 = LINE('',#7243,#7244);
#7243 = CARTESIAN_POINT('',(177.5,-57.,-1.));
#7244 = VECTOR('',#7245,1.);
#7245 = DIRECTION('',(0.,0.,1.));
#7246 = PCURVE('',#1387,#7247);
#7247 = DEFINITIONAL_REPRESENTATION('',(#7248),#7252);
#7248 = LINE('',#7249,#7250);
#7249 = CARTESIAN_POINT('',(0.39157857666,0.));
#7250 = VECTOR('',#7251,1.);
#7251 = DIRECTION('',(0.,-1.));
#7252 = ( GEOMETRIC_REPRESENTATION_CONTEXT(2) 
PARAMETRIC_REPRESENTATION_CONTEXT() REPRESENTATION_CONTEXT('2D SPACE',''
  ) );
#7253 = PCURVE('',#1417,#7254);
#7254 = DEFINITIONAL_REPRESENTATION('',(#7255),#7259);
#7255 = LINE('',#7256,#7257);
#7256 = CARTESIAN_POINT('',(-0.,0.));
#7257 = VECTOR('',#7258,1.);
#7258 = DIRECTION('',(-0.,-1.));
#7259 = ( GEOMETRIC_REPRESENTATION_CONTEXT(2) 
PARAMETRIC_REPRESENTATION_CONTEXT() REPRESENTATION_CONTEXT('2D SPACE',''
  ) );
#7260 = ADVANCED_FACE('',(#7261),#1417,.F.);
#7261 = FACE_BOUND('',#7262,.T.);
#7262 = EDGE_LOOP('',(#7263,#7264,#7265,#7291));
#7263 = ORIENTED_EDGE('',*,*,#1398,.T.);
#7264 = ORIENTED_EDGE('',*,*,#7240,.T.);
#7265 = ORIENTED_EDGE('',*,*,#7266,.F.);
#7266 = EDGE_CURVE('',#7197,#7220,#7267,.T.);
#7267 = SURFACE_CURVE('',#7268,(#7273,#7280),.PCURVE_S1.);
#7268 = CIRCLE('',#7269,1.5);
#7269 = AXIS2_PLACEMENT_3D('',#7270,#7271,#7272);
#7270 = CARTESIAN_POINT('',(176.,-57.,3.));
#7271 = DIRECTION('',(0.,-0.,-1.));
#7272 = DIRECTION('',(1.,4.736951571734E-15,-0.));
#7273 = PCURVE('',#1417,#7274);
#7274 = DEFINITIONAL_REPRESENTATION('',(#7275),#7279);
#7275 = LINE('',#7276,#7277);
#7276 = CARTESIAN_POINT('',(-6.28318530718,-4.));
#7277 = VECTOR('',#7278,1.);
#7278 = DIRECTION('',(1.,-0.));
#7279 = ( GEOMETRIC_REPRESENTATION_CONTEXT(2) 
PARAMETRIC_REPRESENTATION_CONTEXT() REPRESENTATION_CONTEXT('2D SPACE',''
  ) );
#7280 = PCURVE('',#7128,#7281);
#7281 = DEFINITIONAL_REPRESENTATION('',(#7282),#7290);
#7282 = ( BOUNDED_CURVE() B_SPLINE_CURVE(2,(#7283,#7284,#7285,#7286,
#7287,#7288,#7289),.UNSPECIFIED.,.T.,.F.) B_SPLINE_CURVE_WITH_KNOTS((1,2
    ,2,2,2,1),(-2.094395102393,0.,2.094395102393,4.188790204786,
6.28318530718,8.377580409573),.UNSPECIFIED.) CURVE() 
GEOMETRIC_REPRESENTATION_ITEM() RATIONAL_B_SPLINE_CURVE((1.,0.5,1.,0.5,
1.,0.5,1.)) REPRESENTATION_ITEM('') );
#7283 = CARTESIAN_POINT('',(-28.96081524323,10.797717556472));
#7284 = CARTESIAN_POINT('',(-28.96081524323,8.199641345119));
#7285 = CARTESIAN_POINT('',(-31.21081524323,9.498679450796));
#7286 = CARTESIAN_POINT('',(-33.46081524323,10.797717556472));
#7287 = CARTESIAN_POINT('',(-31.21081524323,12.096755662149));
#7288 = CARTESIAN_POINT('',(-28.96081524323,13.395793767826));
#7289 = CARTESIAN_POINT('',(-28.96081524323,10.797717556472));
#7290 = ( GEOMETRIC_REPRESENTATION_CONTEXT(2) 
PARAMETRIC_REPRESENTATION_CONTEXT() REPRESENTATION_CONTEXT('2D SPACE',''
  ) );
#7291 = ORIENTED_EDGE('',*,*,#7196,.F.);
#7292 = ADVANCED_FACE('',(#7293),#1448,.F.);
#7293 = FACE_BOUND('',#7294,.F.);
#7294 = EDGE_LOOP('',(#7295,#7318,#7345,#7346));
#7295 = ORIENTED_EDGE('',*,*,#7296,.T.);
#7296 = EDGE_CURVE('',#1432,#7297,#7299,.T.);
#7297 = VERTEX_POINT('',#7298);
#7298 = CARTESIAN_POINT('',(152.8875,-24.81768431614,4.));
#7299 = SEAM_CURVE('',#7300,(#7304,#7311),.PCURVE_S1.);
#7300 = LINE('',#7301,#7302);
#7301 = CARTESIAN_POINT('',(152.8875,-24.81768431614,-1.));
#7302 = VECTOR('',#7303,1.);
#7303 = DIRECTION('',(0.,0.,1.));
#7304 = PCURVE('',#1448,#7305);
#7305 = DEFINITIONAL_REPRESENTATION('',(#7306),#7310);
#7306 = LINE('',#7307,#7308);
#7307 = CARTESIAN_POINT('',(6.28318530718,-0.));
#7308 = VECTOR('',#7309,1.);
#7309 = DIRECTION('',(0.,1.));
#7310 = ( GEOMETRIC_REPRESENTATION_CONTEXT(2) 
PARAMETRIC_REPRESENTATION_CONTEXT() REPRESENTATION_CONTEXT('2D SPACE',''
  ) );
#7311 = PCURVE('',#1448,#7312);
#7312 = DEFINITIONAL_REPRESENTATION('',(#7313),#7317);
#7313 = LINE('',#7314,#7315);
#7314 = CARTESIAN_POINT('',(0.,-0.));
#7315 = VECTOR('',#7316,1.);
#7316 = DIRECTION('',(0.,1.));
#7317 = ( GEOMETRIC_REPRESENTATION_CONTEXT(2) 
PARAMETRIC_REPRESENTATION_CONTEXT() REPRESENTATION_CONTEXT('2D SPACE',''
  ) );
#7318 = ORIENTED_EDGE('',*,*,#7319,.F.);
#7319 = EDGE_CURVE('',#7297,#7297,#7320,.T.);
#7320 = SURFACE_CURVE('',#7321,(#7326,#7333),.PCURVE_S1.);
#7321 = CIRCLE('',#7322,3.);
#7322 = AXIS2_PLACEMENT_3D('',#7323,#7324,#7325);
#7323 = CARTESIAN_POINT('',(149.8875,-24.81768431614,4.));
#7324 = DIRECTION('',(0.,0.,1.));
#7325 = DIRECTION('',(1.,0.,-0.));
#7326 = PCURVE('',#1448,#7327);
#7327 = DEFINITIONAL_REPRESENTATION('',(#7328),#7332);
#7328 = LINE('',#7329,#7330);
#7329 = CARTESIAN_POINT('',(0.,5.));
#7330 = VECTOR('',#7331,1.);
#7331 = DIRECTION('',(1.,0.));
#7332 = ( GEOMETRIC_REPRESENTATION_CONTEXT(2) 
PARAMETRIC_REPRESENTATION_CONTEXT() REPRESENTATION_CONTEXT('2D SPACE',''
  ) );
#7333 = PCURVE('',#7334,#7339);
#7334 = PLANE('',#7335);
#7335 = AXIS2_PLACEMENT_3D('',#7336,#7337,#7338);
#7336 = CARTESIAN_POINT('',(149.8875,-24.81768431614,4.));
#7337 = DIRECTION('',(0.,0.,1.));
#7338 = DIRECTION('',(1.,0.,-0.));
#7339 = DEFINITIONAL_REPRESENTATION('',(#7340),#7344);
#7340 = CIRCLE('',#7341,3.);
#7341 = AXIS2_PLACEMENT_2D('',#7342,#7343);
#7342 = CARTESIAN_POINT('',(0.,0.));
#7343 = DIRECTION('',(1.,0.));
#7344 = ( GEOMETRIC_REPRESENTATION_CONTEXT(2) 
PARAMETRIC_REPRESENTATION_CONTEXT() REPRESENTATION_CONTEXT('2D SPACE',''
  ) );
#7345 = ORIENTED_EDGE('',*,*,#7296,.F.);
#7346 = ORIENTED_EDGE('',*,*,#1431,.T.);
#7347 = ADVANCED_FACE('',(#7348),#1479,.F.);
#7348 = FACE_BOUND('',#7349,.F.);
#7349 = EDGE_LOOP('',(#7350,#7373,#7400,#7401));
#7350 = ORIENTED_EDGE('',*,*,#7351,.T.);
#7351 = EDGE_CURVE('',#1463,#7352,#7354,.T.);
#7352 = VERTEX_POINT('',#7353);
#7353 = CARTESIAN_POINT('',(240.64211901703,-33.69374999882,4.));
#7354 = SEAM_CURVE('',#7355,(#7359,#7366),.PCURVE_S1.);
#7355 = LINE('',#7356,#7357);
#7356 = CARTESIAN_POINT('',(240.64211901703,-33.69374999882,-1.));
#7357 = VECTOR('',#7358,1.);
#7358 = DIRECTION('',(0.,0.,1.));
#7359 = PCURVE('',#1479,#7360);
#7360 = DEFINITIONAL_REPRESENTATION('',(#7361),#7365);
#7361 = LINE('',#7362,#7363);
#7362 = CARTESIAN_POINT('',(6.28318530718,-0.));
#7363 = VECTOR('',#7364,1.);
#7364 = DIRECTION('',(0.,1.));
#7365 = ( GEOMETRIC_REPRESENTATION_CONTEXT(2) 
PARAMETRIC_REPRESENTATION_CONTEXT() REPRESENTATION_CONTEXT('2D SPACE',''
  ) );
#7366 = PCURVE('',#1479,#7367);
#7367 = DEFINITIONAL_REPRESENTATION('',(#7368),#7372);
#7368 = LINE('',#7369,#7370);
#7369 = CARTESIAN_POINT('',(0.,-0.));
#7370 = VECTOR('',#7371,1.);
#7371 = DIRECTION('',(0.,1.));
#7372 = ( GEOMETRIC_REPRESENTATION_CONTEXT(2) 
PARAMETRIC_REPRESENTATION_CONTEXT() REPRESENTATION_CONTEXT('2D SPACE',''
  ) );
#7373 = ORIENTED_EDGE('',*,*,#7374,.F.);
#7374 = EDGE_CURVE('',#7352,#7352,#7375,.T.);
#7375 = SURFACE_CURVE('',#7376,(#7381,#7388),.PCURVE_S1.);
#7376 = CIRCLE('',#7377,3.);
#7377 = AXIS2_PLACEMENT_3D('',#7378,#7379,#7380);
#7378 = CARTESIAN_POINT('',(237.64211901703,-33.69374999882,4.));
#7379 = DIRECTION('',(0.,0.,1.));
#7380 = DIRECTION('',(1.,0.,-0.));
#7381 = PCURVE('',#1479,#7382);
#7382 = DEFINITIONAL_REPRESENTATION('',(#7383),#7387);
#7383 = LINE('',#7384,#7385);
#7384 = CARTESIAN_POINT('',(0.,5.));
#7385 = VECTOR('',#7386,1.);
#7386 = DIRECTION('',(1.,0.));
#7387 = ( GEOMETRIC_REPRESENTATION_CONTEXT(2) 
PARAMETRIC_REPRESENTATION_CONTEXT() REPRESENTATION_CONTEXT('2D SPACE',''
  ) );
#7388 = PCURVE('',#7389,#7394);
#7389 = PLANE('',#7390);
#7390 = AXIS2_PLACEMENT_3D('',#7391,#7392,#7393);
#7391 = CARTESIAN_POINT('',(237.64211901703,-33.69374999882,4.));
#7392 = DIRECTION('',(0.,0.,1.));
#7393 = DIRECTION('',(1.,0.,-0.));
#7394 = DEFINITIONAL_REPRESENTATION('',(#7395),#7399);
#7395 = CIRCLE('',#7396,3.);
#7396 = AXIS2_PLACEMENT_2D('',#7397,#7398);
#7397 = CARTESIAN_POINT('',(0.,0.));
#7398 = DIRECTION('',(1.,0.));
#7399 = ( GEOMETRIC_REPRESENTATION_CONTEXT(2) 
PARAMETRIC_REPRESENTATION_CONTEXT() REPRESENTATION_CONTEXT('2D SPACE',''
  ) );
#7400 = ORIENTED_EDGE('',*,*,#7351,.F.);
#7401 = ORIENTED_EDGE('',*,*,#1462,.T.);
#7402 = ADVANCED_FACE('',(#7403),#1510,.F.);
#7403 = FACE_BOUND('',#7404,.F.);
#7404 = EDGE_LOOP('',(#7405,#7428,#7455,#7456));
#7405 = ORIENTED_EDGE('',*,*,#7406,.T.);
#7406 = EDGE_CURVE('',#1494,#7407,#7409,.T.);
#7407 = VERTEX_POINT('',#7408);
#7408 = CARTESIAN_POINT('',(295.98750000034,-46.11720669061,4.));
#7409 = SEAM_CURVE('',#7410,(#7414,#7421),.PCURVE_S1.);
#7410 = LINE('',#7411,#7412);
#7411 = CARTESIAN_POINT('',(295.98750000034,-46.11720669061,-1.));
#7412 = VECTOR('',#7413,1.);
#7413 = DIRECTION('',(0.,0.,1.));
#7414 = PCURVE('',#1510,#7415);
#7415 = DEFINITIONAL_REPRESENTATION('',(#7416),#7420);
#7416 = LINE('',#7417,#7418);
#7417 = CARTESIAN_POINT('',(6.28318530718,-0.));
#7418 = VECTOR('',#7419,1.);
#7419 = DIRECTION('',(0.,1.));
#7420 = ( GEOMETRIC_REPRESENTATION_CONTEXT(2) 
PARAMETRIC_REPRESENTATION_CONTEXT() REPRESENTATION_CONTEXT('2D SPACE',''
  ) );
#7421 = PCURVE('',#1510,#7422);
#7422 = DEFINITIONAL_REPRESENTATION('',(#7423),#7427);
#7423 = LINE('',#7424,#7425);
#7424 = CARTESIAN_POINT('',(0.,-0.));
#7425 = VECTOR('',#7426,1.);
#7426 = DIRECTION('',(0.,1.));
#7427 = ( GEOMETRIC_REPRESENTATION_CONTEXT(2) 
PARAMETRIC_REPRESENTATION_CONTEXT() REPRESENTATION_CONTEXT('2D SPACE',''
  ) );
#7428 = ORIENTED_EDGE('',*,*,#7429,.F.);
#7429 = EDGE_CURVE('',#7407,#7407,#7430,.T.);
#7430 = SURFACE_CURVE('',#7431,(#7436,#7443),.PCURVE_S1.);
#7431 = CIRCLE('',#7432,3.);
#7432 = AXIS2_PLACEMENT_3D('',#7433,#7434,#7435);
#7433 = CARTESIAN_POINT('',(292.98750000034,-46.11720669061,4.));
#7434 = DIRECTION('',(0.,0.,1.));
#7435 = DIRECTION('',(1.,0.,-0.));
#7436 = PCURVE('',#1510,#7437);
#7437 = DEFINITIONAL_REPRESENTATION('',(#7438),#7442);
#7438 = LINE('',#7439,#7440);
#7439 = CARTESIAN_POINT('',(0.,5.));
#7440 = VECTOR('',#7441,1.);
#7441 = DIRECTION('',(1.,0.));
#7442 = ( GEOMETRIC_REPRESENTATION_CONTEXT(2) 
PARAMETRIC_REPRESENTATION_CONTEXT() REPRESENTATION_CONTEXT('2D SPACE',''
  ) );
#7443 = PCURVE('',#7444,#7449);
#7444 = PLANE('',#7445);
#7445 = AXIS2_PLACEMENT_3D('',#7446,#7447,#7448);
#7446 = CARTESIAN_POINT('',(292.98750000034,-46.11720669061,4.));
#7447 = DIRECTION('',(0.,0.,1.));
#7448 = DIRECTION('',(1.,0.,-0.));
#7449 = DEFINITIONAL_REPRESENTATION('',(#7450),#7454);
#7450 = CIRCLE('',#7451,3.);
#7451 = AXIS2_PLACEMENT_2D('',#7452,#7453);
#7452 = CARTESIAN_POINT('',(0.,0.));
#7453 = DIRECTION('',(1.,0.));
#7454 = ( GEOMETRIC_REPRESENTATION_CONTEXT(2) 
PARAMETRIC_REPRESENTATION_CONTEXT() REPRESENTATION_CONTEXT('2D SPACE',''
  ) );
#7455 = ORIENTED_EDGE('',*,*,#7406,.F.);
#7456 = ORIENTED_EDGE('',*,*,#1493,.T.);
#7457 = ADVANCED_FACE('',(#7458),#1566,.F.);
#7458 = FACE_BOUND('',#7459,.F.);
#7459 = EDGE_LOOP('',(#7460,#7483,#7484,#7485));
#7460 = ORIENTED_EDGE('',*,*,#7461,.F.);
#7461 = EDGE_CURVE('',#5673,#7462,#7464,.T.);
#7462 = VERTEX_POINT('',#7463);
#7463 = CARTESIAN_POINT('',(182.5125,-22.45145929899,5.3));
#7464 = SURFACE_CURVE('',#7465,(#7469,#7476),.PCURVE_S1.);
#7465 = LINE('',#7466,#7467);
#7466 = CARTESIAN_POINT('',(182.5125,-19.85,5.3));
#7467 = VECTOR('',#7468,1.);
#7468 = DIRECTION('',(0.,-1.,0.));
#7469 = PCURVE('',#1566,#7470);
#7470 = DEFINITIONAL_REPRESENTATION('',(#7471),#7475);
#7471 = LINE('',#7472,#7473);
#7472 = CARTESIAN_POINT('',(0.,-1.55));
#7473 = VECTOR('',#7474,1.);
#7474 = DIRECTION('',(0.,1.));
#7475 = ( GEOMETRIC_REPRESENTATION_CONTEXT(2) 
PARAMETRIC_REPRESENTATION_CONTEXT() REPRESENTATION_CONTEXT('2D SPACE',''
  ) );
#7476 = PCURVE('',#5710,#7477);
#7477 = DEFINITIONAL_REPRESENTATION('',(#7478),#7482);
#7478 = LINE('',#7479,#7480);
#7479 = CARTESIAN_POINT('',(-3.14159265359,-1.55));
#7480 = VECTOR('',#7481,1.);
#7481 = DIRECTION('',(0.,1.));
#7482 = ( GEOMETRIC_REPRESENTATION_CONTEXT(2) 
PARAMETRIC_REPRESENTATION_CONTEXT() REPRESENTATION_CONTEXT('2D SPACE',''
  ) );
#7483 = ORIENTED_EDGE('',*,*,#5672,.T.);
#7484 = ORIENTED_EDGE('',*,*,#1551,.F.);
#7485 = ORIENTED_EDGE('',*,*,#7486,.F.);
#7486 = EDGE_CURVE('',#7462,#1552,#7487,.T.);
#7487 = SURFACE_CURVE('',#7488,(#7492,#7498),.PCURVE_S1.);
#7488 = LINE('',#7489,#7490);
#7489 = CARTESIAN_POINT('',(182.5125,-22.45145929899,4.15));
#7490 = VECTOR('',#7491,1.);
#7491 = DIRECTION('',(0.,0.,1.));
#7492 = PCURVE('',#1566,#7493);
#7493 = DEFINITIONAL_REPRESENTATION('',(#7494),#7497);
#7494 = B_SPLINE_CURVE_WITH_KNOTS('',1,(#7495,#7496),.UNSPECIFIED.,.F.,
  .F.,(2,2),(1.15,7.95),.PIECEWISE_BEZIER_KNOTS.);
#7495 = CARTESIAN_POINT('',(0.,1.051459298999));
#7496 = CARTESIAN_POINT('',(6.8,1.051459298999));
#7497 = ( GEOMETRIC_REPRESENTATION_CONTEXT(2) 
PARAMETRIC_REPRESENTATION_CONTEXT() REPRESENTATION_CONTEXT('2D SPACE',''
  ) );
#7498 = PCURVE('',#1592,#7499);
#7499 = DEFINITIONAL_REPRESENTATION('',(#7500),#7503);
#7500 = B_SPLINE_CURVE_WITH_KNOTS('',1,(#7501,#7502),.UNSPECIFIED.,.F.,
  .F.,(2,2),(1.15,7.95),.PIECEWISE_BEZIER_KNOTS.);
#7501 = CARTESIAN_POINT('',(7.000000152111,-2.3));
#7502 = CARTESIAN_POINT('',(7.000000152111,-9.1));
#7503 = ( GEOMETRIC_REPRESENTATION_CONTEXT(2) 
PARAMETRIC_REPRESENTATION_CONTEXT() REPRESENTATION_CONTEXT('2D SPACE',''
  ) );
#7504 = ADVANCED_FACE('',(#7505,#7671,#7703),#1592,.T.);
#7505 = FACE_BOUND('',#7506,.T.);
#7506 = EDGE_LOOP('',(#7507,#7532,#7553,#7554,#7555,#7582,#7603,#7630,
    #7649,#7650));
#7507 = ORIENTED_EDGE('',*,*,#7508,.F.);
#7508 = EDGE_CURVE('',#7509,#7511,#7513,.T.);
#7509 = VERTEX_POINT('',#7510);
#7510 = CARTESIAN_POINT('',(189.5125,-22.45,3.));
#7511 = VERTEX_POINT('',#7512);
#7512 = CARTESIAN_POINT('',(154.8654742895,-22.45722290999,3.));
#7513 = SURFACE_CURVE('',#7514,(#7518,#7525),.PCURVE_S1.);
#7514 = LINE('',#7515,#7516);
#7515 = CARTESIAN_POINT('',(189.5125,-22.45,3.));
#7516 = VECTOR('',#7517,1.);
#7517 = DIRECTION('',(-0.99999997827,-2.084712810589E-04,0.));
#7518 = PCURVE('',#1592,#7519);
#7519 = DEFINITIONAL_REPRESENTATION('',(#7520),#7524);
#7520 = LINE('',#7521,#7522);
#7521 = CARTESIAN_POINT('',(0.,0.));
#7522 = VECTOR('',#7523,1.);
#7523 = DIRECTION('',(1.,0.));
#7524 = ( GEOMETRIC_REPRESENTATION_CONTEXT(2) 
PARAMETRIC_REPRESENTATION_CONTEXT() REPRESENTATION_CONTEXT('2D SPACE',''
  ) );
#7525 = PCURVE('',#7128,#7526);
#7526 = DEFINITIONAL_REPRESENTATION('',(#7527),#7531);
#7527 = LINE('',#7528,#7529);
#7528 = CARTESIAN_POINT('',(-16.94831524323,45.347717556472));
#7529 = VECTOR('',#7530,1.);
#7530 = DIRECTION('',(-0.99999997827,-2.084712810589E-04));
#7531 = ( GEOMETRIC_REPRESENTATION_CONTEXT(2) 
PARAMETRIC_REPRESENTATION_CONTEXT() REPRESENTATION_CONTEXT('2D SPACE',''
  ) );
#7532 = ORIENTED_EDGE('',*,*,#7533,.T.);
#7533 = EDGE_CURVE('',#7509,#1578,#7534,.T.);
#7534 = SURFACE_CURVE('',#7535,(#7539,#7546),.PCURVE_S1.);
#7535 = LINE('',#7536,#7537);
#7536 = CARTESIAN_POINT('',(189.5125,-22.45,3.));
#7537 = VECTOR('',#7538,1.);
#7538 = DIRECTION('',(0.,0.,1.));
#7539 = PCURVE('',#1592,#7540);
#7540 = DEFINITIONAL_REPRESENTATION('',(#7541),#7545);
#7541 = LINE('',#7542,#7543);
#7542 = CARTESIAN_POINT('',(0.,0.));
#7543 = VECTOR('',#7544,1.);
#7544 = DIRECTION('',(0.,-1.));
#7545 = ( GEOMETRIC_REPRESENTATION_CONTEXT(2) 
PARAMETRIC_REPRESENTATION_CONTEXT() REPRESENTATION_CONTEXT('2D SPACE',''
  ) );
#7546 = PCURVE('',#1624,#7547);
#7547 = DEFINITIONAL_REPRESENTATION('',(#7548),#7552);
#7548 = LINE('',#7549,#7550);
#7549 = CARTESIAN_POINT('',(-1.47262155637,0.));
#7550 = VECTOR('',#7551,1.);
#7551 = DIRECTION('',(-0.,-1.));
#7552 = ( GEOMETRIC_REPRESENTATION_CONTEXT(2) 
PARAMETRIC_REPRESENTATION_CONTEXT() REPRESENTATION_CONTEXT('2D SPACE',''
  ) );
#7553 = ORIENTED_EDGE('',*,*,#1577,.F.);
#7554 = ORIENTED_EDGE('',*,*,#7486,.F.);
#7555 = ORIENTED_EDGE('',*,*,#7556,.F.);
#7556 = EDGE_CURVE('',#7557,#7462,#7559,.T.);
#7557 = VERTEX_POINT('',#7558);
#7558 = CARTESIAN_POINT('',(181.5125,-22.45166777028,4.3));
#7559 = SURFACE_CURVE('',#7560,(#7565,#7572),.PCURVE_S1.);
#7560 = ELLIPSE('',#7561,1.00000002173,1.);
#7561 = AXIS2_PLACEMENT_3D('',#7562,#7563,#7564);
#7562 = CARTESIAN_POINT('',(181.5125,-22.45166777028,5.3));
#7563 = DIRECTION('',(2.084712810589E-04,-0.99999997827,0.));
#7564 = DIRECTION('',(-0.99999997827,-2.084712810589E-04,0.));
#7565 = PCURVE('',#1592,#7566);
#7566 = DEFINITIONAL_REPRESENTATION('',(#7567),#7571);
#7567 = ELLIPSE('',#7568,1.00000002173,1.);
#7568 = AXIS2_PLACEMENT_2D('',#7569,#7570);
#7569 = CARTESIAN_POINT('',(8.000000173841,-2.3));
#7570 = DIRECTION('',(1.,0.));
#7571 = ( GEOMETRIC_REPRESENTATION_CONTEXT(2) 
PARAMETRIC_REPRESENTATION_CONTEXT() REPRESENTATION_CONTEXT('2D SPACE',''
  ) );
#7572 = PCURVE('',#5710,#7573);
#7573 = DEFINITIONAL_REPRESENTATION('',(#7574),#7581);
#7574 = B_SPLINE_CURVE_WITH_KNOTS('',5,(#7575,#7576,#7577,#7578,#7579,
    #7580),.UNSPECIFIED.,.F.,.F.,(6,6),(1.570796326795,3.14159265359),
  .PIECEWISE_BEZIER_KNOTS.);
#7575 = CARTESIAN_POINT('',(-4.712388980385,1.051667770285));
#7576 = CARTESIAN_POINT('',(-4.398229715026,1.051602277099));
#7577 = CARTESIAN_POINT('',(-4.084070449667,1.051536724634));
#7578 = CARTESIAN_POINT('',(-3.769911184308,1.051484947272));
#7579 = CARTESIAN_POINT('',(-3.455751918949,1.051459298999));
#7580 = CARTESIAN_POINT('',(-3.14159265359,1.051459298999));
#7581 = ( GEOMETRIC_REPRESENTATION_CONTEXT(2) 
PARAMETRIC_REPRESENTATION_CONTEXT() REPRESENTATION_CONTEXT('2D SPACE',''
  ) );
#7582 = ORIENTED_EDGE('',*,*,#7583,.F.);
#7583 = EDGE_CURVE('',#7584,#7557,#7586,.T.);
#7584 = VERTEX_POINT('',#7585);
#7585 = CARTESIAN_POINT('',(163.0125,-22.45552448906,4.3));
#7586 = SURFACE_CURVE('',#7587,(#7591,#7597),.PCURVE_S1.);
#7587 = LINE('',#7588,#7589);
#7588 = CARTESIAN_POINT('',(176.26261002326,-22.45276222159,4.3));
#7589 = VECTOR('',#7590,1.);
#7590 = DIRECTION('',(0.99999997827,2.084712810589E-04,0.));
#7591 = PCURVE('',#1592,#7592);
#7592 = DEFINITIONAL_REPRESENTATION('',(#7593),#7596);
#7593 = B_SPLINE_CURVE_WITH_KNOTS('',1,(#7594,#7595),.UNSPECIFIED.,.F.,
  .F.,(2,2),(-13.25011031119,5.249890090812),.PIECEWISE_BEZIER_KNOTS.);
#7594 = CARTESIAN_POINT('',(26.500000575849,-1.3));
#7595 = CARTESIAN_POINT('',(8.000000173841,-1.3));
#7596 = ( GEOMETRIC_REPRESENTATION_CONTEXT(2) 
PARAMETRIC_REPRESENTATION_CONTEXT() REPRESENTATION_CONTEXT('2D SPACE',''
  ) );
#7597 = PCURVE('',#5737,#7598);
#7598 = DEFINITIONAL_REPRESENTATION('',(#7599),#7602);
#7599 = B_SPLINE_CURVE_WITH_KNOTS('',1,(#7600,#7601),.UNSPECIFIED.,.F.,
  .F.,(2,2),(-13.25011031119,5.249890090812),.PIECEWISE_BEZIER_KNOTS.);
#7600 = CARTESIAN_POINT('',(-1.7763568394E-15,1.055524489068));
#7601 = CARTESIAN_POINT('',(18.5,1.051667770285));
#7602 = ( GEOMETRIC_REPRESENTATION_CONTEXT(2) 
PARAMETRIC_REPRESENTATION_CONTEXT() REPRESENTATION_CONTEXT('2D SPACE',''
  ) );
#7603 = ORIENTED_EDGE('',*,*,#7604,.F.);
#7604 = EDGE_CURVE('',#7605,#7584,#7607,.T.);
#7605 = VERTEX_POINT('',#7606);
#7606 = CARTESIAN_POINT('',(162.0125,-22.45573296035,5.3));
#7607 = SURFACE_CURVE('',#7608,(#7613,#7620),.PCURVE_S1.);
#7608 = ELLIPSE('',#7609,1.00000002173,1.);
#7609 = AXIS2_PLACEMENT_3D('',#7610,#7611,#7612);
#7610 = CARTESIAN_POINT('',(163.0125,-22.45552448906,5.3));
#7611 = DIRECTION('',(2.084712810589E-04,-0.99999997827,0.));
#7612 = DIRECTION('',(-0.99999997827,-2.084712810589E-04,0.));
#7613 = PCURVE('',#1592,#7614);
#7614 = DEFINITIONAL_REPRESENTATION('',(#7615),#7619);
#7615 = ELLIPSE('',#7616,1.00000002173,1.);
#7616 = AXIS2_PLACEMENT_2D('',#7617,#7618);
#7617 = CARTESIAN_POINT('',(26.500000575849,-2.3));
#7618 = DIRECTION('',(1.,0.));
#7619 = ( GEOMETRIC_REPRESENTATION_CONTEXT(2) 
PARAMETRIC_REPRESENTATION_CONTEXT() REPRESENTATION_CONTEXT('2D SPACE',''
  ) );
#7620 = PCURVE('',#5765,#7621);
#7621 = DEFINITIONAL_REPRESENTATION('',(#7622),#7629);
#7622 = B_SPLINE_CURVE_WITH_KNOTS('',5,(#7623,#7624,#7625,#7626,#7627,
    #7628),.UNSPECIFIED.,.F.,.F.,(6,6),(0.,1.570796326795),
  .PIECEWISE_BEZIER_KNOTS.);
#7623 = CARTESIAN_POINT('',(-6.28318530718,1.055732960354));
#7624 = CARTESIAN_POINT('',(-5.969026041821,1.055732960354));
#7625 = CARTESIAN_POINT('',(-5.654866776462,1.055707312081));
#7626 = CARTESIAN_POINT('',(-5.340707511103,1.055655534718));
#7627 = CARTESIAN_POINT('',(-5.026548245744,1.055589982254));
#7628 = CARTESIAN_POINT('',(-4.712388980385,1.055524489068));
#7629 = ( GEOMETRIC_REPRESENTATION_CONTEXT(2) 
PARAMETRIC_REPRESENTATION_CONTEXT() REPRESENTATION_CONTEXT('2D SPACE',''
  ) );
#7630 = ORIENTED_EDGE('',*,*,#7631,.T.);
#7631 = EDGE_CURVE('',#7605,#4636,#7632,.T.);
#7632 = SURFACE_CURVE('',#7633,(#7637,#7643),.PCURVE_S1.);
#7633 = LINE('',#7634,#7635);
#7634 = CARTESIAN_POINT('',(162.0125,-22.45573296035,4.15));
#7635 = VECTOR('',#7636,1.);
#7636 = DIRECTION('',(0.,0.,1.));
#7637 = PCURVE('',#1592,#7638);
#7638 = DEFINITIONAL_REPRESENTATION('',(#7639),#7642);
#7639 = B_SPLINE_CURVE_WITH_KNOTS('',1,(#7640,#7641),.UNSPECIFIED.,.F.,
  .F.,(2,2),(1.15,7.95),.PIECEWISE_BEZIER_KNOTS.);
#7640 = CARTESIAN_POINT('',(27.500000597579,-2.3));
#7641 = CARTESIAN_POINT('',(27.500000597579,-9.1));
#7642 = ( GEOMETRIC_REPRESENTATION_CONTEXT(2) 
PARAMETRIC_REPRESENTATION_CONTEXT() REPRESENTATION_CONTEXT('2D SPACE',''
  ) );
#7643 = PCURVE('',#4671,#7644);
#7644 = DEFINITIONAL_REPRESENTATION('',(#7645),#7648);
#7645 = B_SPLINE_CURVE_WITH_KNOTS('',1,(#7646,#7647),.UNSPECIFIED.,.F.,
  .F.,(2,2),(1.15,7.95),.PIECEWISE_BEZIER_KNOTS.);
#7646 = CARTESIAN_POINT('',(0.,1.055732960354));
#7647 = CARTESIAN_POINT('',(6.8,1.055732960354));
#7648 = ( GEOMETRIC_REPRESENTATION_CONTEXT(2) 
PARAMETRIC_REPRESENTATION_CONTEXT() REPRESENTATION_CONTEXT('2D SPACE',''
  ) );
#7649 = ORIENTED_EDGE('',*,*,#4635,.F.);
#7650 = ORIENTED_EDGE('',*,*,#7651,.F.);
#7651 = EDGE_CURVE('',#7511,#4603,#7652,.T.);
#7652 = SURFACE_CURVE('',#7653,(#7657,#7664),.PCURVE_S1.);
#7653 = LINE('',#7654,#7655);
#7654 = CARTESIAN_POINT('',(154.8654742895,-22.45722290999,3.));
#7655 = VECTOR('',#7656,1.);
#7656 = DIRECTION('',(0.,0.,1.));
#7657 = PCURVE('',#1592,#7658);
#7658 = DEFINITIONAL_REPRESENTATION('',(#7659),#7663);
#7659 = LINE('',#7660,#7661);
#7660 = CARTESIAN_POINT('',(34.647026463379,0.));
#7661 = VECTOR('',#7662,1.);
#7662 = DIRECTION('',(0.,-1.));
#7663 = ( GEOMETRIC_REPRESENTATION_CONTEXT(2) 
PARAMETRIC_REPRESENTATION_CONTEXT() REPRESENTATION_CONTEXT('2D SPACE',''
  ) );
#7664 = PCURVE('',#4623,#7665);
#7665 = DEFINITIONAL_REPRESENTATION('',(#7666),#7670);
#7666 = LINE('',#7667,#7668);
#7667 = CARTESIAN_POINT('',(-0.,0.));
#7668 = VECTOR('',#7669,1.);
#7669 = DIRECTION('',(-0.,-1.));
#7670 = ( GEOMETRIC_REPRESENTATION_CONTEXT(2) 
PARAMETRIC_REPRESENTATION_CONTEXT() REPRESENTATION_CONTEXT('2D SPACE',''
  ) );
#7671 = FACE_BOUND('',#7672,.T.);
#7672 = EDGE_LOOP('',(#7673));
#7673 = ORIENTED_EDGE('',*,*,#7674,.F.);
#7674 = EDGE_CURVE('',#7675,#7675,#7677,.T.);
#7675 = VERTEX_POINT('',#7676);
#7676 = CARTESIAN_POINT('',(186.3625,-22.45065668455,10.));
#7677 = SURFACE_CURVE('',#7678,(#7683,#7690),.PCURVE_S1.);
#7678 = ELLIPSE('',#7679,1.600000034768,1.6);
#7679 = AXIS2_PLACEMENT_3D('',#7680,#7681,#7682);
#7680 = CARTESIAN_POINT('',(184.7625,-22.4509902386,10.));
#7681 = DIRECTION('',(2.084712810589E-04,-0.99999997827,
    2.465190328816E-32));
#7682 = DIRECTION('',(-0.99999997827,-2.084712810589E-04,
    1.065108842797E-12));
#7683 = PCURVE('',#1592,#7684);
#7684 = DEFINITIONAL_REPRESENTATION('',(#7685),#7689);
#7685 = ELLIPSE('',#7686,1.600000034768,1.6);
#7686 = AXIS2_PLACEMENT_2D('',#7687,#7688);
#7687 = CARTESIAN_POINT('',(4.750000103218,-7.));
#7688 = DIRECTION('',(1.,-1.065108842797E-12));
#7689 = ( GEOMETRIC_REPRESENTATION_CONTEXT(2) 
PARAMETRIC_REPRESENTATION_CONTEXT() REPRESENTATION_CONTEXT('2D SPACE',''
  ) );
#7690 = PCURVE('',#5837,#7691);
#7691 = DEFINITIONAL_REPRESENTATION('',(#7692),#7702);
#7692 = B_SPLINE_CURVE_WITH_KNOTS('',8,(#7693,#7694,#7695,#7696,#7697,
    #7698,#7699,#7700,#7701),.UNSPECIFIED.,.F.,.F.,(9,9),(3.141592653591
    ,9.42477796077),.PIECEWISE_BEZIER_KNOTS.);
#7693 = CARTESIAN_POINT('',(-8.881784197001E-16,2.60065668455));
#7694 = CARTESIAN_POINT('',(0.785398163397,2.60065668455));
#7695 = CARTESIAN_POINT('',(1.570796326798,2.600892688174));
#7696 = CARTESIAN_POINT('',(2.356194490171,2.601354766564));
#7697 = CARTESIAN_POINT('',(3.141592653604,2.601790500157));
#7698 = CARTESIAN_POINT('',(3.926990816941,2.601354766566));
#7699 = CARTESIAN_POINT('',(4.712388980387,2.600892688174));
#7700 = CARTESIAN_POINT('',(5.497787143782,2.60065668455));
#7701 = CARTESIAN_POINT('',(6.28318530718,2.60065668455));
#7702 = ( GEOMETRIC_REPRESENTATION_CONTEXT(2) 
PARAMETRIC_REPRESENTATION_CONTEXT() REPRESENTATION_CONTEXT('2D SPACE',''
  ) );
#7703 = FACE_BOUND('',#7704,.T.);
#7704 = EDGE_LOOP('',(#7705));
#7705 = ORIENTED_EDGE('',*,*,#7706,.F.);
#7706 = EDGE_CURVE('',#7707,#7707,#7709,.T.);
#7707 = VERTEX_POINT('',#7708);
#7708 = CARTESIAN_POINT('',(161.3625,-22.45586846668,10.));
#7709 = SURFACE_CURVE('',#7710,(#7715,#7722),.PCURVE_S1.);
#7710 = ELLIPSE('',#7711,1.600000034768,1.6);
#7711 = AXIS2_PLACEMENT_3D('',#7712,#7713,#7714);
#7712 = CARTESIAN_POINT('',(159.7625,-22.45620202074,10.));
#7713 = DIRECTION('',(2.084712810589E-04,-0.99999997827,
    2.465190328816E-32));
#7714 = DIRECTION('',(-0.99999997827,-2.084712810589E-04,
    1.065108842797E-12));
#7715 = PCURVE('',#1592,#7716);
#7716 = DEFINITIONAL_REPRESENTATION('',(#7717),#7721);
#7717 = ELLIPSE('',#7718,1.600000034768,1.6);
#7718 = AXIS2_PLACEMENT_2D('',#7719,#7720);
#7719 = CARTESIAN_POINT('',(29.750000646472,-7.));
#7720 = DIRECTION('',(1.,-1.065108842797E-12));
#7721 = ( GEOMETRIC_REPRESENTATION_CONTEXT(2) 
PARAMETRIC_REPRESENTATION_CONTEXT() REPRESENTATION_CONTEXT('2D SPACE',''
  ) );
#7722 = PCURVE('',#5868,#7723);
#7723 = DEFINITIONAL_REPRESENTATION('',(#7724),#7734);
#7724 = B_SPLINE_CURVE_WITH_KNOTS('',8,(#7725,#7726,#7727,#7728,#7729,
    #7730,#7731,#7732,#7733),.UNSPECIFIED.,.F.,.F.,(9,9),(3.141592653591
    ,9.42477796077),.PIECEWISE_BEZIER_KNOTS.);
#7725 = CARTESIAN_POINT('',(-8.881784197001E-16,2.605868466689));
#7726 = CARTESIAN_POINT('',(0.785398163397,2.605868466689));
#7727 = CARTESIAN_POINT('',(1.570796326798,2.606104470311));
#7728 = CARTESIAN_POINT('',(2.356194490171,2.606566548712));
#7729 = CARTESIAN_POINT('',(3.141592653604,2.607002282295));
#7730 = CARTESIAN_POINT('',(3.926990816941,2.606566548711));
#7731 = CARTESIAN_POINT('',(4.712388980387,2.606104470311));
#7732 = CARTESIAN_POINT('',(5.497787143782,2.605868466689));
#7733 = CARTESIAN_POINT('',(6.28318530718,2.605868466689));
#7734 = ( GEOMETRIC_REPRESENTATION_CONTEXT(2) 
PARAMETRIC_REPRESENTATION_CONTEXT() REPRESENTATION_CONTEXT('2D SPACE',''
  ) );
#7735 = ADVANCED_FACE('',(#7736),#1624,.F.);
#7736 = FACE_BOUND('',#7737,.T.);
#7737 = EDGE_LOOP('',(#7738,#7762,#7783,#7784));
#7738 = ORIENTED_EDGE('',*,*,#7739,.F.);
#7739 = EDGE_CURVE('',#7740,#7509,#7742,.T.);
#7740 = VERTEX_POINT('',#7741);
#7741 = CARTESIAN_POINT('',(191.00527709,-23.8029742895,3.));
#7742 = SURFACE_CURVE('',#7743,(#7748,#7755),.PCURVE_S1.);
#7743 = CIRCLE('',#7744,1.5);
#7744 = AXIS2_PLACEMENT_3D('',#7745,#7746,#7747);
#7745 = CARTESIAN_POINT('',(189.5125,-23.95,3.));
#7746 = DIRECTION('',(0.,0.,1.));
#7747 = DIRECTION('',(0.995184726672,9.801714032956E-02,-0.));
#7748 = PCURVE('',#1624,#7749);
#7749 = DEFINITIONAL_REPRESENTATION('',(#7750),#7754);
#7750 = LINE('',#7751,#7752);
#7751 = CARTESIAN_POINT('',(-0.,0.));
#7752 = VECTOR('',#7753,1.);
#7753 = DIRECTION('',(-1.,0.));
#7754 = ( GEOMETRIC_REPRESENTATION_CONTEXT(2) 
PARAMETRIC_REPRESENTATION_CONTEXT() REPRESENTATION_CONTEXT('2D SPACE',''
  ) );
#7755 = PCURVE('',#7128,#7756);
#7756 = DEFINITIONAL_REPRESENTATION('',(#7757),#7761);
#7757 = CIRCLE('',#7758,1.5);
#7758 = AXIS2_PLACEMENT_2D('',#7759,#7760);
#7759 = CARTESIAN_POINT('',(-16.94831524323,43.847717556472));
#7760 = DIRECTION('',(0.995184726672,9.801714032956E-02));
#7761 = ( GEOMETRIC_REPRESENTATION_CONTEXT(2) 
PARAMETRIC_REPRESENTATION_CONTEXT() REPRESENTATION_CONTEXT('2D SPACE',''
  ) );
#7762 = ORIENTED_EDGE('',*,*,#7763,.T.);
#7763 = EDGE_CURVE('',#7740,#1604,#7764,.T.);
#7764 = SURFACE_CURVE('',#7765,(#7769,#7776),.PCURVE_S1.);
#7765 = LINE('',#7766,#7767);
#7766 = CARTESIAN_POINT('',(191.00527709,-23.8029742895,3.));
#7767 = VECTOR('',#7768,1.);
#7768 = DIRECTION('',(0.,0.,1.));
#7769 = PCURVE('',#1624,#7770);
#7770 = DEFINITIONAL_REPRESENTATION('',(#7771),#7775);
#7771 = LINE('',#7772,#7773);
#7772 = CARTESIAN_POINT('',(-0.,0.));
#7773 = VECTOR('',#7774,1.);
#7774 = DIRECTION('',(-0.,-1.));
#7775 = ( GEOMETRIC_REPRESENTATION_CONTEXT(2) 
PARAMETRIC_REPRESENTATION_CONTEXT() REPRESENTATION_CONTEXT('2D SPACE',''
  ) );
#7776 = PCURVE('',#1651,#7777);
#7777 = DEFINITIONAL_REPRESENTATION('',(#7778),#7782);
#7778 = LINE('',#7779,#7780);
#7779 = CARTESIAN_POINT('',(10.897028104286,0.));
#7780 = VECTOR('',#7781,1.);
#7781 = DIRECTION('',(0.,-1.));
#7782 = ( GEOMETRIC_REPRESENTATION_CONTEXT(2) 
PARAMETRIC_REPRESENTATION_CONTEXT() REPRESENTATION_CONTEXT('2D SPACE',''
  ) );
#7783 = ORIENTED_EDGE('',*,*,#1603,.F.);
#7784 = ORIENTED_EDGE('',*,*,#7533,.F.);
#7785 = ADVANCED_FACE('',(#7786),#1651,.T.);
#7786 = FACE_BOUND('',#7787,.T.);
#7787 = EDGE_LOOP('',(#7788,#7811,#7832,#7833));
#7788 = ORIENTED_EDGE('',*,*,#7789,.F.);
#7789 = EDGE_CURVE('',#7790,#7740,#7792,.T.);
#7790 = VERTEX_POINT('',#7791);
#7791 = CARTESIAN_POINT('',(191.0125,-34.7,3.));
#7792 = SURFACE_CURVE('',#7793,(#7797,#7804),.PCURVE_S1.);
#7793 = LINE('',#7794,#7795);
#7794 = CARTESIAN_POINT('',(191.0125,-34.7,3.));
#7795 = VECTOR('',#7796,1.);
#7796 = DIRECTION('',(-6.628330148892E-04,0.999999780326,0.));
#7797 = PCURVE('',#1651,#7798);
#7798 = DEFINITIONAL_REPRESENTATION('',(#7799),#7803);
#7799 = LINE('',#7800,#7801);
#7800 = CARTESIAN_POINT('',(0.,0.));
#7801 = VECTOR('',#7802,1.);
#7802 = DIRECTION('',(1.,0.));
#7803 = ( GEOMETRIC_REPRESENTATION_CONTEXT(2) 
PARAMETRIC_REPRESENTATION_CONTEXT() REPRESENTATION_CONTEXT('2D SPACE',''
  ) );
#7804 = PCURVE('',#7128,#7805);
#7805 = DEFINITIONAL_REPRESENTATION('',(#7806),#7810);
#7806 = LINE('',#7807,#7808);
#7807 = CARTESIAN_POINT('',(-15.44831524323,33.097717556472));
#7808 = VECTOR('',#7809,1.);
#7809 = DIRECTION('',(-6.628330148892E-04,0.999999780326));
#7810 = ( GEOMETRIC_REPRESENTATION_CONTEXT(2) 
PARAMETRIC_REPRESENTATION_CONTEXT() REPRESENTATION_CONTEXT('2D SPACE',''
  ) );
#7811 = ORIENTED_EDGE('',*,*,#7812,.T.);
#7812 = EDGE_CURVE('',#7790,#1637,#7813,.T.);
#7813 = SURFACE_CURVE('',#7814,(#7818,#7825),.PCURVE_S1.);
#7814 = LINE('',#7815,#7816);
#7815 = CARTESIAN_POINT('',(191.0125,-34.7,3.));
#7816 = VECTOR('',#7817,1.);
#7817 = DIRECTION('',(0.,0.,1.));
#7818 = PCURVE('',#1651,#7819);
#7819 = DEFINITIONAL_REPRESENTATION('',(#7820),#7824);
#7820 = LINE('',#7821,#7822);
#7821 = CARTESIAN_POINT('',(0.,0.));
#7822 = VECTOR('',#7823,1.);
#7823 = DIRECTION('',(0.,-1.));
#7824 = ( GEOMETRIC_REPRESENTATION_CONTEXT(2) 
PARAMETRIC_REPRESENTATION_CONTEXT() REPRESENTATION_CONTEXT('2D SPACE',''
  ) );
#7825 = PCURVE('',#1683,#7826);
#7826 = DEFINITIONAL_REPRESENTATION('',(#7827),#7831);
#7827 = LINE('',#7828,#7829);
#7828 = CARTESIAN_POINT('',(-1.47262155637,0.));
#7829 = VECTOR('',#7830,1.);
#7830 = DIRECTION('',(-0.,-1.));
#7831 = ( GEOMETRIC_REPRESENTATION_CONTEXT(2) 
PARAMETRIC_REPRESENTATION_CONTEXT() REPRESENTATION_CONTEXT('2D SPACE',''
  ) );
#7832 = ORIENTED_EDGE('',*,*,#1636,.F.);
#7833 = ORIENTED_EDGE('',*,*,#7763,.F.);
#7834 = ADVANCED_FACE('',(#7835),#1683,.F.);
#7835 = FACE_BOUND('',#7836,.T.);
#7836 = EDGE_LOOP('',(#7837,#7861,#7882,#7883));
#7837 = ORIENTED_EDGE('',*,*,#7838,.F.);
#7838 = EDGE_CURVE('',#7839,#7790,#7841,.T.);
#7839 = VERTEX_POINT('',#7840);
#7840 = CARTESIAN_POINT('',(189.65952571049,-36.19277709,3.));
#7841 = SURFACE_CURVE('',#7842,(#7847,#7854),.PCURVE_S1.);
#7842 = CIRCLE('',#7843,1.5);
#7843 = AXIS2_PLACEMENT_3D('',#7844,#7845,#7846);
#7844 = CARTESIAN_POINT('',(189.5125,-34.7,3.));
#7845 = DIRECTION('',(0.,0.,1.));
#7846 = DIRECTION('',(9.801714032955E-02,-0.995184726672,0.));
#7847 = PCURVE('',#1683,#7848);
#7848 = DEFINITIONAL_REPRESENTATION('',(#7849),#7853);
#7849 = LINE('',#7850,#7851);
#7850 = CARTESIAN_POINT('',(-0.,0.));
#7851 = VECTOR('',#7852,1.);
#7852 = DIRECTION('',(-1.,0.));
#7853 = ( GEOMETRIC_REPRESENTATION_CONTEXT(2) 
PARAMETRIC_REPRESENTATION_CONTEXT() REPRESENTATION_CONTEXT('2D SPACE',''
  ) );
#7854 = PCURVE('',#7128,#7855);
#7855 = DEFINITIONAL_REPRESENTATION('',(#7856),#7860);
#7856 = CIRCLE('',#7857,1.5);
#7857 = AXIS2_PLACEMENT_2D('',#7858,#7859);
#7858 = CARTESIAN_POINT('',(-16.94831524323,33.097717556472));
#7859 = DIRECTION('',(9.801714032955E-02,-0.995184726672));
#7860 = ( GEOMETRIC_REPRESENTATION_CONTEXT(2) 
PARAMETRIC_REPRESENTATION_CONTEXT() REPRESENTATION_CONTEXT('2D SPACE',''
  ) );
#7861 = ORIENTED_EDGE('',*,*,#7862,.T.);
#7862 = EDGE_CURVE('',#7839,#1663,#7863,.T.);
#7863 = SURFACE_CURVE('',#7864,(#7868,#7875),.PCURVE_S1.);
#7864 = LINE('',#7865,#7866);
#7865 = CARTESIAN_POINT('',(189.65952571049,-36.19277709,3.));
#7866 = VECTOR('',#7867,1.);
#7867 = DIRECTION('',(0.,0.,1.));
#7868 = PCURVE('',#1683,#7869);
#7869 = DEFINITIONAL_REPRESENTATION('',(#7870),#7874);
#7870 = LINE('',#7871,#7872);
#7871 = CARTESIAN_POINT('',(-0.,0.));
#7872 = VECTOR('',#7873,1.);
#7873 = DIRECTION('',(-0.,-1.));
#7874 = ( GEOMETRIC_REPRESENTATION_CONTEXT(2) 
PARAMETRIC_REPRESENTATION_CONTEXT() REPRESENTATION_CONTEXT('2D SPACE',''
  ) );
#7875 = PCURVE('',#1710,#7876);
#7876 = DEFINITIONAL_REPRESENTATION('',(#7877),#7881);
#7877 = LINE('',#7878,#7879);
#7878 = CARTESIAN_POINT('',(14.022956422723,0.));
#7879 = VECTOR('',#7880,1.);
#7880 = DIRECTION('',(0.,-1.));
#7881 = ( GEOMETRIC_REPRESENTATION_CONTEXT(2) 
PARAMETRIC_REPRESENTATION_CONTEXT() REPRESENTATION_CONTEXT('2D SPACE',''
  ) );
#7882 = ORIENTED_EDGE('',*,*,#1662,.F.);
#7883 = ORIENTED_EDGE('',*,*,#7812,.F.);
#7884 = ADVANCED_FACE('',(#7885),#1710,.T.);
#7885 = FACE_BOUND('',#7886,.T.);
#7886 = EDGE_LOOP('',(#7887,#7910,#7931,#7932));
#7887 = ORIENTED_EDGE('',*,*,#7888,.F.);
#7888 = EDGE_CURVE('',#7889,#7839,#7891,.T.);
#7889 = VERTEX_POINT('',#7890);
#7890 = CARTESIAN_POINT('',(175.63657212575,-36.20169863318,3.));
#7891 = SURFACE_CURVE('',#7892,(#7896,#7903),.PCURVE_S1.);
#7892 = LINE('',#7893,#7894);
#7893 = CARTESIAN_POINT('',(175.63657212575,-36.20169863318,3.));
#7894 = VECTOR('',#7895,1.);
#7895 = DIRECTION('',(0.999999797618,6.362098622582E-04,0.));
#7896 = PCURVE('',#1710,#7897);
#7897 = DEFINITIONAL_REPRESENTATION('',(#7898),#7902);
#7898 = LINE('',#7899,#7900);
#7899 = CARTESIAN_POINT('',(0.,0.));
#7900 = VECTOR('',#7901,1.);
#7901 = DIRECTION('',(1.,0.));
#7902 = ( GEOMETRIC_REPRESENTATION_CONTEXT(2) 
PARAMETRIC_REPRESENTATION_CONTEXT() REPRESENTATION_CONTEXT('2D SPACE',''
  ) );
#7903 = PCURVE('',#7128,#7904);
#7904 = DEFINITIONAL_REPRESENTATION('',(#7905),#7909);
#7905 = LINE('',#7906,#7907);
#7906 = CARTESIAN_POINT('',(-30.82424311747,31.59601892329));
#7907 = VECTOR('',#7908,1.);
#7908 = DIRECTION('',(0.999999797618,6.362098622582E-04));
#7909 = ( GEOMETRIC_REPRESENTATION_CONTEXT(2) 
PARAMETRIC_REPRESENTATION_CONTEXT() REPRESENTATION_CONTEXT('2D SPACE',''
  ) );
#7910 = ORIENTED_EDGE('',*,*,#7911,.T.);
#7911 = EDGE_CURVE('',#7889,#1696,#7912,.T.);
#7912 = SURFACE_CURVE('',#7913,(#7917,#7924),.PCURVE_S1.);
#7913 = LINE('',#7914,#7915);
#7914 = CARTESIAN_POINT('',(175.63657212575,-36.20169863318,3.));
#7915 = VECTOR('',#7916,1.);
#7916 = DIRECTION('',(0.,0.,1.));
#7917 = PCURVE('',#1710,#7918);
#7918 = DEFINITIONAL_REPRESENTATION('',(#7919),#7923);
#7919 = LINE('',#7920,#7921);
#7920 = CARTESIAN_POINT('',(0.,0.));
#7921 = VECTOR('',#7922,1.);
#7922 = DIRECTION('',(0.,-1.));
#7923 = ( GEOMETRIC_REPRESENTATION_CONTEXT(2) 
PARAMETRIC_REPRESENTATION_CONTEXT() REPRESENTATION_CONTEXT('2D SPACE',''
  ) );
#7924 = PCURVE('',#1742,#7925);
#7925 = DEFINITIONAL_REPRESENTATION('',(#7926),#7930);
#7926 = LINE('',#7927,#7928);
#7927 = CARTESIAN_POINT('',(1.304280281806,0.));
#7928 = VECTOR('',#7929,1.);
#7929 = DIRECTION('',(0.,-1.));
#7930 = ( GEOMETRIC_REPRESENTATION_CONTEXT(2) 
PARAMETRIC_REPRESENTATION_CONTEXT() REPRESENTATION_CONTEXT('2D SPACE',''
  ) );
#7931 = ORIENTED_EDGE('',*,*,#1695,.F.);
#7932 = ORIENTED_EDGE('',*,*,#7862,.F.);
#7933 = ADVANCED_FACE('',(#7934),#1742,.T.);
#7934 = FACE_BOUND('',#7935,.T.);
#7935 = EDGE_LOOP('',(#7936,#7964,#7985,#7986));
#7936 = ORIENTED_EDGE('',*,*,#7937,.F.);
#7937 = EDGE_CURVE('',#7938,#7889,#7940,.T.);
#7938 = VERTEX_POINT('',#7939);
#7939 = CARTESIAN_POINT('',(179.42324797497,-39.68049992222,3.));
#7940 = SURFACE_CURVE('',#7941,(#7946,#7953),.PCURVE_S1.);
#7941 = CIRCLE('',#7942,4.236426039);
#7942 = AXIS2_PLACEMENT_3D('',#7943,#7944,#7945);
#7943 = CARTESIAN_POINT('',(179.80784428245,-35.461567443,3.));
#7944 = DIRECTION('',(0.,0.,-1.));
#7945 = DIRECTION('',(-9.078319884256E-02,-0.995870679761,-0.));
#7946 = PCURVE('',#1742,#7947);
#7947 = DEFINITIONAL_REPRESENTATION('',(#7948),#7952);
#7948 = LINE('',#7949,#7950);
#7949 = CARTESIAN_POINT('',(0.,0.));
#7950 = VECTOR('',#7951,1.);
#7951 = DIRECTION('',(1.,0.));
#7952 = ( GEOMETRIC_REPRESENTATION_CONTEXT(2) 
PARAMETRIC_REPRESENTATION_CONTEXT() REPRESENTATION_CONTEXT('2D SPACE',''
  ) );
#7953 = PCURVE('',#7128,#7954);
#7954 = DEFINITIONAL_REPRESENTATION('',(#7955),#7963);
#7955 = ( BOUNDED_CURVE() B_SPLINE_CURVE(2,(#7956,#7957,#7958,#7959,
#7960,#7961,#7962),.UNSPECIFIED.,.T.,.F.) B_SPLINE_CURVE_WITH_KNOTS((1,2
    ,2,2,2,1),(-2.094395102393,0.,2.094395102393,4.188790204786,
6.28318530718,8.377580409573),.UNSPECIFIED.) CURVE() 
GEOMETRIC_REPRESENTATION_ITEM() RATIONAL_B_SPLINE_CURVE((1.,0.5,1.,0.5,
1.,0.5,1.)) REPRESENTATION_ITEM('') );
#7956 = CARTESIAN_POINT('',(-27.03756726825,28.117217634246));
#7957 = CARTESIAN_POINT('',(-34.34497267596,28.783357979206));
#7958 = CARTESIAN_POINT('',(-30.11437551088,34.778686525551));
#7959 = CARTESIAN_POINT('',(-25.88377834581,40.774015071896));
#7960 = CARTESIAN_POINT('',(-22.80697010318,34.112546180592));
#7961 = CARTESIAN_POINT('',(-19.73016186054,27.451077289287));
#7962 = CARTESIAN_POINT('',(-27.03756726825,28.117217634246));
#7963 = ( GEOMETRIC_REPRESENTATION_CONTEXT(2) 
PARAMETRIC_REPRESENTATION_CONTEXT() REPRESENTATION_CONTEXT('2D SPACE',''
  ) );
#7964 = ORIENTED_EDGE('',*,*,#7965,.T.);
#7965 = EDGE_CURVE('',#7938,#1722,#7966,.T.);
#7966 = SURFACE_CURVE('',#7967,(#7971,#7978),.PCURVE_S1.);
#7967 = LINE('',#7968,#7969);
#7968 = CARTESIAN_POINT('',(179.42324797497,-39.68049992222,3.));
#7969 = VECTOR('',#7970,1.);
#7970 = DIRECTION('',(0.,0.,1.));
#7971 = PCURVE('',#1742,#7972);
#7972 = DEFINITIONAL_REPRESENTATION('',(#7973),#7977);
#7973 = LINE('',#7974,#7975);
#7974 = CARTESIAN_POINT('',(0.,0.));
#7975 = VECTOR('',#7976,1.);
#7976 = DIRECTION('',(0.,-1.));
#7977 = ( GEOMETRIC_REPRESENTATION_CONTEXT(2) 
PARAMETRIC_REPRESENTATION_CONTEXT() REPRESENTATION_CONTEXT('2D SPACE',''
  ) );
#7978 = PCURVE('',#1769,#7979);
#7979 = DEFINITIONAL_REPRESENTATION('',(#7980),#7984);
#7980 = LINE('',#7981,#7982);
#7981 = CARTESIAN_POINT('',(8.652409013903,0.));
#7982 = VECTOR('',#7983,1.);
#7983 = DIRECTION('',(0.,-1.));
#7984 = ( GEOMETRIC_REPRESENTATION_CONTEXT(2) 
PARAMETRIC_REPRESENTATION_CONTEXT() REPRESENTATION_CONTEXT('2D SPACE',''
  ) );
#7985 = ORIENTED_EDGE('',*,*,#1721,.T.);
#7986 = ORIENTED_EDGE('',*,*,#7911,.F.);
#7987 = ADVANCED_FACE('',(#7988),#1769,.T.);
#7988 = FACE_BOUND('',#7989,.T.);
#7989 = EDGE_LOOP('',(#7990,#8013,#8034,#8035));
#7990 = ORIENTED_EDGE('',*,*,#7991,.F.);
#7991 = EDGE_CURVE('',#7992,#7938,#7994,.T.);
#7992 = VERTEX_POINT('',#7993);
#7993 = CARTESIAN_POINT('',(188.07563501502,-39.7,3.));
#7994 = SURFACE_CURVE('',#7995,(#7999,#8006),.PCURVE_S1.);
#7995 = LINE('',#7996,#7997);
#7996 = CARTESIAN_POINT('',(188.07563501502,-39.7,3.));
#7997 = VECTOR('',#7998,1.);
#7998 = DIRECTION('',(-0.999997460378,2.253716594155E-03,0.));
#7999 = PCURVE('',#1769,#8000);
#8000 = DEFINITIONAL_REPRESENTATION('',(#8001),#8005);
#8001 = LINE('',#8002,#8003);
#8002 = CARTESIAN_POINT('',(0.,0.));
#8003 = VECTOR('',#8004,1.);
#8004 = DIRECTION('',(1.,0.));
#8005 = ( GEOMETRIC_REPRESENTATION_CONTEXT(2) 
PARAMETRIC_REPRESENTATION_CONTEXT() REPRESENTATION_CONTEXT('2D SPACE',''
  ) );
#8006 = PCURVE('',#7128,#8007);
#8007 = DEFINITIONAL_REPRESENTATION('',(#8008),#8012);
#8008 = LINE('',#8009,#8010);
#8009 = CARTESIAN_POINT('',(-18.3851802282,28.097717556472));
#8010 = VECTOR('',#8011,1.);
#8011 = DIRECTION('',(-0.999997460378,2.253716594155E-03));
#8012 = ( GEOMETRIC_REPRESENTATION_CONTEXT(2) 
PARAMETRIC_REPRESENTATION_CONTEXT() REPRESENTATION_CONTEXT('2D SPACE',''
  ) );
#8013 = ORIENTED_EDGE('',*,*,#8014,.T.);
#8014 = EDGE_CURVE('',#7992,#1755,#8015,.T.);
#8015 = SURFACE_CURVE('',#8016,(#8020,#8027),.PCURVE_S1.);
#8016 = LINE('',#8017,#8018);
#8017 = CARTESIAN_POINT('',(188.07563501502,-39.7,3.));
#8018 = VECTOR('',#8019,1.);
#8019 = DIRECTION('',(0.,0.,1.));
#8020 = PCURVE('',#1769,#8021);
#8021 = DEFINITIONAL_REPRESENTATION('',(#8022),#8026);
#8022 = LINE('',#8023,#8024);
#8023 = CARTESIAN_POINT('',(0.,0.));
#8024 = VECTOR('',#8025,1.);
#8025 = DIRECTION('',(0.,-1.));
#8026 = ( GEOMETRIC_REPRESENTATION_CONTEXT(2) 
PARAMETRIC_REPRESENTATION_CONTEXT() REPRESENTATION_CONTEXT('2D SPACE',''
  ) );
#8027 = PCURVE('',#1801,#8028);
#8028 = DEFINITIONAL_REPRESENTATION('',(#8029),#8033);
#8029 = LINE('',#8030,#8031);
#8030 = CARTESIAN_POINT('',(0.939492140205,0.));
#8031 = VECTOR('',#8032,1.);
#8032 = DIRECTION('',(0.,-1.));
#8033 = ( GEOMETRIC_REPRESENTATION_CONTEXT(2) 
PARAMETRIC_REPRESENTATION_CONTEXT() REPRESENTATION_CONTEXT('2D SPACE',''
  ) );
#8034 = ORIENTED_EDGE('',*,*,#1754,.F.);
#8035 = ORIENTED_EDGE('',*,*,#7965,.F.);
#8036 = ADVANCED_FACE('',(#8037),#1801,.T.);
#8037 = FACE_BOUND('',#8038,.T.);
#8038 = EDGE_LOOP('',(#8039,#8067,#8088,#8089));
#8039 = ORIENTED_EDGE('',*,*,#8040,.F.);
#8040 = EDGE_CURVE('',#8041,#7992,#8043,.T.);
#8041 = VERTEX_POINT('',#8042);
#8042 = CARTESIAN_POINT('',(191.52523112884,-37.97540741908,3.));
#8043 = SURFACE_CURVE('',#8044,(#8049,#8056),.PCURVE_S1.);
#8044 = CIRCLE('',#8045,4.260012902589);
#8045 = AXIS2_PLACEMENT_3D('',#8046,#8047,#8048);
#8046 = CARTESIAN_POINT('',(188.10181737692,-35.44006755756,3.));
#8047 = DIRECTION('',(0.,0.,-1.));
#8048 = DIRECTION('',(0.803615817651,-0.595148399663,0.));
#8049 = PCURVE('',#1801,#8050);
#8050 = DEFINITIONAL_REPRESENTATION('',(#8051),#8055);
#8051 = LINE('',#8052,#8053);
#8052 = CARTESIAN_POINT('',(0.,0.));
#8053 = VECTOR('',#8054,1.);
#8054 = DIRECTION('',(1.,0.));
#8055 = ( GEOMETRIC_REPRESENTATION_CONTEXT(2) 
PARAMETRIC_REPRESENTATION_CONTEXT() REPRESENTATION_CONTEXT('2D SPACE',''
  ) );
#8056 = PCURVE('',#7128,#8057);
#8057 = DEFINITIONAL_REPRESENTATION('',(#8058),#8066);
#8058 = ( BOUNDED_CURVE() B_SPLINE_CURVE(2,(#8059,#8060,#8061,#8062,
#8063,#8064,#8065),.UNSPECIFIED.,.T.,.F.) B_SPLINE_CURVE_WITH_KNOTS((1,2
    ,2,2,2,1),(-2.094395102393,0.,2.094395102393,4.188790204786,
6.28318530718,8.377580409573),.UNSPECIFIED.) CURVE() 
GEOMETRIC_REPRESENTATION_ITEM() RATIONAL_B_SPLINE_CURVE((1.,0.5,1.,0.5,
1.,0.5,1.)) REPRESENTATION_ITEM('') );
#8059 = CARTESIAN_POINT('',(-14.93558411439,29.822310137391));
#8060 = CARTESIAN_POINT('',(-19.326921569,23.892783583743));
#8061 = CARTESIAN_POINT('',(-22.26637346956,30.660556652848));
#8062 = CARTESIAN_POINT('',(-25.20582537013,37.428329721954));
#8063 = CARTESIAN_POINT('',(-17.87503601495,36.590083206496));
#8064 = CARTESIAN_POINT('',(-10.54424665978,35.751836691038));
#8065 = CARTESIAN_POINT('',(-14.93558411439,29.822310137391));
#8066 = ( GEOMETRIC_REPRESENTATION_CONTEXT(2) 
PARAMETRIC_REPRESENTATION_CONTEXT() REPRESENTATION_CONTEXT('2D SPACE',''
  ) );
#8067 = ORIENTED_EDGE('',*,*,#8068,.T.);
#8068 = EDGE_CURVE('',#8041,#1781,#8069,.T.);
#8069 = SURFACE_CURVE('',#8070,(#8074,#8081),.PCURVE_S1.);
#8070 = LINE('',#8071,#8072);
#8071 = CARTESIAN_POINT('',(191.52523112884,-37.97540741908,3.));
#8072 = VECTOR('',#8073,1.);
#8073 = DIRECTION('',(0.,0.,1.));
#8074 = PCURVE('',#1801,#8075);
#8075 = DEFINITIONAL_REPRESENTATION('',(#8076),#8080);
#8076 = LINE('',#8077,#8078);
#8077 = CARTESIAN_POINT('',(0.,0.));
#8078 = VECTOR('',#8079,1.);
#8079 = DIRECTION('',(0.,-1.));
#8080 = ( GEOMETRIC_REPRESENTATION_CONTEXT(2) 
PARAMETRIC_REPRESENTATION_CONTEXT() REPRESENTATION_CONTEXT('2D SPACE',''
  ) );
#8081 = PCURVE('',#1834,#8082);
#8082 = DEFINITIONAL_REPRESENTATION('',(#8083),#8087);
#8083 = LINE('',#8084,#8085);
#8084 = CARTESIAN_POINT('',(-0.619562709133,0.));
#8085 = VECTOR('',#8086,1.);
#8086 = DIRECTION('',(-0.,-1.));
#8087 = ( GEOMETRIC_REPRESENTATION_CONTEXT(2) 
PARAMETRIC_REPRESENTATION_CONTEXT() REPRESENTATION_CONTEXT('2D SPACE',''
  ) );
#8088 = ORIENTED_EDGE('',*,*,#1780,.T.);
#8089 = ORIENTED_EDGE('',*,*,#8014,.F.);
#8090 = ADVANCED_FACE('',(#8091),#1834,.F.);
#8091 = FACE_BOUND('',#8092,.T.);
#8092 = EDGE_LOOP('',(#8093,#8117,#8138,#8139));
#8093 = ORIENTED_EDGE('',*,*,#8094,.F.);
#8094 = EDGE_CURVE('',#8095,#8041,#8097,.T.);
#8095 = VERTEX_POINT('',#8096);
#8096 = CARTESIAN_POINT('',(192.35669543293,-37.27739760602,3.));
#8097 = SURFACE_CURVE('',#8098,(#8103,#8110),.PCURVE_S1.);
#8098 = CIRCLE('',#8099,1.780562987112);
#8099 = AXIS2_PLACEMENT_3D('',#8100,#8101,#8102);
#8100 = CARTESIAN_POINT('',(193.03130907943,-38.92521464047,3.));
#8101 = DIRECTION('',(0.,0.,1.));
#8102 = DIRECTION('',(-0.378876597672,0.925447202025,0.));
#8103 = PCURVE('',#1834,#8104);
#8104 = DEFINITIONAL_REPRESENTATION('',(#8105),#8109);
#8105 = LINE('',#8106,#8107);
#8106 = CARTESIAN_POINT('',(-0.,0.));
#8107 = VECTOR('',#8108,1.);
#8108 = DIRECTION('',(-1.,0.));
#8109 = ( GEOMETRIC_REPRESENTATION_CONTEXT(2) 
PARAMETRIC_REPRESENTATION_CONTEXT() REPRESENTATION_CONTEXT('2D SPACE',''
  ) );
#8110 = PCURVE('',#7128,#8111);
#8111 = DEFINITIONAL_REPRESENTATION('',(#8112),#8116);
#8112 = CIRCLE('',#8113,1.780562987112);
#8113 = AXIS2_PLACEMENT_2D('',#8114,#8115);
#8114 = CARTESIAN_POINT('',(-13.42950616379,28.872502915996));
#8115 = DIRECTION('',(-0.378876597672,0.925447202025));
#8116 = ( GEOMETRIC_REPRESENTATION_CONTEXT(2) 
PARAMETRIC_REPRESENTATION_CONTEXT() REPRESENTATION_CONTEXT('2D SPACE',''
  ) );
#8117 = ORIENTED_EDGE('',*,*,#8118,.T.);
#8118 = EDGE_CURVE('',#8095,#1814,#8119,.T.);
#8119 = SURFACE_CURVE('',#8120,(#8124,#8131),.PCURVE_S1.);
#8120 = LINE('',#8121,#8122);
#8121 = CARTESIAN_POINT('',(192.35669543293,-37.27739760602,3.));
#8122 = VECTOR('',#8123,1.);
#8123 = DIRECTION('',(0.,0.,1.));
#8124 = PCURVE('',#1834,#8125);
#8125 = DEFINITIONAL_REPRESENTATION('',(#8126),#8130);
#8126 = LINE('',#8127,#8128);
#8127 = CARTESIAN_POINT('',(-0.,0.));
#8128 = VECTOR('',#8129,1.);
#8129 = DIRECTION('',(-0.,-1.));
#8130 = ( GEOMETRIC_REPRESENTATION_CONTEXT(2) 
PARAMETRIC_REPRESENTATION_CONTEXT() REPRESENTATION_CONTEXT('2D SPACE',''
  ) );
#8131 = PCURVE('',#1867,#8132);
#8132 = DEFINITIONAL_REPRESENTATION('',(#8133),#8137);
#8133 = LINE('',#8134,#8135);
#8134 = CARTESIAN_POINT('',(1.217942016656,0.));
#8135 = VECTOR('',#8136,1.);
#8136 = DIRECTION('',(0.,-1.));
#8137 = ( GEOMETRIC_REPRESENTATION_CONTEXT(2) 
PARAMETRIC_REPRESENTATION_CONTEXT() REPRESENTATION_CONTEXT('2D SPACE',''
  ) );
#8138 = ORIENTED_EDGE('',*,*,#1813,.F.);
#8139 = ORIENTED_EDGE('',*,*,#8068,.F.);
#8140 = ADVANCED_FACE('',(#8141),#1867,.T.);
#8141 = FACE_BOUND('',#8142,.T.);
#8142 = EDGE_LOOP('',(#8143,#8171,#8192,#8193));
#8143 = ORIENTED_EDGE('',*,*,#8144,.F.);
#8144 = EDGE_CURVE('',#8145,#8095,#8147,.T.);
#8145 = VERTEX_POINT('',#8146);
#8146 = CARTESIAN_POINT('',(195.13674840474,-33.28799133513,3.));
#8147 = SURFACE_CURVE('',#8148,(#8153,#8160),.PCURVE_S1.);
#8148 = CIRCLE('',#8149,4.250274160134);
#8149 = AXIS2_PLACEMENT_3D('',#8150,#8151,#8152);
#8150 = CARTESIAN_POINT('',(190.88647451444,-33.28950582124,3.));
#8151 = DIRECTION('',(0.,0.,-1.));
#8152 = DIRECTION('',(0.999999936516,3.563266857081E-04,0.));
#8153 = PCURVE('',#1867,#8154);
#8154 = DEFINITIONAL_REPRESENTATION('',(#8155),#8159);
#8155 = LINE('',#8156,#8157);
#8156 = CARTESIAN_POINT('',(0.,0.));
#8157 = VECTOR('',#8158,1.);
#8158 = DIRECTION('',(1.,0.));
#8159 = ( GEOMETRIC_REPRESENTATION_CONTEXT(2) 
PARAMETRIC_REPRESENTATION_CONTEXT() REPRESENTATION_CONTEXT('2D SPACE',''
  ) );
#8160 = PCURVE('',#7128,#8161);
#8161 = DEFINITIONAL_REPRESENTATION('',(#8162),#8170);
#8162 = ( BOUNDED_CURVE() B_SPLINE_CURVE(2,(#8163,#8164,#8165,#8166,
#8167,#8168,#8169),.UNSPECIFIED.,.T.,.F.) B_SPLINE_CURVE_WITH_KNOTS((1,2
    ,2,2,2,1),(-2.094395102393,0.,2.094395102393,4.188790204786,
6.28318530718,8.377580409573),.UNSPECIFIED.) CURVE() 
GEOMETRIC_REPRESENTATION_ITEM() RATIONAL_B_SPLINE_CURVE((1.,0.5,1.,0.5,
1.,0.5,1.)) REPRESENTATION_ITEM('') );
#8163 = CARTESIAN_POINT('',(-11.32406683848,34.509726221334));
#8164 = CARTESIAN_POINT('',(-11.3214436716,27.148035897237));
#8165 = CARTESIAN_POINT('',(-17.6981660905,30.826609330128));
#8166 = CARTESIAN_POINT('',(-24.0748885094,34.505182763019));
#8167 = CARTESIAN_POINT('',(-17.70078925738,38.188299654225));
#8168 = CARTESIAN_POINT('',(-11.32669000536,41.87141654543));
#8169 = CARTESIAN_POINT('',(-11.32406683848,34.509726221334));
#8170 = ( GEOMETRIC_REPRESENTATION_CONTEXT(2) 
PARAMETRIC_REPRESENTATION_CONTEXT() REPRESENTATION_CONTEXT('2D SPACE',''
  ) );
#8171 = ORIENTED_EDGE('',*,*,#8172,.T.);
#8172 = EDGE_CURVE('',#8145,#1847,#8173,.T.);
#8173 = SURFACE_CURVE('',#8174,(#8178,#8185),.PCURVE_S1.);
#8174 = LINE('',#8175,#8176);
#8175 = CARTESIAN_POINT('',(195.13674840474,-33.28799133513,3.));
#8176 = VECTOR('',#8177,1.);
#8177 = DIRECTION('',(0.,0.,1.));
#8178 = PCURVE('',#1867,#8179);
#8179 = DEFINITIONAL_REPRESENTATION('',(#8180),#8184);
#8180 = LINE('',#8181,#8182);
#8181 = CARTESIAN_POINT('',(0.,0.));
#8182 = VECTOR('',#8183,1.);
#8183 = DIRECTION('',(0.,-1.));
#8184 = ( GEOMETRIC_REPRESENTATION_CONTEXT(2) 
PARAMETRIC_REPRESENTATION_CONTEXT() REPRESENTATION_CONTEXT('2D SPACE',''
  ) );
#8185 = PCURVE('',#1894,#8186);
#8186 = DEFINITIONAL_REPRESENTATION('',(#8187),#8191);
#8187 = LINE('',#8188,#8189);
#8188 = CARTESIAN_POINT('',(9.06896870174,0.));
#8189 = VECTOR('',#8190,1.);
#8190 = DIRECTION('',(0.,-1.));
#8191 = ( GEOMETRIC_REPRESENTATION_CONTEXT(2) 
PARAMETRIC_REPRESENTATION_CONTEXT() REPRESENTATION_CONTEXT('2D SPACE',''
  ) );
#8192 = ORIENTED_EDGE('',*,*,#1846,.T.);
#8193 = ORIENTED_EDGE('',*,*,#8118,.F.);
#8194 = ADVANCED_FACE('',(#8195),#1894,.T.);
#8195 = FACE_BOUND('',#8196,.T.);
#8196 = EDGE_LOOP('',(#8197,#8220,#8241,#8242));
#8197 = ORIENTED_EDGE('',*,*,#8198,.F.);
#8198 = EDGE_CURVE('',#8199,#8145,#8201,.T.);
#8199 = VERTEX_POINT('',#8200);
#8200 = CARTESIAN_POINT('',(195.13749999149,-24.21902266454,3.));
#8201 = SURFACE_CURVE('',#8202,(#8206,#8213),.PCURVE_S1.);
#8202 = LINE('',#8203,#8204);
#8203 = CARTESIAN_POINT('',(195.13749999149,-24.21902266454,3.));
#8204 = VECTOR('',#8205,1.);
#8205 = DIRECTION('',(-8.287455523975E-05,-0.999999996566,0.));
#8206 = PCURVE('',#1894,#8207);
#8207 = DEFINITIONAL_REPRESENTATION('',(#8208),#8212);
#8208 = LINE('',#8209,#8210);
#8209 = CARTESIAN_POINT('',(0.,0.));
#8210 = VECTOR('',#8211,1.);
#8211 = DIRECTION('',(1.,0.));
#8212 = ( GEOMETRIC_REPRESENTATION_CONTEXT(2) 
PARAMETRIC_REPRESENTATION_CONTEXT() REPRESENTATION_CONTEXT('2D SPACE',''
  ) );
#8213 = PCURVE('',#7128,#8214);
#8214 = DEFINITIONAL_REPRESENTATION('',(#8215),#8219);
#8215 = LINE('',#8216,#8217);
#8216 = CARTESIAN_POINT('',(-11.32331525173,43.57869489193));
#8217 = VECTOR('',#8218,1.);
#8218 = DIRECTION('',(-8.287455523975E-05,-0.999999996566));
#8219 = ( GEOMETRIC_REPRESENTATION_CONTEXT(2) 
PARAMETRIC_REPRESENTATION_CONTEXT() REPRESENTATION_CONTEXT('2D SPACE',''
  ) );
#8220 = ORIENTED_EDGE('',*,*,#8221,.T.);
#8221 = EDGE_CURVE('',#8199,#1880,#8222,.T.);
#8222 = SURFACE_CURVE('',#8223,(#8227,#8234),.PCURVE_S1.);
#8223 = LINE('',#8224,#8225);
#8224 = CARTESIAN_POINT('',(195.13749999149,-24.21902266454,3.));
#8225 = VECTOR('',#8226,1.);
#8226 = DIRECTION('',(0.,0.,1.));
#8227 = PCURVE('',#1894,#8228);
#8228 = DEFINITIONAL_REPRESENTATION('',(#8229),#8233);
#8229 = LINE('',#8230,#8231);
#8230 = CARTESIAN_POINT('',(0.,0.));
#8231 = VECTOR('',#8232,1.);
#8232 = DIRECTION('',(0.,-1.));
#8233 = ( GEOMETRIC_REPRESENTATION_CONTEXT(2) 
PARAMETRIC_REPRESENTATION_CONTEXT() REPRESENTATION_CONTEXT('2D SPACE',''
  ) );
#8234 = PCURVE('',#1926,#8235);
#8235 = DEFINITIONAL_REPRESENTATION('',(#8236),#8240);
#8236 = LINE('',#8237,#8238);
#8237 = CARTESIAN_POINT('',(-1.438822985888,0.));
#8238 = VECTOR('',#8239,1.);
#8239 = DIRECTION('',(-0.,-1.));
#8240 = ( GEOMETRIC_REPRESENTATION_CONTEXT(2) 
PARAMETRIC_REPRESENTATION_CONTEXT() REPRESENTATION_CONTEXT('2D SPACE',''
  ) );
#8241 = ORIENTED_EDGE('',*,*,#1879,.F.);
#8242 = ORIENTED_EDGE('',*,*,#8172,.F.);
#8243 = ADVANCED_FACE('',(#8244),#1926,.F.);
#8244 = FACE_BOUND('',#8245,.T.);
#8245 = EDGE_LOOP('',(#8246,#8270,#8296,#8346,#8370,#8391,#8392));
#8246 = ORIENTED_EDGE('',*,*,#8247,.F.);
#8247 = EDGE_CURVE('',#8248,#8199,#8250,.T.);
#8248 = VERTEX_POINT('',#8249);
#8249 = CARTESIAN_POINT('',(195.66450583953,-22.95,3.));
#8250 = SURFACE_CURVE('',#8251,(#8256,#8263),.PCURVE_S1.);
#8251 = CIRCLE('',#8252,1.751337251658);
#8252 = AXIS2_PLACEMENT_3D('',#8253,#8254,#8255);
#8253 = CARTESIAN_POINT('',(196.88875791212,-24.20235339732,3.));
#8254 = DIRECTION('',(0.,0.,1.));
#8255 = DIRECTION('',(-0.141019873012,0.990006765338,0.));
#8256 = PCURVE('',#1926,#8257);
#8257 = DEFINITIONAL_REPRESENTATION('',(#8258),#8262);
#8258 = LINE('',#8259,#8260);
#8259 = CARTESIAN_POINT('',(-0.,0.));
#8260 = VECTOR('',#8261,1.);
#8261 = DIRECTION('',(-1.,0.));
#8262 = ( GEOMETRIC_REPRESENTATION_CONTEXT(2) 
PARAMETRIC_REPRESENTATION_CONTEXT() REPRESENTATION_CONTEXT('2D SPACE',''
  ) );
#8263 = PCURVE('',#7128,#8264);
#8264 = DEFINITIONAL_REPRESENTATION('',(#8265),#8269);
#8265 = CIRCLE('',#8266,1.751337251658);
#8266 = AXIS2_PLACEMENT_2D('',#8267,#8268);
#8267 = CARTESIAN_POINT('',(-9.572057331105,43.595364159149));
#8268 = DIRECTION('',(-0.141019873012,0.990006765338));
#8269 = ( GEOMETRIC_REPRESENTATION_CONTEXT(2) 
PARAMETRIC_REPRESENTATION_CONTEXT() REPRESENTATION_CONTEXT('2D SPACE',''
  ) );
#8270 = ORIENTED_EDGE('',*,*,#8271,.F.);
#8271 = EDGE_CURVE('',#8272,#8248,#8274,.T.);
#8272 = VERTEX_POINT('',#8273);
#8273 = CARTESIAN_POINT('',(195.66450583953,-22.95,9.02370530803));
#8274 = SURFACE_CURVE('',#8275,(#8279,#8285),.PCURVE_S1.);
#8275 = LINE('',#8276,#8277);
#8276 = CARTESIAN_POINT('',(195.66450583953,-22.95,3.));
#8277 = VECTOR('',#8278,1.);
#8278 = DIRECTION('',(-0.,-0.,-1.));
#8279 = PCURVE('',#1926,#8280);
#8280 = DEFINITIONAL_REPRESENTATION('',(#8281),#8284);
#8281 = B_SPLINE_CURVE_WITH_KNOTS('',1,(#8282,#8283),.UNSPECIFIED.,.F.,
  .F.,(2,2),(-7.17,5.999999999062E-07),.PIECEWISE_BEZIER_KNOTS.);
#8282 = CARTESIAN_POINT('',(-0.632560433003,-7.17));
#8283 = CARTESIAN_POINT('',(-0.632560433003,5.999999999062E-07));
#8284 = ( GEOMETRIC_REPRESENTATION_CONTEXT(2) 
PARAMETRIC_REPRESENTATION_CONTEXT() REPRESENTATION_CONTEXT('2D SPACE',''
  ) );
#8285 = PCURVE('',#8286,#8291);
#8286 = PLANE('',#8287);
#8287 = AXIS2_PLACEMENT_3D('',#8288,#8289,#8290);
#8288 = CARTESIAN_POINT('',(202.3875,-22.95,5.31));
#8289 = DIRECTION('',(0.,-1.,0.));
#8290 = DIRECTION('',(1.,0.,0.));
#8291 = DEFINITIONAL_REPRESENTATION('',(#8292),#8295);
#8292 = B_SPLINE_CURVE_WITH_KNOTS('',1,(#8293,#8294),.UNSPECIFIED.,.F.,
  .F.,(2,2),(-7.17,5.999999999062E-07),.PIECEWISE_BEZIER_KNOTS.);
#8293 = CARTESIAN_POINT('',(-6.72299416047,4.86));
#8294 = CARTESIAN_POINT('',(-6.72299416047,-2.3100006));
#8295 = ( GEOMETRIC_REPRESENTATION_CONTEXT(2) 
PARAMETRIC_REPRESENTATION_CONTEXT() REPRESENTATION_CONTEXT('2D SPACE',''
  ) );
#8296 = ORIENTED_EDGE('',*,*,#8297,.F.);
#8297 = EDGE_CURVE('',#8298,#8272,#8300,.T.);
#8298 = VERTEX_POINT('',#8299);
#8299 = CARTESIAN_POINT('',(196.4125,-22.51701646656,9.36));
#8300 = SURFACE_CURVE('',#8301,(#8314,#8330),.PCURVE_S1.);
#8301 = B_SPLINE_CURVE_WITH_KNOTS('',6,(#8302,#8303,#8304,#8305,#8306,
    #8307,#8308,#8309,#8310,#8311,#8312,#8313),.UNSPECIFIED.,.F.,.F.,(7,
    5,7),(0.,0.397115203889,1.),.UNSPECIFIED.);
#8302 = CARTESIAN_POINT('',(196.4125,-22.51701646656,9.36));
#8303 = CARTESIAN_POINT('',(196.35025719022,-22.53460560858,9.36));
#8304 = CARTESIAN_POINT('',(196.28896478872,-22.55490486452,
    9.355350948023));
#8305 = CARTESIAN_POINT('',(196.22908782932,-22.57775257093,
    9.346319265153));
#8306 = CARTESIAN_POINT('',(196.17105342309,-22.60288248002,
    9.333233551219));
#8307 = CARTESIAN_POINT('',(196.11524192238,-22.6299330293,
    9.316489452543));
#8308 = CARTESIAN_POINT('',(195.9811150067,-22.70175999932,9.26629010818
    ));
#8309 = CARTESIAN_POINT('',(195.90599779896,-22.74852636616,
    9.22862416307));
#8310 = CARTESIAN_POINT('',(195.83680390821,-22.79774246805,
    9.184781125955));
#8311 = CARTESIAN_POINT('',(195.77351223735,-22.84842317135,
    9.13563939038));
#8312 = CARTESIAN_POINT('',(195.71607750142,-22.89958549559,
    9.081826545473));
#8313 = CARTESIAN_POINT('',(195.66450522575,-22.9500006,9.023704616305)
  );
#8314 = PCURVE('',#1926,#8315);
#8315 = DEFINITIONAL_REPRESENTATION('',(#8316),#8329);
#8316 = B_SPLINE_CURVE_WITH_KNOTS('',6,(#8317,#8318,#8319,#8320,#8321,
    #8322,#8323,#8324,#8325,#8326,#8327,#8328),.UNSPECIFIED.,.F.,.F.,(7,
    5,7),(0.,0.397115203889,1.),.UNSPECIFIED.);
#8317 = CARTESIAN_POINT('',(-0.1339164863,-6.36));
#8318 = CARTESIAN_POINT('',(-0.170848454408,-6.36));
#8319 = CARTESIAN_POINT('',(-0.207678944394,-6.355350948023));
#8320 = CARTESIAN_POINT('',(-0.244218312776,-6.346319265153));
#8321 = CARTESIAN_POINT('',(-0.280278170996,-6.333233551219));
#8322 = CARTESIAN_POINT('',(-0.315663169097,-6.316489452543));
#8323 = CARTESIAN_POINT('',(-0.402538740629,-6.26629010818));
#8324 = CARTESIAN_POINT('',(-0.452955846012,-6.22862416307));
#8325 = CARTESIAN_POINT('',(-0.501310890667,-6.184781125955));
#8326 = CARTESIAN_POINT('',(-0.547508467366,-6.13563939038));
#8327 = CARTESIAN_POINT('',(-0.5913806137,-6.081826545473));
#8328 = CARTESIAN_POINT('',(-0.632560923099,-6.023704616305));
#8329 = ( GEOMETRIC_REPRESENTATION_CONTEXT(2) 
PARAMETRIC_REPRESENTATION_CONTEXT() REPRESENTATION_CONTEXT('2D SPACE',''
  ) );
#8330 = PCURVE('',#5956,#8331);
#8331 = DEFINITIONAL_REPRESENTATION('',(#8332),#8345);
#8332 = B_SPLINE_CURVE_WITH_KNOTS('',6,(#8333,#8334,#8335,#8336,#8337,
    #8338,#8339,#8340,#8341,#8342,#8343,#8344),.UNSPECIFIED.,.F.,.F.,(7,
    5,7),(0.,0.397115203889,1.),.UNSPECIFIED.);
#8333 = CARTESIAN_POINT('',(1.570796326795,1.117016466564));
#8334 = CARTESIAN_POINT('',(1.633039136573,1.134605608586));
#8335 = CARTESIAN_POINT('',(1.69433176566,1.154904864528));
#8336 = CARTESIAN_POINT('',(1.754642149766,1.177752570934));
#8337 = CARTESIAN_POINT('',(1.813913035233,1.202882480025));
#8338 = CARTESIAN_POINT('',(1.872052528204,1.229933029303));
#8339 = CARTESIAN_POINT('',(2.015265668961,1.301759999322));
#8340 = CARTESIAN_POINT('',(2.098820120737,1.348526366169));
#8341 = CARTESIAN_POINT('',(2.180148742512,1.397742468055));
#8342 = CARTESIAN_POINT('',(2.259756623519,1.448423171354));
#8343 = CARTESIAN_POINT('',(2.338128320861,1.499585495593));
#8344 = CARTESIAN_POINT('',(2.415831977583,1.5500006));
#8345 = ( GEOMETRIC_REPRESENTATION_CONTEXT(2) 
PARAMETRIC_REPRESENTATION_CONTEXT() REPRESENTATION_CONTEXT('2D SPACE',''
  ) );
#8346 = ORIENTED_EDGE('',*,*,#8347,.T.);
#8347 = EDGE_CURVE('',#8298,#8348,#8350,.T.);
#8348 = VERTEX_POINT('',#8349);
#8349 = CARTESIAN_POINT('',(196.64178455529,-22.46851766979,9.36));
#8350 = SURFACE_CURVE('',#8351,(#8356,#8363),.PCURVE_S1.);
#8351 = CIRCLE('',#8352,1.751337251658);
#8352 = AXIS2_PLACEMENT_3D('',#8353,#8354,#8355);
#8353 = CARTESIAN_POINT('',(196.88875791212,-24.20235339732,9.36));
#8354 = DIRECTION('',(-0.,0.,-1.));
#8355 = DIRECTION('',(-0.141019873012,0.990006765338,0.));
#8356 = PCURVE('',#1926,#8357);
#8357 = DEFINITIONAL_REPRESENTATION('',(#8358),#8362);
#8358 = LINE('',#8359,#8360);
#8359 = CARTESIAN_POINT('',(-6.28318530718,-6.36));
#8360 = VECTOR('',#8361,1.);
#8361 = DIRECTION('',(1.,-0.));
#8362 = ( GEOMETRIC_REPRESENTATION_CONTEXT(2) 
PARAMETRIC_REPRESENTATION_CONTEXT() REPRESENTATION_CONTEXT('2D SPACE',''
  ) );
#8363 = PCURVE('',#5983,#8364);
#8364 = DEFINITIONAL_REPRESENTATION('',(#8365),#8369);
#8365 = CIRCLE('',#8366,1.751337251658);
#8366 = AXIS2_PLACEMENT_2D('',#8367,#8368);
#8367 = CARTESIAN_POINT('',(0.476257912127,2.802353397324));
#8368 = DIRECTION('',(-0.141019873012,-0.990006765338));
#8369 = ( GEOMETRIC_REPRESENTATION_CONTEXT(2) 
PARAMETRIC_REPRESENTATION_CONTEXT() REPRESENTATION_CONTEXT('2D SPACE',''
  ) );
#8370 = ORIENTED_EDGE('',*,*,#8371,.F.);
#8371 = EDGE_CURVE('',#1906,#8348,#8372,.T.);
#8372 = SURFACE_CURVE('',#8373,(#8377,#8384),.PCURVE_S1.);
#8373 = LINE('',#8374,#8375);
#8374 = CARTESIAN_POINT('',(196.64178455529,-22.46851766979,12.1));
#8375 = VECTOR('',#8376,1.);
#8376 = DIRECTION('',(0.,0.,-1.));
#8377 = PCURVE('',#1926,#8378);
#8378 = DEFINITIONAL_REPRESENTATION('',(#8379),#8383);
#8379 = LINE('',#8380,#8381);
#8380 = CARTESIAN_POINT('',(-0.,-9.1));
#8381 = VECTOR('',#8382,1.);
#8382 = DIRECTION('',(0.,1.));
#8383 = ( GEOMETRIC_REPRESENTATION_CONTEXT(2) 
PARAMETRIC_REPRESENTATION_CONTEXT() REPRESENTATION_CONTEXT('2D SPACE',''
  ) );
#8384 = PCURVE('',#1953,#8385);
#8385 = DEFINITIONAL_REPRESENTATION('',(#8386),#8390);
#8386 = LINE('',#8387,#8388);
#8387 = CARTESIAN_POINT('',(11.226708052232,-9.1));
#8388 = VECTOR('',#8389,1.);
#8389 = DIRECTION('',(-0.,1.));
#8390 = ( GEOMETRIC_REPRESENTATION_CONTEXT(2) 
PARAMETRIC_REPRESENTATION_CONTEXT() REPRESENTATION_CONTEXT('2D SPACE',''
  ) );
#8391 = ORIENTED_EDGE('',*,*,#1905,.F.);
#8392 = ORIENTED_EDGE('',*,*,#8221,.F.);
#8393 = ADVANCED_FACE('',(#8394),#1953,.T.);
#8394 = FACE_BOUND('',#8395,.T.);
#8395 = EDGE_LOOP('',(#8396,#8397,#8398,#8419));
#8396 = ORIENTED_EDGE('',*,*,#1938,.F.);
#8397 = ORIENTED_EDGE('',*,*,#8371,.T.);
#8398 = ORIENTED_EDGE('',*,*,#8399,.T.);
#8399 = EDGE_CURVE('',#8348,#8400,#8402,.T.);
#8400 = VERTEX_POINT('',#8401);
#8401 = CARTESIAN_POINT('',(207.8684773357,-22.44999999149,9.36));
#8402 = SURFACE_CURVE('',#8403,(#8407,#8413),.PCURVE_S1.);
#8403 = LINE('',#8404,#8405);
#8404 = CARTESIAN_POINT('',(202.14137020154,-22.45944647137,9.36));
#8405 = VECTOR('',#8406,1.);
#8406 = DIRECTION('',(0.999998639688,1.649430822628E-03,0.));
#8407 = PCURVE('',#1953,#8408);
#8408 = DEFINITIONAL_REPRESENTATION('',(#8409),#8412);
#8409 = B_SPLINE_CURVE_WITH_KNOTS('',1,(#8410,#8411),.UNSPECIFIED.,.F.,
  .F.,(2,2),(-5.499593127406,5.727114924826),.PIECEWISE_BEZIER_KNOTS.);
#8410 = CARTESIAN_POINT('',(11.226708052232,-6.36));
#8411 = CARTESIAN_POINT('',(0.,-6.36));
#8412 = ( GEOMETRIC_REPRESENTATION_CONTEXT(2) 
PARAMETRIC_REPRESENTATION_CONTEXT() REPRESENTATION_CONTEXT('2D SPACE',''
  ) );
#8413 = PCURVE('',#5983,#8414);
#8414 = DEFINITIONAL_REPRESENTATION('',(#8415),#8418);
#8415 = B_SPLINE_CURVE_WITH_KNOTS('',1,(#8416,#8417),.UNSPECIFIED.,.F.,
  .F.,(2,2),(-5.499593127406,5.727114924826),.PIECEWISE_BEZIER_KNOTS.);
#8416 = CARTESIAN_POINT('',(0.229284555297,1.068517669793));
#8417 = CARTESIAN_POINT('',(11.455977335704,1.049999991495));
#8418 = ( GEOMETRIC_REPRESENTATION_CONTEXT(2) 
PARAMETRIC_REPRESENTATION_CONTEXT() REPRESENTATION_CONTEXT('2D SPACE',''
  ) );
#8419 = ORIENTED_EDGE('',*,*,#8420,.F.);
#8420 = EDGE_CURVE('',#1939,#8400,#8421,.T.);
#8421 = SURFACE_CURVE('',#8422,(#8426,#8433),.PCURVE_S1.);
#8422 = LINE('',#8423,#8424);
#8423 = CARTESIAN_POINT('',(207.8684773357,-22.44999999149,12.1));
#8424 = VECTOR('',#8425,1.);
#8425 = DIRECTION('',(0.,0.,-1.));
#8426 = PCURVE('',#1953,#8427);
#8427 = DEFINITIONAL_REPRESENTATION('',(#8428),#8432);
#8428 = LINE('',#8429,#8430);
#8429 = CARTESIAN_POINT('',(0.,-9.1));
#8430 = VECTOR('',#8431,1.);
#8431 = DIRECTION('',(-0.,1.));
#8432 = ( GEOMETRIC_REPRESENTATION_CONTEXT(2) 
PARAMETRIC_REPRESENTATION_CONTEXT() REPRESENTATION_CONTEXT('2D SPACE',''
  ) );
#8433 = PCURVE('',#1986,#8434);
#8434 = DEFINITIONAL_REPRESENTATION('',(#8435),#8439);
#8435 = LINE('',#8436,#8437);
#8436 = CARTESIAN_POINT('',(-1.43882298575,-9.1));
#8437 = VECTOR('',#8438,1.);
#8438 = DIRECTION('',(0.,1.));
#8439 = ( GEOMETRIC_REPRESENTATION_CONTEXT(2) 
PARAMETRIC_REPRESENTATION_CONTEXT() REPRESENTATION_CONTEXT('2D SPACE',''
  ) );
#8440 = ADVANCED_FACE('',(#8441),#1986,.F.);
#8441 = FACE_BOUND('',#8442,.T.);
#8442 = EDGE_LOOP('',(#8443,#8469,#8490,#8491,#8492,#8516,#8566));
#8443 = ORIENTED_EDGE('',*,*,#8444,.F.);
#8444 = EDGE_CURVE('',#8445,#8447,#8449,.T.);
#8445 = VERTEX_POINT('',#8446);
#8446 = CARTESIAN_POINT('',(209.6189823302,-23.95428455529,3.));
#8447 = VERTEX_POINT('',#8448);
#8448 = CARTESIAN_POINT('',(209.11051830399,-22.95,3.));
#8449 = SURFACE_CURVE('',#8450,(#8455,#8462),.PCURVE_S1.);
#8450 = CIRCLE('',#8451,1.751337251653);
#8451 = AXIS2_PLACEMENT_3D('',#8452,#8453,#8454);
#8452 = CARTESIAN_POINT('',(207.88514660268,-24.20125791212,3.));
#8453 = DIRECTION('',(0.,0.,1.));
#8454 = DIRECTION('',(0.990006765338,0.141019873012,-0.));
#8455 = PCURVE('',#1986,#8456);
#8456 = DEFINITIONAL_REPRESENTATION('',(#8457),#8461);
#8457 = LINE('',#8458,#8459);
#8458 = CARTESIAN_POINT('',(-0.,0.));
#8459 = VECTOR('',#8460,1.);
#8460 = DIRECTION('',(-1.,0.));
#8461 = ( GEOMETRIC_REPRESENTATION_CONTEXT(2) 
PARAMETRIC_REPRESENTATION_CONTEXT() REPRESENTATION_CONTEXT('2D SPACE',''
  ) );
#8462 = PCURVE('',#7128,#8463);
#8463 = DEFINITIONAL_REPRESENTATION('',(#8464),#8468);
#8464 = CIRCLE('',#8465,1.751337251653);
#8465 = AXIS2_PLACEMENT_2D('',#8466,#8467);
#8466 = CARTESIAN_POINT('',(1.424331359449,43.596459644348));
#8467 = DIRECTION('',(0.990006765338,0.141019873012));
#8468 = ( GEOMETRIC_REPRESENTATION_CONTEXT(2) 
PARAMETRIC_REPRESENTATION_CONTEXT() REPRESENTATION_CONTEXT('2D SPACE',''
  ) );
#8469 = ORIENTED_EDGE('',*,*,#8470,.T.);
#8470 = EDGE_CURVE('',#8445,#1966,#8471,.T.);
#8471 = SURFACE_CURVE('',#8472,(#8476,#8483),.PCURVE_S1.);
#8472 = LINE('',#8473,#8474);
#8473 = CARTESIAN_POINT('',(209.6189823302,-23.95428455529,3.));
#8474 = VECTOR('',#8475,1.);
#8475 = DIRECTION('',(0.,0.,1.));
#8476 = PCURVE('',#1986,#8477);
#8477 = DEFINITIONAL_REPRESENTATION('',(#8478),#8482);
#8478 = LINE('',#8479,#8480);
#8479 = CARTESIAN_POINT('',(-0.,0.));
#8480 = VECTOR('',#8481,1.);
#8481 = DIRECTION('',(-0.,-1.));
#8482 = ( GEOMETRIC_REPRESENTATION_CONTEXT(2) 
PARAMETRIC_REPRESENTATION_CONTEXT() REPRESENTATION_CONTEXT('2D SPACE',''
  ) );
#8483 = PCURVE('',#2013,#8484);
#8484 = DEFINITIONAL_REPRESENTATION('',(#8485),#8489);
#8485 = LINE('',#8486,#8487);
#8486 = CARTESIAN_POINT('',(6.700712218513,0.));
#8487 = VECTOR('',#8488,1.);
#8488 = DIRECTION('',(0.,-1.));
#8489 = ( GEOMETRIC_REPRESENTATION_CONTEXT(2) 
PARAMETRIC_REPRESENTATION_CONTEXT() REPRESENTATION_CONTEXT('2D SPACE',''
  ) );
#8490 = ORIENTED_EDGE('',*,*,#1965,.F.);
#8491 = ORIENTED_EDGE('',*,*,#8420,.T.);
#8492 = ORIENTED_EDGE('',*,*,#8493,.T.);
#8493 = EDGE_CURVE('',#8400,#8494,#8496,.T.);
#8494 = VERTEX_POINT('',#8495);
#8495 = CARTESIAN_POINT('',(208.3625,-22.51623093813,9.36));
#8496 = SURFACE_CURVE('',#8497,(#8502,#8509),.PCURVE_S1.);
#8497 = CIRCLE('',#8498,1.751337251653);
#8498 = AXIS2_PLACEMENT_3D('',#8499,#8500,#8501);
#8499 = CARTESIAN_POINT('',(207.88514660268,-24.20125791212,9.36));
#8500 = DIRECTION('',(0.,-0.,-1.));
#8501 = DIRECTION('',(0.990006765338,0.141019873012,-0.));
#8502 = PCURVE('',#1986,#8503);
#8503 = DEFINITIONAL_REPRESENTATION('',(#8504),#8508);
#8504 = LINE('',#8505,#8506);
#8505 = CARTESIAN_POINT('',(-6.28318530718,-6.36));
#8506 = VECTOR('',#8507,1.);
#8507 = DIRECTION('',(1.,-0.));
#8508 = ( GEOMETRIC_REPRESENTATION_CONTEXT(2) 
PARAMETRIC_REPRESENTATION_CONTEXT() REPRESENTATION_CONTEXT('2D SPACE',''
  ) );
#8509 = PCURVE('',#5983,#8510);
#8510 = DEFINITIONAL_REPRESENTATION('',(#8511),#8515);
#8511 = CIRCLE('',#8512,1.751337251653);
#8512 = AXIS2_PLACEMENT_2D('',#8513,#8514);
#8513 = CARTESIAN_POINT('',(11.472646602681,2.801257912124));
#8514 = DIRECTION('',(0.990006765338,-0.141019873012));
#8515 = ( GEOMETRIC_REPRESENTATION_CONTEXT(2) 
PARAMETRIC_REPRESENTATION_CONTEXT() REPRESENTATION_CONTEXT('2D SPACE',''
  ) );
#8516 = ORIENTED_EDGE('',*,*,#8517,.F.);
#8517 = EDGE_CURVE('',#8518,#8494,#8520,.T.);
#8518 = VERTEX_POINT('',#8519);
#8519 = CARTESIAN_POINT('',(209.11051830398,-22.95,9.023678097348));
#8520 = SURFACE_CURVE('',#8521,(#8534,#8550),.PCURVE_S1.);
#8521 = B_SPLINE_CURVE_WITH_KNOTS('',6,(#8522,#8523,#8524,#8525,#8526,
    #8527,#8528,#8529,#8530,#8531,#8532,#8533),.UNSPECIFIED.,.F.,.F.,(7,
    5,7),(0.,0.601478918265,1.),.UNSPECIFIED.);
#8522 = CARTESIAN_POINT('',(209.11051891667,-22.9500006,9.023677406795)
  );
#8523 = CARTESIAN_POINT('',(209.05907244535,-22.89961841162,
    9.081661803055));
#8524 = CARTESIAN_POINT('',(209.00179193288,-22.8484953291,
    9.135357423111));
#8525 = CARTESIAN_POINT('',(208.93868178287,-22.79785099275,
    9.18440642833));
#8526 = CARTESIAN_POINT('',(208.86969555004,-22.74866059732,
    9.228186833883));
#8527 = CARTESIAN_POINT('',(208.79481022598,-22.70190166761,
    9.265827379974));
#8528 = CARTESIAN_POINT('',(208.66078873844,-22.62987699132,
    9.316179458619));
#8529 = CARTESIAN_POINT('',(208.60480715989,-22.60265159982,
    9.333038756017));
#8530 = CARTESIAN_POINT('',(208.54658127408,-22.57735733033,
    9.346217751689));
#8531 = CARTESIAN_POINT('',(208.48649442614,-22.55436032535,
    9.355315823431));
#8532 = CARTESIAN_POINT('',(208.4249775008,-22.53393026741,9.36));
#8533 = CARTESIAN_POINT('',(208.3625,-22.51623093812,9.36));
#8534 = PCURVE('',#1986,#8535);
#8535 = DEFINITIONAL_REPRESENTATION('',(#8536),#8549);
#8536 = B_SPLINE_CURVE_WITH_KNOTS('',6,(#8537,#8538,#8539,#8540,#8541,
    #8542,#8543,#8544,#8545,#8546,#8547,#8548),.UNSPECIFIED.,.F.,.F.,(7,
    5,7),(0.,0.601478918265,1.),.UNSPECIFIED.);
#8537 = CARTESIAN_POINT('',(-0.65435797914,-6.023677406795));
#8538 = CARTESIAN_POINT('',(-0.695473799861,-6.081661803055));
#8539 = CARTESIAN_POINT('',(-0.739265516822,-6.135357423111));
#8540 = CARTESIAN_POINT('',(-0.78536981377,-6.18440642833));
#8541 = CARTESIAN_POINT('',(-0.833620623024,-6.228186833883));
#8542 = CARTESIAN_POINT('',(-0.883923883223,-6.265827379974));
#8543 = CARTESIAN_POINT('',(-0.970799773716,-6.316179458619));
#8544 = CARTESIAN_POINT('',(-1.006315434535,-6.333038756017));
#8545 = CARTESIAN_POINT('',(-1.042512361425,-6.346217751689));
#8546 = CARTESIAN_POINT('',(-1.079193465771,-6.355315823431));
#8547 = CARTESIAN_POINT('',(-1.116168715118,-6.36));
#8548 = CARTESIAN_POINT('',(-1.153246757056,-6.36));
#8549 = ( GEOMETRIC_REPRESENTATION_CONTEXT(2) 
PARAMETRIC_REPRESENTATION_CONTEXT() REPRESENTATION_CONTEXT('2D SPACE',''
  ) );
#8550 = PCURVE('',#6011,#8551);
#8551 = DEFINITIONAL_REPRESENTATION('',(#8552),#8565);
#8552 = B_SPLINE_CURVE_WITH_KNOTS('',6,(#8553,#8554,#8555,#8556,#8557,
    #8558,#8559,#8560,#8561,#8562,#8563,#8564),.UNSPECIFIED.,.F.,.F.,(7,
    5,7),(0.,0.601478918265,1.),.UNSPECIFIED.);
#8553 = CARTESIAN_POINT('',(0.725724299989,1.5500006));
#8554 = CARTESIAN_POINT('',(0.803241585939,1.499618411621));
#8555 = CARTESIAN_POINT('',(0.881422974295,1.448495329128));
#8556 = CARTESIAN_POINT('',(0.960834441911,1.397850992736));
#8557 = CARTESIAN_POINT('',(1.041958562655,1.348660597334));
#8558 = CARTESIAN_POINT('',(1.125298189,1.301901667613));
#8559 = CARTESIAN_POINT('',(1.268466240417,1.229876991329));
#8560 = CARTESIAN_POINT('',(1.326800528167,1.202651599824));
#8561 = CARTESIAN_POINT('',(1.386276481581,1.177357330331));
#8562 = CARTESIAN_POINT('',(1.446801668469,1.154360325357));
#8563 = CARTESIAN_POINT('',(1.508318825987,1.133930267413));
#8564 = CARTESIAN_POINT('',(1.570796326795,1.116230938128));
#8565 = ( GEOMETRIC_REPRESENTATION_CONTEXT(2) 
PARAMETRIC_REPRESENTATION_CONTEXT() REPRESENTATION_CONTEXT('2D SPACE',''
  ) );
#8566 = ORIENTED_EDGE('',*,*,#8567,.T.);
#8567 = EDGE_CURVE('',#8518,#8447,#8568,.T.);
#8568 = SURFACE_CURVE('',#8569,(#8573,#8579),.PCURVE_S1.);
#8569 = LINE('',#8570,#8571);
#8570 = CARTESIAN_POINT('',(209.11051830399,-22.95,3.));
#8571 = VECTOR('',#8572,1.);
#8572 = DIRECTION('',(-0.,-0.,-1.));
#8573 = PCURVE('',#1986,#8574);
#8574 = DEFINITIONAL_REPRESENTATION('',(#8575),#8578);
#8575 = B_SPLINE_CURVE_WITH_KNOTS('',1,(#8576,#8577),.UNSPECIFIED.,.F.,
  .F.,(2,2),(-7.17,5.999999999062E-07),.PIECEWISE_BEZIER_KNOTS.);
#8576 = CARTESIAN_POINT('',(-0.654358468797,-7.17));
#8577 = CARTESIAN_POINT('',(-0.654358468797,5.999999999062E-07));
#8578 = ( GEOMETRIC_REPRESENTATION_CONTEXT(2) 
PARAMETRIC_REPRESENTATION_CONTEXT() REPRESENTATION_CONTEXT('2D SPACE',''
  ) );
#8579 = PCURVE('',#8286,#8580);
#8580 = DEFINITIONAL_REPRESENTATION('',(#8581),#8584);
#8581 = B_SPLINE_CURVE_WITH_KNOTS('',1,(#8582,#8583),.UNSPECIFIED.,.F.,
  .F.,(2,2),(-7.17,5.999999999062E-07),.PIECEWISE_BEZIER_KNOTS.);
#8582 = CARTESIAN_POINT('',(6.723018303992,4.86));
#8583 = CARTESIAN_POINT('',(6.723018303992,-2.3100006));
#8584 = ( GEOMETRIC_REPRESENTATION_CONTEXT(2) 
PARAMETRIC_REPRESENTATION_CONTEXT() REPRESENTATION_CONTEXT('2D SPACE',''
  ) );
#8585 = ADVANCED_FACE('',(#8586),#2013,.T.);
#8586 = FACE_BOUND('',#8587,.T.);
#8587 = EDGE_LOOP('',(#8588,#8611,#8632,#8633));
#8588 = ORIENTED_EDGE('',*,*,#8589,.F.);
#8589 = EDGE_CURVE('',#8590,#8445,#8592,.T.);
#8590 = VERTEX_POINT('',#8591);
#8591 = CARTESIAN_POINT('',(209.6375,-30.65497118662,3.));
#8592 = SURFACE_CURVE('',#8593,(#8597,#8604),.PCURVE_S1.);
#8593 = LINE('',#8594,#8595);
#8594 = CARTESIAN_POINT('',(209.6375,-30.65497118662,3.));
#8595 = VECTOR('',#8596,1.);
#8596 = DIRECTION('',(-2.763537544907E-03,0.999996181423,0.));
#8597 = PCURVE('',#2013,#8598);
#8598 = DEFINITIONAL_REPRESENTATION('',(#8599),#8603);
#8599 = LINE('',#8600,#8601);
#8600 = CARTESIAN_POINT('',(0.,0.));
#8601 = VECTOR('',#8602,1.);
#8602 = DIRECTION('',(1.,0.));
#8603 = ( GEOMETRIC_REPRESENTATION_CONTEXT(2) 
PARAMETRIC_REPRESENTATION_CONTEXT() REPRESENTATION_CONTEXT('2D SPACE',''
  ) );
#8604 = PCURVE('',#7128,#8605);
#8605 = DEFINITIONAL_REPRESENTATION('',(#8606),#8610);
#8606 = LINE('',#8607,#8608);
#8607 = CARTESIAN_POINT('',(3.176684756768,37.14274636985));
#8608 = VECTOR('',#8609,1.);
#8609 = DIRECTION('',(-2.763537544907E-03,0.999996181423));
#8610 = ( GEOMETRIC_REPRESENTATION_CONTEXT(2) 
PARAMETRIC_REPRESENTATION_CONTEXT() REPRESENTATION_CONTEXT('2D SPACE',''
  ) );
#8611 = ORIENTED_EDGE('',*,*,#8612,.T.);
#8612 = EDGE_CURVE('',#8590,#1999,#8613,.T.);
#8613 = SURFACE_CURVE('',#8614,(#8618,#8625),.PCURVE_S1.);
#8614 = LINE('',#8615,#8616);
#8615 = CARTESIAN_POINT('',(209.6375,-30.65497118662,3.));
#8616 = VECTOR('',#8617,1.);
#8617 = DIRECTION('',(0.,0.,1.));
#8618 = PCURVE('',#2013,#8619);
#8619 = DEFINITIONAL_REPRESENTATION('',(#8620),#8624);
#8620 = LINE('',#8621,#8622);
#8621 = CARTESIAN_POINT('',(0.,0.));
#8622 = VECTOR('',#8623,1.);
#8623 = DIRECTION('',(0.,-1.));
#8624 = ( GEOMETRIC_REPRESENTATION_CONTEXT(2) 
PARAMETRIC_REPRESENTATION_CONTEXT() REPRESENTATION_CONTEXT('2D SPACE',''
  ) );
#8625 = PCURVE('',#2045,#8626);
#8626 = DEFINITIONAL_REPRESENTATION('',(#8627),#8631);
#8627 = LINE('',#8628,#8629);
#8628 = CARTESIAN_POINT('',(1.484904148409,0.));
#8629 = VECTOR('',#8630,1.);
#8630 = DIRECTION('',(0.,-1.));
#8631 = ( GEOMETRIC_REPRESENTATION_CONTEXT(2) 
PARAMETRIC_REPRESENTATION_CONTEXT() REPRESENTATION_CONTEXT('2D SPACE',''
  ) );
#8632 = ORIENTED_EDGE('',*,*,#1998,.F.);
#8633 = ORIENTED_EDGE('',*,*,#8470,.F.);
#8634 = ADVANCED_FACE('',(#8635),#2045,.T.);
#8635 = FACE_BOUND('',#8636,.T.);
#8636 = EDGE_LOOP('',(#8637,#8665,#8686,#8687));
#8637 = ORIENTED_EDGE('',*,*,#8638,.F.);
#8638 = EDGE_CURVE('',#8639,#8590,#8641,.T.);
#8639 = VERTEX_POINT('',#8640);
#8640 = CARTESIAN_POINT('',(213.49673552145,-34.91739847481,3.));
#8641 = SURFACE_CURVE('',#8642,(#8647,#8654),.PCURVE_S1.);
#8642 = CIRCLE('',#8643,4.252317423141);
#8643 = AXIS2_PLACEMENT_3D('',#8644,#8645,#8646);
#8644 = CARTESIAN_POINT('',(213.88972319627,-30.68327942186,3.));
#8645 = DIRECTION('',(0.,0.,-1.));
#8646 = DIRECTION('',(-9.241729525823E-02,-0.995720364127,-0.));
#8647 = PCURVE('',#2045,#8648);
#8648 = DEFINITIONAL_REPRESENTATION('',(#8649),#8653);
#8649 = LINE('',#8650,#8651);
#8650 = CARTESIAN_POINT('',(0.,0.));
#8651 = VECTOR('',#8652,1.);
#8652 = DIRECTION('',(1.,0.));
#8653 = ( GEOMETRIC_REPRESENTATION_CONTEXT(2) 
PARAMETRIC_REPRESENTATION_CONTEXT() REPRESENTATION_CONTEXT('2D SPACE',''
  ) );
#8654 = PCURVE('',#7128,#8655);
#8655 = DEFINITIONAL_REPRESENTATION('',(#8656),#8664);
#8656 = ( BOUNDED_CURVE() B_SPLINE_CURVE(2,(#8657,#8658,#8659,#8660,
#8661,#8662,#8663),.UNSPECIFIED.,.T.,.F.) B_SPLINE_CURVE_WITH_KNOTS((1,2
    ,2,2,2,1),(-2.094395102393,0.,2.094395102393,4.188790204786,
6.28318530718,8.377580409573),.UNSPECIFIED.) CURVE() 
GEOMETRIC_REPRESENTATION_ITEM() RATIONAL_B_SPLINE_CURVE((1.,0.5,1.,0.5,
1.,0.5,1.)) REPRESENTATION_ITEM('') );
#8657 = CARTESIAN_POINT('',(7.03592027822,32.880319081658));
#8658 = CARTESIAN_POINT('',(-0.29778904679,33.560993701205));
#8659 = CARTESIAN_POINT('',(3.958547127954,39.571834970861));
#8660 = CARTESIAN_POINT('',(8.214883302698,45.582676240517));
#8661 = CARTESIAN_POINT('',(11.292256452964,38.891160351314));
#8662 = CARTESIAN_POINT('',(14.36962960323,32.199644462111));
#8663 = CARTESIAN_POINT('',(7.03592027822,32.880319081658));
#8664 = ( GEOMETRIC_REPRESENTATION_CONTEXT(2) 
PARAMETRIC_REPRESENTATION_CONTEXT() REPRESENTATION_CONTEXT('2D SPACE',''
  ) );
#8665 = ORIENTED_EDGE('',*,*,#8666,.T.);
#8666 = EDGE_CURVE('',#8639,#2025,#8667,.T.);
#8667 = SURFACE_CURVE('',#8668,(#8672,#8679),.PCURVE_S1.);
#8668 = LINE('',#8669,#8670);
#8669 = CARTESIAN_POINT('',(213.49673552145,-34.91739847481,3.));
#8670 = VECTOR('',#8671,1.);
#8671 = DIRECTION('',(0.,0.,1.));
#8672 = PCURVE('',#2045,#8673);
#8673 = DEFINITIONAL_REPRESENTATION('',(#8674),#8678);
#8674 = LINE('',#8675,#8676);
#8675 = CARTESIAN_POINT('',(0.,0.));
#8676 = VECTOR('',#8677,1.);
#8677 = DIRECTION('',(0.,-1.));
#8678 = ( GEOMETRIC_REPRESENTATION_CONTEXT(2) 
PARAMETRIC_REPRESENTATION_CONTEXT() REPRESENTATION_CONTEXT('2D SPACE',''
  ) );
#8679 = PCURVE('',#2072,#8680);
#8680 = DEFINITIONAL_REPRESENTATION('',(#8681),#8685);
#8681 = LINE('',#8682,#8683);
#8682 = CARTESIAN_POINT('',(17.414219536839,0.));
#8683 = VECTOR('',#8684,1.);
#8684 = DIRECTION('',(0.,-1.));
#8685 = ( GEOMETRIC_REPRESENTATION_CONTEXT(2) 
PARAMETRIC_REPRESENTATION_CONTEXT() REPRESENTATION_CONTEXT('2D SPACE',''
  ) );
#8686 = ORIENTED_EDGE('',*,*,#2024,.T.);
#8687 = ORIENTED_EDGE('',*,*,#8612,.F.);
#8688 = ADVANCED_FACE('',(#8689),#2072,.T.);
#8689 = FACE_BOUND('',#8690,.T.);
#8690 = EDGE_LOOP('',(#8691,#8714,#8735,#8736,#8757,#8783,#8802,#8803));
#8691 = ORIENTED_EDGE('',*,*,#8692,.F.);
#8692 = EDGE_CURVE('',#8693,#8639,#8695,.T.);
#8693 = VERTEX_POINT('',#8694);
#8694 = CARTESIAN_POINT('',(230.91094345653,-34.93749998966,3.));
#8695 = SURFACE_CURVE('',#8696,(#8700,#8707),.PCURVE_S1.);
#8696 = LINE('',#8697,#8698);
#8697 = CARTESIAN_POINT('',(230.91094345653,-34.93749998966,3.));
#8698 = VECTOR('',#8699,1.);
#8699 = DIRECTION('',(-0.999999333777,1.154316149837E-03,0.));
#8700 = PCURVE('',#2072,#8701);
#8701 = DEFINITIONAL_REPRESENTATION('',(#8702),#8706);
#8702 = LINE('',#8703,#8704);
#8703 = CARTESIAN_POINT('',(0.,0.));
#8704 = VECTOR('',#8705,1.);
#8705 = DIRECTION('',(1.,0.));
#8706 = ( GEOMETRIC_REPRESENTATION_CONTEXT(2) 
PARAMETRIC_REPRESENTATION_CONTEXT() REPRESENTATION_CONTEXT('2D SPACE',''
  ) );
#8707 = PCURVE('',#7128,#8708);
#8708 = DEFINITIONAL_REPRESENTATION('',(#8709),#8713);
#8709 = LINE('',#8710,#8711);
#8710 = CARTESIAN_POINT('',(24.450128213303,32.86021756681));
#8711 = VECTOR('',#8712,1.);
#8712 = DIRECTION('',(-0.999999333777,1.154316149837E-03));
#8713 = ( GEOMETRIC_REPRESENTATION_CONTEXT(2) 
PARAMETRIC_REPRESENTATION_CONTEXT() REPRESENTATION_CONTEXT('2D SPACE',''
  ) );
#8714 = ORIENTED_EDGE('',*,*,#8715,.T.);
#8715 = EDGE_CURVE('',#8693,#2228,#8716,.T.);
#8716 = SURFACE_CURVE('',#8717,(#8721,#8728),.PCURVE_S1.);
#8717 = LINE('',#8718,#8719);
#8718 = CARTESIAN_POINT('',(230.91094345653,-34.93749998966,3.));
#8719 = VECTOR('',#8720,1.);
#8720 = DIRECTION('',(0.,0.,1.));
#8721 = PCURVE('',#2072,#8722);
#8722 = DEFINITIONAL_REPRESENTATION('',(#8723),#8727);
#8723 = LINE('',#8724,#8725);
#8724 = CARTESIAN_POINT('',(0.,0.));
#8725 = VECTOR('',#8726,1.);
#8726 = DIRECTION('',(0.,-1.));
#8727 = ( GEOMETRIC_REPRESENTATION_CONTEXT(2) 
PARAMETRIC_REPRESENTATION_CONTEXT() REPRESENTATION_CONTEXT('2D SPACE',''
  ) );
#8728 = PCURVE('',#2269,#8729);
#8729 = DEFINITIONAL_REPRESENTATION('',(#8730),#8734);
#8730 = LINE('',#8731,#8732);
#8731 = CARTESIAN_POINT('',(-0.878448423029,0.));
#8732 = VECTOR('',#8733,1.);
#8733 = DIRECTION('',(-0.,-1.));
#8734 = ( GEOMETRIC_REPRESENTATION_CONTEXT(2) 
PARAMETRIC_REPRESENTATION_CONTEXT() REPRESENTATION_CONTEXT('2D SPACE',''
  ) );
#8735 = ORIENTED_EDGE('',*,*,#2227,.F.);
#8736 = ORIENTED_EDGE('',*,*,#8737,.T.);
#8737 = EDGE_CURVE('',#2202,#8738,#8740,.T.);
#8738 = VERTEX_POINT('',#8739);
#8739 = CARTESIAN_POINT('',(226.89789789295,-34.93286766327,9.85));
#8740 = SURFACE_CURVE('',#8741,(#8745,#8751),.PCURVE_S1.);
#8741 = LINE('',#8742,#8743);
#8742 = CARTESIAN_POINT('',(226.89789789295,-34.93286766327,6.425));
#8743 = VECTOR('',#8744,1.);
#8744 = DIRECTION('',(0.,0.,-1.));
#8745 = PCURVE('',#2072,#8746);
#8746 = DEFINITIONAL_REPRESENTATION('',(#8747),#8750);
#8747 = B_SPLINE_CURVE_WITH_KNOTS('',1,(#8748,#8749),.UNSPECIFIED.,.F.,
  .F.,(2,2),(-5.675,-3.425),.PIECEWISE_BEZIER_KNOTS.);
#8748 = CARTESIAN_POINT('',(4.013048237163,-9.1));
#8749 = CARTESIAN_POINT('',(4.013048237163,-6.85));
#8750 = ( GEOMETRIC_REPRESENTATION_CONTEXT(2) 
PARAMETRIC_REPRESENTATION_CONTEXT() REPRESENTATION_CONTEXT('2D SPACE',''
  ) );
#8751 = PCURVE('',#2216,#8752);
#8752 = DEFINITIONAL_REPRESENTATION('',(#8753),#8756);
#8753 = B_SPLINE_CURVE_WITH_KNOTS('',1,(#8754,#8755),.UNSPECIFIED.,.F.,
  .F.,(2,2),(-5.675,-3.425),.PIECEWISE_BEZIER_KNOTS.);
#8754 = CARTESIAN_POINT('',(0.754635264541,-2.25));
#8755 = CARTESIAN_POINT('',(0.754635264541,0.));
#8756 = ( GEOMETRIC_REPRESENTATION_CONTEXT(2) 
PARAMETRIC_REPRESENTATION_CONTEXT() REPRESENTATION_CONTEXT('2D SPACE',''
  ) );
#8757 = ORIENTED_EDGE('',*,*,#8758,.T.);
#8758 = EDGE_CURVE('',#8738,#8759,#8761,.T.);
#8759 = VERTEX_POINT('',#8760);
#8760 = CARTESIAN_POINT('',(215.90761216888,-34.92018139051,9.85));
#8761 = SURFACE_CURVE('',#8762,(#8766,#8772),.PCURVE_S1.);
#8762 = LINE('',#8763,#8764);
#8763 = CARTESIAN_POINT('',(226.15490090699,-34.93201000928,9.85));
#8764 = VECTOR('',#8765,1.);
#8765 = DIRECTION('',(-0.999999333777,1.154316149837E-03,0.));
#8766 = PCURVE('',#2072,#8767);
#8767 = DEFINITIONAL_REPRESENTATION('',(#8768),#8771);
#8768 = B_SPLINE_CURVE_WITH_KNOTS('',1,(#8769,#8770),.UNSPECIFIED.,.F.,
  .F.,(2,2),(-0.745099589411,10.254907739048),.PIECEWISE_BEZIER_KNOTS.);
#8769 = CARTESIAN_POINT('',(4.01094612872,-6.85));
#8770 = CARTESIAN_POINT('',(15.010953457179,-6.85));
#8771 = ( GEOMETRIC_REPRESENTATION_CONTEXT(2) 
PARAMETRIC_REPRESENTATION_CONTEXT() REPRESENTATION_CONTEXT('2D SPACE',''
  ) );
#8772 = PCURVE('',#8773,#8778);
#8773 = PLANE('',#8774);
#8774 = AXIS2_PLACEMENT_3D('',#8775,#8776,#8777);
#8775 = CARTESIAN_POINT('',(221.4,-33.9375,9.85));
#8776 = DIRECTION('',(0.,0.,1.));
#8777 = DIRECTION('',(1.,0.,-0.));
#8778 = DEFINITIONAL_REPRESENTATION('',(#8779),#8782);
#8779 = B_SPLINE_CURVE_WITH_KNOTS('',1,(#8780,#8781),.UNSPECIFIED.,.F.,
  .F.,(2,2),(-0.745099589411,10.254907739048),.PIECEWISE_BEZIER_KNOTS.);
#8780 = CARTESIAN_POINT('',(5.5,-0.99537008977));
#8781 = CARTESIAN_POINT('',(-5.5,-0.982672603662));
#8782 = ( GEOMETRIC_REPRESENTATION_CONTEXT(2) 
PARAMETRIC_REPRESENTATION_CONTEXT() REPRESENTATION_CONTEXT('2D SPACE',''
  ) );
#8783 = ORIENTED_EDGE('',*,*,#8784,.T.);
#8784 = EDGE_CURVE('',#8759,#2058,#8785,.T.);
#8785 = SURFACE_CURVE('',#8786,(#8790,#8796),.PCURVE_S1.);
#8786 = LINE('',#8787,#8788);
#8787 = CARTESIAN_POINT('',(215.90761216888,-34.92018139051,6.425));
#8788 = VECTOR('',#8789,1.);
#8789 = DIRECTION('',(0.,0.,1.));
#8790 = PCURVE('',#2072,#8791);
#8791 = DEFINITIONAL_REPRESENTATION('',(#8792),#8795);
#8792 = B_SPLINE_CURVE_WITH_KNOTS('',1,(#8793,#8794),.UNSPECIFIED.,.F.,
  .F.,(2,2),(3.425,5.675),.PIECEWISE_BEZIER_KNOTS.);
#8793 = CARTESIAN_POINT('',(15.003341283219,-6.85));
#8794 = CARTESIAN_POINT('',(15.003341283219,-9.1));
#8795 = ( GEOMETRIC_REPRESENTATION_CONTEXT(2) 
PARAMETRIC_REPRESENTATION_CONTEXT() REPRESENTATION_CONTEXT('2D SPACE',''
  ) );
#8796 = PCURVE('',#2098,#8797);
#8797 = DEFINITIONAL_REPRESENTATION('',(#8798),#8801);
#8798 = B_SPLINE_CURVE_WITH_KNOTS('',1,(#8799,#8800),.UNSPECIFIED.,.F.,
  .F.,(2,2),(3.425,5.675),.PIECEWISE_BEZIER_KNOTS.);
#8799 = CARTESIAN_POINT('',(2.732691992742,0.));
#8800 = CARTESIAN_POINT('',(2.732691992742,-2.25));
#8801 = ( GEOMETRIC_REPRESENTATION_CONTEXT(2) 
PARAMETRIC_REPRESENTATION_CONTEXT() REPRESENTATION_CONTEXT('2D SPACE',''
  ) );
#8802 = ORIENTED_EDGE('',*,*,#2057,.F.);
#8803 = ORIENTED_EDGE('',*,*,#8666,.F.);
#8804 = ADVANCED_FACE('',(#8805),#2098,.T.);
#8805 = FACE_BOUND('',#8806,.T.);
#8806 = EDGE_LOOP('',(#8807,#8830,#8851,#8852));
#8807 = ORIENTED_EDGE('',*,*,#8808,.F.);
#8808 = EDGE_CURVE('',#8809,#8759,#8811,.T.);
#8809 = VERTEX_POINT('',#8810);
#8810 = CARTESIAN_POINT('',(215.9,-32.1875,9.85));
#8811 = SURFACE_CURVE('',#8812,(#8816,#8823),.PCURVE_S1.);
#8812 = LINE('',#8813,#8814);
#8813 = CARTESIAN_POINT('',(215.9,-32.1875,9.85));
#8814 = VECTOR('',#8815,1.);
#8815 = DIRECTION('',(2.785593440065E-03,-0.999996120227,0.));
#8816 = PCURVE('',#2098,#8817);
#8817 = DEFINITIONAL_REPRESENTATION('',(#8818),#8822);
#8818 = LINE('',#8819,#8820);
#8819 = CARTESIAN_POINT('',(0.,0.));
#8820 = VECTOR('',#8821,1.);
#8821 = DIRECTION('',(1.,0.));
#8822 = ( GEOMETRIC_REPRESENTATION_CONTEXT(2) 
PARAMETRIC_REPRESENTATION_CONTEXT() REPRESENTATION_CONTEXT('2D SPACE',''
  ) );
#8823 = PCURVE('',#8773,#8824);
#8824 = DEFINITIONAL_REPRESENTATION('',(#8825),#8829);
#8825 = LINE('',#8826,#8827);
#8826 = CARTESIAN_POINT('',(-5.5,1.75));
#8827 = VECTOR('',#8828,1.);
#8828 = DIRECTION('',(2.785593440065E-03,-0.999996120227));
#8829 = ( GEOMETRIC_REPRESENTATION_CONTEXT(2) 
PARAMETRIC_REPRESENTATION_CONTEXT() REPRESENTATION_CONTEXT('2D SPACE',''
  ) );
#8830 = ORIENTED_EDGE('',*,*,#8831,.T.);
#8831 = EDGE_CURVE('',#8809,#2084,#8832,.T.);
#8832 = SURFACE_CURVE('',#8833,(#8837,#8844),.PCURVE_S1.);
#8833 = LINE('',#8834,#8835);
#8834 = CARTESIAN_POINT('',(215.9,-32.1875,9.85));
#8835 = VECTOR('',#8836,1.);
#8836 = DIRECTION('',(0.,0.,1.));
#8837 = PCURVE('',#2098,#8838);
#8838 = DEFINITIONAL_REPRESENTATION('',(#8839),#8843);
#8839 = LINE('',#8840,#8841);
#8840 = CARTESIAN_POINT('',(0.,0.));
#8841 = VECTOR('',#8842,1.);
#8842 = DIRECTION('',(0.,-1.));
#8843 = ( GEOMETRIC_REPRESENTATION_CONTEXT(2) 
PARAMETRIC_REPRESENTATION_CONTEXT() REPRESENTATION_CONTEXT('2D SPACE',''
  ) );
#8844 = PCURVE('',#2130,#8845);
#8845 = DEFINITIONAL_REPRESENTATION('',(#8846),#8850);
#8846 = LINE('',#8847,#8848);
#8847 = CARTESIAN_POINT('',(-1.455531117313,0.));
#8848 = VECTOR('',#8849,1.);
#8849 = DIRECTION('',(-0.,-1.));
#8850 = ( GEOMETRIC_REPRESENTATION_CONTEXT(2) 
PARAMETRIC_REPRESENTATION_CONTEXT() REPRESENTATION_CONTEXT('2D SPACE',''
  ) );
#8851 = ORIENTED_EDGE('',*,*,#2083,.F.);
#8852 = ORIENTED_EDGE('',*,*,#8784,.F.);
#8853 = ADVANCED_FACE('',(#8854),#2130,.F.);
#8854 = FACE_BOUND('',#8855,.T.);
#8855 = EDGE_LOOP('',(#8856,#8880,#8901,#8902));
#8856 = ORIENTED_EDGE('',*,*,#8857,.F.);
#8857 = EDGE_CURVE('',#8858,#8809,#8860,.T.);
#8858 = VERTEX_POINT('',#8859);
#8859 = CARTESIAN_POINT('',(217.22861762244,-30.69772701834,9.85));
#8860 = SURFACE_CURVE('',#8861,(#8866,#8873),.PCURVE_S1.);
#8861 = CIRCLE('',#8862,1.500413123523);
#8862 = AXIS2_PLACEMENT_3D('',#8863,#8864,#8865);
#8863 = CARTESIAN_POINT('',(217.40041292464,-32.18827252767,9.85));
#8864 = DIRECTION('',(0.,0.,1.));
#8865 = DIRECTION('',(-0.11449866674,0.993423401836,0.));
#8866 = PCURVE('',#2130,#8867);
#8867 = DEFINITIONAL_REPRESENTATION('',(#8868),#8872);
#8868 = LINE('',#8869,#8870);
#8869 = CARTESIAN_POINT('',(-0.,0.));
#8870 = VECTOR('',#8871,1.);
#8871 = DIRECTION('',(-1.,0.));
#8872 = ( GEOMETRIC_REPRESENTATION_CONTEXT(2) 
PARAMETRIC_REPRESENTATION_CONTEXT() REPRESENTATION_CONTEXT('2D SPACE',''
  ) );
#8873 = PCURVE('',#8773,#8874);
#8874 = DEFINITIONAL_REPRESENTATION('',(#8875),#8879);
#8875 = CIRCLE('',#8876,1.500413123523);
#8876 = AXIS2_PLACEMENT_2D('',#8877,#8878);
#8877 = CARTESIAN_POINT('',(-3.999587075355,1.749227472325));
#8878 = DIRECTION('',(-0.11449866674,0.993423401836));
#8879 = ( GEOMETRIC_REPRESENTATION_CONTEXT(2) 
PARAMETRIC_REPRESENTATION_CONTEXT() REPRESENTATION_CONTEXT('2D SPACE',''
  ) );
#8880 = ORIENTED_EDGE('',*,*,#8881,.T.);
#8881 = EDGE_CURVE('',#8858,#2110,#8882,.T.);
#8882 = SURFACE_CURVE('',#8883,(#8887,#8894),.PCURVE_S1.);
#8883 = LINE('',#8884,#8885);
#8884 = CARTESIAN_POINT('',(217.22861762244,-30.69772701834,9.85));
#8885 = VECTOR('',#8886,1.);
#8886 = DIRECTION('',(0.,0.,1.));
#8887 = PCURVE('',#2130,#8888);
#8888 = DEFINITIONAL_REPRESENTATION('',(#8889),#8893);
#8889 = LINE('',#8890,#8891);
#8890 = CARTESIAN_POINT('',(-0.,0.));
#8891 = VECTOR('',#8892,1.);
#8892 = DIRECTION('',(-0.,-1.));
#8893 = ( GEOMETRIC_REPRESENTATION_CONTEXT(2) 
PARAMETRIC_REPRESENTATION_CONTEXT() REPRESENTATION_CONTEXT('2D SPACE',''
  ) );
#8894 = PCURVE('',#2157,#8895);
#8895 = DEFINITIONAL_REPRESENTATION('',(#8896),#8900);
#8896 = LINE('',#8897,#8898);
#8897 = CARTESIAN_POINT('',(8.171388777445,0.));
#8898 = VECTOR('',#8899,1.);
#8899 = DIRECTION('',(0.,-1.));
#8900 = ( GEOMETRIC_REPRESENTATION_CONTEXT(2) 
PARAMETRIC_REPRESENTATION_CONTEXT() REPRESENTATION_CONTEXT('2D SPACE',''
  ) );
#8901 = ORIENTED_EDGE('',*,*,#2109,.F.);
#8902 = ORIENTED_EDGE('',*,*,#8831,.F.);
#8903 = ADVANCED_FACE('',(#8904),#2157,.T.);
#8904 = FACE_BOUND('',#8905,.T.);
#8905 = EDGE_LOOP('',(#8906,#8929,#8950,#8951));
#8906 = ORIENTED_EDGE('',*,*,#8907,.F.);
#8907 = EDGE_CURVE('',#8908,#8858,#8910,.T.);
#8908 = VERTEX_POINT('',#8909);
#8909 = CARTESIAN_POINT('',(225.4,-30.6875,9.85));
#8910 = SURFACE_CURVE('',#8911,(#8915,#8922),.PCURVE_S1.);
#8911 = LINE('',#8912,#8913);
#8912 = CARTESIAN_POINT('',(225.4,-30.6875,9.85));
#8913 = VECTOR('',#8914,1.);
#8914 = DIRECTION('',(-0.999999216793,-1.251564284108E-03,0.));
#8915 = PCURVE('',#2157,#8916);
#8916 = DEFINITIONAL_REPRESENTATION('',(#8917),#8921);
#8917 = LINE('',#8918,#8919);
#8918 = CARTESIAN_POINT('',(0.,0.));
#8919 = VECTOR('',#8920,1.);
#8920 = DIRECTION('',(1.,0.));
#8921 = ( GEOMETRIC_REPRESENTATION_CONTEXT(2) 
PARAMETRIC_REPRESENTATION_CONTEXT() REPRESENTATION_CONTEXT('2D SPACE',''
  ) );
#8922 = PCURVE('',#8773,#8923);
#8923 = DEFINITIONAL_REPRESENTATION('',(#8924),#8928);
#8924 = LINE('',#8925,#8926);
#8925 = CARTESIAN_POINT('',(4.,3.25));
#8926 = VECTOR('',#8927,1.);
#8927 = DIRECTION('',(-0.999999216793,-1.251564284108E-03));
#8928 = ( GEOMETRIC_REPRESENTATION_CONTEXT(2) 
PARAMETRIC_REPRESENTATION_CONTEXT() REPRESENTATION_CONTEXT('2D SPACE',''
  ) );
#8929 = ORIENTED_EDGE('',*,*,#8930,.T.);
#8930 = EDGE_CURVE('',#8908,#2143,#8931,.T.);
#8931 = SURFACE_CURVE('',#8932,(#8936,#8943),.PCURVE_S1.);
#8932 = LINE('',#8933,#8934);
#8933 = CARTESIAN_POINT('',(225.4,-30.6875,9.85));
#8934 = VECTOR('',#8935,1.);
#8935 = DIRECTION('',(0.,0.,1.));
#8936 = PCURVE('',#2157,#8937);
#8937 = DEFINITIONAL_REPRESENTATION('',(#8938),#8942);
#8938 = LINE('',#8939,#8940);
#8939 = CARTESIAN_POINT('',(0.,0.));
#8940 = VECTOR('',#8941,1.);
#8941 = DIRECTION('',(0.,-1.));
#8942 = ( GEOMETRIC_REPRESENTATION_CONTEXT(2) 
PARAMETRIC_REPRESENTATION_CONTEXT() REPRESENTATION_CONTEXT('2D SPACE',''
  ) );
#8943 = PCURVE('',#2189,#8944);
#8944 = DEFINITIONAL_REPRESENTATION('',(#8945),#8949);
#8945 = LINE('',#8946,#8947);
#8946 = CARTESIAN_POINT('',(-1.455531117313,0.));
#8947 = VECTOR('',#8948,1.);
#8948 = DIRECTION('',(-0.,-1.));
#8949 = ( GEOMETRIC_REPRESENTATION_CONTEXT(2) 
PARAMETRIC_REPRESENTATION_CONTEXT() REPRESENTATION_CONTEXT('2D SPACE',''
  ) );
#8950 = ORIENTED_EDGE('',*,*,#2142,.F.);
#8951 = ORIENTED_EDGE('',*,*,#8881,.F.);
#8952 = ADVANCED_FACE('',(#8953),#2189,.F.);
#8953 = FACE_BOUND('',#8954,.T.);
#8954 = EDGE_LOOP('',(#8955,#8979,#9000,#9001));
#8955 = ORIENTED_EDGE('',*,*,#8956,.F.);
#8956 = EDGE_CURVE('',#8957,#8908,#8959,.T.);
#8957 = VERTEX_POINT('',#8958);
#8958 = CARTESIAN_POINT('',(226.88977298165,-32.01611762244,9.85));
#8959 = SURFACE_CURVE('',#8960,(#8965,#8972),.PCURVE_S1.);
#8960 = CIRCLE('',#8961,1.500413123523);
#8961 = AXIS2_PLACEMENT_3D('',#8962,#8963,#8964);
#8962 = CARTESIAN_POINT('',(225.39922747232,-32.18791292464,9.85));
#8963 = DIRECTION('',(0.,0.,1.));
#8964 = DIRECTION('',(0.993423401836,0.11449866674,-0.));
#8965 = PCURVE('',#2189,#8966);
#8966 = DEFINITIONAL_REPRESENTATION('',(#8967),#8971);
#8967 = LINE('',#8968,#8969);
#8968 = CARTESIAN_POINT('',(-0.,0.));
#8969 = VECTOR('',#8970,1.);
#8970 = DIRECTION('',(-1.,0.));
#8971 = ( GEOMETRIC_REPRESENTATION_CONTEXT(2) 
PARAMETRIC_REPRESENTATION_CONTEXT() REPRESENTATION_CONTEXT('2D SPACE',''
  ) );
#8972 = PCURVE('',#8773,#8973);
#8973 = DEFINITIONAL_REPRESENTATION('',(#8974),#8978);
#8974 = CIRCLE('',#8975,1.500413123523);
#8975 = AXIS2_PLACEMENT_2D('',#8976,#8977);
#8976 = CARTESIAN_POINT('',(3.999227472325,1.749587075355));
#8977 = DIRECTION('',(0.993423401836,0.11449866674));
#8978 = ( GEOMETRIC_REPRESENTATION_CONTEXT(2) 
PARAMETRIC_REPRESENTATION_CONTEXT() REPRESENTATION_CONTEXT('2D SPACE',''
  ) );
#8979 = ORIENTED_EDGE('',*,*,#8980,.T.);
#8980 = EDGE_CURVE('',#8957,#2169,#8981,.T.);
#8981 = SURFACE_CURVE('',#8982,(#8986,#8993),.PCURVE_S1.);
#8982 = LINE('',#8983,#8984);
#8983 = CARTESIAN_POINT('',(226.88977298165,-32.01611762244,9.85));
#8984 = VECTOR('',#8985,1.);
#8985 = DIRECTION('',(0.,0.,1.));
#8986 = PCURVE('',#2189,#8987);
#8987 = DEFINITIONAL_REPRESENTATION('',(#8988),#8992);
#8988 = LINE('',#8989,#8990);
#8989 = CARTESIAN_POINT('',(-0.,0.));
#8990 = VECTOR('',#8991,1.);
#8991 = DIRECTION('',(-0.,-1.));
#8992 = ( GEOMETRIC_REPRESENTATION_CONTEXT(2) 
PARAMETRIC_REPRESENTATION_CONTEXT() REPRESENTATION_CONTEXT('2D SPACE',''
  ) );
#8993 = PCURVE('',#2216,#8994);
#8994 = DEFINITIONAL_REPRESENTATION('',(#8995),#8999);
#8995 = LINE('',#8996,#8997);
#8996 = CARTESIAN_POINT('',(3.671396621742,0.));
#8997 = VECTOR('',#8998,1.);
#8998 = DIRECTION('',(0.,-1.));
#8999 = ( GEOMETRIC_REPRESENTATION_CONTEXT(2) 
PARAMETRIC_REPRESENTATION_CONTEXT() REPRESENTATION_CONTEXT('2D SPACE',''
  ) );
#9000 = ORIENTED_EDGE('',*,*,#2168,.F.);
#9001 = ORIENTED_EDGE('',*,*,#8930,.F.);
#9002 = ADVANCED_FACE('',(#9003),#2216,.T.);
#9003 = FACE_BOUND('',#9004,.T.);
#9004 = EDGE_LOOP('',(#9005,#9026,#9027,#9028));
#9005 = ORIENTED_EDGE('',*,*,#9006,.F.);
#9006 = EDGE_CURVE('',#8738,#8957,#9007,.T.);
#9007 = SURFACE_CURVE('',#9008,(#9012,#9019),.PCURVE_S1.);
#9008 = LINE('',#9009,#9010);
#9009 = CARTESIAN_POINT('',(226.9,-35.6875,9.85));
#9010 = VECTOR('',#9011,1.);
#9011 = DIRECTION('',(-2.785593440065E-03,0.999996120227,0.));
#9012 = PCURVE('',#2216,#9013);
#9013 = DEFINITIONAL_REPRESENTATION('',(#9014),#9018);
#9014 = LINE('',#9015,#9016);
#9015 = CARTESIAN_POINT('',(0.,0.));
#9016 = VECTOR('',#9017,1.);
#9017 = DIRECTION('',(1.,0.));
#9018 = ( GEOMETRIC_REPRESENTATION_CONTEXT(2) 
PARAMETRIC_REPRESENTATION_CONTEXT() REPRESENTATION_CONTEXT('2D SPACE',''
  ) );
#9019 = PCURVE('',#8773,#9020);
#9020 = DEFINITIONAL_REPRESENTATION('',(#9021),#9025);
#9021 = LINE('',#9022,#9023);
#9022 = CARTESIAN_POINT('',(5.5,-1.75));
#9023 = VECTOR('',#9024,1.);
#9024 = DIRECTION('',(-2.785593440065E-03,0.999996120227));
#9025 = ( GEOMETRIC_REPRESENTATION_CONTEXT(2) 
PARAMETRIC_REPRESENTATION_CONTEXT() REPRESENTATION_CONTEXT('2D SPACE',''
  ) );
#9026 = ORIENTED_EDGE('',*,*,#8737,.F.);
#9027 = ORIENTED_EDGE('',*,*,#2201,.F.);
#9028 = ORIENTED_EDGE('',*,*,#8980,.F.);
#9029 = ADVANCED_FACE('',(#9030),#2269,.F.);
#9030 = FACE_BOUND('',#9031,.T.);
#9031 = EDGE_LOOP('',(#9032,#9056,#9077,#9078));
#9032 = ORIENTED_EDGE('',*,*,#9033,.F.);
#9033 = EDGE_CURVE('',#9034,#8693,#9036,.T.);
#9034 = VERTEX_POINT('',#9035);
#9035 = CARTESIAN_POINT('',(232.26704925092,-35.55934250512,3.));
#9036 = SURFACE_CURVE('',#9037,(#9042,#9049),.PCURVE_S1.);
#9037 = CIRCLE('',#9038,1.75417492326);
#9038 = AXIS2_PLACEMENT_3D('',#9039,#9040,#9041);
#9039 = CARTESIAN_POINT('',(230.92722682515,-36.69159933499,3.));
#9040 = DIRECTION('',(0.,0.,1.));
#9041 = DIRECTION('',(0.763790661927,0.645464038311,-0.));
#9042 = PCURVE('',#2269,#9043);
#9043 = DEFINITIONAL_REPRESENTATION('',(#9044),#9048);
#9044 = LINE('',#9045,#9046);
#9045 = CARTESIAN_POINT('',(-0.,0.));
#9046 = VECTOR('',#9047,1.);
#9047 = DIRECTION('',(-1.,0.));
#9048 = ( GEOMETRIC_REPRESENTATION_CONTEXT(2) 
PARAMETRIC_REPRESENTATION_CONTEXT() REPRESENTATION_CONTEXT('2D SPACE',''
  ) );
#9049 = PCURVE('',#7128,#9050);
#9050 = DEFINITIONAL_REPRESENTATION('',(#9051),#9055);
#9051 = CIRCLE('',#9052,1.75417492326);
#9052 = AXIS2_PLACEMENT_2D('',#9053,#9054);
#9053 = CARTESIAN_POINT('',(24.466411581924,31.106118221476));
#9054 = DIRECTION('',(0.763790661927,0.645464038311));
#9055 = ( GEOMETRIC_REPRESENTATION_CONTEXT(2) 
PARAMETRIC_REPRESENTATION_CONTEXT() REPRESENTATION_CONTEXT('2D SPACE',''
  ) );
#9056 = ORIENTED_EDGE('',*,*,#9057,.T.);
#9057 = EDGE_CURVE('',#9034,#2249,#9058,.T.);
#9058 = SURFACE_CURVE('',#9059,(#9063,#9070),.PCURVE_S1.);
#9059 = LINE('',#9060,#9061);
#9060 = CARTESIAN_POINT('',(232.26704925092,-35.55934250512,3.));
#9061 = VECTOR('',#9062,1.);
#9062 = DIRECTION('',(0.,0.,1.));
#9063 = PCURVE('',#2269,#9064);
#9064 = DEFINITIONAL_REPRESENTATION('',(#9065),#9069);
#9065 = LINE('',#9066,#9067);
#9066 = CARTESIAN_POINT('',(-0.,0.));
#9067 = VECTOR('',#9068,1.);
#9068 = DIRECTION('',(-0.,-1.));
#9069 = ( GEOMETRIC_REPRESENTATION_CONTEXT(2) 
PARAMETRIC_REPRESENTATION_CONTEXT() REPRESENTATION_CONTEXT('2D SPACE',''
  ) );
#9070 = PCURVE('',#2302,#9071);
#9071 = DEFINITIONAL_REPRESENTATION('',(#9072),#9076);
#9072 = LINE('',#9073,#9074);
#9073 = CARTESIAN_POINT('',(0.938699553489,0.));
#9074 = VECTOR('',#9075,1.);
#9075 = DIRECTION('',(0.,-1.));
#9076 = ( GEOMETRIC_REPRESENTATION_CONTEXT(2) 
PARAMETRIC_REPRESENTATION_CONTEXT() REPRESENTATION_CONTEXT('2D SPACE',''
  ) );
#9077 = ORIENTED_EDGE('',*,*,#2248,.F.);
#9078 = ORIENTED_EDGE('',*,*,#8715,.F.);
#9079 = ADVANCED_FACE('',(#9080),#2302,.T.);
#9080 = FACE_BOUND('',#9081,.T.);
#9081 = EDGE_LOOP('',(#9082,#9110,#9131,#9132));
#9082 = ORIENTED_EDGE('',*,*,#9083,.F.);
#9083 = EDGE_CURVE('',#9084,#9034,#9086,.T.);
#9084 = VERTEX_POINT('',#9085);
#9085 = CARTESIAN_POINT('',(235.71973883542,-37.31798633907,3.));
#9086 = SURFACE_CURVE('',#9087,(#9092,#9099),.PCURVE_S1.);
#9087 = CIRCLE('',#9088,4.283353014741);
#9088 = AXIS2_PLACEMENT_3D('',#9089,#9090,#9091);
#9089 = CARTESIAN_POINT('',(235.72725009133,-33.03463991017,3.));
#9090 = DIRECTION('',(0.,0.,-1.));
#9091 = DIRECTION('',(-1.753592543716E-03,-0.999998462455,-0.));
#9092 = PCURVE('',#2302,#9093);
#9093 = DEFINITIONAL_REPRESENTATION('',(#9094),#9098);
#9094 = LINE('',#9095,#9096);
#9095 = CARTESIAN_POINT('',(0.,0.));
#9096 = VECTOR('',#9097,1.);
#9097 = DIRECTION('',(1.,0.));
#9098 = ( GEOMETRIC_REPRESENTATION_CONTEXT(2) 
PARAMETRIC_REPRESENTATION_CONTEXT() REPRESENTATION_CONTEXT('2D SPACE',''
  ) );
#9099 = PCURVE('',#7128,#9100);
#9100 = DEFINITIONAL_REPRESENTATION('',(#9101),#9109);
#9101 = ( BOUNDED_CURVE() B_SPLINE_CURVE(2,(#9102,#9103,#9104,#9105,
#9106,#9107,#9108),.UNSPECIFIED.,.T.,.F.) B_SPLINE_CURVE_WITH_KNOTS((1,2
    ,2,2,2,1),(-2.094395102393,0.,2.094395102393,4.188790204786,
6.28318530718,8.377580409573),.UNSPECIFIED.) CURVE() 
GEOMETRIC_REPRESENTATION_ITEM() RATIONAL_B_SPLINE_CURVE((1.,0.5,1.,0.5,
1.,0.5,1.)) REPRESENTATION_ITEM('') );
#9102 = CARTESIAN_POINT('',(29.258923592195,30.479731217402));
#9103 = CARTESIAN_POINT('',(21.839949950931,30.492741094264));
#9104 = CARTESIAN_POINT('',(25.560703655426,36.911255799174));
#9105 = CARTESIAN_POINT('',(29.281457359921,43.329770504085));
#9106 = CARTESIAN_POINT('',(32.97967729669,36.898245922312));
#9107 = CARTESIAN_POINT('',(36.677897233458,30.466721340539));
#9108 = CARTESIAN_POINT('',(29.258923592195,30.479731217402));
#9109 = ( GEOMETRIC_REPRESENTATION_CONTEXT(2) 
PARAMETRIC_REPRESENTATION_CONTEXT() REPRESENTATION_CONTEXT('2D SPACE',''
  ) );
#9110 = ORIENTED_EDGE('',*,*,#9111,.T.);
#9111 = EDGE_CURVE('',#9084,#2282,#9112,.T.);
#9112 = SURFACE_CURVE('',#9113,(#9117,#9124),.PCURVE_S1.);
#9113 = LINE('',#9114,#9115);
#9114 = CARTESIAN_POINT('',(235.71973883542,-37.31798633907,3.));
#9115 = VECTOR('',#9116,1.);
#9116 = DIRECTION('',(0.,0.,1.));
#9117 = PCURVE('',#2302,#9118);
#9118 = DEFINITIONAL_REPRESENTATION('',(#9119),#9123);
#9119 = LINE('',#9120,#9121);
#9120 = CARTESIAN_POINT('',(0.,0.));
#9121 = VECTOR('',#9122,1.);
#9122 = DIRECTION('',(0.,-1.));
#9123 = ( GEOMETRIC_REPRESENTATION_CONTEXT(2) 
PARAMETRIC_REPRESENTATION_CONTEXT() REPRESENTATION_CONTEXT('2D SPACE',''
  ) );
#9124 = PCURVE('',#2329,#9125);
#9125 = DEFINITIONAL_REPRESENTATION('',(#9126),#9130);
#9126 = LINE('',#9127,#9128);
#9127 = CARTESIAN_POINT('',(13.895987316409,0.));
#9128 = VECTOR('',#9129,1.);
#9129 = DIRECTION('',(0.,-1.));
#9130 = ( GEOMETRIC_REPRESENTATION_CONTEXT(2) 
PARAMETRIC_REPRESENTATION_CONTEXT() REPRESENTATION_CONTEXT('2D SPACE',''
  ) );
#9131 = ORIENTED_EDGE('',*,*,#2281,.T.);
#9132 = ORIENTED_EDGE('',*,*,#9057,.F.);
#9133 = ADVANCED_FACE('',(#9134),#4671,.T.);
#9134 = FACE_BOUND('',#9135,.T.);
#9135 = EDGE_LOOP('',(#9136,#9157,#9158,#9159));
#9136 = ORIENTED_EDGE('',*,*,#9137,.F.);
#9137 = EDGE_CURVE('',#5749,#7605,#9138,.T.);
#9138 = SURFACE_CURVE('',#9139,(#9143,#9150),.PCURVE_S1.);
#9139 = LINE('',#9140,#9141);
#9140 = CARTESIAN_POINT('',(162.0125,-19.85,5.3));
#9141 = VECTOR('',#9142,1.);
#9142 = DIRECTION('',(0.,-1.,0.));
#9143 = PCURVE('',#4671,#9144);
#9144 = DEFINITIONAL_REPRESENTATION('',(#9145),#9149);
#9145 = LINE('',#9146,#9147);
#9146 = CARTESIAN_POINT('',(0.,-1.55));
#9147 = VECTOR('',#9148,1.);
#9148 = DIRECTION('',(0.,1.));
#9149 = ( GEOMETRIC_REPRESENTATION_CONTEXT(2) 
PARAMETRIC_REPRESENTATION_CONTEXT() REPRESENTATION_CONTEXT('2D SPACE',''
  ) );
#9150 = PCURVE('',#5765,#9151);
#9151 = DEFINITIONAL_REPRESENTATION('',(#9152),#9156);
#9152 = LINE('',#9153,#9154);
#9153 = CARTESIAN_POINT('',(-6.28318530718,-1.55));
#9154 = VECTOR('',#9155,1.);
#9155 = DIRECTION('',(0.,1.));
#9156 = ( GEOMETRIC_REPRESENTATION_CONTEXT(2) 
PARAMETRIC_REPRESENTATION_CONTEXT() REPRESENTATION_CONTEXT('2D SPACE',''
  ) );
#9157 = ORIENTED_EDGE('',*,*,#5777,.T.);
#9158 = ORIENTED_EDGE('',*,*,#4656,.F.);
#9159 = ORIENTED_EDGE('',*,*,#7631,.F.);
#9160 = ADVANCED_FACE('',(#9161),#2329,.T.);
#9161 = FACE_BOUND('',#9162,.T.);
#9162 = EDGE_LOOP('',(#9163,#9186,#9207,#9208));
#9163 = ORIENTED_EDGE('',*,*,#9164,.F.);
#9164 = EDGE_CURVE('',#9165,#9084,#9167,.T.);
#9165 = VERTEX_POINT('',#9166);
#9166 = CARTESIAN_POINT('',(249.61572613085,-37.31874999138,3.));
#9167 = SURFACE_CURVE('',#9168,(#9172,#9179),.PCURVE_S1.);
#9168 = LINE('',#9169,#9170);
#9169 = CARTESIAN_POINT('',(249.61572613085,-37.31874999138,3.));
#9170 = VECTOR('',#9171,1.);
#9171 = DIRECTION('',(-0.99999999849,5.495487960687E-05,0.));
#9172 = PCURVE('',#2329,#9173);
#9173 = DEFINITIONAL_REPRESENTATION('',(#9174),#9178);
#9174 = LINE('',#9175,#9176);
#9175 = CARTESIAN_POINT('',(0.,0.));
#9176 = VECTOR('',#9177,1.);
#9177 = DIRECTION('',(1.,0.));
#9178 = ( GEOMETRIC_REPRESENTATION_CONTEXT(2) 
PARAMETRIC_REPRESENTATION_CONTEXT() REPRESENTATION_CONTEXT('2D SPACE',''
  ) );
#9179 = PCURVE('',#7128,#9180);
#9180 = DEFINITIONAL_REPRESENTATION('',(#9181),#9185);
#9181 = LINE('',#9182,#9183);
#9182 = CARTESIAN_POINT('',(43.154910887621,30.478967565092));
#9183 = VECTOR('',#9184,1.);
#9184 = DIRECTION('',(-0.99999999849,5.495487960687E-05));
#9185 = ( GEOMETRIC_REPRESENTATION_CONTEXT(2) 
PARAMETRIC_REPRESENTATION_CONTEXT() REPRESENTATION_CONTEXT('2D SPACE',''
  ) );
#9186 = ORIENTED_EDGE('',*,*,#9187,.T.);
#9187 = EDGE_CURVE('',#9165,#2315,#9188,.T.);
#9188 = SURFACE_CURVE('',#9189,(#9193,#9200),.PCURVE_S1.);
#9189 = LINE('',#9190,#9191);
#9190 = CARTESIAN_POINT('',(249.61572613085,-37.31874999138,3.));
#9191 = VECTOR('',#9192,1.);
#9192 = DIRECTION('',(0.,0.,1.));
#9193 = PCURVE('',#2329,#9194);
#9194 = DEFINITIONAL_REPRESENTATION('',(#9195),#9199);
#9195 = LINE('',#9196,#9197);
#9196 = CARTESIAN_POINT('',(0.,0.));
#9197 = VECTOR('',#9198,1.);
#9198 = DIRECTION('',(0.,-1.));
#9199 = ( GEOMETRIC_REPRESENTATION_CONTEXT(2) 
PARAMETRIC_REPRESENTATION_CONTEXT() REPRESENTATION_CONTEXT('2D SPACE',''
  ) );
#9200 = PCURVE('',#2361,#9201);
#9201 = DEFINITIONAL_REPRESENTATION('',(#9202),#9206);
#9202 = LINE('',#9203,#9204);
#9203 = CARTESIAN_POINT('',(-1.397500295835,0.));
#9204 = VECTOR('',#9205,1.);
#9205 = DIRECTION('',(-0.,-1.));
#9206 = ( GEOMETRIC_REPRESENTATION_CONTEXT(2) 
PARAMETRIC_REPRESENTATION_CONTEXT() REPRESENTATION_CONTEXT('2D SPACE',''
  ) );
#9207 = ORIENTED_EDGE('',*,*,#2314,.F.);
#9208 = ORIENTED_EDGE('',*,*,#9111,.F.);
#9209 = ADVANCED_FACE('',(#9210),#2361,.F.);
#9210 = FACE_BOUND('',#9211,.T.);
#9211 = EDGE_LOOP('',(#9212,#9236,#9257,#9258));
#9212 = ORIENTED_EDGE('',*,*,#9213,.F.);
#9213 = EDGE_CURVE('',#9214,#9165,#9216,.T.);
#9214 = VERTEX_POINT('',#9215);
#9215 = CARTESIAN_POINT('',(251.35637694218,-38.75398005398,3.));
#9216 = SURFACE_CURVE('',#9217,(#9222,#9229),.PCURVE_S1.);
#9217 = CIRCLE('',#9218,1.753601336612);
#9218 = AXIS2_PLACEMENT_3D('',#9219,#9220,#9221);
#9219 = CARTESIAN_POINT('',(249.63190458949,-39.0722766964,3.));
#9220 = DIRECTION('',(0.,0.,1.));
#9221 = DIRECTION('',(0.983389050113,0.181510264496,-0.));
#9222 = PCURVE('',#2361,#9223);
#9223 = DEFINITIONAL_REPRESENTATION('',(#9224),#9228);
#9224 = LINE('',#9225,#9226);
#9225 = CARTESIAN_POINT('',(-0.,0.));
#9226 = VECTOR('',#9227,1.);
#9227 = DIRECTION('',(-1.,0.));
#9228 = ( GEOMETRIC_REPRESENTATION_CONTEXT(2) 
PARAMETRIC_REPRESENTATION_CONTEXT() REPRESENTATION_CONTEXT('2D SPACE',''
  ) );
#9229 = PCURVE('',#7128,#9230);
#9230 = DEFINITIONAL_REPRESENTATION('',(#9231),#9235);
#9231 = CIRCLE('',#9232,1.753601336612);
#9232 = AXIS2_PLACEMENT_2D('',#9233,#9234);
#9233 = CARTESIAN_POINT('',(43.171089346264,28.725440860064));
#9234 = DIRECTION('',(0.983389050113,0.181510264496));
#9235 = ( GEOMETRIC_REPRESENTATION_CONTEXT(2) 
PARAMETRIC_REPRESENTATION_CONTEXT() REPRESENTATION_CONTEXT('2D SPACE',''
  ) );
#9236 = ORIENTED_EDGE('',*,*,#9237,.T.);
#9237 = EDGE_CURVE('',#9214,#2341,#9238,.T.);
#9238 = SURFACE_CURVE('',#9239,(#9243,#9250),.PCURVE_S1.);
#9239 = LINE('',#9240,#9241);
#9240 = CARTESIAN_POINT('',(251.35637694218,-38.75398005398,3.));
#9241 = VECTOR('',#9242,1.);
#9242 = DIRECTION('',(0.,0.,1.));
#9243 = PCURVE('',#2361,#9244);
#9244 = DEFINITIONAL_REPRESENTATION('',(#9245),#9249);
#9245 = LINE('',#9246,#9247);
#9246 = CARTESIAN_POINT('',(-0.,0.));
#9247 = VECTOR('',#9248,1.);
#9248 = DIRECTION('',(-0.,-1.));
#9249 = ( GEOMETRIC_REPRESENTATION_CONTEXT(2) 
PARAMETRIC_REPRESENTATION_CONTEXT() REPRESENTATION_CONTEXT('2D SPACE',''
  ) );
#9250 = PCURVE('',#2394,#9251);
#9251 = DEFINITIONAL_REPRESENTATION('',(#9252),#9256);
#9252 = LINE('',#9253,#9254);
#9253 = CARTESIAN_POINT('',(1.261360602147,0.));
#9254 = VECTOR('',#9255,1.);
#9255 = DIRECTION('',(0.,-1.));
#9256 = ( GEOMETRIC_REPRESENTATION_CONTEXT(2) 
PARAMETRIC_REPRESENTATION_CONTEXT() REPRESENTATION_CONTEXT('2D SPACE',''
  ) );
#9257 = ORIENTED_EDGE('',*,*,#2340,.F.);
#9258 = ORIENTED_EDGE('',*,*,#9187,.F.);
#9259 = ADVANCED_FACE('',(#9260),#4623,.F.);
#9260 = FACE_BOUND('',#9261,.T.);
#9261 = EDGE_LOOP('',(#9262,#9286,#9287,#9288));
#9262 = ORIENTED_EDGE('',*,*,#9263,.F.);
#9263 = EDGE_CURVE('',#7511,#9264,#9266,.T.);
#9264 = VERTEX_POINT('',#9265);
#9265 = CARTESIAN_POINT('',(153.5125,-23.95,3.));
#9266 = SURFACE_CURVE('',#9267,(#9272,#9279),.PCURVE_S1.);
#9267 = CIRCLE('',#9268,1.5);
#9268 = AXIS2_PLACEMENT_3D('',#9269,#9270,#9271);
#9269 = CARTESIAN_POINT('',(155.0125,-23.95,3.));
#9270 = DIRECTION('',(0.,0.,1.));
#9271 = DIRECTION('',(-9.801714032955E-02,0.995184726672,0.));
#9272 = PCURVE('',#4623,#9273);
#9273 = DEFINITIONAL_REPRESENTATION('',(#9274),#9278);
#9274 = LINE('',#9275,#9276);
#9275 = CARTESIAN_POINT('',(-0.,0.));
#9276 = VECTOR('',#9277,1.);
#9277 = DIRECTION('',(-1.,0.));
#9278 = ( GEOMETRIC_REPRESENTATION_CONTEXT(2) 
PARAMETRIC_REPRESENTATION_CONTEXT() REPRESENTATION_CONTEXT('2D SPACE',''
  ) );
#9279 = PCURVE('',#7128,#9280);
#9280 = DEFINITIONAL_REPRESENTATION('',(#9281),#9285);
#9281 = CIRCLE('',#9282,1.5);
#9282 = AXIS2_PLACEMENT_2D('',#9283,#9284);
#9283 = CARTESIAN_POINT('',(-51.44831524323,43.847717556472));
#9284 = DIRECTION('',(-9.801714032955E-02,0.995184726672));
#9285 = ( GEOMETRIC_REPRESENTATION_CONTEXT(2) 
PARAMETRIC_REPRESENTATION_CONTEXT() REPRESENTATION_CONTEXT('2D SPACE',''
  ) );
#9286 = ORIENTED_EDGE('',*,*,#7651,.T.);
#9287 = ORIENTED_EDGE('',*,*,#4602,.F.);
#9288 = ORIENTED_EDGE('',*,*,#9289,.F.);
#9289 = EDGE_CURVE('',#9264,#4577,#9290,.T.);
#9290 = SURFACE_CURVE('',#9291,(#9295,#9302),.PCURVE_S1.);
#9291 = LINE('',#9292,#9293);
#9292 = CARTESIAN_POINT('',(153.5125,-23.95,3.));
#9293 = VECTOR('',#9294,1.);
#9294 = DIRECTION('',(0.,0.,1.));
#9295 = PCURVE('',#4623,#9296);
#9296 = DEFINITIONAL_REPRESENTATION('',(#9297),#9301);
#9297 = LINE('',#9298,#9299);
#9298 = CARTESIAN_POINT('',(-1.47262155637,0.));
#9299 = VECTOR('',#9300,1.);
#9300 = DIRECTION('',(-0.,-1.));
#9301 = ( GEOMETRIC_REPRESENTATION_CONTEXT(2) 
PARAMETRIC_REPRESENTATION_CONTEXT() REPRESENTATION_CONTEXT('2D SPACE',''
  ) );
#9302 = PCURVE('',#4591,#9303);
#9303 = DEFINITIONAL_REPRESENTATION('',(#9304),#9308);
#9304 = LINE('',#9305,#9306);
#9305 = CARTESIAN_POINT('',(0.,0.));
#9306 = VECTOR('',#9307,1.);
#9307 = DIRECTION('',(0.,-1.));
#9308 = ( GEOMETRIC_REPRESENTATION_CONTEXT(2) 
PARAMETRIC_REPRESENTATION_CONTEXT() REPRESENTATION_CONTEXT('2D SPACE',''
  ) );
#9309 = ADVANCED_FACE('',(#9310),#2394,.T.);
#9310 = FACE_BOUND('',#9311,.T.);
#9311 = EDGE_LOOP('',(#9312,#9340,#9361,#9362));
#9312 = ORIENTED_EDGE('',*,*,#9313,.F.);
#9313 = EDGE_CURVE('',#9314,#9214,#9316,.T.);
#9314 = VERTEX_POINT('',#9315);
#9315 = CARTESIAN_POINT('',(255.11158034815,-42.06174992222,3.));
#9316 = SURFACE_CURVE('',#9317,(#9322,#9329),.PCURVE_S1.);
#9317 = CIRCLE('',#9318,4.243120014868);
#9318 = AXIS2_PLACEMENT_3D('',#9319,#9320,#9321);
#9319 = CARTESIAN_POINT('',(255.49908666751,-37.836361619,3.));
#9320 = DIRECTION('',(0.,0.,-1.));
#9321 = DIRECTION('',(-9.132579752694E-02,-0.995821067615,-0.));
#9322 = PCURVE('',#2394,#9323);
#9323 = DEFINITIONAL_REPRESENTATION('',(#9324),#9328);
#9324 = LINE('',#9325,#9326);
#9325 = CARTESIAN_POINT('',(0.,0.));
#9326 = VECTOR('',#9327,1.);
#9327 = DIRECTION('',(1.,0.));
#9328 = ( GEOMETRIC_REPRESENTATION_CONTEXT(2) 
PARAMETRIC_REPRESENTATION_CONTEXT() REPRESENTATION_CONTEXT('2D SPACE',''
  ) );
#9329 = PCURVE('',#7128,#9330);
#9330 = DEFINITIONAL_REPRESENTATION('',(#9331),#9339);
#9331 = ( BOUNDED_CURVE() B_SPLINE_CURVE(2,(#9332,#9333,#9334,#9335,
#9336,#9337,#9338),.UNSPECIFIED.,.T.,.F.) B_SPLINE_CURVE_WITH_KNOTS((1,2
    ,2,2,2,1),(-2.094395102393,0.,2.094395102393,4.188790204786,
6.28318530718,8.377580409573),.UNSPECIFIED.) CURVE() 
GEOMETRIC_REPRESENTATION_ITEM() RATIONAL_B_SPLINE_CURVE((1.,0.5,1.,0.5,
1.,0.5,1.)) REPRESENTATION_ITEM('') );
#9332 = CARTESIAN_POINT('',(48.650765104924,25.735967634246));
#9333 = CARTESIAN_POINT('',(41.332177882031,26.407148267633));
#9334 = CARTESIAN_POINT('',(45.572730972518,32.409640405777));
#9335 = CARTESIAN_POINT('',(49.813284063005,38.412132543921));
#9336 = CARTESIAN_POINT('',(52.891318195411,31.738459772391));
#9337 = CARTESIAN_POINT('',(55.969352327817,25.06478700086));
#9338 = CARTESIAN_POINT('',(48.650765104924,25.735967634246));
#9339 = ( GEOMETRIC_REPRESENTATION_CONTEXT(2) 
PARAMETRIC_REPRESENTATION_CONTEXT() REPRESENTATION_CONTEXT('2D SPACE',''
  ) );
#9340 = ORIENTED_EDGE('',*,*,#9341,.T.);
#9341 = EDGE_CURVE('',#9314,#2374,#9342,.T.);
#9342 = SURFACE_CURVE('',#9343,(#9347,#9354),.PCURVE_S1.);
#9343 = LINE('',#9344,#9345);
#9344 = CARTESIAN_POINT('',(255.11158034815,-42.06174992222,3.));
#9345 = VECTOR('',#9346,1.);
#9346 = DIRECTION('',(0.,0.,1.));
#9347 = PCURVE('',#2394,#9348);
#9348 = DEFINITIONAL_REPRESENTATION('',(#9349),#9353);
#9349 = LINE('',#9350,#9351);
#9350 = CARTESIAN_POINT('',(0.,0.));
#9351 = VECTOR('',#9352,1.);
#9352 = DIRECTION('',(0.,-1.));
#9353 = ( GEOMETRIC_REPRESENTATION_CONTEXT(2) 
PARAMETRIC_REPRESENTATION_CONTEXT() REPRESENTATION_CONTEXT('2D SPACE',''
  ) );
#9354 = PCURVE('',#2421,#9355);
#9355 = DEFINITIONAL_REPRESENTATION('',(#9356),#9360);
#9356 = LINE('',#9357,#9358);
#9357 = CARTESIAN_POINT('',(32.481902841615,0.));
#9358 = VECTOR('',#9359,1.);
#9359 = DIRECTION('',(0.,-1.));
#9360 = ( GEOMETRIC_REPRESENTATION_CONTEXT(2) 
PARAMETRIC_REPRESENTATION_CONTEXT() REPRESENTATION_CONTEXT('2D SPACE',''
  ) );
#9361 = ORIENTED_EDGE('',*,*,#2373,.T.);
#9362 = ORIENTED_EDGE('',*,*,#9237,.F.);
#9363 = ADVANCED_FACE('',(#9364),#4591,.T.);
#9364 = FACE_BOUND('',#9365,.T.);
#9365 = EDGE_LOOP('',(#9366,#9389,#9390,#9391));
#9366 = ORIENTED_EDGE('',*,*,#9367,.F.);
#9367 = EDGE_CURVE('',#9264,#9368,#9370,.T.);
#9368 = VERTEX_POINT('',#9369);
#9369 = CARTESIAN_POINT('',(153.51180729462,-38.49568887524,3.));
#9370 = SURFACE_CURVE('',#9371,(#9375,#9382),.PCURVE_S1.);
#9371 = LINE('',#9372,#9373);
#9372 = CARTESIAN_POINT('',(153.5125,-23.95,3.));
#9373 = VECTOR('',#9374,1.);
#9374 = DIRECTION('',(-4.762272725135E-05,-0.999999998866,0.));
#9375 = PCURVE('',#4591,#9376);
#9376 = DEFINITIONAL_REPRESENTATION('',(#9377),#9381);
#9377 = LINE('',#9378,#9379);
#9378 = CARTESIAN_POINT('',(0.,0.));
#9379 = VECTOR('',#9380,1.);
#9380 = DIRECTION('',(1.,0.));
#9381 = ( GEOMETRIC_REPRESENTATION_CONTEXT(2) 
PARAMETRIC_REPRESENTATION_CONTEXT() REPRESENTATION_CONTEXT('2D SPACE',''
  ) );
#9382 = PCURVE('',#7128,#9383);
#9383 = DEFINITIONAL_REPRESENTATION('',(#9384),#9388);
#9384 = LINE('',#9385,#9386);
#9385 = CARTESIAN_POINT('',(-52.94831524323,43.847717556472));
#9386 = VECTOR('',#9387,1.);
#9387 = DIRECTION('',(-4.762272725135E-05,-0.999999998866));
#9388 = ( GEOMETRIC_REPRESENTATION_CONTEXT(2) 
PARAMETRIC_REPRESENTATION_CONTEXT() REPRESENTATION_CONTEXT('2D SPACE',''
  ) );
#9389 = ORIENTED_EDGE('',*,*,#9289,.T.);
#9390 = ORIENTED_EDGE('',*,*,#4576,.F.);
#9391 = ORIENTED_EDGE('',*,*,#9392,.F.);
#9392 = EDGE_CURVE('',#9368,#4544,#9393,.T.);
#9393 = SURFACE_CURVE('',#9394,(#9398,#9405),.PCURVE_S1.);
#9394 = LINE('',#9395,#9396);
#9395 = CARTESIAN_POINT('',(153.51180729462,-38.49568887524,3.));
#9396 = VECTOR('',#9397,1.);
#9397 = DIRECTION('',(0.,0.,1.));
#9398 = PCURVE('',#4591,#9399);
#9399 = DEFINITIONAL_REPRESENTATION('',(#9400),#9404);
#9400 = LINE('',#9401,#9402);
#9401 = CARTESIAN_POINT('',(14.545688891743,0.));
#9402 = VECTOR('',#9403,1.);
#9403 = DIRECTION('',(0.,-1.));
#9404 = ( GEOMETRIC_REPRESENTATION_CONTEXT(2) 
PARAMETRIC_REPRESENTATION_CONTEXT() REPRESENTATION_CONTEXT('2D SPACE',''
  ) );
#9405 = PCURVE('',#4564,#9406);
#9406 = DEFINITIONAL_REPRESENTATION('',(#9407),#9411);
#9407 = LINE('',#9408,#9409);
#9408 = CARTESIAN_POINT('',(0.,0.));
#9409 = VECTOR('',#9410,1.);
#9410 = DIRECTION('',(0.,-1.));
#9411 = ( GEOMETRIC_REPRESENTATION_CONTEXT(2) 
PARAMETRIC_REPRESENTATION_CONTEXT() REPRESENTATION_CONTEXT('2D SPACE',''
  ) );
#9412 = ADVANCED_FACE('',(#9413),#2421,.T.);
#9413 = FACE_BOUND('',#9414,.T.);
#9414 = EDGE_LOOP('',(#9415,#9438,#9459,#9460,#9481,#9507,#9526,#9527));
#9415 = ORIENTED_EDGE('',*,*,#9416,.F.);
#9416 = EDGE_CURVE('',#9417,#9314,#9419,.T.);
#9417 = VERTEX_POINT('',#9418);
#9418 = CARTESIAN_POINT('',(287.59347733647,-42.08124999149,3.));
#9419 = SURFACE_CURVE('',#9420,(#9424,#9431),.PCURVE_S1.);
#9420 = LINE('',#9421,#9422);
#9421 = CARTESIAN_POINT('',(287.59347733647,-42.08124999149,3.));
#9422 = VECTOR('',#9423,1.);
#9423 = DIRECTION('',(-0.999999819798,6.003364200813E-04,0.));
#9424 = PCURVE('',#2421,#9425);
#9425 = DEFINITIONAL_REPRESENTATION('',(#9426),#9430);
#9426 = LINE('',#9427,#9428);
#9427 = CARTESIAN_POINT('',(0.,0.));
#9428 = VECTOR('',#9429,1.);
#9429 = DIRECTION('',(1.,0.));
#9430 = ( GEOMETRIC_REPRESENTATION_CONTEXT(2) 
PARAMETRIC_REPRESENTATION_CONTEXT() REPRESENTATION_CONTEXT('2D SPACE',''
  ) );
#9431 = PCURVE('',#7128,#9432);
#9432 = DEFINITIONAL_REPRESENTATION('',(#9433),#9437);
#9433 = LINE('',#9434,#9435);
#9434 = CARTESIAN_POINT('',(81.132662093238,25.716467564977));
#9435 = VECTOR('',#9436,1.);
#9436 = DIRECTION('',(-0.999999819798,6.003364200813E-04));
#9437 = ( GEOMETRIC_REPRESENTATION_CONTEXT(2) 
PARAMETRIC_REPRESENTATION_CONTEXT() REPRESENTATION_CONTEXT('2D SPACE',''
  ) );
#9438 = ORIENTED_EDGE('',*,*,#9439,.T.);
#9439 = EDGE_CURVE('',#9417,#2577,#9440,.T.);
#9440 = SURFACE_CURVE('',#9441,(#9445,#9452),.PCURVE_S1.);
#9441 = LINE('',#9442,#9443);
#9442 = CARTESIAN_POINT('',(287.59347733647,-42.08124999149,3.));
#9443 = VECTOR('',#9444,1.);
#9444 = DIRECTION('',(0.,0.,1.));
#9445 = PCURVE('',#2421,#9446);
#9446 = DEFINITIONAL_REPRESENTATION('',(#9447),#9451);
#9447 = LINE('',#9448,#9449);
#9448 = CARTESIAN_POINT('',(0.,0.));
#9449 = VECTOR('',#9450,1.);
#9450 = DIRECTION('',(0.,-1.));
#9451 = ( GEOMETRIC_REPRESENTATION_CONTEXT(2) 
PARAMETRIC_REPRESENTATION_CONTEXT() REPRESENTATION_CONTEXT('2D SPACE',''
  ) );
#9452 = PCURVE('',#2618,#9453);
#9453 = DEFINITIONAL_REPRESENTATION('',(#9454),#9458);
#9454 = LINE('',#9455,#9456);
#9455 = CARTESIAN_POINT('',(-1.438822985326,0.));
#9456 = VECTOR('',#9457,1.);
#9457 = DIRECTION('',(-0.,-1.));
#9458 = ( GEOMETRIC_REPRESENTATION_CONTEXT(2) 
PARAMETRIC_REPRESENTATION_CONTEXT() REPRESENTATION_CONTEXT('2D SPACE',''
  ) );
#9459 = ORIENTED_EDGE('',*,*,#2576,.F.);
#9460 = ORIENTED_EDGE('',*,*,#9461,.T.);
#9461 = EDGE_CURVE('',#2551,#9462,#9464,.T.);
#9462 = VERTEX_POINT('',#9463);
#9463 = CARTESIAN_POINT('',(274.49788889703,-42.07338823139,9.85));
#9464 = SURFACE_CURVE('',#9465,(#9469,#9475),.PCURVE_S1.);
#9465 = LINE('',#9466,#9467);
#9466 = CARTESIAN_POINT('',(274.49788889703,-42.07338823139,6.425));
#9467 = VECTOR('',#9468,1.);
#9468 = DIRECTION('',(0.,0.,-1.));
#9469 = PCURVE('',#2421,#9470);
#9470 = DEFINITIONAL_REPRESENTATION('',(#9471),#9474);
#9471 = B_SPLINE_CURVE_WITH_KNOTS('',1,(#9472,#9473),.UNSPECIFIED.,.F.,
  .F.,(2,2),(-5.675,-3.425),.PIECEWISE_BEZIER_KNOTS.);
#9472 = CARTESIAN_POINT('',(13.095590799282,-9.1));
#9473 = CARTESIAN_POINT('',(13.095590799282,-6.85));
#9474 = ( GEOMETRIC_REPRESENTATION_CONTEXT(2) 
PARAMETRIC_REPRESENTATION_CONTEXT() REPRESENTATION_CONTEXT('2D SPACE',''
  ) );
#9475 = PCURVE('',#2565,#9476);
#9476 = DEFINITIONAL_REPRESENTATION('',(#9477),#9480);
#9477 = B_SPLINE_CURVE_WITH_KNOTS('',1,(#9478,#9479),.UNSPECIFIED.,.F.,
  .F.,(2,2),(-5.675,-3.425),.PIECEWISE_BEZIER_KNOTS.);
#9478 = CARTESIAN_POINT('',(0.757864708947,-2.25));
#9479 = CARTESIAN_POINT('',(0.757864708947,0.));
#9480 = ( GEOMETRIC_REPRESENTATION_CONTEXT(2) 
PARAMETRIC_REPRESENTATION_CONTEXT() REPRESENTATION_CONTEXT('2D SPACE',''
  ) );
#9481 = ORIENTED_EDGE('',*,*,#9482,.T.);
#9482 = EDGE_CURVE('',#9462,#9483,#9485,.T.);
#9483 = VERTEX_POINT('',#9484);
#9484 = CARTESIAN_POINT('',(263.50762013287,-42.0667903716,9.85));
#9485 = SURFACE_CURVE('',#9486,(#9490,#9496),.PCURVE_S1.);
#9486 = LINE('',#9487,#9488);
#9487 = CARTESIAN_POINT('',(278.29644185066,-42.07566864148,9.85));
#9488 = VECTOR('',#9489,1.);
#9489 = DIRECTION('',(-0.999999819798,6.003364200813E-04,0.));
#9490 = PCURVE('',#2421,#9491);
#9491 = DEFINITIONAL_REPRESENTATION('',(#9492),#9495);
#9492 = B_SPLINE_CURVE_WITH_KNOTS('',1,(#9493,#9494),.UNSPECIFIED.,.F.,
  .F.,(2,2),(3.796442534788,14.796444517009),.PIECEWISE_BEZIER_KNOTS.);
#9493 = CARTESIAN_POINT('',(13.09347969594,-6.85));
#9494 = CARTESIAN_POINT('',(24.093481678162,-6.85));
#9495 = ( GEOMETRIC_REPRESENTATION_CONTEXT(2) 
PARAMETRIC_REPRESENTATION_CONTEXT() REPRESENTATION_CONTEXT('2D SPACE',''
  ) );
#9496 = PCURVE('',#9497,#9502);
#9497 = PLANE('',#9498);
#9498 = AXIS2_PLACEMENT_3D('',#9499,#9500,#9501);
#9499 = CARTESIAN_POINT('',(269.,-41.08125,9.85));
#9500 = DIRECTION('',(0.,0.,1.));
#9501 = DIRECTION('',(1.,0.,-0.));
#9502 = DEFINITIONAL_REPRESENTATION('',(#9503),#9506);
#9503 = B_SPLINE_CURVE_WITH_KNOTS('',1,(#9504,#9505),.UNSPECIFIED.,.F.,
  .F.,(2,2),(3.796442534788,14.796444517009),.PIECEWISE_BEZIER_KNOTS.);
#9504 = CARTESIAN_POINT('',(5.5,-0.992139498768));
#9505 = CARTESIAN_POINT('',(-5.5,-0.985535796957));
#9506 = ( GEOMETRIC_REPRESENTATION_CONTEXT(2) 
PARAMETRIC_REPRESENTATION_CONTEXT() REPRESENTATION_CONTEXT('2D SPACE',''
  ) );
#9507 = ORIENTED_EDGE('',*,*,#9508,.T.);
#9508 = EDGE_CURVE('',#9483,#2407,#9509,.T.);
#9509 = SURFACE_CURVE('',#9510,(#9514,#9520),.PCURVE_S1.);
#9510 = LINE('',#9511,#9512);
#9511 = CARTESIAN_POINT('',(263.50762013287,-42.0667903716,6.425));
#9512 = VECTOR('',#9513,1.);
#9513 = DIRECTION('',(0.,0.,1.));
#9514 = PCURVE('',#2421,#9515);
#9515 = DEFINITIONAL_REPRESENTATION('',(#9516),#9519);
#9516 = B_SPLINE_CURVE_WITH_KNOTS('',1,(#9517,#9518),.UNSPECIFIED.,.F.,
  .F.,(2,2),(3.425,5.675),.PIECEWISE_BEZIER_KNOTS.);
#9517 = CARTESIAN_POINT('',(24.08586154391,-6.85));
#9518 = CARTESIAN_POINT('',(24.08586154391,-9.1));
#9519 = ( GEOMETRIC_REPRESENTATION_CONTEXT(2) 
PARAMETRIC_REPRESENTATION_CONTEXT() REPRESENTATION_CONTEXT('2D SPACE',''
  ) );
#9520 = PCURVE('',#2447,#9521);
#9521 = DEFINITIONAL_REPRESENTATION('',(#9522),#9525);
#9522 = B_SPLINE_CURVE_WITH_KNOTS('',1,(#9523,#9524),.UNSPECIFIED.,.F.,
  .F.,(2,2),(3.425,5.675),.PIECEWISE_BEZIER_KNOTS.);
#9523 = CARTESIAN_POINT('',(2.735550984918,0.));
#9524 = CARTESIAN_POINT('',(2.735550984918,-2.25));
#9525 = ( GEOMETRIC_REPRESENTATION_CONTEXT(2) 
PARAMETRIC_REPRESENTATION_CONTEXT() REPRESENTATION_CONTEXT('2D SPACE',''
  ) );
#9526 = ORIENTED_EDGE('',*,*,#2406,.F.);
#9527 = ORIENTED_EDGE('',*,*,#9341,.F.);
#9528 = ADVANCED_FACE('',(#9529),#4564,.T.);
#9529 = FACE_BOUND('',#9530,.T.);
#9530 = EDGE_LOOP('',(#9531,#9559,#9560,#9561));
#9531 = ORIENTED_EDGE('',*,*,#9532,.F.);
#9532 = EDGE_CURVE('',#9368,#9533,#9535,.T.);
#9533 = VERTEX_POINT('',#9534);
#9534 = CARTESIAN_POINT('',(149.22997118662,-42.75,3.));
#9535 = SURFACE_CURVE('',#9536,(#9541,#9548),.PCURVE_S1.);
#9536 = CIRCLE('',#9537,4.253180716926);
#9537 = AXIS2_PLACEMENT_3D('',#9538,#9539,#9540);
#9538 = CARTESIAN_POINT('',(149.25862675467,-38.49691581681,3.));
#9539 = DIRECTION('',(0.,0.,-1.));
#9540 = DIRECTION('',(0.999999958391,2.88476236722E-04,0.));
#9541 = PCURVE('',#4564,#9542);
#9542 = DEFINITIONAL_REPRESENTATION('',(#9543),#9547);
#9543 = LINE('',#9544,#9545);
#9544 = CARTESIAN_POINT('',(0.,0.));
#9545 = VECTOR('',#9546,1.);
#9546 = DIRECTION('',(1.,0.));
#9547 = ( GEOMETRIC_REPRESENTATION_CONTEXT(2) 
PARAMETRIC_REPRESENTATION_CONTEXT() REPRESENTATION_CONTEXT('2D SPACE',''
  ) );
#9548 = PCURVE('',#7128,#9549);
#9549 = DEFINITIONAL_REPRESENTATION('',(#9550),#9558);
#9550 = ( BOUNDED_CURVE() B_SPLINE_CURVE(2,(#9551,#9552,#9553,#9554,
#9555,#9556,#9557),.UNSPECIFIED.,.T.,.F.) B_SPLINE_CURVE_WITH_KNOTS((1,2
    ,2,2,2,1),(-2.094395102393,0.,2.094395102393,4.188790204786,
6.28318530718,8.377580409573),.UNSPECIFIED.) CURVE() 
GEOMETRIC_REPRESENTATION_ITEM() RATIONAL_B_SPLINE_CURVE((1.,0.5,1.,0.5,
1.,0.5,1.)) REPRESENTATION_ITEM('') );
#9551 = CARTESIAN_POINT('',(-52.9490079486,29.302028681224));
#9552 = CARTESIAN_POINT('',(-52.94688282347,21.93530389226));
#9553 = CARTESIAN_POINT('',(-59.32771619597,25.616825874391));
#9554 = CARTESIAN_POINT('',(-65.70854956847,29.298347856522));
#9555 = CARTESIAN_POINT('',(-59.3298413211,32.983550663355));
#9556 = CARTESIAN_POINT('',(-52.95113307373,36.668753470188));
#9557 = CARTESIAN_POINT('',(-52.9490079486,29.302028681224));
#9558 = ( GEOMETRIC_REPRESENTATION_CONTEXT(2) 
PARAMETRIC_REPRESENTATION_CONTEXT() REPRESENTATION_CONTEXT('2D SPACE',''
  ) );
#9559 = ORIENTED_EDGE('',*,*,#9392,.T.);
#9560 = ORIENTED_EDGE('',*,*,#4543,.T.);
#9561 = ORIENTED_EDGE('',*,*,#9562,.F.);
#9562 = EDGE_CURVE('',#9533,#4518,#9563,.T.);
#9563 = SURFACE_CURVE('',#9564,(#9568,#9575),.PCURVE_S1.);
#9564 = LINE('',#9565,#9566);
#9565 = CARTESIAN_POINT('',(149.22997118662,-42.75,3.));
#9566 = VECTOR('',#9567,1.);
#9567 = DIRECTION('',(0.,0.,1.));
#9568 = PCURVE('',#4564,#9569);
#9569 = DEFINITIONAL_REPRESENTATION('',(#9570),#9574);
#9570 = LINE('',#9571,#9572);
#9571 = CARTESIAN_POINT('',(1.577822298278,0.));
#9572 = VECTOR('',#9573,1.);
#9573 = DIRECTION('',(0.,-1.));
#9574 = ( GEOMETRIC_REPRESENTATION_CONTEXT(2) 
PARAMETRIC_REPRESENTATION_CONTEXT() REPRESENTATION_CONTEXT('2D SPACE',''
  ) );
#9575 = PCURVE('',#4532,#9576);
#9576 = DEFINITIONAL_REPRESENTATION('',(#9577),#9581);
#9577 = LINE('',#9578,#9579);
#9578 = CARTESIAN_POINT('',(0.,0.));
#9579 = VECTOR('',#9580,1.);
#9580 = DIRECTION('',(0.,-1.));
#9581 = ( GEOMETRIC_REPRESENTATION_CONTEXT(2) 
PARAMETRIC_REPRESENTATION_CONTEXT() REPRESENTATION_CONTEXT('2D SPACE',''
  ) );
#9582 = ADVANCED_FACE('',(#9583),#2447,.T.);
#9583 = FACE_BOUND('',#9584,.T.);
#9584 = EDGE_LOOP('',(#9585,#9608,#9629,#9630));
#9585 = ORIENTED_EDGE('',*,*,#9586,.F.);
#9586 = EDGE_CURVE('',#9587,#9483,#9589,.T.);
#9587 = VERTEX_POINT('',#9588);
#9588 = CARTESIAN_POINT('',(263.5,-39.33125,9.85));
#9589 = SURFACE_CURVE('',#9590,(#9594,#9601),.PCURVE_S1.);
#9590 = LINE('',#9591,#9592);
#9591 = CARTESIAN_POINT('',(263.5,-39.33125,9.85));
#9592 = VECTOR('',#9593,1.);
#9593 = DIRECTION('',(2.785593440065E-03,-0.999996120227,0.));
#9594 = PCURVE('',#2447,#9595);
#9595 = DEFINITIONAL_REPRESENTATION('',(#9596),#9600);
#9596 = LINE('',#9597,#9598);
#9597 = CARTESIAN_POINT('',(0.,0.));
#9598 = VECTOR('',#9599,1.);
#9599 = DIRECTION('',(1.,0.));
#9600 = ( GEOMETRIC_REPRESENTATION_CONTEXT(2) 
PARAMETRIC_REPRESENTATION_CONTEXT() REPRESENTATION_CONTEXT('2D SPACE',''
  ) );
#9601 = PCURVE('',#9497,#9602);
#9602 = DEFINITIONAL_REPRESENTATION('',(#9603),#9607);
#9603 = LINE('',#9604,#9605);
#9604 = CARTESIAN_POINT('',(-5.5,1.75));
#9605 = VECTOR('',#9606,1.);
#9606 = DIRECTION('',(2.785593440065E-03,-0.999996120227));
#9607 = ( GEOMETRIC_REPRESENTATION_CONTEXT(2) 
PARAMETRIC_REPRESENTATION_CONTEXT() REPRESENTATION_CONTEXT('2D SPACE',''
  ) );
#9608 = ORIENTED_EDGE('',*,*,#9609,.T.);
#9609 = EDGE_CURVE('',#9587,#2433,#9610,.T.);
#9610 = SURFACE_CURVE('',#9611,(#9615,#9622),.PCURVE_S1.);
#9611 = LINE('',#9612,#9613);
#9612 = CARTESIAN_POINT('',(263.5,-39.33125,9.85));
#9613 = VECTOR('',#9614,1.);
#9614 = DIRECTION('',(0.,0.,1.));
#9615 = PCURVE('',#2447,#9616);
#9616 = DEFINITIONAL_REPRESENTATION('',(#9617),#9621);
#9617 = LINE('',#9618,#9619);
#9618 = CARTESIAN_POINT('',(0.,0.));
#9619 = VECTOR('',#9620,1.);
#9620 = DIRECTION('',(0.,-1.));
#9621 = ( GEOMETRIC_REPRESENTATION_CONTEXT(2) 
PARAMETRIC_REPRESENTATION_CONTEXT() REPRESENTATION_CONTEXT('2D SPACE',''
  ) );
#9622 = PCURVE('',#2479,#9623);
#9623 = DEFINITIONAL_REPRESENTATION('',(#9624),#9628);
#9624 = LINE('',#9625,#9626);
#9625 = CARTESIAN_POINT('',(-1.455531117313,0.));
#9626 = VECTOR('',#9627,1.);
#9627 = DIRECTION('',(-0.,-1.));
#9628 = ( GEOMETRIC_REPRESENTATION_CONTEXT(2) 
PARAMETRIC_REPRESENTATION_CONTEXT() REPRESENTATION_CONTEXT('2D SPACE',''
  ) );
#9629 = ORIENTED_EDGE('',*,*,#2432,.F.);
#9630 = ORIENTED_EDGE('',*,*,#9508,.F.);
#9631 = ADVANCED_FACE('',(#9632),#4532,.T.);
#9632 = FACE_BOUND('',#9633,.T.);
#9633 = EDGE_LOOP('',(#9634,#9657,#9658,#9659));
#9634 = ORIENTED_EDGE('',*,*,#9635,.F.);
#9635 = EDGE_CURVE('',#9533,#9636,#9638,.T.);
#9636 = VERTEX_POINT('',#9637);
#9637 = CARTESIAN_POINT('',(134.51678455529,-42.76851766979,3.));
#9638 = SURFACE_CURVE('',#9639,(#9643,#9650),.PCURVE_S1.);
#9639 = LINE('',#9640,#9641);
#9640 = CARTESIAN_POINT('',(149.22997118662,-42.75,3.));
#9641 = VECTOR('',#9642,1.);
#9642 = DIRECTION('',(-0.999999207994,-1.258575425647E-03,0.));
#9643 = PCURVE('',#4532,#9644);
#9644 = DEFINITIONAL_REPRESENTATION('',(#9645),#9649);
#9645 = LINE('',#9646,#9647);
#9646 = CARTESIAN_POINT('',(0.,0.));
#9647 = VECTOR('',#9648,1.);
#9648 = DIRECTION('',(1.,0.));
#9649 = ( GEOMETRIC_REPRESENTATION_CONTEXT(2) 
PARAMETRIC_REPRESENTATION_CONTEXT() REPRESENTATION_CONTEXT('2D SPACE',''
  ) );
#9650 = PCURVE('',#7128,#9651);
#9651 = DEFINITIONAL_REPRESENTATION('',(#9652),#9656);
#9652 = LINE('',#9653,#9654);
#9653 = CARTESIAN_POINT('',(-57.2308440566,25.047717556472));
#9654 = VECTOR('',#9655,1.);
#9655 = DIRECTION('',(-0.999999207994,-1.258575425647E-03));
#9656 = ( GEOMETRIC_REPRESENTATION_CONTEXT(2) 
PARAMETRIC_REPRESENTATION_CONTEXT() REPRESENTATION_CONTEXT('2D SPACE',''
  ) );
#9657 = ORIENTED_EDGE('',*,*,#9562,.T.);
#9658 = ORIENTED_EDGE('',*,*,#4517,.F.);
#9659 = ORIENTED_EDGE('',*,*,#9660,.F.);
#9660 = EDGE_CURVE('',#9636,#4485,#9661,.T.);
#9661 = SURFACE_CURVE('',#9662,(#9666,#9673),.PCURVE_S1.);
#9662 = LINE('',#9663,#9664);
#9663 = CARTESIAN_POINT('',(134.51678455529,-42.76851766979,3.));
#9664 = VECTOR('',#9665,1.);
#9665 = DIRECTION('',(0.,0.,1.));
#9666 = PCURVE('',#4532,#9667);
#9667 = DEFINITIONAL_REPRESENTATION('',(#9668),#9672);
#9668 = LINE('',#9669,#9670);
#9669 = CARTESIAN_POINT('',(14.713198284273,0.));
#9670 = VECTOR('',#9671,1.);
#9671 = DIRECTION('',(0.,-1.));
#9672 = ( GEOMETRIC_REPRESENTATION_CONTEXT(2) 
PARAMETRIC_REPRESENTATION_CONTEXT() REPRESENTATION_CONTEXT('2D SPACE',''
  ) );
#9673 = PCURVE('',#4505,#9674);
#9674 = DEFINITIONAL_REPRESENTATION('',(#9675),#9679);
#9675 = LINE('',#9676,#9677);
#9676 = CARTESIAN_POINT('',(-0.,0.));
#9677 = VECTOR('',#9678,1.);
#9678 = DIRECTION('',(-0.,-1.));
#9679 = ( GEOMETRIC_REPRESENTATION_CONTEXT(2) 
PARAMETRIC_REPRESENTATION_CONTEXT() REPRESENTATION_CONTEXT('2D SPACE',''
  ) );
#9680 = ADVANCED_FACE('',(#9681),#2479,.F.);
#9681 = FACE_BOUND('',#9682,.T.);
#9682 = EDGE_LOOP('',(#9683,#9707,#9728,#9729));
#9683 = ORIENTED_EDGE('',*,*,#9684,.F.);
#9684 = EDGE_CURVE('',#9685,#9587,#9687,.T.);
#9685 = VERTEX_POINT('',#9686);
#9686 = CARTESIAN_POINT('',(264.82861762244,-37.84147701834,9.85));
#9687 = SURFACE_CURVE('',#9688,(#9693,#9700),.PCURVE_S1.);
#9688 = CIRCLE('',#9689,1.500413123523);
#9689 = AXIS2_PLACEMENT_3D('',#9690,#9691,#9692);
#9690 = CARTESIAN_POINT('',(265.00041292464,-39.33202252767,9.85));
#9691 = DIRECTION('',(0.,0.,1.));
#9692 = DIRECTION('',(-0.11449866674,0.993423401836,0.));
#9693 = PCURVE('',#2479,#9694);
#9694 = DEFINITIONAL_REPRESENTATION('',(#9695),#9699);
#9695 = LINE('',#9696,#9697);
#9696 = CARTESIAN_POINT('',(-0.,0.));
#9697 = VECTOR('',#9698,1.);
#9698 = DIRECTION('',(-1.,0.));
#9699 = ( GEOMETRIC_REPRESENTATION_CONTEXT(2) 
PARAMETRIC_REPRESENTATION_CONTEXT() REPRESENTATION_CONTEXT('2D SPACE',''
  ) );
#9700 = PCURVE('',#9497,#9701);
#9701 = DEFINITIONAL_REPRESENTATION('',(#9702),#9706);
#9702 = CIRCLE('',#9703,1.500413123523);
#9703 = AXIS2_PLACEMENT_2D('',#9704,#9705);
#9704 = CARTESIAN_POINT('',(-3.999587075355,1.749227472325));
#9705 = DIRECTION('',(-0.11449866674,0.993423401836));
#9706 = ( GEOMETRIC_REPRESENTATION_CONTEXT(2) 
PARAMETRIC_REPRESENTATION_CONTEXT() REPRESENTATION_CONTEXT('2D SPACE',''
  ) );
#9707 = ORIENTED_EDGE('',*,*,#9708,.T.);
#9708 = EDGE_CURVE('',#9685,#2459,#9709,.T.);
#9709 = SURFACE_CURVE('',#9710,(#9714,#9721),.PCURVE_S1.);
#9710 = LINE('',#9711,#9712);
#9711 = CARTESIAN_POINT('',(264.82861762244,-37.84147701834,9.85));
#9712 = VECTOR('',#9713,1.);
#9713 = DIRECTION('',(0.,0.,1.));
#9714 = PCURVE('',#2479,#9715);
#9715 = DEFINITIONAL_REPRESENTATION('',(#9716),#9720);
#9716 = LINE('',#9717,#9718);
#9717 = CARTESIAN_POINT('',(-0.,0.));
#9718 = VECTOR('',#9719,1.);
#9719 = DIRECTION('',(-0.,-1.));
#9720 = ( GEOMETRIC_REPRESENTATION_CONTEXT(2) 
PARAMETRIC_REPRESENTATION_CONTEXT() REPRESENTATION_CONTEXT('2D SPACE',''
  ) );
#9721 = PCURVE('',#2506,#9722);
#9722 = DEFINITIONAL_REPRESENTATION('',(#9723),#9727);
#9723 = LINE('',#9724,#9725);
#9724 = CARTESIAN_POINT('',(8.171388777445,0.));
#9725 = VECTOR('',#9726,1.);
#9726 = DIRECTION('',(0.,-1.));
#9727 = ( GEOMETRIC_REPRESENTATION_CONTEXT(2) 
PARAMETRIC_REPRESENTATION_CONTEXT() REPRESENTATION_CONTEXT('2D SPACE',''
  ) );
#9728 = ORIENTED_EDGE('',*,*,#2458,.F.);
#9729 = ORIENTED_EDGE('',*,*,#9609,.F.);
#9730 = ADVANCED_FACE('',(#9731),#4505,.F.);
#9731 = FACE_BOUND('',#9732,.T.);
#9732 = EDGE_LOOP('',(#9733,#9757,#9758,#9759));
#9733 = ORIENTED_EDGE('',*,*,#9734,.F.);
#9734 = EDGE_CURVE('',#9636,#9735,#9737,.T.);
#9735 = VERTEX_POINT('',#9736);
#9736 = CARTESIAN_POINT('',(133.01249999149,-44.5190226651,3.));
#9737 = SURFACE_CURVE('',#9738,(#9743,#9750),.PCURVE_S1.);
#9738 = CIRCLE('',#9739,1.751337251668);
#9739 = AXIS2_PLACEMENT_3D('',#9740,#9741,#9742);
#9740 = CARTESIAN_POINT('',(134.76375791213,-44.50235339733,3.));
#9741 = DIRECTION('',(0.,0.,1.));
#9742 = DIRECTION('',(-0.141019873014,0.990006765338,0.));
#9743 = PCURVE('',#4505,#9744);
#9744 = DEFINITIONAL_REPRESENTATION('',(#9745),#9749);
#9745 = LINE('',#9746,#9747);
#9746 = CARTESIAN_POINT('',(-0.,0.));
#9747 = VECTOR('',#9748,1.);
#9748 = DIRECTION('',(-1.,0.));
#9749 = ( GEOMETRIC_REPRESENTATION_CONTEXT(2) 
PARAMETRIC_REPRESENTATION_CONTEXT() REPRESENTATION_CONTEXT('2D SPACE',''
  ) );
#9750 = PCURVE('',#7128,#9751);
#9751 = DEFINITIONAL_REPRESENTATION('',(#9752),#9756);
#9752 = CIRCLE('',#9753,1.751337251668);
#9753 = AXIS2_PLACEMENT_2D('',#9754,#9755);
#9754 = CARTESIAN_POINT('',(-71.6970573311,23.295364159139));
#9755 = DIRECTION('',(-0.141019873014,0.990006765338));
#9756 = ( GEOMETRIC_REPRESENTATION_CONTEXT(2) 
PARAMETRIC_REPRESENTATION_CONTEXT() REPRESENTATION_CONTEXT('2D SPACE',''
  ) );
#9757 = ORIENTED_EDGE('',*,*,#9660,.T.);
#9758 = ORIENTED_EDGE('',*,*,#4484,.F.);
#9759 = ORIENTED_EDGE('',*,*,#9760,.F.);
#9760 = EDGE_CURVE('',#9735,#4459,#9761,.T.);
#9761 = SURFACE_CURVE('',#9762,(#9766,#9773),.PCURVE_S1.);
#9762 = LINE('',#9763,#9764);
#9763 = CARTESIAN_POINT('',(133.01249999149,-44.5190226651,3.));
#9764 = VECTOR('',#9765,1.);
#9765 = DIRECTION('',(0.,0.,1.));
#9766 = PCURVE('',#4505,#9767);
#9767 = DEFINITIONAL_REPRESENTATION('',(#9768),#9772);
#9768 = LINE('',#9769,#9770);
#9769 = CARTESIAN_POINT('',(-1.438822986202,0.));
#9770 = VECTOR('',#9771,1.);
#9771 = DIRECTION('',(-0.,-1.));
#9772 = ( GEOMETRIC_REPRESENTATION_CONTEXT(2) 
PARAMETRIC_REPRESENTATION_CONTEXT() REPRESENTATION_CONTEXT('2D SPACE',''
  ) );
#9773 = PCURVE('',#4473,#9774);
#9774 = DEFINITIONAL_REPRESENTATION('',(#9775),#9779);
#9775 = LINE('',#9776,#9777);
#9776 = CARTESIAN_POINT('',(0.,0.));
#9777 = VECTOR('',#9778,1.);
#9778 = DIRECTION('',(0.,-1.));
#9779 = ( GEOMETRIC_REPRESENTATION_CONTEXT(2) 
PARAMETRIC_REPRESENTATION_CONTEXT() REPRESENTATION_CONTEXT('2D SPACE',''
  ) );
#9780 = ADVANCED_FACE('',(#9781),#2506,.T.);
#9781 = FACE_BOUND('',#9782,.T.);
#9782 = EDGE_LOOP('',(#9783,#9806,#9827,#9828));
#9783 = ORIENTED_EDGE('',*,*,#9784,.F.);
#9784 = EDGE_CURVE('',#9785,#9685,#9787,.T.);
#9785 = VERTEX_POINT('',#9786);
#9786 = CARTESIAN_POINT('',(273.,-37.83125,9.85));
#9787 = SURFACE_CURVE('',#9788,(#9792,#9799),.PCURVE_S1.);
#9788 = LINE('',#9789,#9790);
#9789 = CARTESIAN_POINT('',(273.,-37.83125,9.85));
#9790 = VECTOR('',#9791,1.);
#9791 = DIRECTION('',(-0.999999216793,-1.251564284108E-03,0.));
#9792 = PCURVE('',#2506,#9793);
#9793 = DEFINITIONAL_REPRESENTATION('',(#9794),#9798);
#9794 = LINE('',#9795,#9796);
#9795 = CARTESIAN_POINT('',(0.,0.));
#9796 = VECTOR('',#9797,1.);
#9797 = DIRECTION('',(1.,0.));
#9798 = ( GEOMETRIC_REPRESENTATION_CONTEXT(2) 
PARAMETRIC_REPRESENTATION_CONTEXT() REPRESENTATION_CONTEXT('2D SPACE',''
  ) );
#9799 = PCURVE('',#9497,#9800);
#9800 = DEFINITIONAL_REPRESENTATION('',(#9801),#9805);
#9801 = LINE('',#9802,#9803);
#9802 = CARTESIAN_POINT('',(4.,3.25));
#9803 = VECTOR('',#9804,1.);
#9804 = DIRECTION('',(-0.999999216793,-1.251564284108E-03));
#9805 = ( GEOMETRIC_REPRESENTATION_CONTEXT(2) 
PARAMETRIC_REPRESENTATION_CONTEXT() REPRESENTATION_CONTEXT('2D SPACE',''
  ) );
#9806 = ORIENTED_EDGE('',*,*,#9807,.T.);
#9807 = EDGE_CURVE('',#9785,#2492,#9808,.T.);
#9808 = SURFACE_CURVE('',#9809,(#9813,#9820),.PCURVE_S1.);
#9809 = LINE('',#9810,#9811);
#9810 = CARTESIAN_POINT('',(273.,-37.83125,9.85));
#9811 = VECTOR('',#9812,1.);
#9812 = DIRECTION('',(0.,0.,1.));
#9813 = PCURVE('',#2506,#9814);
#9814 = DEFINITIONAL_REPRESENTATION('',(#9815),#9819);
#9815 = LINE('',#9816,#9817);
#9816 = CARTESIAN_POINT('',(0.,0.));
#9817 = VECTOR('',#9818,1.);
#9818 = DIRECTION('',(0.,-1.));
#9819 = ( GEOMETRIC_REPRESENTATION_CONTEXT(2) 
PARAMETRIC_REPRESENTATION_CONTEXT() REPRESENTATION_CONTEXT('2D SPACE',''
  ) );
#9820 = PCURVE('',#2538,#9821);
#9821 = DEFINITIONAL_REPRESENTATION('',(#9822),#9826);
#9822 = LINE('',#9823,#9824);
#9823 = CARTESIAN_POINT('',(-1.455531117313,0.));
#9824 = VECTOR('',#9825,1.);
#9825 = DIRECTION('',(-0.,-1.));
#9826 = ( GEOMETRIC_REPRESENTATION_CONTEXT(2) 
PARAMETRIC_REPRESENTATION_CONTEXT() REPRESENTATION_CONTEXT('2D SPACE',''
  ) );
#9827 = ORIENTED_EDGE('',*,*,#2491,.F.);
#9828 = ORIENTED_EDGE('',*,*,#9708,.F.);
#9829 = ADVANCED_FACE('',(#9830),#4473,.T.);
#9830 = FACE_BOUND('',#9831,.T.);
#9831 = EDGE_LOOP('',(#9832,#9855,#9856,#9857));
#9832 = ORIENTED_EDGE('',*,*,#9833,.F.);
#9833 = EDGE_CURVE('',#9735,#9834,#9836,.T.);
#9834 = VERTEX_POINT('',#9835);
#9835 = CARTESIAN_POINT('',(133.03101766979,-51.2457154447,3.));
#9836 = SURFACE_CURVE('',#9837,(#9841,#9848),.PCURVE_S1.);
#9837 = LINE('',#9838,#9839);
#9838 = CARTESIAN_POINT('',(133.01249999149,-44.5190226651,3.));
#9839 = VECTOR('',#9840,1.);
#9840 = DIRECTION('',(2.752854744446E-03,-0.999996210888,0.));
#9841 = PCURVE('',#4473,#9842);
#9842 = DEFINITIONAL_REPRESENTATION('',(#9843),#9847);
#9843 = LINE('',#9844,#9845);
#9844 = CARTESIAN_POINT('',(0.,0.));
#9845 = VECTOR('',#9846,1.);
#9846 = DIRECTION('',(1.,0.));
#9847 = ( GEOMETRIC_REPRESENTATION_CONTEXT(2) 
PARAMETRIC_REPRESENTATION_CONTEXT() REPRESENTATION_CONTEXT('2D SPACE',''
  ) );
#9848 = PCURVE('',#7128,#9849);
#9849 = DEFINITIONAL_REPRESENTATION('',(#9850),#9854);
#9850 = LINE('',#9851,#9852);
#9851 = CARTESIAN_POINT('',(-73.44831525173,23.278694891367));
#9852 = VECTOR('',#9853,1.);
#9853 = DIRECTION('',(2.752854744446E-03,-0.999996210888));
#9854 = ( GEOMETRIC_REPRESENTATION_CONTEXT(2) 
PARAMETRIC_REPRESENTATION_CONTEXT() REPRESENTATION_CONTEXT('2D SPACE',''
  ) );
#9855 = ORIENTED_EDGE('',*,*,#9760,.T.);
#9856 = ORIENTED_EDGE('',*,*,#4458,.F.);
#9857 = ORIENTED_EDGE('',*,*,#9858,.F.);
#9858 = EDGE_CURVE('',#9834,#4426,#9859,.T.);
#9859 = SURFACE_CURVE('',#9860,(#9864,#9871),.PCURVE_S1.);
#9860 = LINE('',#9861,#9862);
#9861 = CARTESIAN_POINT('',(133.03101766979,-51.2457154447,3.));
#9862 = VECTOR('',#9863,1.);
#9863 = DIRECTION('',(0.,0.,1.));
#9864 = PCURVE('',#4473,#9865);
#9865 = DEFINITIONAL_REPRESENTATION('',(#9866),#9870);
#9866 = LINE('',#9867,#9868);
#9867 = CARTESIAN_POINT('',(6.726718267888,0.));
#9868 = VECTOR('',#9869,1.);
#9869 = DIRECTION('',(0.,-1.));
#9870 = ( GEOMETRIC_REPRESENTATION_CONTEXT(2) 
PARAMETRIC_REPRESENTATION_CONTEXT() REPRESENTATION_CONTEXT('2D SPACE',''
  ) );
#9871 = PCURVE('',#4446,#9872);
#9872 = DEFINITIONAL_REPRESENTATION('',(#9873),#9877);
#9873 = LINE('',#9874,#9875);
#9874 = CARTESIAN_POINT('',(-0.,0.));
#9875 = VECTOR('',#9876,1.);
#9876 = DIRECTION('',(-0.,-1.));
#9877 = ( GEOMETRIC_REPRESENTATION_CONTEXT(2) 
PARAMETRIC_REPRESENTATION_CONTEXT() REPRESENTATION_CONTEXT('2D SPACE',''
  ) );
#9878 = ADVANCED_FACE('',(#9879),#2538,.F.);
#9879 = FACE_BOUND('',#9880,.T.);
#9880 = EDGE_LOOP('',(#9881,#9905,#9926,#9927));
#9881 = ORIENTED_EDGE('',*,*,#9882,.F.);
#9882 = EDGE_CURVE('',#9883,#9785,#9885,.T.);
#9883 = VERTEX_POINT('',#9884);
#9884 = CARTESIAN_POINT('',(274.48977298165,-39.15986762244,9.85));
#9885 = SURFACE_CURVE('',#9886,(#9891,#9898),.PCURVE_S1.);
#9886 = CIRCLE('',#9887,1.500413123523);
#9887 = AXIS2_PLACEMENT_3D('',#9888,#9889,#9890);
#9888 = CARTESIAN_POINT('',(272.99922747232,-39.33166292464,9.85));
#9889 = DIRECTION('',(0.,0.,1.));
#9890 = DIRECTION('',(0.993423401836,0.11449866674,-0.));
#9891 = PCURVE('',#2538,#9892);
#9892 = DEFINITIONAL_REPRESENTATION('',(#9893),#9897);
#9893 = LINE('',#9894,#9895);
#9894 = CARTESIAN_POINT('',(-0.,0.));
#9895 = VECTOR('',#9896,1.);
#9896 = DIRECTION('',(-1.,0.));
#9897 = ( GEOMETRIC_REPRESENTATION_CONTEXT(2) 
PARAMETRIC_REPRESENTATION_CONTEXT() REPRESENTATION_CONTEXT('2D SPACE',''
  ) );
#9898 = PCURVE('',#9497,#9899);
#9899 = DEFINITIONAL_REPRESENTATION('',(#9900),#9904);
#9900 = CIRCLE('',#9901,1.500413123523);
#9901 = AXIS2_PLACEMENT_2D('',#9902,#9903);
#9902 = CARTESIAN_POINT('',(3.999227472325,1.749587075355));
#9903 = DIRECTION('',(0.993423401836,0.11449866674));
#9904 = ( GEOMETRIC_REPRESENTATION_CONTEXT(2) 
PARAMETRIC_REPRESENTATION_CONTEXT() REPRESENTATION_CONTEXT('2D SPACE',''
  ) );
#9905 = ORIENTED_EDGE('',*,*,#9906,.T.);
#9906 = EDGE_CURVE('',#9883,#2518,#9907,.T.);
#9907 = SURFACE_CURVE('',#9908,(#9912,#9919),.PCURVE_S1.);
#9908 = LINE('',#9909,#9910);
#9909 = CARTESIAN_POINT('',(274.48977298165,-39.15986762244,9.85));
#9910 = VECTOR('',#9911,1.);
#9911 = DIRECTION('',(0.,0.,1.));
#9912 = PCURVE('',#2538,#9913);
#9913 = DEFINITIONAL_REPRESENTATION('',(#9914),#9918);
#9914 = LINE('',#9915,#9916);
#9915 = CARTESIAN_POINT('',(-0.,0.));
#9916 = VECTOR('',#9917,1.);
#9917 = DIRECTION('',(-0.,-1.));
#9918 = ( GEOMETRIC_REPRESENTATION_CONTEXT(2) 
PARAMETRIC_REPRESENTATION_CONTEXT() REPRESENTATION_CONTEXT('2D SPACE',''
  ) );
#9919 = PCURVE('',#2565,#9920);
#9920 = DEFINITIONAL_REPRESENTATION('',(#9921),#9925);
#9921 = LINE('',#9922,#9923);
#9922 = CARTESIAN_POINT('',(3.671396621743,0.));
#9923 = VECTOR('',#9924,1.);
#9924 = DIRECTION('',(0.,-1.));
#9925 = ( GEOMETRIC_REPRESENTATION_CONTEXT(2) 
PARAMETRIC_REPRESENTATION_CONTEXT() REPRESENTATION_CONTEXT('2D SPACE',''
  ) );
#9926 = ORIENTED_EDGE('',*,*,#2517,.F.);
#9927 = ORIENTED_EDGE('',*,*,#9807,.F.);
#9928 = ADVANCED_FACE('',(#9929),#4446,.F.);
#9929 = FACE_BOUND('',#9930,.T.);
#9930 = EDGE_LOOP('',(#9931,#9955,#9956,#9957));
#9931 = ORIENTED_EDGE('',*,*,#9932,.F.);
#9932 = EDGE_CURVE('',#9834,#9933,#9935,.T.);
#9933 = VERTEX_POINT('',#9934);
#9934 = CARTESIAN_POINT('',(134.78152266401,-52.7500000085,3.));
#9935 = SURFACE_CURVE('',#9936,(#9941,#9948),.PCURVE_S1.);
#9936 = CIRCLE('',#9937,1.751337251648);
#9937 = AXIS2_PLACEMENT_3D('',#9938,#9939,#9940);
#9938 = CARTESIAN_POINT('',(134.76485339731,-50.99874208787,3.));
#9939 = DIRECTION('',(0.,0.,1.));
#9940 = DIRECTION('',(-0.990006765338,-0.141019873011,0.));
#9941 = PCURVE('',#4446,#9942);
#9942 = DEFINITIONAL_REPRESENTATION('',(#9943),#9947);
#9943 = LINE('',#9944,#9945);
#9944 = CARTESIAN_POINT('',(-0.,0.));
#9945 = VECTOR('',#9946,1.);
#9946 = DIRECTION('',(-1.,0.));
#9947 = ( GEOMETRIC_REPRESENTATION_CONTEXT(2) 
PARAMETRIC_REPRESENTATION_CONTEXT() REPRESENTATION_CONTEXT('2D SPACE',''
  ) );
#9948 = PCURVE('',#7128,#9949);
#9949 = DEFINITIONAL_REPRESENTATION('',(#9950),#9954);
#9950 = CIRCLE('',#9951,1.751337251648);
#9951 = AXIS2_PLACEMENT_2D('',#9952,#9953);
#9952 = CARTESIAN_POINT('',(-71.69596184591,16.798975468594));
#9953 = DIRECTION('',(-0.990006765338,-0.141019873011));
#9954 = ( GEOMETRIC_REPRESENTATION_CONTEXT(2) 
PARAMETRIC_REPRESENTATION_CONTEXT() REPRESENTATION_CONTEXT('2D SPACE',''
  ) );
#9955 = ORIENTED_EDGE('',*,*,#9858,.T.);
#9956 = ORIENTED_EDGE('',*,*,#4425,.F.);
#9957 = ORIENTED_EDGE('',*,*,#9958,.F.);
#9958 = EDGE_CURVE('',#9933,#4400,#9959,.T.);
#9959 = SURFACE_CURVE('',#9960,(#9964,#9971),.PCURVE_S1.);
#9960 = LINE('',#9961,#9962);
#9961 = CARTESIAN_POINT('',(134.78152266401,-52.7500000085,3.));
#9962 = VECTOR('',#9963,1.);
#9963 = DIRECTION('',(0.,0.,1.));
#9964 = PCURVE('',#4446,#9965);
#9965 = DEFINITIONAL_REPRESENTATION('',(#9966),#9970);
#9966 = LINE('',#9967,#9968);
#9967 = CARTESIAN_POINT('',(-1.438822985593,0.));
#9968 = VECTOR('',#9969,1.);
#9969 = DIRECTION('',(-0.,-1.));
#9970 = ( GEOMETRIC_REPRESENTATION_CONTEXT(2) 
PARAMETRIC_REPRESENTATION_CONTEXT() REPRESENTATION_CONTEXT('2D SPACE',''
  ) );
#9971 = PCURVE('',#4414,#9972);
#9972 = DEFINITIONAL_REPRESENTATION('',(#9973),#9977);
#9973 = LINE('',#9974,#9975);
#9974 = CARTESIAN_POINT('',(0.,0.));
#9975 = VECTOR('',#9976,1.);
#9976 = DIRECTION('',(0.,-1.));
#9977 = ( GEOMETRIC_REPRESENTATION_CONTEXT(2) 
PARAMETRIC_REPRESENTATION_CONTEXT() REPRESENTATION_CONTEXT('2D SPACE',''
  ) );
#9978 = ADVANCED_FACE('',(#9979),#2565,.T.);
#9979 = FACE_BOUND('',#9980,.T.);
#9980 = EDGE_LOOP('',(#9981,#10002,#10003,#10004));
#9981 = ORIENTED_EDGE('',*,*,#9982,.F.);
#9982 = EDGE_CURVE('',#9462,#9883,#9983,.T.);
#9983 = SURFACE_CURVE('',#9984,(#9988,#9995),.PCURVE_S1.);
#9984 = LINE('',#9985,#9986);
#9985 = CARTESIAN_POINT('',(274.5,-42.83125,9.85));
#9986 = VECTOR('',#9987,1.);
#9987 = DIRECTION('',(-2.785593440065E-03,0.999996120227,0.));
#9988 = PCURVE('',#2565,#9989);
#9989 = DEFINITIONAL_REPRESENTATION('',(#9990),#9994);
#9990 = LINE('',#9991,#9992);
#9991 = CARTESIAN_POINT('',(0.,0.));
#9992 = VECTOR('',#9993,1.);
#9993 = DIRECTION('',(1.,0.));
#9994 = ( GEOMETRIC_REPRESENTATION_CONTEXT(2) 
PARAMETRIC_REPRESENTATION_CONTEXT() REPRESENTATION_CONTEXT('2D SPACE',''
  ) );
#9995 = PCURVE('',#9497,#9996);
#9996 = DEFINITIONAL_REPRESENTATION('',(#9997),#10001);
#9997 = LINE('',#9998,#9999);
#9998 = CARTESIAN_POINT('',(5.5,-1.75));
#9999 = VECTOR('',#10000,1.);
#10000 = DIRECTION('',(-2.785593440065E-03,0.999996120227));
#10001 = ( GEOMETRIC_REPRESENTATION_CONTEXT(2) 
PARAMETRIC_REPRESENTATION_CONTEXT() REPRESENTATION_CONTEXT('2D SPACE',''
  ) );
#10002 = ORIENTED_EDGE('',*,*,#9461,.F.);
#10003 = ORIENTED_EDGE('',*,*,#2550,.F.);
#10004 = ORIENTED_EDGE('',*,*,#9906,.F.);
#10005 = ADVANCED_FACE('',(#10006),#4414,.T.);
#10006 = FACE_BOUND('',#10007,.T.);
#10007 = EDGE_LOOP('',(#10008,#10031,#10032,#10033));
#10008 = ORIENTED_EDGE('',*,*,#10009,.F.);
#10009 = EDGE_CURVE('',#9933,#10010,#10012,.T.);
#10010 = VERTEX_POINT('',#10011);
#10011 = CARTESIAN_POINT('',(149.65326447854,-52.77010152518,3.));
#10012 = SURFACE_CURVE('',#10013,(#10017,#10024),.PCURVE_S1.);
#10013 = LINE('',#10014,#10015);
#10014 = CARTESIAN_POINT('',(134.78152266401,-52.7500000085,3.));
#10015 = VECTOR('',#10016,1.);
#10016 = DIRECTION('',(0.999999086511,-1.351657295367E-03,0.));
#10017 = PCURVE('',#4414,#10018);
#10018 = DEFINITIONAL_REPRESENTATION('',(#10019),#10023);
#10019 = LINE('',#10020,#10021);
#10020 = CARTESIAN_POINT('',(0.,0.));
#10021 = VECTOR('',#10022,1.);
#10022 = DIRECTION('',(1.,0.));
#10023 = ( GEOMETRIC_REPRESENTATION_CONTEXT(2) 
PARAMETRIC_REPRESENTATION_CONTEXT() REPRESENTATION_CONTEXT('2D SPACE',''
  ) );
#10024 = PCURVE('',#7128,#10025);
#10025 = DEFINITIONAL_REPRESENTATION('',(#10026),#10030);
#10026 = LINE('',#10027,#10028);
#10027 = CARTESIAN_POINT('',(-71.67929257921,15.047717547968));
#10028 = VECTOR('',#10029,1.);
#10029 = DIRECTION('',(0.999999086511,-1.351657295367E-03));
#10030 = ( GEOMETRIC_REPRESENTATION_CONTEXT(2) 
PARAMETRIC_REPRESENTATION_CONTEXT() REPRESENTATION_CONTEXT('2D SPACE',''
  ) );
#10031 = ORIENTED_EDGE('',*,*,#9958,.T.);
#10032 = ORIENTED_EDGE('',*,*,#4399,.F.);
#10033 = ORIENTED_EDGE('',*,*,#10034,.F.);
#10034 = EDGE_CURVE('',#10010,#4367,#10035,.T.);
#10035 = SURFACE_CURVE('',#10036,(#10040,#10047),.PCURVE_S1.);
#10036 = LINE('',#10037,#10038);
#10037 = CARTESIAN_POINT('',(149.65326447854,-52.77010152518,3.));
#10038 = VECTOR('',#10039,1.);
#10039 = DIRECTION('',(0.,0.,1.));
#10040 = PCURVE('',#4414,#10041);
#10041 = DEFINITIONAL_REPRESENTATION('',(#10042),#10046);
#10042 = LINE('',#10043,#10044);
#10043 = CARTESIAN_POINT('',(14.87175539972,0.));
#10044 = VECTOR('',#10045,1.);
#10045 = DIRECTION('',(0.,-1.));
#10046 = ( GEOMETRIC_REPRESENTATION_CONTEXT(2) 
PARAMETRIC_REPRESENTATION_CONTEXT() REPRESENTATION_CONTEXT('2D SPACE',''
  ) );
#10047 = PCURVE('',#4387,#10048);
#10048 = DEFINITIONAL_REPRESENTATION('',(#10049),#10053);
#10049 = LINE('',#10050,#10051);
#10050 = CARTESIAN_POINT('',(0.,0.));
#10051 = VECTOR('',#10052,1.);
#10052 = DIRECTION('',(0.,-1.));
#10053 = ( GEOMETRIC_REPRESENTATION_CONTEXT(2) 
PARAMETRIC_REPRESENTATION_CONTEXT() REPRESENTATION_CONTEXT('2D SPACE',''
  ) );
#10054 = ADVANCED_FACE('',(#10055),#4387,.T.);
#10055 = FACE_BOUND('',#10056,.T.);
#10056 = EDGE_LOOP('',(#10057,#10085,#10086,#10087));
#10057 = ORIENTED_EDGE('',*,*,#10058,.F.);
#10058 = EDGE_CURVE('',#10010,#10059,#10061,.T.);
#10059 = VERTEX_POINT('',#10060);
#10060 = CARTESIAN_POINT('',(153.5125,-57.03252881337,3.));
#10061 = SURFACE_CURVE('',#10062,(#10067,#10074),.PCURVE_S1.);
#10062 = CIRCLE('',#10063,4.252317423141);
#10063 = AXIS2_PLACEMENT_3D('',#10064,#10065,#10066);
#10064 = CARTESIAN_POINT('',(149.26027680372,-57.00422057813,3.));
#10065 = DIRECTION('',(0.,0.,-1.));
#10066 = DIRECTION('',(9.241729525817E-02,0.995720364127,0.));
#10067 = PCURVE('',#4387,#10068);
#10068 = DEFINITIONAL_REPRESENTATION('',(#10069),#10073);
#10069 = LINE('',#10070,#10071);
#10070 = CARTESIAN_POINT('',(0.,0.));
#10071 = VECTOR('',#10072,1.);
#10072 = DIRECTION('',(1.,0.));
#10073 = ( GEOMETRIC_REPRESENTATION_CONTEXT(2) 
PARAMETRIC_REPRESENTATION_CONTEXT() REPRESENTATION_CONTEXT('2D SPACE',''
  ) );
#10074 = PCURVE('',#7128,#10075);
#10075 = DEFINITIONAL_REPRESENTATION('',(#10076),#10084);
#10076 = ( BOUNDED_CURVE() B_SPLINE_CURVE(2,(#10077,#10078,#10079,#10080
    ,#10081,#10082,#10083),.UNSPECIFIED.,.T.,.F.) 
B_SPLINE_CURVE_WITH_KNOTS((1,2,2,2,2,1),(-2.094395102393,0.,
    2.094395102393,4.188790204786,6.28318530718,8.377580409573),
.UNSPECIFIED.) CURVE() GEOMETRIC_REPRESENTATION_ITEM() 
RATIONAL_B_SPLINE_CURVE((1.,0.5,1.,0.5,1.,0.5,1.)) REPRESENTATION_ITEM(
  '') );
#10077 = CARTESIAN_POINT('',(-56.80755076468,15.027616031287));
#10078 = CARTESIAN_POINT('',(-49.47384143967,14.34694141174));
#10079 = CARTESIAN_POINT('',(-53.73017761441,8.336100142084));
#10080 = CARTESIAN_POINT('',(-57.98651378916,2.325258872427));
#10081 = CARTESIAN_POINT('',(-61.06388693942,9.01677476163));
#10082 = CARTESIAN_POINT('',(-64.14126008969,15.708290650833));
#10083 = CARTESIAN_POINT('',(-56.80755076468,15.027616031287));
#10084 = ( GEOMETRIC_REPRESENTATION_CONTEXT(2) 
PARAMETRIC_REPRESENTATION_CONTEXT() REPRESENTATION_CONTEXT('2D SPACE',''
  ) );
#10085 = ORIENTED_EDGE('',*,*,#10034,.T.);
#10086 = ORIENTED_EDGE('',*,*,#4366,.T.);
#10087 = ORIENTED_EDGE('',*,*,#10088,.F.);
#10088 = EDGE_CURVE('',#10059,#4341,#10089,.T.);
#10089 = SURFACE_CURVE('',#10090,(#10094,#10101),.PCURVE_S1.);
#10090 = LINE('',#10091,#10092);
#10091 = CARTESIAN_POINT('',(153.5125,-57.03252881337,3.));
#10092 = VECTOR('',#10093,1.);
#10093 = DIRECTION('',(0.,0.,1.));
#10094 = PCURVE('',#4387,#10095);
#10095 = DEFINITIONAL_REPRESENTATION('',(#10096),#10100);
#10096 = LINE('',#10097,#10098);
#10097 = CARTESIAN_POINT('',(1.484904148408,0.));
#10098 = VECTOR('',#10099,1.);
#10099 = DIRECTION('',(0.,-1.));
#10100 = ( GEOMETRIC_REPRESENTATION_CONTEXT(2) 
PARAMETRIC_REPRESENTATION_CONTEXT() REPRESENTATION_CONTEXT('2D SPACE',''
  ) );
#10101 = PCURVE('',#4355,#10102);
#10102 = DEFINITIONAL_REPRESENTATION('',(#10103),#10107);
#10103 = LINE('',#10104,#10105);
#10104 = CARTESIAN_POINT('',(0.,0.));
#10105 = VECTOR('',#10106,1.);
#10106 = DIRECTION('',(0.,-1.));
#10107 = ( GEOMETRIC_REPRESENTATION_CONTEXT(2) 
PARAMETRIC_REPRESENTATION_CONTEXT() REPRESENTATION_CONTEXT('2D SPACE',''
  ) );
#10108 = ADVANCED_FACE('',(#10109),#2618,.F.);
#10109 = FACE_BOUND('',#10110,.T.);
#10110 = EDGE_LOOP('',(#10111,#10135,#10156,#10157));
#10111 = ORIENTED_EDGE('',*,*,#10112,.F.);
#10112 = EDGE_CURVE('',#10113,#9417,#10115,.T.);
#10113 = VERTEX_POINT('',#10114);
#10114 = CARTESIAN_POINT('',(289.3439823302,-43.5855345553,3.));
#10115 = SURFACE_CURVE('',#10116,(#10121,#10128),.PCURVE_S1.);
#10116 = CIRCLE('',#10117,1.751337251639);
#10117 = AXIS2_PLACEMENT_3D('',#10118,#10119,#10120);
#10118 = CARTESIAN_POINT('',(287.61014660269,-43.83250791211,3.));
#10119 = DIRECTION('',(0.,0.,1.));
#10120 = DIRECTION('',(0.990006765339,0.141019873006,-0.));
#10121 = PCURVE('',#2618,#10122);
#10122 = DEFINITIONAL_REPRESENTATION('',(#10123),#10127);
#10123 = LINE('',#10124,#10125);
#10124 = CARTESIAN_POINT('',(-0.,0.));
#10125 = VECTOR('',#10126,1.);
#10126 = DIRECTION('',(-1.,0.));
#10127 = ( GEOMETRIC_REPRESENTATION_CONTEXT(2) 
PARAMETRIC_REPRESENTATION_CONTEXT() REPRESENTATION_CONTEXT('2D SPACE',''
  ) );
#10128 = PCURVE('',#7128,#10129);
#10129 = DEFINITIONAL_REPRESENTATION('',(#10130),#10134);
#10130 = CIRCLE('',#10131,1.751337251639);
#10131 = AXIS2_PLACEMENT_2D('',#10132,#10133);
#10132 = CARTESIAN_POINT('',(81.149331359462,23.965209644355));
#10133 = DIRECTION('',(0.990006765339,0.141019873006));
#10134 = ( GEOMETRIC_REPRESENTATION_CONTEXT(2) 
PARAMETRIC_REPRESENTATION_CONTEXT() REPRESENTATION_CONTEXT('2D SPACE',''
  ) );
#10135 = ORIENTED_EDGE('',*,*,#10136,.T.);
#10136 = EDGE_CURVE('',#10113,#2598,#10137,.T.);
#10137 = SURFACE_CURVE('',#10138,(#10142,#10149),.PCURVE_S1.);
#10138 = LINE('',#10139,#10140);
#10139 = CARTESIAN_POINT('',(289.3439823302,-43.5855345553,3.));
#10140 = VECTOR('',#10141,1.);
#10141 = DIRECTION('',(0.,0.,1.));
#10142 = PCURVE('',#2618,#10143);
#10143 = DEFINITIONAL_REPRESENTATION('',(#10144),#10148);
#10144 = LINE('',#10145,#10146);
#10145 = CARTESIAN_POINT('',(-0.,0.));
#10146 = VECTOR('',#10147,1.);
#10147 = DIRECTION('',(-0.,-1.));
#10148 = ( GEOMETRIC_REPRESENTATION_CONTEXT(2) 
PARAMETRIC_REPRESENTATION_CONTEXT() REPRESENTATION_CONTEXT('2D SPACE',''
  ) );
#10149 = PCURVE('',#2645,#10150);
#10150 = DEFINITIONAL_REPRESENTATION('',(#10151),#10155);
#10151 = LINE('',#10152,#10153);
#10152 = CARTESIAN_POINT('',(56.376695822529,0.));
#10153 = VECTOR('',#10154,1.);
#10154 = DIRECTION('',(0.,-1.));
#10155 = ( GEOMETRIC_REPRESENTATION_CONTEXT(2) 
PARAMETRIC_REPRESENTATION_CONTEXT() REPRESENTATION_CONTEXT('2D SPACE',''
  ) );
#10156 = ORIENTED_EDGE('',*,*,#2597,.F.);
#10157 = ORIENTED_EDGE('',*,*,#9439,.F.);
#10158 = ADVANCED_FACE('',(#10159),#4355,.T.);
#10159 = FACE_BOUND('',#10160,.T.);
#10160 = EDGE_LOOP('',(#10161,#10184,#10185,#10186));
#10161 = ORIENTED_EDGE('',*,*,#10162,.F.);
#10162 = EDGE_CURVE('',#10059,#10163,#10165,.T.);
#10163 = VERTEX_POINT('',#10164);
#10164 = CARTESIAN_POINT('',(153.53101766979,-73.2457154447,3.));
#10165 = SURFACE_CURVE('',#10166,(#10170,#10177),.PCURVE_S1.);
#10166 = LINE('',#10167,#10168);
#10167 = CARTESIAN_POINT('',(153.5125,-57.03252881337,3.));
#10168 = VECTOR('',#10169,1.);
#10169 = DIRECTION('',(1.142135604587E-03,-0.999999347763,0.));
#10170 = PCURVE('',#4355,#10171);
#10171 = DEFINITIONAL_REPRESENTATION('',(#10172),#10176);
#10172 = LINE('',#10173,#10174);
#10173 = CARTESIAN_POINT('',(0.,0.));
#10174 = VECTOR('',#10175,1.);
#10175 = DIRECTION('',(1.,0.));
#10176 = ( GEOMETRIC_REPRESENTATION_CONTEXT(2) 
PARAMETRIC_REPRESENTATION_CONTEXT() REPRESENTATION_CONTEXT('2D SPACE',''
  ) );
#10177 = PCURVE('',#7128,#10178);
#10178 = DEFINITIONAL_REPRESENTATION('',(#10179),#10183);
#10179 = LINE('',#10180,#10181);
#10180 = CARTESIAN_POINT('',(-52.94831524323,10.765188743098));
#10181 = VECTOR('',#10182,1.);
#10182 = DIRECTION('',(1.142135604587E-03,-0.999999347763));
#10183 = ( GEOMETRIC_REPRESENTATION_CONTEXT(2) 
PARAMETRIC_REPRESENTATION_CONTEXT() REPRESENTATION_CONTEXT('2D SPACE',''
  ) );
#10184 = ORIENTED_EDGE('',*,*,#10088,.T.);
#10185 = ORIENTED_EDGE('',*,*,#4340,.F.);
#10186 = ORIENTED_EDGE('',*,*,#10187,.F.);
#10187 = EDGE_CURVE('',#10163,#4308,#10188,.T.);
#10188 = SURFACE_CURVE('',#10189,(#10193,#10200),.PCURVE_S1.);
#10189 = LINE('',#10190,#10191);
#10190 = CARTESIAN_POINT('',(153.53101766979,-73.2457154447,3.));
#10191 = VECTOR('',#10192,1.);
#10192 = DIRECTION('',(0.,0.,1.));
#10193 = PCURVE('',#4355,#10194);
#10194 = DEFINITIONAL_REPRESENTATION('',(#10195),#10199);
#10195 = LINE('',#10196,#10197);
#10196 = CARTESIAN_POINT('',(16.213197206178,0.));
#10197 = VECTOR('',#10198,1.);
#10198 = DIRECTION('',(0.,-1.));
#10199 = ( GEOMETRIC_REPRESENTATION_CONTEXT(2) 
PARAMETRIC_REPRESENTATION_CONTEXT() REPRESENTATION_CONTEXT('2D SPACE',''
  ) );
#10200 = PCURVE('',#4328,#10201);
#10201 = DEFINITIONAL_REPRESENTATION('',(#10202),#10206);
#10202 = LINE('',#10203,#10204);
#10203 = CARTESIAN_POINT('',(-0.,0.));
#10204 = VECTOR('',#10205,1.);
#10205 = DIRECTION('',(-0.,-1.));
#10206 = ( GEOMETRIC_REPRESENTATION_CONTEXT(2) 
PARAMETRIC_REPRESENTATION_CONTEXT() REPRESENTATION_CONTEXT('2D SPACE',''
  ) );
#10207 = ADVANCED_FACE('',(#10208),#2645,.T.);
#10208 = FACE_BOUND('',#10209,.T.);
#10209 = EDGE_LOOP('',(#10210,#10233,#10254,#10255,#10276,#10302,#10321,
    #10322));
#10210 = ORIENTED_EDGE('',*,*,#10211,.F.);
#10211 = EDGE_CURVE('',#10212,#10113,#10214,.T.);
#10212 = VERTEX_POINT('',#10213);
#10213 = CARTESIAN_POINT('',(289.3625000085,-99.96222733664,3.));
#10214 = SURFACE_CURVE('',#10215,(#10219,#10226),.PCURVE_S1.);
#10215 = LINE('',#10216,#10217);
#10216 = CARTESIAN_POINT('',(289.3625000085,-99.96222733664,3.));
#10217 = VECTOR('',#10218,1.);
#10218 = DIRECTION('',(-3.284633486839E-04,0.999999946056,0.));
#10219 = PCURVE('',#2645,#10220);
#10220 = DEFINITIONAL_REPRESENTATION('',(#10221),#10225);
#10221 = LINE('',#10222,#10223);
#10222 = CARTESIAN_POINT('',(0.,0.));
#10223 = VECTOR('',#10224,1.);
#10224 = DIRECTION('',(1.,0.));
#10225 = ( GEOMETRIC_REPRESENTATION_CONTEXT(2) 
PARAMETRIC_REPRESENTATION_CONTEXT() REPRESENTATION_CONTEXT('2D SPACE',''
  ) );
#10226 = PCURVE('',#7128,#10227);
#10227 = DEFINITIONAL_REPRESENTATION('',(#10228),#10232);
#10228 = LINE('',#10229,#10230);
#10229 = CARTESIAN_POINT('',(82.901684765273,-32.16450978016));
#10230 = VECTOR('',#10231,1.);
#10231 = DIRECTION('',(-3.284633486839E-04,0.999999946056));
#10232 = ( GEOMETRIC_REPRESENTATION_CONTEXT(2) 
PARAMETRIC_REPRESENTATION_CONTEXT() REPRESENTATION_CONTEXT('2D SPACE',''
  ) );
#10233 = ORIENTED_EDGE('',*,*,#10234,.T.);
#10234 = EDGE_CURVE('',#10212,#2801,#10235,.T.);
#10235 = SURFACE_CURVE('',#10236,(#10240,#10247),.PCURVE_S1.);
#10236 = LINE('',#10237,#10238);
#10237 = CARTESIAN_POINT('',(289.3625000085,-99.96222733664,3.));
#10238 = VECTOR('',#10239,1.);
#10239 = DIRECTION('',(0.,0.,1.));
#10240 = PCURVE('',#2645,#10241);
#10241 = DEFINITIONAL_REPRESENTATION('',(#10242),#10246);
#10242 = LINE('',#10243,#10244);
#10243 = CARTESIAN_POINT('',(0.,0.));
#10244 = VECTOR('',#10245,1.);
#10245 = DIRECTION('',(0.,-1.));
#10246 = ( GEOMETRIC_REPRESENTATION_CONTEXT(2) 
PARAMETRIC_REPRESENTATION_CONTEXT() REPRESENTATION_CONTEXT('2D SPACE',''
  ) );
#10247 = PCURVE('',#2842,#10248);
#10248 = DEFINITIONAL_REPRESENTATION('',(#10249),#10253);
#10249 = LINE('',#10250,#10251);
#10250 = CARTESIAN_POINT('',(-1.438822985231,0.));
#10251 = VECTOR('',#10252,1.);
#10252 = DIRECTION('',(-0.,-1.));
#10253 = ( GEOMETRIC_REPRESENTATION_CONTEXT(2) 
PARAMETRIC_REPRESENTATION_CONTEXT() REPRESENTATION_CONTEXT('2D SPACE',''
  ) );
#10254 = ORIENTED_EDGE('',*,*,#2800,.F.);
#10255 = ORIENTED_EDGE('',*,*,#10256,.T.);
#10256 = EDGE_CURVE('',#2775,#10257,#10259,.T.);
#10257 = VERTEX_POINT('',#10258);
#10258 = CARTESIAN_POINT('',(289.35508846391,-77.39793144242,9.85));
#10259 = SURFACE_CURVE('',#10260,(#10264,#10270),.PCURVE_S1.);
#10260 = LINE('',#10261,#10262);
#10261 = CARTESIAN_POINT('',(289.35508846391,-77.39793144242,6.425));
#10262 = VECTOR('',#10263,1.);
#10263 = DIRECTION('',(-0.,0.,-1.));
#10264 = PCURVE('',#2645,#10265);
#10265 = DEFINITIONAL_REPRESENTATION('',(#10266),#10269);
#10266 = B_SPLINE_CURVE_WITH_KNOTS('',1,(#10267,#10268),.UNSPECIFIED.,
  .F.,.F.,(2,2),(-5.675,-3.425),.PIECEWISE_BEZIER_KNOTS.);
#10267 = CARTESIAN_POINT('',(22.564297111429,-9.1));
#10268 = CARTESIAN_POINT('',(22.564297111429,-6.85));
#10269 = ( GEOMETRIC_REPRESENTATION_CONTEXT(2) 
PARAMETRIC_REPRESENTATION_CONTEXT() REPRESENTATION_CONTEXT('2D SPACE',''
  ) );
#10270 = PCURVE('',#2789,#10271);
#10271 = DEFINITIONAL_REPRESENTATION('',(#10272),#10275);
#10272 = B_SPLINE_CURVE_WITH_KNOTS('',1,(#10273,#10274),.UNSPECIFIED.,
  .F.,.F.,(2,2),(-5.675,-3.425),.PIECEWISE_BEZIER_KNOTS.);
#10273 = CARTESIAN_POINT('',(0.742591345001,-2.25));
#10274 = CARTESIAN_POINT('',(0.742591345001,0.));
#10275 = ( GEOMETRIC_REPRESENTATION_CONTEXT(2) 
PARAMETRIC_REPRESENTATION_CONTEXT() REPRESENTATION_CONTEXT('2D SPACE',''
  ) );
#10276 = ORIENTED_EDGE('',*,*,#10277,.T.);
#10277 = EDGE_CURVE('',#10257,#10278,#10280,.T.);
#10278 = VERTEX_POINT('',#10279);
#10279 = CARTESIAN_POINT('',(289.35147857257,-66.40769111301,9.85));
#10280 = SURFACE_CURVE('',#10281,(#10285,#10291),.PCURVE_S1.);
#10281 = LINE('',#10282,#10283);
#10282 = CARTESIAN_POINT('',(289.35789135611,-85.93127941377,9.85));
#10283 = VECTOR('',#10284,1.);
#10284 = DIRECTION('',(-3.284633486839E-04,0.999999946056,0.));
#10285 = PCURVE('',#2645,#10286);
#10286 = DEFINITIONAL_REPRESENTATION('',(#10287),#10290);
#10287 = B_SPLINE_CURVE_WITH_KNOTS('',1,(#10288,#10289),.UNSPECIFIED.,
  .F.,.F.,(2,2),(8.531279873987,19.531280467372),
  .PIECEWISE_BEZIER_KNOTS.);
#10288 = CARTESIAN_POINT('',(22.562228553738,-6.85));
#10289 = CARTESIAN_POINT('',(33.562229147123,-6.85));
#10290 = ( GEOMETRIC_REPRESENTATION_CONTEXT(2) 
PARAMETRIC_REPRESENTATION_CONTEXT() REPRESENTATION_CONTEXT('2D SPACE',''
  ) );
#10291 = PCURVE('',#10292,#10297);
#10292 = PLANE('',#10293);
#10293 = AXIS2_PLACEMENT_3D('',#10294,#10295,#10296);
#10294 = CARTESIAN_POINT('',(290.3625,-71.9,9.85));
#10295 = DIRECTION('',(0.,0.,1.));
#10296 = DIRECTION('',(1.,0.,-0.));
#10297 = DEFINITIONAL_REPRESENTATION('',(#10298),#10301);
#10298 = B_SPLINE_CURVE_WITH_KNOTS('',1,(#10299,#10300),.UNSPECIFIED.,
  .F.,.F.,(2,2),(8.531279873987,19.531280467372),
  .PIECEWISE_BEZIER_KNOTS.);
#10299 = CARTESIAN_POINT('',(-1.00741085664,-5.5));
#10300 = CARTESIAN_POINT('',(-1.01102395367,5.5));
#10301 = ( GEOMETRIC_REPRESENTATION_CONTEXT(2) 
PARAMETRIC_REPRESENTATION_CONTEXT() REPRESENTATION_CONTEXT('2D SPACE',''
  ) );
#10302 = ORIENTED_EDGE('',*,*,#10303,.T.);
#10303 = EDGE_CURVE('',#10278,#2631,#10304,.T.);
#10304 = SURFACE_CURVE('',#10305,(#10309,#10315),.PCURVE_S1.);
#10305 = LINE('',#10306,#10307);
#10306 = CARTESIAN_POINT('',(289.35147857257,-66.40769111301,6.425));
#10307 = VECTOR('',#10308,1.);
#10308 = DIRECTION('',(0.,0.,1.));
#10309 = PCURVE('',#2645,#10310);
#10310 = DEFINITIONAL_REPRESENTATION('',(#10311),#10314);
#10311 = B_SPLINE_CURVE_WITH_KNOTS('',1,(#10312,#10313),.UNSPECIFIED.,
  .F.,.F.,(2,2),(3.425,5.675),.PIECEWISE_BEZIER_KNOTS.);
#10312 = CARTESIAN_POINT('',(33.554538033693,-6.85));
#10313 = CARTESIAN_POINT('',(33.554538033693,-9.1));
#10314 = ( GEOMETRIC_REPRESENTATION_CONTEXT(2) 
PARAMETRIC_REPRESENTATION_CONTEXT() REPRESENTATION_CONTEXT('2D SPACE',''
  ) );
#10315 = PCURVE('',#2671,#10316);
#10316 = DEFINITIONAL_REPRESENTATION('',(#10317),#10320);
#10317 = B_SPLINE_CURVE_WITH_KNOTS('',1,(#10318,#10319),.UNSPECIFIED.,
  .F.,.F.,(2,2),(3.425,5.675),.PIECEWISE_BEZIER_KNOTS.);
#10318 = CARTESIAN_POINT('',(2.761032139599,0.));
#10319 = CARTESIAN_POINT('',(2.761032139599,-2.25));
#10320 = ( GEOMETRIC_REPRESENTATION_CONTEXT(2) 
PARAMETRIC_REPRESENTATION_CONTEXT() REPRESENTATION_CONTEXT('2D SPACE',''
  ) );
#10321 = ORIENTED_EDGE('',*,*,#2630,.F.);
#10322 = ORIENTED_EDGE('',*,*,#10136,.F.);
#10323 = ADVANCED_FACE('',(#10324),#4328,.F.);
#10324 = FACE_BOUND('',#10325,.T.);
#10325 = EDGE_LOOP('',(#10326,#10350,#10351,#10352));
#10326 = ORIENTED_EDGE('',*,*,#10327,.F.);
#10327 = EDGE_CURVE('',#10163,#10328,#10330,.T.);
#10328 = VERTEX_POINT('',#10329);
#10329 = CARTESIAN_POINT('',(155.28152266411,-74.7500000085,3.));
#10330 = SURFACE_CURVE('',#10331,(#10336,#10343),.PCURVE_S1.);
#10331 = CIRCLE('',#10332,1.75133725165);
#10332 = AXIS2_PLACEMENT_3D('',#10333,#10334,#10335);
#10333 = CARTESIAN_POINT('',(155.26485339731,-72.99874208787,3.));
#10334 = DIRECTION('',(0.,0.,1.));
#10335 = DIRECTION('',(-0.990006765339,-0.14101987301,0.));
#10336 = PCURVE('',#4328,#10337);
#10337 = DEFINITIONAL_REPRESENTATION('',(#10338),#10342);
#10338 = LINE('',#10339,#10340);
#10339 = CARTESIAN_POINT('',(-0.,0.));
#10340 = VECTOR('',#10341,1.);
#10341 = DIRECTION('',(-1.,0.));
#10342 = ( GEOMETRIC_REPRESENTATION_CONTEXT(2) 
PARAMETRIC_REPRESENTATION_CONTEXT() REPRESENTATION_CONTEXT('2D SPACE',''
  ) );
#10343 = PCURVE('',#7128,#10344);
#10344 = DEFINITIONAL_REPRESENTATION('',(#10345),#10349);
#10345 = CIRCLE('',#10346,1.75133725165);
#10346 = AXIS2_PLACEMENT_2D('',#10347,#10348);
#10347 = CARTESIAN_POINT('',(-51.19596184591,-5.201024531405));
#10348 = DIRECTION('',(-0.990006765339,-0.14101987301));
#10349 = ( GEOMETRIC_REPRESENTATION_CONTEXT(2) 
PARAMETRIC_REPRESENTATION_CONTEXT() REPRESENTATION_CONTEXT('2D SPACE',''
  ) );
#10350 = ORIENTED_EDGE('',*,*,#10187,.T.);
#10351 = ORIENTED_EDGE('',*,*,#4307,.F.);
#10352 = ORIENTED_EDGE('',*,*,#10353,.F.);
#10353 = EDGE_CURVE('',#10328,#4282,#10354,.T.);
#10354 = SURFACE_CURVE('',#10355,(#10359,#10366),.PCURVE_S1.);
#10355 = LINE('',#10356,#10357);
#10356 = CARTESIAN_POINT('',(155.28152266411,-74.7500000085,3.));
#10357 = VECTOR('',#10358,1.);
#10358 = DIRECTION('',(0.,0.,1.));
#10359 = PCURVE('',#4328,#10360);
#10360 = DEFINITIONAL_REPRESENTATION('',(#10361),#10365);
#10361 = LINE('',#10362,#10363);
#10362 = CARTESIAN_POINT('',(-1.438822985649,0.));
#10363 = VECTOR('',#10364,1.);
#10364 = DIRECTION('',(-0.,-1.));
#10365 = ( GEOMETRIC_REPRESENTATION_CONTEXT(2) 
PARAMETRIC_REPRESENTATION_CONTEXT() REPRESENTATION_CONTEXT('2D SPACE',''
  ) );
#10366 = PCURVE('',#4296,#10367);
#10367 = DEFINITIONAL_REPRESENTATION('',(#10368),#10372);
#10368 = LINE('',#10369,#10370);
#10369 = CARTESIAN_POINT('',(0.,0.));
#10370 = VECTOR('',#10371,1.);
#10371 = DIRECTION('',(0.,-1.));
#10372 = ( GEOMETRIC_REPRESENTATION_CONTEXT(2) 
PARAMETRIC_REPRESENTATION_CONTEXT() REPRESENTATION_CONTEXT('2D SPACE',''
  ) );
#10373 = ADVANCED_FACE('',(#10374),#2671,.T.);
#10374 = FACE_BOUND('',#10375,.T.);
#10375 = EDGE_LOOP('',(#10376,#10399,#10420,#10421));
#10376 = ORIENTED_EDGE('',*,*,#10377,.F.);
#10377 = EDGE_CURVE('',#10378,#10278,#10380,.T.);
#10378 = VERTEX_POINT('',#10379);
#10379 = CARTESIAN_POINT('',(292.1125,-66.4,9.85));
#10380 = SURFACE_CURVE('',#10381,(#10385,#10392),.PCURVE_S1.);
#10381 = LINE('',#10382,#10383);
#10382 = CARTESIAN_POINT('',(292.1125,-66.4,9.85));
#10383 = VECTOR('',#10384,1.);
#10384 = DIRECTION('',(-0.999996120227,-2.785593440069E-03,0.));
#10385 = PCURVE('',#2671,#10386);
#10386 = DEFINITIONAL_REPRESENTATION('',(#10387),#10391);
#10387 = LINE('',#10388,#10389);
#10388 = CARTESIAN_POINT('',(0.,0.));
#10389 = VECTOR('',#10390,1.);
#10390 = DIRECTION('',(1.,0.));
#10391 = ( GEOMETRIC_REPRESENTATION_CONTEXT(2) 
PARAMETRIC_REPRESENTATION_CONTEXT() REPRESENTATION_CONTEXT('2D SPACE',''
  ) );
#10392 = PCURVE('',#10292,#10393);
#10393 = DEFINITIONAL_REPRESENTATION('',(#10394),#10398);
#10394 = LINE('',#10395,#10396);
#10395 = CARTESIAN_POINT('',(1.75,5.5));
#10396 = VECTOR('',#10397,1.);
#10397 = DIRECTION('',(-0.999996120227,-2.785593440069E-03));
#10398 = ( GEOMETRIC_REPRESENTATION_CONTEXT(2) 
PARAMETRIC_REPRESENTATION_CONTEXT() REPRESENTATION_CONTEXT('2D SPACE',''
  ) );
#10399 = ORIENTED_EDGE('',*,*,#10400,.T.);
#10400 = EDGE_CURVE('',#10378,#2657,#10401,.T.);
#10401 = SURFACE_CURVE('',#10402,(#10406,#10413),.PCURVE_S1.);
#10402 = LINE('',#10403,#10404);
#10403 = CARTESIAN_POINT('',(292.1125,-66.4,9.85));
#10404 = VECTOR('',#10405,1.);
#10405 = DIRECTION('',(0.,0.,1.));
#10406 = PCURVE('',#2671,#10407);
#10407 = DEFINITIONAL_REPRESENTATION('',(#10408),#10412);
#10408 = LINE('',#10409,#10410);
#10409 = CARTESIAN_POINT('',(0.,0.));
#10410 = VECTOR('',#10411,1.);
#10411 = DIRECTION('',(0.,-1.));
#10412 = ( GEOMETRIC_REPRESENTATION_CONTEXT(2) 
PARAMETRIC_REPRESENTATION_CONTEXT() REPRESENTATION_CONTEXT('2D SPACE',''
  ) );
#10413 = PCURVE('',#2703,#10414);
#10414 = DEFINITIONAL_REPRESENTATION('',(#10415),#10419);
#10415 = LINE('',#10416,#10417);
#10416 = CARTESIAN_POINT('',(-1.455531117313,0.));
#10417 = VECTOR('',#10418,1.);
#10418 = DIRECTION('',(-0.,-1.));
#10419 = ( GEOMETRIC_REPRESENTATION_CONTEXT(2) 
PARAMETRIC_REPRESENTATION_CONTEXT() REPRESENTATION_CONTEXT('2D SPACE',''
  ) );
#10420 = ORIENTED_EDGE('',*,*,#2656,.F.);
#10421 = ORIENTED_EDGE('',*,*,#10303,.F.);
#10422 = ADVANCED_FACE('',(#10423),#4296,.T.);
#10423 = FACE_BOUND('',#10424,.T.);
#10424 = EDGE_LOOP('',(#10425,#10448,#10449,#10450));
#10425 = ORIENTED_EDGE('',*,*,#10426,.F.);
#10426 = EDGE_CURVE('',#10328,#10427,#10429,.T.);
#10427 = VERTEX_POINT('',#10428);
#10428 = CARTESIAN_POINT('',(168.70326447854,-74.77010152518,3.));
#10429 = SURFACE_CURVE('',#10430,(#10434,#10441),.PCURVE_S1.);
#10430 = LINE('',#10431,#10432);
#10431 = CARTESIAN_POINT('',(155.28152266411,-74.7500000085,3.));
#10432 = VECTOR('',#10433,1.);
#10433 = DIRECTION('',(0.999998878474,-1.497681479386E-03,0.));
#10434 = PCURVE('',#4296,#10435);
#10435 = DEFINITIONAL_REPRESENTATION('',(#10436),#10440);
#10436 = LINE('',#10437,#10438);
#10437 = CARTESIAN_POINT('',(0.,0.));
#10438 = VECTOR('',#10439,1.);
#10439 = DIRECTION('',(1.,0.));
#10440 = ( GEOMETRIC_REPRESENTATION_CONTEXT(2) 
PARAMETRIC_REPRESENTATION_CONTEXT() REPRESENTATION_CONTEXT('2D SPACE',''
  ) );
#10441 = PCURVE('',#7128,#10442);
#10442 = DEFINITIONAL_REPRESENTATION('',(#10443),#10447);
#10443 = LINE('',#10444,#10445);
#10444 = CARTESIAN_POINT('',(-51.17929257911,-6.952282452032));
#10445 = VECTOR('',#10446,1.);
#10446 = DIRECTION('',(0.999998878474,-1.497681479386E-03));
#10447 = ( GEOMETRIC_REPRESENTATION_CONTEXT(2) 
PARAMETRIC_REPRESENTATION_CONTEXT() REPRESENTATION_CONTEXT('2D SPACE',''
  ) );
#10448 = ORIENTED_EDGE('',*,*,#10353,.T.);
#10449 = ORIENTED_EDGE('',*,*,#4281,.F.);
#10450 = ORIENTED_EDGE('',*,*,#10451,.F.);
#10451 = EDGE_CURVE('',#10427,#4249,#10452,.T.);
#10452 = SURFACE_CURVE('',#10453,(#10457,#10464),.PCURVE_S1.);
#10453 = LINE('',#10454,#10455);
#10454 = CARTESIAN_POINT('',(168.70326447854,-74.77010152518,3.));
#10455 = VECTOR('',#10456,1.);
#10456 = DIRECTION('',(0.,0.,1.));
#10457 = PCURVE('',#4296,#10458);
#10458 = DEFINITIONAL_REPRESENTATION('',(#10459),#10463);
#10459 = LINE('',#10460,#10461);
#10460 = CARTESIAN_POINT('',(13.421756867279,0.));
#10461 = VECTOR('',#10462,1.);
#10462 = DIRECTION('',(0.,-1.));
#10463 = ( GEOMETRIC_REPRESENTATION_CONTEXT(2) 
PARAMETRIC_REPRESENTATION_CONTEXT() REPRESENTATION_CONTEXT('2D SPACE',''
  ) );
#10464 = PCURVE('',#4269,#10465);
#10465 = DEFINITIONAL_REPRESENTATION('',(#10466),#10470);
#10466 = LINE('',#10467,#10468);
#10467 = CARTESIAN_POINT('',(0.,0.));
#10468 = VECTOR('',#10469,1.);
#10469 = DIRECTION('',(0.,-1.));
#10470 = ( GEOMETRIC_REPRESENTATION_CONTEXT(2) 
PARAMETRIC_REPRESENTATION_CONTEXT() REPRESENTATION_CONTEXT('2D SPACE',''
  ) );
#10471 = ADVANCED_FACE('',(#10472),#2703,.F.);
#10472 = FACE_BOUND('',#10473,.T.);
#10473 = EDGE_LOOP('',(#10474,#10498,#10519,#10520));
#10474 = ORIENTED_EDGE('',*,*,#10475,.F.);
#10475 = EDGE_CURVE('',#10476,#10378,#10478,.T.);
#10476 = VERTEX_POINT('',#10477);
#10477 = CARTESIAN_POINT('',(293.60227298165,-67.72861762244,9.85));
#10478 = SURFACE_CURVE('',#10479,(#10484,#10491),.PCURVE_S1.);
#10479 = CIRCLE('',#10480,1.500413123523);
#10480 = AXIS2_PLACEMENT_3D('',#10481,#10482,#10483);
#10481 = CARTESIAN_POINT('',(292.11172747232,-67.90041292464,9.85));
#10482 = DIRECTION('',(0.,0.,1.));
#10483 = DIRECTION('',(0.993423401836,0.11449866674,-0.));
#10484 = PCURVE('',#2703,#10485);
#10485 = DEFINITIONAL_REPRESENTATION('',(#10486),#10490);
#10486 = LINE('',#10487,#10488);
#10487 = CARTESIAN_POINT('',(-0.,0.));
#10488 = VECTOR('',#10489,1.);
#10489 = DIRECTION('',(-1.,0.));
#10490 = ( GEOMETRIC_REPRESENTATION_CONTEXT(2) 
PARAMETRIC_REPRESENTATION_CONTEXT() REPRESENTATION_CONTEXT('2D SPACE',''
  ) );
#10491 = PCURVE('',#10292,#10492);
#10492 = DEFINITIONAL_REPRESENTATION('',(#10493),#10497);
#10493 = CIRCLE('',#10494,1.500413123523);
#10494 = AXIS2_PLACEMENT_2D('',#10495,#10496);
#10495 = CARTESIAN_POINT('',(1.749227472325,3.999587075355));
#10496 = DIRECTION('',(0.993423401836,0.11449866674));
#10497 = ( GEOMETRIC_REPRESENTATION_CONTEXT(2) 
PARAMETRIC_REPRESENTATION_CONTEXT() REPRESENTATION_CONTEXT('2D SPACE',''
  ) );
#10498 = ORIENTED_EDGE('',*,*,#10499,.T.);
#10499 = EDGE_CURVE('',#10476,#2683,#10500,.T.);
#10500 = SURFACE_CURVE('',#10501,(#10505,#10512),.PCURVE_S1.);
#10501 = LINE('',#10502,#10503);
#10502 = CARTESIAN_POINT('',(293.60227298165,-67.72861762244,9.85));
#10503 = VECTOR('',#10504,1.);
#10504 = DIRECTION('',(0.,0.,1.));
#10505 = PCURVE('',#2703,#10506);
#10506 = DEFINITIONAL_REPRESENTATION('',(#10507),#10511);
#10507 = LINE('',#10508,#10509);
#10508 = CARTESIAN_POINT('',(-0.,0.));
#10509 = VECTOR('',#10510,1.);
#10510 = DIRECTION('',(-0.,-1.));
#10511 = ( GEOMETRIC_REPRESENTATION_CONTEXT(2) 
PARAMETRIC_REPRESENTATION_CONTEXT() REPRESENTATION_CONTEXT('2D SPACE',''
  ) );
#10512 = PCURVE('',#2730,#10513);
#10513 = DEFINITIONAL_REPRESENTATION('',(#10514),#10518);
#10514 = LINE('',#10515,#10516);
#10515 = CARTESIAN_POINT('',(8.171388777445,0.));
#10516 = VECTOR('',#10517,1.);
#10517 = DIRECTION('',(0.,-1.));
#10518 = ( GEOMETRIC_REPRESENTATION_CONTEXT(2) 
PARAMETRIC_REPRESENTATION_CONTEXT() REPRESENTATION_CONTEXT('2D SPACE',''
  ) );
#10519 = ORIENTED_EDGE('',*,*,#2682,.F.);
#10520 = ORIENTED_EDGE('',*,*,#10400,.F.);
#10521 = ADVANCED_FACE('',(#10522),#4269,.T.);
#10522 = FACE_BOUND('',#10523,.T.);
#10523 = EDGE_LOOP('',(#10524,#10552,#10553,#10554));
#10524 = ORIENTED_EDGE('',*,*,#10525,.F.);
#10525 = EDGE_CURVE('',#10427,#10526,#10528,.T.);
#10526 = VERTEX_POINT('',#10527);
#10527 = CARTESIAN_POINT('',(172.5625,-79.03252881337,3.));
#10528 = SURFACE_CURVE('',#10529,(#10534,#10541),.PCURVE_S1.);
#10529 = CIRCLE('',#10530,4.252317423141);
#10530 = AXIS2_PLACEMENT_3D('',#10531,#10532,#10533);
#10531 = CARTESIAN_POINT('',(168.31027680372,-79.00422057813,3.));
#10532 = DIRECTION('',(0.,0.,-1.));
#10533 = DIRECTION('',(9.241729525828E-02,0.995720364127,0.));
#10534 = PCURVE('',#4269,#10535);
#10535 = DEFINITIONAL_REPRESENTATION('',(#10536),#10540);
#10536 = LINE('',#10537,#10538);
#10537 = CARTESIAN_POINT('',(0.,0.));
#10538 = VECTOR('',#10539,1.);
#10539 = DIRECTION('',(1.,0.));
#10540 = ( GEOMETRIC_REPRESENTATION_CONTEXT(2) 
PARAMETRIC_REPRESENTATION_CONTEXT() REPRESENTATION_CONTEXT('2D SPACE',''
  ) );
#10541 = PCURVE('',#7128,#10542);
#10542 = DEFINITIONAL_REPRESENTATION('',(#10543),#10551);
#10543 = ( BOUNDED_CURVE() B_SPLINE_CURVE(2,(#10544,#10545,#10546,#10547
    ,#10548,#10549,#10550),.UNSPECIFIED.,.T.,.F.) 
B_SPLINE_CURVE_WITH_KNOTS((1,2,2,2,2,1),(-2.094395102393,0.,
    2.094395102393,4.188790204786,6.28318530718,8.377580409573),
.UNSPECIFIED.) CURVE() GEOMETRIC_REPRESENTATION_ITEM() 
RATIONAL_B_SPLINE_CURVE((1.,0.5,1.,0.5,1.,0.5,1.)) REPRESENTATION_ITEM(
  '') );
#10544 = CARTESIAN_POINT('',(-37.75755076468,-6.972383968713));
#10545 = CARTESIAN_POINT('',(-30.42384143967,-7.653058588261));
#10546 = CARTESIAN_POINT('',(-34.68017761441,-13.66389985791));
#10547 = CARTESIAN_POINT('',(-38.93651378916,-19.67474112757));
#10548 = CARTESIAN_POINT('',(-42.01388693942,-12.98322523837));
#10549 = CARTESIAN_POINT('',(-45.09126008969,-6.291709349166));
#10550 = CARTESIAN_POINT('',(-37.75755076468,-6.972383968713));
#10551 = ( GEOMETRIC_REPRESENTATION_CONTEXT(2) 
PARAMETRIC_REPRESENTATION_CONTEXT() REPRESENTATION_CONTEXT('2D SPACE',''
  ) );
#10552 = ORIENTED_EDGE('',*,*,#10451,.T.);
#10553 = ORIENTED_EDGE('',*,*,#4248,.T.);
#10554 = ORIENTED_EDGE('',*,*,#10555,.F.);
#10555 = EDGE_CURVE('',#10526,#4223,#10556,.T.);
#10556 = SURFACE_CURVE('',#10557,(#10561,#10568),.PCURVE_S1.);
#10557 = LINE('',#10558,#10559);
#10558 = CARTESIAN_POINT('',(172.5625,-79.03252881337,3.));
#10559 = VECTOR('',#10560,1.);
#10560 = DIRECTION('',(0.,0.,1.));
#10561 = PCURVE('',#4269,#10562);
#10562 = DEFINITIONAL_REPRESENTATION('',(#10563),#10567);
#10563 = LINE('',#10564,#10565);
#10564 = CARTESIAN_POINT('',(1.484904148409,0.));
#10565 = VECTOR('',#10566,1.);
#10566 = DIRECTION('',(0.,-1.));
#10567 = ( GEOMETRIC_REPRESENTATION_CONTEXT(2) 
PARAMETRIC_REPRESENTATION_CONTEXT() REPRESENTATION_CONTEXT('2D SPACE',''
  ) );
#10568 = PCURVE('',#4237,#10569);
#10569 = DEFINITIONAL_REPRESENTATION('',(#10570),#10574);
#10570 = LINE('',#10571,#10572);
#10571 = CARTESIAN_POINT('',(0.,0.));
#10572 = VECTOR('',#10573,1.);
#10573 = DIRECTION('',(0.,-1.));
#10574 = ( GEOMETRIC_REPRESENTATION_CONTEXT(2) 
PARAMETRIC_REPRESENTATION_CONTEXT() REPRESENTATION_CONTEXT('2D SPACE',''
  ) );
#10575 = ADVANCED_FACE('',(#10576),#2730,.T.);
#10576 = FACE_BOUND('',#10577,.T.);
#10577 = EDGE_LOOP('',(#10578,#10601,#10622,#10623));
#10578 = ORIENTED_EDGE('',*,*,#10579,.F.);
#10579 = EDGE_CURVE('',#10580,#10476,#10582,.T.);
#10580 = VERTEX_POINT('',#10581);
#10581 = CARTESIAN_POINT('',(293.6125,-75.9,9.85));
#10582 = SURFACE_CURVE('',#10583,(#10587,#10594),.PCURVE_S1.);
#10583 = LINE('',#10584,#10585);
#10584 = CARTESIAN_POINT('',(293.6125,-75.9,9.85));
#10585 = VECTOR('',#10586,1.);
#10586 = DIRECTION('',(-1.251564284114E-03,0.999999216793,0.));
#10587 = PCURVE('',#2730,#10588);
#10588 = DEFINITIONAL_REPRESENTATION('',(#10589),#10593);
#10589 = LINE('',#10590,#10591);
#10590 = CARTESIAN_POINT('',(0.,0.));
#10591 = VECTOR('',#10592,1.);
#10592 = DIRECTION('',(1.,0.));
#10593 = ( GEOMETRIC_REPRESENTATION_CONTEXT(2) 
PARAMETRIC_REPRESENTATION_CONTEXT() REPRESENTATION_CONTEXT('2D SPACE',''
  ) );
#10594 = PCURVE('',#10292,#10595);
#10595 = DEFINITIONAL_REPRESENTATION('',(#10596),#10600);
#10596 = LINE('',#10597,#10598);
#10597 = CARTESIAN_POINT('',(3.25,-4.));
#10598 = VECTOR('',#10599,1.);
#10599 = DIRECTION('',(-1.251564284114E-03,0.999999216793));
#10600 = ( GEOMETRIC_REPRESENTATION_CONTEXT(2) 
PARAMETRIC_REPRESENTATION_CONTEXT() REPRESENTATION_CONTEXT('2D SPACE',''
  ) );
#10601 = ORIENTED_EDGE('',*,*,#10602,.T.);
#10602 = EDGE_CURVE('',#10580,#2716,#10603,.T.);
#10603 = SURFACE_CURVE('',#10604,(#10608,#10615),.PCURVE_S1.);
#10604 = LINE('',#10605,#10606);
#10605 = CARTESIAN_POINT('',(293.6125,-75.9,9.85));
#10606 = VECTOR('',#10607,1.);
#10607 = DIRECTION('',(0.,0.,1.));
#10608 = PCURVE('',#2730,#10609);
#10609 = DEFINITIONAL_REPRESENTATION('',(#10610),#10614);
#10610 = LINE('',#10611,#10612);
#10611 = CARTESIAN_POINT('',(0.,0.));
#10612 = VECTOR('',#10613,1.);
#10613 = DIRECTION('',(0.,-1.));
#10614 = ( GEOMETRIC_REPRESENTATION_CONTEXT(2) 
PARAMETRIC_REPRESENTATION_CONTEXT() REPRESENTATION_CONTEXT('2D SPACE',''
  ) );
#10615 = PCURVE('',#2762,#10616);
#10616 = DEFINITIONAL_REPRESENTATION('',(#10617),#10621);
#10617 = LINE('',#10618,#10619);
#10618 = CARTESIAN_POINT('',(-1.455531117313,0.));
#10619 = VECTOR('',#10620,1.);
#10620 = DIRECTION('',(-0.,-1.));
#10621 = ( GEOMETRIC_REPRESENTATION_CONTEXT(2) 
PARAMETRIC_REPRESENTATION_CONTEXT() REPRESENTATION_CONTEXT('2D SPACE',''
  ) );
#10622 = ORIENTED_EDGE('',*,*,#2715,.F.);
#10623 = ORIENTED_EDGE('',*,*,#10499,.F.);
#10624 = ADVANCED_FACE('',(#10625),#4237,.T.);
#10625 = FACE_BOUND('',#10626,.T.);
#10626 = EDGE_LOOP('',(#10627,#10650,#10651,#10652));
#10627 = ORIENTED_EDGE('',*,*,#10628,.F.);
#10628 = EDGE_CURVE('',#10526,#10629,#10631,.T.);
#10629 = VERTEX_POINT('',#10630);
#10630 = CARTESIAN_POINT('',(172.54256289624,-91.05407481863,3.));
#10631 = SURFACE_CURVE('',#10632,(#10636,#10643),.PCURVE_S1.);
#10632 = LINE('',#10633,#10634);
#10633 = CARTESIAN_POINT('',(172.5625,-79.03252881337,3.));
#10634 = VECTOR('',#10635,1.);
#10635 = DIRECTION('',(-1.65844528925E-03,-0.999998624779,0.));
#10636 = PCURVE('',#4237,#10637);
#10637 = DEFINITIONAL_REPRESENTATION('',(#10638),#10642);
#10638 = LINE('',#10639,#10640);
#10639 = CARTESIAN_POINT('',(0.,0.));
#10640 = VECTOR('',#10641,1.);
#10641 = DIRECTION('',(1.,0.));
#10642 = ( GEOMETRIC_REPRESENTATION_CONTEXT(2) 
PARAMETRIC_REPRESENTATION_CONTEXT() REPRESENTATION_CONTEXT('2D SPACE',''
  ) );
#10643 = PCURVE('',#7128,#10644);
#10644 = DEFINITIONAL_REPRESENTATION('',(#10645),#10649);
#10645 = LINE('',#10646,#10647);
#10646 = CARTESIAN_POINT('',(-33.89831524323,-11.2348112569));
#10647 = VECTOR('',#10648,1.);
#10648 = DIRECTION('',(-1.65844528925E-03,-0.999998624779));
#10649 = ( GEOMETRIC_REPRESENTATION_CONTEXT(2) 
PARAMETRIC_REPRESENTATION_CONTEXT() REPRESENTATION_CONTEXT('2D SPACE',''
  ) );
#10650 = ORIENTED_EDGE('',*,*,#10555,.T.);
#10651 = ORIENTED_EDGE('',*,*,#4222,.F.);
#10652 = ORIENTED_EDGE('',*,*,#10653,.F.);
#10653 = EDGE_CURVE('',#10629,#4190,#10654,.T.);
#10654 = SURFACE_CURVE('',#10655,(#10659,#10666),.PCURVE_S1.);
#10655 = LINE('',#10656,#10657);
#10656 = CARTESIAN_POINT('',(172.54256289624,-91.05407481863,3.));
#10657 = VECTOR('',#10658,1.);
#10658 = DIRECTION('',(0.,0.,1.));
#10659 = PCURVE('',#4237,#10660);
#10660 = DEFINITIONAL_REPRESENTATION('',(#10661),#10665);
#10661 = LINE('',#10662,#10663);
#10662 = CARTESIAN_POINT('',(12.021562537562,0.));
#10663 = VECTOR('',#10664,1.);
#10664 = DIRECTION('',(0.,-1.));
#10665 = ( GEOMETRIC_REPRESENTATION_CONTEXT(2) 
PARAMETRIC_REPRESENTATION_CONTEXT() REPRESENTATION_CONTEXT('2D SPACE',''
  ) );
#10666 = PCURVE('',#4210,#10667);
#10667 = DEFINITIONAL_REPRESENTATION('',(#10668),#10672);
#10668 = LINE('',#10669,#10670);
#10669 = CARTESIAN_POINT('',(0.,0.));
#10670 = VECTOR('',#10671,1.);
#10671 = DIRECTION('',(0.,-1.));
#10672 = ( GEOMETRIC_REPRESENTATION_CONTEXT(2) 
PARAMETRIC_REPRESENTATION_CONTEXT() REPRESENTATION_CONTEXT('2D SPACE',''
  ) );
#10673 = ADVANCED_FACE('',(#10674),#2762,.F.);
#10674 = FACE_BOUND('',#10675,.T.);
#10675 = EDGE_LOOP('',(#10676,#10700,#10721,#10722));
#10676 = ORIENTED_EDGE('',*,*,#10677,.F.);
#10677 = EDGE_CURVE('',#10678,#10580,#10680,.T.);
#10678 = VERTEX_POINT('',#10679);
#10679 = CARTESIAN_POINT('',(292.28388237755,-77.38977298165,9.85));
#10680 = SURFACE_CURVE('',#10681,(#10686,#10693),.PCURVE_S1.);
#10681 = CIRCLE('',#10682,1.500413123523);
#10682 = AXIS2_PLACEMENT_3D('',#10683,#10684,#10685);
#10683 = CARTESIAN_POINT('',(292.11208707535,-75.89922747232,9.85));
#10684 = DIRECTION('',(0.,0.,1.));
#10685 = DIRECTION('',(0.11449866674,-0.993423401836,0.));
#10686 = PCURVE('',#2762,#10687);
#10687 = DEFINITIONAL_REPRESENTATION('',(#10688),#10692);
#10688 = LINE('',#10689,#10690);
#10689 = CARTESIAN_POINT('',(-0.,0.));
#10690 = VECTOR('',#10691,1.);
#10691 = DIRECTION('',(-1.,0.));
#10692 = ( GEOMETRIC_REPRESENTATION_CONTEXT(2) 
PARAMETRIC_REPRESENTATION_CONTEXT() REPRESENTATION_CONTEXT('2D SPACE',''
  ) );
#10693 = PCURVE('',#10292,#10694);
#10694 = DEFINITIONAL_REPRESENTATION('',(#10695),#10699);
#10695 = CIRCLE('',#10696,1.500413123523);
#10696 = AXIS2_PLACEMENT_2D('',#10697,#10698);
#10697 = CARTESIAN_POINT('',(1.749587075355,-3.999227472325));
#10698 = DIRECTION('',(0.11449866674,-0.993423401836));
#10699 = ( GEOMETRIC_REPRESENTATION_CONTEXT(2) 
PARAMETRIC_REPRESENTATION_CONTEXT() REPRESENTATION_CONTEXT('2D SPACE',''
  ) );
#10700 = ORIENTED_EDGE('',*,*,#10701,.T.);
#10701 = EDGE_CURVE('',#10678,#2742,#10702,.T.);
#10702 = SURFACE_CURVE('',#10703,(#10707,#10714),.PCURVE_S1.);
#10703 = LINE('',#10704,#10705);
#10704 = CARTESIAN_POINT('',(292.28388237755,-77.38977298165,9.85));
#10705 = VECTOR('',#10706,1.);
#10706 = DIRECTION('',(0.,0.,1.));
#10707 = PCURVE('',#2762,#10708);
#10708 = DEFINITIONAL_REPRESENTATION('',(#10709),#10713);
#10709 = LINE('',#10710,#10711);
#10710 = CARTESIAN_POINT('',(-0.,0.));
#10711 = VECTOR('',#10712,1.);
#10712 = DIRECTION('',(-0.,-1.));
#10713 = ( GEOMETRIC_REPRESENTATION_CONTEXT(2) 
PARAMETRIC_REPRESENTATION_CONTEXT() REPRESENTATION_CONTEXT('2D SPACE',''
  ) );
#10714 = PCURVE('',#2789,#10715);
#10715 = DEFINITIONAL_REPRESENTATION('',(#10716),#10720);
#10716 = LINE('',#10717,#10718);
#10717 = CARTESIAN_POINT('',(3.671396621742,0.));
#10718 = VECTOR('',#10719,1.);
#10719 = DIRECTION('',(0.,-1.));
#10720 = ( GEOMETRIC_REPRESENTATION_CONTEXT(2) 
PARAMETRIC_REPRESENTATION_CONTEXT() REPRESENTATION_CONTEXT('2D SPACE',''
  ) );
#10721 = ORIENTED_EDGE('',*,*,#2741,.F.);
#10722 = ORIENTED_EDGE('',*,*,#10602,.F.);
#10723 = ADVANCED_FACE('',(#10724),#4210,.T.);
#10724 = FACE_BOUND('',#10725,.T.);
#10725 = EDGE_LOOP('',(#10726,#10754,#10755,#10756));
#10726 = ORIENTED_EDGE('',*,*,#10727,.F.);
#10727 = EDGE_CURVE('',#10629,#10728,#10730,.T.);
#10728 = VERTEX_POINT('',#10729);
#10729 = CARTESIAN_POINT('',(170.00385925869,-94.55957584908,3.));
#10730 = SURFACE_CURVE('',#10731,(#10736,#10743),.PCURVE_S1.);
#10731 = CIRCLE('',#10732,4.257330983256);
#10732 = AXIS2_PLACEMENT_3D('',#10733,#10734,#10735);
#10733 = CARTESIAN_POINT('',(168.30384639283,-90.65639466485,3.));
#10734 = DIRECTION('',(0.,0.,-1.));
#10735 = DIRECTION('',(0.995627664394,-9.341067333867E-02,0.));
#10736 = PCURVE('',#4210,#10737);
#10737 = DEFINITIONAL_REPRESENTATION('',(#10738),#10742);
#10738 = LINE('',#10739,#10740);
#10739 = CARTESIAN_POINT('',(0.,0.));
#10740 = VECTOR('',#10741,1.);
#10741 = DIRECTION('',(1.,0.));
#10742 = ( GEOMETRIC_REPRESENTATION_CONTEXT(2) 
PARAMETRIC_REPRESENTATION_CONTEXT() REPRESENTATION_CONTEXT('2D SPACE',''
  ) );
#10743 = PCURVE('',#7128,#10744);
#10744 = DEFINITIONAL_REPRESENTATION('',(#10745),#10753);
#10745 = ( BOUNDED_CURVE() B_SPLINE_CURVE(2,(#10746,#10747,#10748,#10749
    ,#10750,#10751,#10752),.UNSPECIFIED.,.T.,.F.) 
B_SPLINE_CURVE_WITH_KNOTS((1,2,2,2,2,1),(-2.094395102393,0.,
    2.094395102393,4.188790204786,6.28318530718,8.377580409573),
.UNSPECIFIED.) CURVE() GEOMETRIC_REPRESENTATION_ITEM() 
RATIONAL_B_SPLINE_CURVE((1.,0.5,1.,0.5,1.,0.5,1.)) REPRESENTATION_ITEM(
  '') );
#10746 = CARTESIAN_POINT('',(-33.91825234699,-23.25635726215));
#10747 = CARTESIAN_POINT('',(-34.60705457848,-30.59802960494));
#10748 = CARTESIAN_POINT('',(-40.62072821785,-26.33067320289));
#10749 = CARTESIAN_POINT('',(-46.63440185722,-22.06331680084));
#10750 = CARTESIAN_POINT('',(-39.93192598636,-18.9890008601));
#10751 = CARTESIAN_POINT('',(-33.22945011549,-15.91468491937));
#10752 = CARTESIAN_POINT('',(-33.91825234699,-23.25635726215));
#10753 = ( GEOMETRIC_REPRESENTATION_CONTEXT(2) 
PARAMETRIC_REPRESENTATION_CONTEXT() REPRESENTATION_CONTEXT('2D SPACE',''
  ) );
#10754 = ORIENTED_EDGE('',*,*,#10653,.T.);
#10755 = ORIENTED_EDGE('',*,*,#4189,.T.);
#10756 = ORIENTED_EDGE('',*,*,#10757,.F.);
#10757 = EDGE_CURVE('',#10728,#4164,#10758,.T.);
#10758 = SURFACE_CURVE('',#10759,(#10763,#10770),.PCURVE_S1.);
#10759 = LINE('',#10760,#10761);
#10760 = CARTESIAN_POINT('',(170.00385925869,-94.55957584908,3.));
#10761 = VECTOR('',#10762,1.);
#10762 = DIRECTION('',(0.,0.,1.));
#10763 = PCURVE('',#4210,#10764);
#10764 = DEFINITIONAL_REPRESENTATION('',(#10765),#10769);
#10765 = LINE('',#10766,#10767);
#10766 = CARTESIAN_POINT('',(1.066480536508,0.));
#10767 = VECTOR('',#10768,1.);
#10768 = DIRECTION('',(0.,-1.));
#10769 = ( GEOMETRIC_REPRESENTATION_CONTEXT(2) 
PARAMETRIC_REPRESENTATION_CONTEXT() REPRESENTATION_CONTEXT('2D SPACE',''
  ) );
#10770 = PCURVE('',#4178,#10771);
#10771 = DEFINITIONAL_REPRESENTATION('',(#10772),#10776);
#10772 = LINE('',#10773,#10774);
#10773 = CARTESIAN_POINT('',(0.,0.));
#10774 = VECTOR('',#10775,1.);
#10775 = DIRECTION('',(0.,-1.));
#10776 = ( GEOMETRIC_REPRESENTATION_CONTEXT(2) 
PARAMETRIC_REPRESENTATION_CONTEXT() REPRESENTATION_CONTEXT('2D SPACE',''
  ) );
#10777 = ADVANCED_FACE('',(#10778),#2789,.T.);
#10778 = FACE_BOUND('',#10779,.T.);
#10779 = EDGE_LOOP('',(#10780,#10801,#10802,#10803));
#10780 = ORIENTED_EDGE('',*,*,#10781,.F.);
#10781 = EDGE_CURVE('',#10257,#10678,#10782,.T.);
#10782 = SURFACE_CURVE('',#10783,(#10787,#10794),.PCURVE_S1.);
#10783 = LINE('',#10784,#10785);
#10784 = CARTESIAN_POINT('',(288.6125,-77.4,9.85));
#10785 = VECTOR('',#10786,1.);
#10786 = DIRECTION('',(0.999996120227,2.785593440069E-03,0.));
#10787 = PCURVE('',#2789,#10788);
#10788 = DEFINITIONAL_REPRESENTATION('',(#10789),#10793);
#10789 = LINE('',#10790,#10791);
#10790 = CARTESIAN_POINT('',(0.,0.));
#10791 = VECTOR('',#10792,1.);
#10792 = DIRECTION('',(1.,0.));
#10793 = ( GEOMETRIC_REPRESENTATION_CONTEXT(2) 
PARAMETRIC_REPRESENTATION_CONTEXT() REPRESENTATION_CONTEXT('2D SPACE',''
  ) );
#10794 = PCURVE('',#10292,#10795);
#10795 = DEFINITIONAL_REPRESENTATION('',(#10796),#10800);
#10796 = LINE('',#10797,#10798);
#10797 = CARTESIAN_POINT('',(-1.75,-5.5));
#10798 = VECTOR('',#10799,1.);
#10799 = DIRECTION('',(0.999996120227,2.785593440069E-03));
#10800 = ( GEOMETRIC_REPRESENTATION_CONTEXT(2) 
PARAMETRIC_REPRESENTATION_CONTEXT() REPRESENTATION_CONTEXT('2D SPACE',''
  ) );
#10801 = ORIENTED_EDGE('',*,*,#10256,.F.);
#10802 = ORIENTED_EDGE('',*,*,#2774,.F.);
#10803 = ORIENTED_EDGE('',*,*,#10701,.F.);
#10804 = ADVANCED_FACE('',(#10805),#4178,.T.);
#10805 = FACE_BOUND('',#10806,.T.);
#10806 = EDGE_LOOP('',(#10807,#10830,#10831,#10832,#10853,#10879));
#10807 = ORIENTED_EDGE('',*,*,#10808,.F.);
#10808 = EDGE_CURVE('',#10728,#10809,#10811,.T.);
#10809 = VERTEX_POINT('',#10810);
#10810 = CARTESIAN_POINT('',(154.49660408285,-101.4452217052,3.));
#10811 = SURFACE_CURVE('',#10812,(#10816,#10823),.PCURVE_S1.);
#10812 = LINE('',#10813,#10814);
#10813 = CARTESIAN_POINT('',(170.00385925869,-94.55957584908,3.));
#10814 = VECTOR('',#10815,1.);
#10815 = DIRECTION('',(-0.91395296171,-0.405820137231,0.));
#10816 = PCURVE('',#4178,#10817);
#10817 = DEFINITIONAL_REPRESENTATION('',(#10818),#10822);
#10818 = LINE('',#10819,#10820);
#10819 = CARTESIAN_POINT('',(0.,0.));
#10820 = VECTOR('',#10821,1.);
#10821 = DIRECTION('',(1.,0.));
#10822 = ( GEOMETRIC_REPRESENTATION_CONTEXT(2) 
PARAMETRIC_REPRESENTATION_CONTEXT() REPRESENTATION_CONTEXT('2D SPACE',''
  ) );
#10823 = PCURVE('',#7128,#10824);
#10824 = DEFINITIONAL_REPRESENTATION('',(#10825),#10829);
#10825 = LINE('',#10826,#10827);
#10826 = CARTESIAN_POINT('',(-36.45695598454,-26.76185829261));
#10827 = VECTOR('',#10828,1.);
#10828 = DIRECTION('',(-0.91395296171,-0.405820137231));
#10829 = ( GEOMETRIC_REPRESENTATION_CONTEXT(2) 
PARAMETRIC_REPRESENTATION_CONTEXT() REPRESENTATION_CONTEXT('2D SPACE',''
  ) );
#10830 = ORIENTED_EDGE('',*,*,#10757,.T.);
#10831 = ORIENTED_EDGE('',*,*,#4163,.F.);
#10832 = ORIENTED_EDGE('',*,*,#10833,.T.);
#10833 = EDGE_CURVE('',#4138,#10834,#10836,.T.);
#10834 = VERTEX_POINT('',#10835);
#10835 = CARTESIAN_POINT('',(155.17620087519,-101.1434621234,9.85));
#10836 = SURFACE_CURVE('',#10837,(#10841,#10847),.PCURVE_S1.);
#10837 = LINE('',#10838,#10839);
#10838 = CARTESIAN_POINT('',(155.17620087519,-101.1434621234,6.425));
#10839 = VECTOR('',#10840,1.);
#10840 = DIRECTION('',(0.,-0.,-1.));
#10841 = PCURVE('',#4178,#10842);
#10842 = DEFINITIONAL_REPRESENTATION('',(#10843),#10846);
#10843 = B_SPLINE_CURVE_WITH_KNOTS('',1,(#10844,#10845),.UNSPECIFIED.,
  .F.,.F.,(2,2),(-5.675,-3.425),.PIECEWISE_BEZIER_KNOTS.);
#10844 = CARTESIAN_POINT('',(16.223655926183,-9.1));
#10845 = CARTESIAN_POINT('',(16.223655926183,-6.85));
#10846 = ( GEOMETRIC_REPRESENTATION_CONTEXT(2) 
PARAMETRIC_REPRESENTATION_CONTEXT() REPRESENTATION_CONTEXT('2D SPACE',''
  ) );
#10847 = PCURVE('',#4152,#10848);
#10848 = DEFINITIONAL_REPRESENTATION('',(#10849),#10852);
#10849 = B_SPLINE_CURVE_WITH_KNOTS('',1,(#10850,#10851),.UNSPECIFIED.,
  .F.,.F.,(2,2),(-5.675,-3.425),.PIECEWISE_BEZIER_KNOTS.);
#10850 = CARTESIAN_POINT('',(6.648923101914,-2.25));
#10851 = CARTESIAN_POINT('',(6.648923101914,0.));
#10852 = ( GEOMETRIC_REPRESENTATION_CONTEXT(2) 
PARAMETRIC_REPRESENTATION_CONTEXT() REPRESENTATION_CONTEXT('2D SPACE',''
  ) );
#10853 = ORIENTED_EDGE('',*,*,#10854,.T.);
#10854 = EDGE_CURVE('',#10834,#10855,#10857,.T.);
#10855 = VERTEX_POINT('',#10856);
#10856 = CARTESIAN_POINT('',(154.49660408285,-101.4452217052,9.85));
#10857 = SURFACE_CURVE('',#10858,(#10862,#10868),.PCURVE_S1.);
#10858 = LINE('',#10859,#10860);
#10859 = CARTESIAN_POINT('',(161.10451847236,-98.51112680463,9.85));
#10860 = VECTOR('',#10861,1.);
#10861 = DIRECTION('',(-0.91395296171,-0.405820137231,0.));
#10862 = PCURVE('',#4178,#10863);
#10863 = DEFINITIONAL_REPRESENTATION('',(#10864),#10867);
#10864 = B_SPLINE_CURVE_WITH_KNOTS('',1,(#10865,#10866),.UNSPECIFIED.,
  .F.,.F.,(2,2),(3.409985666819,7.230037722226),
  .PIECEWISE_BEZIER_KNOTS.);
#10865 = CARTESIAN_POINT('',(13.147183486806,-6.85));
#10866 = CARTESIAN_POINT('',(16.967235542213,-6.85));
#10867 = ( GEOMETRIC_REPRESENTATION_CONTEXT(2) 
PARAMETRIC_REPRESENTATION_CONTEXT() REPRESENTATION_CONTEXT('2D SPACE',''
  ) );
#10868 = PCURVE('',#10869,#10874);
#10869 = PLANE('',#10870);
#10870 = AXIS2_PLACEMENT_3D('',#10871,#10872,#10873);
#10871 = CARTESIAN_POINT('',(153.2756460153,-104.8734938094,9.85));
#10872 = DIRECTION('',(0.,0.,1.));
#10873 = DIRECTION('',(1.,0.,-0.));
#10874 = DEFINITIONAL_REPRESENTATION('',(#10875),#10878);
#10875 = B_SPLINE_CURVE_WITH_KNOTS('',1,(#10876,#10877),.UNSPECIFIED.,
  .F.,.F.,(2,2),(3.409985666819,7.230037722226),
  .PIECEWISE_BEZIER_KNOTS.);
#10876 = CARTESIAN_POINT('',(4.712305957478,4.97852615357));
#10877 = CARTESIAN_POINT('',(1.220958067553,3.428272104216));
#10878 = ( GEOMETRIC_REPRESENTATION_CONTEXT(2) 
PARAMETRIC_REPRESENTATION_CONTEXT() REPRESENTATION_CONTEXT('2D SPACE',''
  ) );
#10879 = ORIENTED_EDGE('',*,*,#10880,.F.);
#10880 = EDGE_CURVE('',#10809,#10855,#10881,.T.);
#10881 = SURFACE_CURVE('',#10882,(#10886,#10893),.PCURVE_S1.);
#10882 = LINE('',#10883,#10884);
#10883 = CARTESIAN_POINT('',(154.49660408285,-101.4452217052,3.));
#10884 = VECTOR('',#10885,1.);
#10885 = DIRECTION('',(0.,0.,1.));
#10886 = PCURVE('',#4178,#10887);
#10887 = DEFINITIONAL_REPRESENTATION('',(#10888),#10892);
#10888 = LINE('',#10889,#10890);
#10889 = CARTESIAN_POINT('',(16.967235542213,0.));
#10890 = VECTOR('',#10891,1.);
#10891 = DIRECTION('',(0.,-1.));
#10892 = ( GEOMETRIC_REPRESENTATION_CONTEXT(2) 
PARAMETRIC_REPRESENTATION_CONTEXT() REPRESENTATION_CONTEXT('2D SPACE',''
  ) );
#10893 = PCURVE('',#10894,#10899);
#10894 = CYLINDRICAL_SURFACE('',#10895,1.75133725164);
#10895 = AXIS2_PLACEMENT_3D('',#10896,#10897,#10898);
#10896 = CARTESIAN_POINT('',(155.42433095235,-102.9306526274,3.));
#10897 = DIRECTION('',(-0.,-0.,-1.));
#10898 = DIRECTION('',(-0.529724853751,0.848169546328,0.));
#10899 = DEFINITIONAL_REPRESENTATION('',(#10900),#10904);
#10900 = LINE('',#10901,#10902);
#10901 = CARTESIAN_POINT('',(-0.,0.));
#10902 = VECTOR('',#10903,1.);
#10903 = DIRECTION('',(-0.,-1.));
#10904 = ( GEOMETRIC_REPRESENTATION_CONTEXT(2) 
PARAMETRIC_REPRESENTATION_CONTEXT() REPRESENTATION_CONTEXT('2D SPACE',''
  ) );
#10905 = ADVANCED_FACE('',(#10906),#4152,.T.);
#10906 = FACE_BOUND('',#10907,.T.);
#10907 = EDGE_LOOP('',(#10908,#10931,#10932,#10933));
#10908 = ORIENTED_EDGE('',*,*,#10909,.F.);
#10909 = EDGE_CURVE('',#10834,#10910,#10912,.T.);
#10910 = VERTEX_POINT('',#10911);
#10911 = CARTESIAN_POINT('',(154.56138345075,-99.75065873897,9.85));
#10912 = SURFACE_CURVE('',#10913,(#10917,#10924),.PCURVE_S1.);
#10913 = LINE('',#10914,#10915);
#10914 = CARTESIAN_POINT('',(157.86123597485,-107.2261231306,9.85));
#10915 = VECTOR('',#10916,1.);
#10916 = DIRECTION('',(-0.403830072705,0.914834013567,0.));
#10917 = PCURVE('',#4152,#10918);
#10918 = DEFINITIONAL_REPRESENTATION('',(#10919),#10923);
#10919 = LINE('',#10920,#10921);
#10920 = CARTESIAN_POINT('',(0.,0.));
#10921 = VECTOR('',#10922,1.);
#10922 = DIRECTION('',(1.,0.));
#10923 = ( GEOMETRIC_REPRESENTATION_CONTEXT(2) 
PARAMETRIC_REPRESENTATION_CONTEXT() REPRESENTATION_CONTEXT('2D SPACE',''
  ) );
#10924 = PCURVE('',#10869,#10925);
#10925 = DEFINITIONAL_REPRESENTATION('',(#10926),#10930);
#10926 = LINE('',#10927,#10928);
#10927 = CARTESIAN_POINT('',(4.585589959546,-2.352629321188));
#10928 = VECTOR('',#10929,1.);
#10929 = DIRECTION('',(-0.403830072705,0.914834013567));
#10930 = ( GEOMETRIC_REPRESENTATION_CONTEXT(2) 
PARAMETRIC_REPRESENTATION_CONTEXT() REPRESENTATION_CONTEXT('2D SPACE',''
  ) );
#10931 = ORIENTED_EDGE('',*,*,#10833,.F.);
#10932 = ORIENTED_EDGE('',*,*,#4137,.F.);
#10933 = ORIENTED_EDGE('',*,*,#10934,.F.);
#10934 = EDGE_CURVE('',#10910,#4105,#10935,.T.);
#10935 = SURFACE_CURVE('',#10936,(#10940,#10947),.PCURVE_S1.);
#10936 = LINE('',#10937,#10938);
#10937 = CARTESIAN_POINT('',(154.56138345075,-99.75065873897,9.85));
#10938 = VECTOR('',#10939,1.);
#10939 = DIRECTION('',(0.,0.,1.));
#10940 = PCURVE('',#4152,#10941);
#10941 = DEFINITIONAL_REPRESENTATION('',(#10942),#10946);
#10942 = LINE('',#10943,#10944);
#10943 = CARTESIAN_POINT('',(8.171388777445,0.));
#10944 = VECTOR('',#10945,1.);
#10945 = DIRECTION('',(0.,-1.));
#10946 = ( GEOMETRIC_REPRESENTATION_CONTEXT(2) 
PARAMETRIC_REPRESENTATION_CONTEXT() REPRESENTATION_CONTEXT('2D SPACE',''
  ) );
#10947 = PCURVE('',#4125,#10948);
#10948 = DEFINITIONAL_REPRESENTATION('',(#10949),#10953);
#10949 = LINE('',#10950,#10951);
#10950 = CARTESIAN_POINT('',(-0.,0.));
#10951 = VECTOR('',#10952,1.);
#10952 = DIRECTION('',(-0.,-1.));
#10953 = ( GEOMETRIC_REPRESENTATION_CONTEXT(2) 
PARAMETRIC_REPRESENTATION_CONTEXT() REPRESENTATION_CONTEXT('2D SPACE',''
  ) );
#10954 = ADVANCED_FACE('',(#10955),#2842,.F.);
#10955 = FACE_BOUND('',#10956,.T.);
#10956 = EDGE_LOOP('',(#10957,#10981,#11002,#11003));
#10957 = ORIENTED_EDGE('',*,*,#10958,.F.);
#10958 = EDGE_CURVE('',#10959,#10212,#10961,.T.);
#10959 = VERTEX_POINT('',#10960);
#10960 = CARTESIAN_POINT('',(287.8582154447,-101.7127323302,3.));
#10961 = SURFACE_CURVE('',#10962,(#10967,#10974),.PCURVE_S1.);
#10962 = CIRCLE('',#10963,1.751337251636);
#10963 = AXIS2_PLACEMENT_3D('',#10964,#10965,#10966);
#10964 = CARTESIAN_POINT('',(287.61124208788,-99.97889660269,3.));
#10965 = DIRECTION('',(0.,0.,1.));
#10966 = DIRECTION('',(0.141019873006,-0.990006765339,0.));
#10967 = PCURVE('',#2842,#10968);
#10968 = DEFINITIONAL_REPRESENTATION('',(#10969),#10973);
#10969 = LINE('',#10970,#10971);
#10970 = CARTESIAN_POINT('',(-0.,0.));
#10971 = VECTOR('',#10972,1.);
#10972 = DIRECTION('',(-1.,0.));
#10973 = ( GEOMETRIC_REPRESENTATION_CONTEXT(2) 
PARAMETRIC_REPRESENTATION_CONTEXT() REPRESENTATION_CONTEXT('2D SPACE',''
  ) );
#10974 = PCURVE('',#7128,#10975);
#10975 = DEFINITIONAL_REPRESENTATION('',(#10976),#10980);
#10976 = CIRCLE('',#10977,1.751337251636);
#10977 = AXIS2_PLACEMENT_2D('',#10978,#10979);
#10978 = CARTESIAN_POINT('',(81.150426844652,-32.18117904622));
#10979 = DIRECTION('',(0.141019873006,-0.990006765339));
#10980 = ( GEOMETRIC_REPRESENTATION_CONTEXT(2) 
PARAMETRIC_REPRESENTATION_CONTEXT() REPRESENTATION_CONTEXT('2D SPACE',''
  ) );
#10981 = ORIENTED_EDGE('',*,*,#10982,.T.);
#10982 = EDGE_CURVE('',#10959,#2822,#10983,.T.);
#10983 = SURFACE_CURVE('',#10984,(#10988,#10995),.PCURVE_S1.);
#10984 = LINE('',#10985,#10986);
#10985 = CARTESIAN_POINT('',(287.8582154447,-101.7127323302,3.));
#10986 = VECTOR('',#10987,1.);
#10987 = DIRECTION('',(0.,0.,1.));
#10988 = PCURVE('',#2842,#10989);
#10989 = DEFINITIONAL_REPRESENTATION('',(#10990),#10994);
#10990 = LINE('',#10991,#10992);
#10991 = CARTESIAN_POINT('',(-0.,0.));
#10992 = VECTOR('',#10993,1.);
#10993 = DIRECTION('',(-0.,-1.));
#10994 = ( GEOMETRIC_REPRESENTATION_CONTEXT(2) 
PARAMETRIC_REPRESENTATION_CONTEXT() REPRESENTATION_CONTEXT('2D SPACE',''
  ) );
#10995 = PCURVE('',#2869,#10996);
#10996 = DEFINITIONAL_REPRESENTATION('',(#10997),#11001);
#10997 = LINE('',#10998,#10999);
#10998 = CARTESIAN_POINT('',(37.44894615443,0.));
#10999 = VECTOR('',#11000,1.);
#11000 = DIRECTION('',(0.,-1.));
#11001 = ( GEOMETRIC_REPRESENTATION_CONTEXT(2) 
PARAMETRIC_REPRESENTATION_CONTEXT() REPRESENTATION_CONTEXT('2D SPACE',''
  ) );
#11002 = ORIENTED_EDGE('',*,*,#2821,.F.);
#11003 = ORIENTED_EDGE('',*,*,#10234,.F.);
#11004 = ADVANCED_FACE('',(#11005),#4125,.F.);
#11005 = FACE_BOUND('',#11006,.T.);
#11006 = EDGE_LOOP('',(#11007,#11031,#11032,#11033));
#11007 = ORIENTED_EDGE('',*,*,#11008,.F.);
#11008 = EDGE_CURVE('',#10910,#11009,#11011,.T.);
#11009 = VERTEX_POINT('',#11010);
#11010 = CARTESIAN_POINT('',(152.66272246328,-99.13443249951,9.85));
#11011 = SURFACE_CURVE('',#11012,(#11017,#11024),.PCURVE_S1.);
#11012 = CIRCLE('',#11013,1.500413123523);
#11013 = AXIS2_PLACEMENT_3D('',#11014,#11015,#11016);
#11014 = CARTESIAN_POINT('',(153.26620879153,-100.5081296251,9.85));
#11015 = DIRECTION('',(0.,0.,1.));
#11016 = DIRECTION('',(0.863212030685,0.50484154948,-0.));
#11017 = PCURVE('',#4125,#11018);
#11018 = DEFINITIONAL_REPRESENTATION('',(#11019),#11023);
#11019 = LINE('',#11020,#11021);
#11020 = CARTESIAN_POINT('',(-0.,0.));
#11021 = VECTOR('',#11022,1.);
#11022 = DIRECTION('',(-1.,0.));
#11023 = ( GEOMETRIC_REPRESENTATION_CONTEXT(2) 
PARAMETRIC_REPRESENTATION_CONTEXT() REPRESENTATION_CONTEXT('2D SPACE',''
  ) );
#11024 = PCURVE('',#10869,#11025);
#11025 = DEFINITIONAL_REPRESENTATION('',(#11026),#11030);
#11026 = CIRCLE('',#11027,1.500413123523);
#11027 = AXIS2_PLACEMENT_2D('',#11028,#11029);
#11028 = CARTESIAN_POINT('',(-9.437223772068E-03,4.36536418436));
#11029 = DIRECTION('',(0.863212030685,0.50484154948));
#11030 = ( GEOMETRIC_REPRESENTATION_CONTEXT(2) 
PARAMETRIC_REPRESENTATION_CONTEXT() REPRESENTATION_CONTEXT('2D SPACE',''
  ) );
#11031 = ORIENTED_EDGE('',*,*,#10934,.T.);
#11032 = ORIENTED_EDGE('',*,*,#4104,.F.);
#11033 = ORIENTED_EDGE('',*,*,#11034,.F.);
#11034 = EDGE_CURVE('',#11009,#4079,#11035,.T.);
#11035 = SURFACE_CURVE('',#11036,(#11040,#11047),.PCURVE_S1.);
#11036 = LINE('',#11037,#11038);
#11037 = CARTESIAN_POINT('',(152.66272246328,-99.13443249951,9.85));
#11038 = VECTOR('',#11039,1.);
#11039 = DIRECTION('',(0.,0.,1.));
#11040 = PCURVE('',#4125,#11041);
#11041 = DEFINITIONAL_REPRESENTATION('',(#11042),#11046);
#11042 = LINE('',#11043,#11044);
#11043 = CARTESIAN_POINT('',(-1.455531117313,0.));
#11044 = VECTOR('',#11045,1.);
#11045 = DIRECTION('',(-0.,-1.));
#11046 = ( GEOMETRIC_REPRESENTATION_CONTEXT(2) 
PARAMETRIC_REPRESENTATION_CONTEXT() REPRESENTATION_CONTEXT('2D SPACE',''
  ) );
#11047 = PCURVE('',#4093,#11048);
#11048 = DEFINITIONAL_REPRESENTATION('',(#11049),#11053);
#11049 = LINE('',#11050,#11051);
#11050 = CARTESIAN_POINT('',(0.,0.));
#11051 = VECTOR('',#11052,1.);
#11052 = DIRECTION('',(0.,-1.));
#11053 = ( GEOMETRIC_REPRESENTATION_CONTEXT(2) 
PARAMETRIC_REPRESENTATION_CONTEXT() REPRESENTATION_CONTEXT('2D SPACE',''
  ) );
#11054 = ADVANCED_FACE('',(#11055),#2869,.T.);
#11055 = FACE_BOUND('',#11056,.T.);
#11056 = EDGE_LOOP('',(#11057,#11080,#11101,#11102,#11123,#11149,#11168,
    #11169));
#11057 = ORIENTED_EDGE('',*,*,#11058,.F.);
#11058 = EDGE_CURVE('',#11059,#10959,#11061,.T.);
#11059 = VERTEX_POINT('',#11060);
#11060 = CARTESIAN_POINT('',(250.40927386856,-101.7312500086,3.));
#11061 = SURFACE_CURVE('',#11062,(#11066,#11073),.PCURVE_S1.);
#11062 = LINE('',#11063,#11064);
#11063 = CARTESIAN_POINT('',(250.40927386856,-101.7312500086,3.));
#11064 = VECTOR('',#11065,1.);
#11065 = DIRECTION('',(0.999999877746,4.944779576937E-04,0.));
#11066 = PCURVE('',#2869,#11067);
#11067 = DEFINITIONAL_REPRESENTATION('',(#11068),#11072);
#11068 = LINE('',#11069,#11070);
#11069 = CARTESIAN_POINT('',(0.,0.));
#11070 = VECTOR('',#11071,1.);
#11071 = DIRECTION('',(1.,0.));
#11072 = ( GEOMETRIC_REPRESENTATION_CONTEXT(2) 
PARAMETRIC_REPRESENTATION_CONTEXT() REPRESENTATION_CONTEXT('2D SPACE',''
  ) );
#11073 = PCURVE('',#7128,#11074);
#11074 = DEFINITIONAL_REPRESENTATION('',(#11075),#11079);
#11075 = LINE('',#11076,#11077);
#11076 = CARTESIAN_POINT('',(43.948458625331,-33.93353245214));
#11077 = VECTOR('',#11078,1.);
#11078 = DIRECTION('',(0.999999877746,4.944779576937E-04));
#11079 = ( GEOMETRIC_REPRESENTATION_CONTEXT(2) 
PARAMETRIC_REPRESENTATION_CONTEXT() REPRESENTATION_CONTEXT('2D SPACE',''
  ) );
#11080 = ORIENTED_EDGE('',*,*,#11081,.T.);
#11081 = EDGE_CURVE('',#11059,#3025,#11082,.T.);
#11082 = SURFACE_CURVE('',#11083,(#11087,#11094),.PCURVE_S1.);
#11083 = LINE('',#11084,#11085);
#11084 = CARTESIAN_POINT('',(250.40927386856,-101.7312500086,3.));
#11085 = VECTOR('',#11086,1.);
#11086 = DIRECTION('',(0.,0.,1.));
#11087 = PCURVE('',#2869,#11088);
#11088 = DEFINITIONAL_REPRESENTATION('',(#11089),#11093);
#11089 = LINE('',#11090,#11091);
#11090 = CARTESIAN_POINT('',(0.,0.));
#11091 = VECTOR('',#11092,1.);
#11092 = DIRECTION('',(0.,-1.));
#11093 = ( GEOMETRIC_REPRESENTATION_CONTEXT(2) 
PARAMETRIC_REPRESENTATION_CONTEXT() REPRESENTATION_CONTEXT('2D SPACE',''
  ) );
#11094 = PCURVE('',#3066,#11095);
#11095 = DEFINITIONAL_REPRESENTATION('',(#11096),#11100);
#11096 = LINE('',#11097,#11098);
#11097 = CARTESIAN_POINT('',(-1.397500295512,0.));
#11098 = VECTOR('',#11099,1.);
#11099 = DIRECTION('',(-0.,-1.));
#11100 = ( GEOMETRIC_REPRESENTATION_CONTEXT(2) 
PARAMETRIC_REPRESENTATION_CONTEXT() REPRESENTATION_CONTEXT('2D SPACE',''
  ) );
#11101 = ORIENTED_EDGE('',*,*,#3024,.F.);
#11102 = ORIENTED_EDGE('',*,*,#11103,.T.);
#11103 = EDGE_CURVE('',#2999,#11104,#11106,.T.);
#11104 = VERTEX_POINT('',#11105);
#11105 = CARTESIAN_POINT('',(263.50207116892,-101.7247759081,9.85));
#11106 = SURFACE_CURVE('',#11107,(#11111,#11117),.PCURVE_S1.);
#11107 = LINE('',#11108,#11109);
#11108 = CARTESIAN_POINT('',(263.50207116892,-101.7247759081,6.425));
#11109 = VECTOR('',#11110,1.);
#11110 = DIRECTION('',(-0.,0.,-1.));
#11111 = PCURVE('',#2869,#11112);
#11112 = DEFINITIONAL_REPRESENTATION('',(#11113),#11116);
#11113 = B_SPLINE_CURVE_WITH_KNOTS('',1,(#11114,#11115),.UNSPECIFIED.,
  .F.,.F.,(2,2),(-5.675,-3.425),.PIECEWISE_BEZIER_KNOTS.);
#11114 = CARTESIAN_POINT('',(13.092798901015,-9.1));
#11115 = CARTESIAN_POINT('',(13.092798901015,-6.85));
#11116 = ( GEOMETRIC_REPRESENTATION_CONTEXT(2) 
PARAMETRIC_REPRESENTATION_CONTEXT() REPRESENTATION_CONTEXT('2D SPACE',''
  ) );
#11117 = PCURVE('',#3013,#11118);
#11118 = DEFINITIONAL_REPRESENTATION('',(#11119),#11122);
#11119 = B_SPLINE_CURVE_WITH_KNOTS('',1,(#11120,#11121),.UNSPECIFIED.,
  .F.,.F.,(2,2),(-5.675,-3.425),.PIECEWISE_BEZIER_KNOTS.);
#11120 = CARTESIAN_POINT('',(0.743528792881,-2.25));
#11121 = CARTESIAN_POINT('',(0.743528792881,0.));
#11122 = ( GEOMETRIC_REPRESENTATION_CONTEXT(2) 
PARAMETRIC_REPRESENTATION_CONTEXT() REPRESENTATION_CONTEXT('2D SPACE',''
  ) );
#11123 = ORIENTED_EDGE('',*,*,#11124,.T.);
#11124 = EDGE_CURVE('',#11104,#11125,#11127,.T.);
#11125 = VERTEX_POINT('',#11126);
#11126 = CARTESIAN_POINT('',(274.49230641589,-101.7193414784,9.85));
#11127 = SURFACE_CURVE('',#11128,(#11132,#11138),.PCURVE_S1.);
#11128 = LINE('',#11129,#11130);
#11129 = CARTESIAN_POINT('',(259.70438742254,-101.7266537792,9.85));
#11130 = VECTOR('',#11131,1.);
#11131 = DIRECTION('',(0.999999877746,4.944779576937E-04,-0.));
#11132 = PCURVE('',#2869,#11133);
#11133 = DEFINITIONAL_REPRESENTATION('',(#11134),#11137);
#11134 = B_SPLINE_CURVE_WITH_KNOTS('',1,(#11135,#11136),.UNSPECIFIED.,
  .F.,.F.,(2,2),(3.795613041489,14.795614386286),
  .PIECEWISE_BEZIER_KNOTS.);
#11135 = CARTESIAN_POINT('',(13.090727731834,-6.85));
#11136 = CARTESIAN_POINT('',(24.090729076631,-6.85));
#11137 = ( GEOMETRIC_REPRESENTATION_CONTEXT(2) 
PARAMETRIC_REPRESENTATION_CONTEXT() REPRESENTATION_CONTEXT('2D SPACE',''
  ) );
#11138 = PCURVE('',#11139,#11144);
#11139 = PLANE('',#11140);
#11140 = AXIS2_PLACEMENT_3D('',#11141,#11142,#11143);
#11141 = CARTESIAN_POINT('',(269.,-102.73125,9.85));
#11142 = DIRECTION('',(0.,0.,1.));
#11143 = DIRECTION('',(1.,0.,-0.));
#11144 = DEFINITIONAL_REPRESENTATION('',(#11145),#11148);
#11145 = B_SPLINE_CURVE_WITH_KNOTS('',1,(#11146,#11147),.UNSPECIFIED.,
  .F.,.F.,(2,2),(3.795613041489,14.795614386286),
  .PIECEWISE_BEZIER_KNOTS.);
#11146 = CARTESIAN_POINT('',(-5.5,1.006473067694));
#11147 = CARTESIAN_POINT('',(5.5,1.011912325894));
#11148 = ( GEOMETRIC_REPRESENTATION_CONTEXT(2) 
PARAMETRIC_REPRESENTATION_CONTEXT() REPRESENTATION_CONTEXT('2D SPACE',''
  ) );
#11149 = ORIENTED_EDGE('',*,*,#11150,.T.);
#11150 = EDGE_CURVE('',#11125,#2855,#11151,.T.);
#11151 = SURFACE_CURVE('',#11152,(#11156,#11162),.PCURVE_S1.);
#11152 = LINE('',#11153,#11154);
#11153 = CARTESIAN_POINT('',(274.49230641589,-101.7193414784,6.425));
#11154 = VECTOR('',#11155,1.);
#11155 = DIRECTION('',(0.,0.,1.));
#11156 = PCURVE('',#2869,#11157);
#11157 = DEFINITIONAL_REPRESENTATION('',(#11158),#11161);
#11158 = B_SPLINE_CURVE_WITH_KNOTS('',1,(#11159,#11160),.UNSPECIFIED.,
  .F.,.F.,(2,2),(3.425,5.675),.PIECEWISE_BEZIER_KNOTS.);
#11159 = CARTESIAN_POINT('',(24.083035491581,-6.85));
#11160 = CARTESIAN_POINT('',(24.083035491581,-9.1));
#11161 = ( GEOMETRIC_REPRESENTATION_CONTEXT(2) 
PARAMETRIC_REPRESENTATION_CONTEXT() REPRESENTATION_CONTEXT('2D SPACE',''
  ) );
#11162 = PCURVE('',#2895,#11163);
#11163 = DEFINITIONAL_REPRESENTATION('',(#11164),#11167);
#11164 = B_SPLINE_CURVE_WITH_KNOTS('',1,(#11165,#11166),.UNSPECIFIED.,
  .F.,.F.,(2,2),(3.425,5.675),.PIECEWISE_BEZIER_KNOTS.);
#11165 = CARTESIAN_POINT('',(2.761919237205,0.));
#11166 = CARTESIAN_POINT('',(2.761919237205,-2.25));
#11167 = ( GEOMETRIC_REPRESENTATION_CONTEXT(2) 
PARAMETRIC_REPRESENTATION_CONTEXT() REPRESENTATION_CONTEXT('2D SPACE',''
  ) );
#11168 = ORIENTED_EDGE('',*,*,#2854,.F.);
#11169 = ORIENTED_EDGE('',*,*,#10982,.F.);
#11170 = ADVANCED_FACE('',(#11171),#4093,.T.);
#11171 = FACE_BOUND('',#11172,.T.);
#11172 = EDGE_LOOP('',(#11173,#11196,#11197,#11198));
#11173 = ORIENTED_EDGE('',*,*,#11174,.F.);
#11174 = EDGE_CURVE('',#11009,#11175,#11177,.T.);
#11175 = VERTEX_POINT('',#11176);
#11176 = CARTESIAN_POINT('',(149.30628229521,-100.6222035008,9.85));
#11177 = SURFACE_CURVE('',#11178,(#11182,#11189),.PCURVE_S1.);
#11178 = LINE('',#11179,#11180);
#11179 = CARTESIAN_POINT('',(152.66272246328,-99.13443249951,9.85));
#11180 = VECTOR('',#11181,1.);
#11181 = DIRECTION('',(-0.914213448963,-0.405232982043,0.));
#11182 = PCURVE('',#4093,#11183);
#11183 = DEFINITIONAL_REPRESENTATION('',(#11184),#11188);
#11184 = LINE('',#11185,#11186);
#11185 = CARTESIAN_POINT('',(0.,0.));
#11186 = VECTOR('',#11187,1.);
#11187 = DIRECTION('',(1.,0.));
#11188 = ( GEOMETRIC_REPRESENTATION_CONTEXT(2) 
PARAMETRIC_REPRESENTATION_CONTEXT() REPRESENTATION_CONTEXT('2D SPACE',''
  ) );
#11189 = PCURVE('',#10869,#11190);
#11190 = DEFINITIONAL_REPRESENTATION('',(#11191),#11195);
#11191 = LINE('',#11192,#11193);
#11192 = CARTESIAN_POINT('',(-0.612923552021,5.739061309951));
#11193 = VECTOR('',#11194,1.);
#11194 = DIRECTION('',(-0.914213448963,-0.405232982043));
#11195 = ( GEOMETRIC_REPRESENTATION_CONTEXT(2) 
PARAMETRIC_REPRESENTATION_CONTEXT() REPRESENTATION_CONTEXT('2D SPACE',''
  ) );
#11196 = ORIENTED_EDGE('',*,*,#11034,.T.);
#11197 = ORIENTED_EDGE('',*,*,#4078,.F.);
#11198 = ORIENTED_EDGE('',*,*,#11199,.F.);
#11199 = EDGE_CURVE('',#11175,#4046,#11200,.T.);
#11200 = SURFACE_CURVE('',#11201,(#11205,#11212),.PCURVE_S1.);
#11201 = LINE('',#11202,#11203);
#11202 = CARTESIAN_POINT('',(149.30628229521,-100.6222035008,9.85));
#11203 = VECTOR('',#11204,1.);
#11204 = DIRECTION('',(0.,0.,1.));
#11205 = PCURVE('',#4093,#11206);
#11206 = DEFINITIONAL_REPRESENTATION('',(#11207),#11211);
#11207 = LINE('',#11208,#11209);
#11208 = CARTESIAN_POINT('',(3.671396621743,0.));
#11209 = VECTOR('',#11210,1.);
#11210 = DIRECTION('',(0.,-1.));
#11211 = ( GEOMETRIC_REPRESENTATION_CONTEXT(2) 
PARAMETRIC_REPRESENTATION_CONTEXT() REPRESENTATION_CONTEXT('2D SPACE',''
  ) );
#11212 = PCURVE('',#4066,#11213);
#11213 = DEFINITIONAL_REPRESENTATION('',(#11214),#11218);
#11214 = LINE('',#11215,#11216);
#11215 = CARTESIAN_POINT('',(-0.,0.));
#11216 = VECTOR('',#11217,1.);
#11217 = DIRECTION('',(-0.,-1.));
#11218 = ( GEOMETRIC_REPRESENTATION_CONTEXT(2) 
PARAMETRIC_REPRESENTATION_CONTEXT() REPRESENTATION_CONTEXT('2D SPACE',''
  ) );
#11219 = ADVANCED_FACE('',(#11220),#2895,.T.);
#11220 = FACE_BOUND('',#11221,.T.);
#11221 = EDGE_LOOP('',(#11222,#11245,#11266,#11267));
#11222 = ORIENTED_EDGE('',*,*,#11223,.F.);
#11223 = EDGE_CURVE('',#11224,#11125,#11226,.T.);
#11224 = VERTEX_POINT('',#11225);
#11225 = CARTESIAN_POINT('',(274.5,-104.48125,9.85));
#11226 = SURFACE_CURVE('',#11227,(#11231,#11238),.PCURVE_S1.);
#11227 = LINE('',#11228,#11229);
#11228 = CARTESIAN_POINT('',(274.5,-104.48125,9.85));
#11229 = VECTOR('',#11230,1.);
#11230 = DIRECTION('',(-2.785593440065E-03,0.999996120227,0.));
#11231 = PCURVE('',#2895,#11232);
#11232 = DEFINITIONAL_REPRESENTATION('',(#11233),#11237);
#11233 = LINE('',#11234,#11235);
#11234 = CARTESIAN_POINT('',(0.,0.));
#11235 = VECTOR('',#11236,1.);
#11236 = DIRECTION('',(1.,0.));
#11237 = ( GEOMETRIC_REPRESENTATION_CONTEXT(2) 
PARAMETRIC_REPRESENTATION_CONTEXT() REPRESENTATION_CONTEXT('2D SPACE',''
  ) );
#11238 = PCURVE('',#11139,#11239);
#11239 = DEFINITIONAL_REPRESENTATION('',(#11240),#11244);
#11240 = LINE('',#11241,#11242);
#11241 = CARTESIAN_POINT('',(5.5,-1.75));
#11242 = VECTOR('',#11243,1.);
#11243 = DIRECTION('',(-2.785593440065E-03,0.999996120227));
#11244 = ( GEOMETRIC_REPRESENTATION_CONTEXT(2) 
PARAMETRIC_REPRESENTATION_CONTEXT() REPRESENTATION_CONTEXT('2D SPACE',''
  ) );
#11245 = ORIENTED_EDGE('',*,*,#11246,.T.);
#11246 = EDGE_CURVE('',#11224,#2881,#11247,.T.);
#11247 = SURFACE_CURVE('',#11248,(#11252,#11259),.PCURVE_S1.);
#11248 = LINE('',#11249,#11250);
#11249 = CARTESIAN_POINT('',(274.5,-104.48125,9.85));
#11250 = VECTOR('',#11251,1.);
#11251 = DIRECTION('',(0.,0.,1.));
#11252 = PCURVE('',#2895,#11253);
#11253 = DEFINITIONAL_REPRESENTATION('',(#11254),#11258);
#11254 = LINE('',#11255,#11256);
#11255 = CARTESIAN_POINT('',(0.,0.));
#11256 = VECTOR('',#11257,1.);
#11257 = DIRECTION('',(0.,-1.));
#11258 = ( GEOMETRIC_REPRESENTATION_CONTEXT(2) 
PARAMETRIC_REPRESENTATION_CONTEXT() REPRESENTATION_CONTEXT('2D SPACE',''
  ) );
#11259 = PCURVE('',#2927,#11260);
#11260 = DEFINITIONAL_REPRESENTATION('',(#11261),#11265);
#11261 = LINE('',#11262,#11263);
#11262 = CARTESIAN_POINT('',(-1.455531117313,0.));
#11263 = VECTOR('',#11264,1.);
#11264 = DIRECTION('',(-0.,-1.));
#11265 = ( GEOMETRIC_REPRESENTATION_CONTEXT(2) 
PARAMETRIC_REPRESENTATION_CONTEXT() REPRESENTATION_CONTEXT('2D SPACE',''
  ) );
#11266 = ORIENTED_EDGE('',*,*,#2880,.F.);
#11267 = ORIENTED_EDGE('',*,*,#11150,.F.);
#11268 = ADVANCED_FACE('',(#11269),#4066,.F.);
#11269 = FACE_BOUND('',#11270,.T.);
#11270 = EDGE_LOOP('',(#11271,#11295,#11296,#11297));
#11271 = ORIENTED_EDGE('',*,*,#11272,.F.);
#11272 = EDGE_CURVE('',#11175,#11273,#11275,.T.);
#11273 = VERTEX_POINT('',#11274);
#11274 = CARTESIAN_POINT('',(148.69005605576,-102.5208644882,9.85));
#11275 = SURFACE_CURVE('',#11276,(#11281,#11288),.PCURVE_S1.);
#11276 = CIRCLE('',#11277,1.500413123523);
#11277 = AXIS2_PLACEMENT_3D('',#11278,#11279,#11280);
#11278 = CARTESIAN_POINT('',(150.06375318135,-101.91737816,9.85));
#11279 = DIRECTION('',(0.,0.,1.));
#11280 = DIRECTION('',(-0.50484154948,0.863212030685,0.));
#11281 = PCURVE('',#4066,#11282);
#11282 = DEFINITIONAL_REPRESENTATION('',(#11283),#11287);
#11283 = LINE('',#11284,#11285);
#11284 = CARTESIAN_POINT('',(-0.,0.));
#11285 = VECTOR('',#11286,1.);
#11286 = DIRECTION('',(-1.,0.));
#11287 = ( GEOMETRIC_REPRESENTATION_CONTEXT(2) 
PARAMETRIC_REPRESENTATION_CONTEXT() REPRESENTATION_CONTEXT('2D SPACE',''
  ) );
#11288 = PCURVE('',#10869,#11289);
#11289 = DEFINITIONAL_REPRESENTATION('',(#11290),#11294);
#11290 = CIRCLE('',#11291,1.500413123523);
#11291 = AXIS2_PLACEMENT_2D('',#11292,#11293);
#11292 = CARTESIAN_POINT('',(-3.211892833954,2.956115649436));
#11293 = DIRECTION('',(-0.50484154948,0.863212030685));
#11294 = ( GEOMETRIC_REPRESENTATION_CONTEXT(2) 
PARAMETRIC_REPRESENTATION_CONTEXT() REPRESENTATION_CONTEXT('2D SPACE',''
  ) );
#11295 = ORIENTED_EDGE('',*,*,#11199,.T.);
#11296 = ORIENTED_EDGE('',*,*,#4045,.F.);
#11297 = ORIENTED_EDGE('',*,*,#11298,.F.);
#11298 = EDGE_CURVE('',#11273,#4020,#11299,.T.);
#11299 = SURFACE_CURVE('',#11300,(#11304,#11311),.PCURVE_S1.);
#11300 = LINE('',#11301,#11302);
#11301 = CARTESIAN_POINT('',(148.69005605576,-102.5208644882,9.85));
#11302 = VECTOR('',#11303,1.);
#11303 = DIRECTION('',(0.,0.,1.));
#11304 = PCURVE('',#4066,#11305);
#11305 = DEFINITIONAL_REPRESENTATION('',(#11306),#11310);
#11306 = LINE('',#11307,#11308);
#11307 = CARTESIAN_POINT('',(-1.455531117313,0.));
#11308 = VECTOR('',#11309,1.);
#11309 = DIRECTION('',(-0.,-1.));
#11310 = ( GEOMETRIC_REPRESENTATION_CONTEXT(2) 
PARAMETRIC_REPRESENTATION_CONTEXT() REPRESENTATION_CONTEXT('2D SPACE',''
  ) );
#11311 = PCURVE('',#4034,#11312);
#11312 = DEFINITIONAL_REPRESENTATION('',(#11313),#11317);
#11313 = LINE('',#11314,#11315);
#11314 = CARTESIAN_POINT('',(0.,0.));
#11315 = VECTOR('',#11316,1.);
#11316 = DIRECTION('',(0.,-1.));
#11317 = ( GEOMETRIC_REPRESENTATION_CONTEXT(2) 
PARAMETRIC_REPRESENTATION_CONTEXT() REPRESENTATION_CONTEXT('2D SPACE',''
  ) );
#11318 = ADVANCED_FACE('',(#11319),#2927,.F.);
#11319 = FACE_BOUND('',#11320,.T.);
#11320 = EDGE_LOOP('',(#11321,#11345,#11366,#11367));
#11321 = ORIENTED_EDGE('',*,*,#11322,.F.);
#11322 = EDGE_CURVE('',#11323,#11224,#11325,.T.);
#11323 = VERTEX_POINT('',#11324);
#11324 = CARTESIAN_POINT('',(273.17138237755,-105.9710229816,9.85));
#11325 = SURFACE_CURVE('',#11326,(#11331,#11338),.PCURVE_S1.);
#11326 = CIRCLE('',#11327,1.500413123523);
#11327 = AXIS2_PLACEMENT_3D('',#11328,#11329,#11330);
#11328 = CARTESIAN_POINT('',(272.99958707535,-104.4804774723,9.85));
#11329 = DIRECTION('',(0.,0.,1.));
#11330 = DIRECTION('',(0.11449866674,-0.993423401836,0.));
#11331 = PCURVE('',#2927,#11332);
#11332 = DEFINITIONAL_REPRESENTATION('',(#11333),#11337);
#11333 = LINE('',#11334,#11335);
#11334 = CARTESIAN_POINT('',(-0.,0.));
#11335 = VECTOR('',#11336,1.);
#11336 = DIRECTION('',(-1.,0.));
#11337 = ( GEOMETRIC_REPRESENTATION_CONTEXT(2) 
PARAMETRIC_REPRESENTATION_CONTEXT() REPRESENTATION_CONTEXT('2D SPACE',''
  ) );
#11338 = PCURVE('',#11139,#11339);
#11339 = DEFINITIONAL_REPRESENTATION('',(#11340),#11344);
#11340 = CIRCLE('',#11341,1.500413123523);
#11341 = AXIS2_PLACEMENT_2D('',#11342,#11343);
#11342 = CARTESIAN_POINT('',(3.999587075355,-1.749227472325));
#11343 = DIRECTION('',(0.11449866674,-0.993423401836));
#11344 = ( GEOMETRIC_REPRESENTATION_CONTEXT(2) 
PARAMETRIC_REPRESENTATION_CONTEXT() REPRESENTATION_CONTEXT('2D SPACE',''
  ) );
#11345 = ORIENTED_EDGE('',*,*,#11346,.T.);
#11346 = EDGE_CURVE('',#11323,#2907,#11347,.T.);
#11347 = SURFACE_CURVE('',#11348,(#11352,#11359),.PCURVE_S1.);
#11348 = LINE('',#11349,#11350);
#11349 = CARTESIAN_POINT('',(273.17138237755,-105.9710229816,9.85));
#11350 = VECTOR('',#11351,1.);
#11351 = DIRECTION('',(0.,0.,1.));
#11352 = PCURVE('',#2927,#11353);
#11353 = DEFINITIONAL_REPRESENTATION('',(#11354),#11358);
#11354 = LINE('',#11355,#11356);
#11355 = CARTESIAN_POINT('',(-0.,0.));
#11356 = VECTOR('',#11357,1.);
#11357 = DIRECTION('',(-0.,-1.));
#11358 = ( GEOMETRIC_REPRESENTATION_CONTEXT(2) 
PARAMETRIC_REPRESENTATION_CONTEXT() REPRESENTATION_CONTEXT('2D SPACE',''
  ) );
#11359 = PCURVE('',#2954,#11360);
#11360 = DEFINITIONAL_REPRESENTATION('',(#11361),#11365);
#11361 = LINE('',#11362,#11363);
#11362 = CARTESIAN_POINT('',(8.171388777445,0.));
#11363 = VECTOR('',#11364,1.);
#11364 = DIRECTION('',(0.,-1.));
#11365 = ( GEOMETRIC_REPRESENTATION_CONTEXT(2) 
PARAMETRIC_REPRESENTATION_CONTEXT() REPRESENTATION_CONTEXT('2D SPACE',''
  ) );
#11366 = ORIENTED_EDGE('',*,*,#2906,.F.);
#11367 = ORIENTED_EDGE('',*,*,#11246,.F.);
#11368 = ADVANCED_FACE('',(#11369),#4034,.T.);
#11369 = FACE_BOUND('',#11370,.T.);
#11370 = EDGE_LOOP('',(#11371,#11394,#11395,#11396));
#11371 = ORIENTED_EDGE('',*,*,#11372,.F.);
#11372 = EDGE_CURVE('',#11273,#11373,#11375,.T.);
#11373 = VERTEX_POINT('',#11374);
#11374 = CARTESIAN_POINT('',(151.98990857985,-109.9963288799,9.85));
#11375 = SURFACE_CURVE('',#11376,(#11380,#11387),.PCURVE_S1.);
#11376 = LINE('',#11377,#11378);
#11377 = CARTESIAN_POINT('',(148.69005605576,-102.5208644882,9.85));
#11378 = VECTOR('',#11379,1.);
#11379 = DIRECTION('',(0.403830072705,-0.914834013567,0.));
#11380 = PCURVE('',#4034,#11381);
#11381 = DEFINITIONAL_REPRESENTATION('',(#11382),#11386);
#11382 = LINE('',#11383,#11384);
#11383 = CARTESIAN_POINT('',(0.,0.));
#11384 = VECTOR('',#11385,1.);
#11385 = DIRECTION('',(1.,0.));
#11386 = ( GEOMETRIC_REPRESENTATION_CONTEXT(2) 
PARAMETRIC_REPRESENTATION_CONTEXT() REPRESENTATION_CONTEXT('2D SPACE',''
  ) );
#11387 = PCURVE('',#10869,#11388);
#11388 = DEFINITIONAL_REPRESENTATION('',(#11389),#11393);
#11389 = LINE('',#11390,#11391);
#11390 = CARTESIAN_POINT('',(-4.585589959546,2.352629321188));
#11391 = VECTOR('',#11392,1.);
#11392 = DIRECTION('',(0.403830072705,-0.914834013567));
#11393 = ( GEOMETRIC_REPRESENTATION_CONTEXT(2) 
PARAMETRIC_REPRESENTATION_CONTEXT() REPRESENTATION_CONTEXT('2D SPACE',''
  ) );
#11394 = ORIENTED_EDGE('',*,*,#11298,.T.);
#11395 = ORIENTED_EDGE('',*,*,#4019,.F.);
#11396 = ORIENTED_EDGE('',*,*,#11397,.F.);
#11397 = EDGE_CURVE('',#11373,#3987,#11398,.T.);
#11398 = SURFACE_CURVE('',#11399,(#11403,#11410),.PCURVE_S1.);
#11399 = LINE('',#11400,#11401);
#11400 = CARTESIAN_POINT('',(151.98990857985,-109.9963288799,9.85));
#11401 = VECTOR('',#11402,1.);
#11402 = DIRECTION('',(0.,0.,1.));
#11403 = PCURVE('',#4034,#11404);
#11404 = DEFINITIONAL_REPRESENTATION('',(#11405),#11409);
#11405 = LINE('',#11406,#11407);
#11406 = CARTESIAN_POINT('',(8.171388777445,0.));
#11407 = VECTOR('',#11408,1.);
#11408 = DIRECTION('',(0.,-1.));
#11409 = ( GEOMETRIC_REPRESENTATION_CONTEXT(2) 
PARAMETRIC_REPRESENTATION_CONTEXT() REPRESENTATION_CONTEXT('2D SPACE',''
  ) );
#11410 = PCURVE('',#4007,#11411);
#11411 = DEFINITIONAL_REPRESENTATION('',(#11412),#11416);
#11412 = LINE('',#11413,#11414);
#11413 = CARTESIAN_POINT('',(-0.,0.));
#11414 = VECTOR('',#11415,1.);
#11415 = DIRECTION('',(-0.,-1.));
#11416 = ( GEOMETRIC_REPRESENTATION_CONTEXT(2) 
PARAMETRIC_REPRESENTATION_CONTEXT() REPRESENTATION_CONTEXT('2D SPACE',''
  ) );
#11417 = ADVANCED_FACE('',(#11418),#2954,.T.);
#11418 = FACE_BOUND('',#11419,.T.);
#11419 = EDGE_LOOP('',(#11420,#11443,#11464,#11465));
#11420 = ORIENTED_EDGE('',*,*,#11421,.F.);
#11421 = EDGE_CURVE('',#11422,#11323,#11424,.T.);
#11422 = VERTEX_POINT('',#11423);
#11423 = CARTESIAN_POINT('',(265.,-105.98125,9.85));
#11424 = SURFACE_CURVE('',#11425,(#11429,#11436),.PCURVE_S1.);
#11425 = LINE('',#11426,#11427);
#11426 = CARTESIAN_POINT('',(265.,-105.98125,9.85));
#11427 = VECTOR('',#11428,1.);
#11428 = DIRECTION('',(0.999999216793,1.251564284109E-03,0.));
#11429 = PCURVE('',#2954,#11430);
#11430 = DEFINITIONAL_REPRESENTATION('',(#11431),#11435);
#11431 = LINE('',#11432,#11433);
#11432 = CARTESIAN_POINT('',(0.,0.));
#11433 = VECTOR('',#11434,1.);
#11434 = DIRECTION('',(1.,0.));
#11435 = ( GEOMETRIC_REPRESENTATION_CONTEXT(2) 
PARAMETRIC_REPRESENTATION_CONTEXT() REPRESENTATION_CONTEXT('2D SPACE',''
  ) );
#11436 = PCURVE('',#11139,#11437);
#11437 = DEFINITIONAL_REPRESENTATION('',(#11438),#11442);
#11438 = LINE('',#11439,#11440);
#11439 = CARTESIAN_POINT('',(-4.,-3.25));
#11440 = VECTOR('',#11441,1.);
#11441 = DIRECTION('',(0.999999216793,1.251564284109E-03));
#11442 = ( GEOMETRIC_REPRESENTATION_CONTEXT(2) 
PARAMETRIC_REPRESENTATION_CONTEXT() REPRESENTATION_CONTEXT('2D SPACE',''
  ) );
#11443 = ORIENTED_EDGE('',*,*,#11444,.T.);
#11444 = EDGE_CURVE('',#11422,#2940,#11445,.T.);
#11445 = SURFACE_CURVE('',#11446,(#11450,#11457),.PCURVE_S1.);
#11446 = LINE('',#11447,#11448);
#11447 = CARTESIAN_POINT('',(265.,-105.98125,9.85));
#11448 = VECTOR('',#11449,1.);
#11449 = DIRECTION('',(0.,0.,1.));
#11450 = PCURVE('',#2954,#11451);
#11451 = DEFINITIONAL_REPRESENTATION('',(#11452),#11456);
#11452 = LINE('',#11453,#11454);
#11453 = CARTESIAN_POINT('',(0.,0.));
#11454 = VECTOR('',#11455,1.);
#11455 = DIRECTION('',(0.,-1.));
#11456 = ( GEOMETRIC_REPRESENTATION_CONTEXT(2) 
PARAMETRIC_REPRESENTATION_CONTEXT() REPRESENTATION_CONTEXT('2D SPACE',''
  ) );
#11457 = PCURVE('',#2986,#11458);
#11458 = DEFINITIONAL_REPRESENTATION('',(#11459),#11463);
#11459 = LINE('',#11460,#11461);
#11460 = CARTESIAN_POINT('',(-1.455531117313,0.));
#11461 = VECTOR('',#11462,1.);
#11462 = DIRECTION('',(-0.,-1.));
#11463 = ( GEOMETRIC_REPRESENTATION_CONTEXT(2) 
PARAMETRIC_REPRESENTATION_CONTEXT() REPRESENTATION_CONTEXT('2D SPACE',''
  ) );
#11464 = ORIENTED_EDGE('',*,*,#2939,.F.);
#11465 = ORIENTED_EDGE('',*,*,#11346,.F.);
#11466 = ADVANCED_FACE('',(#11467),#4007,.F.);
#11467 = FACE_BOUND('',#11468,.T.);
#11468 = EDGE_LOOP('',(#11469,#11493,#11494,#11495));
#11469 = ORIENTED_EDGE('',*,*,#11470,.F.);
#11470 = EDGE_CURVE('',#11373,#11471,#11473,.T.);
#11471 = VERTEX_POINT('',#11472);
#11472 = CARTESIAN_POINT('',(153.88856956732,-110.6125551194,9.85));
#11473 = SURFACE_CURVE('',#11474,(#11479,#11486),.PCURVE_S1.);
#11474 = CIRCLE('',#11475,1.500413123523);
#11475 = AXIS2_PLACEMENT_3D('',#11476,#11477,#11478);
#11476 = CARTESIAN_POINT('',(153.28508323907,-109.2388579938,9.85));
#11477 = DIRECTION('',(0.,0.,1.));
#11478 = DIRECTION('',(-0.863212030685,-0.50484154948,0.));
#11479 = PCURVE('',#4007,#11480);
#11480 = DEFINITIONAL_REPRESENTATION('',(#11481),#11485);
#11481 = LINE('',#11482,#11483);
#11482 = CARTESIAN_POINT('',(-0.,0.));
#11483 = VECTOR('',#11484,1.);
#11484 = DIRECTION('',(-1.,0.));
#11485 = ( GEOMETRIC_REPRESENTATION_CONTEXT(2) 
PARAMETRIC_REPRESENTATION_CONTEXT() REPRESENTATION_CONTEXT('2D SPACE',''
  ) );
#11486 = PCURVE('',#10869,#11487);
#11487 = DEFINITIONAL_REPRESENTATION('',(#11488),#11492);
#11488 = CIRCLE('',#11489,1.500413123523);
#11489 = AXIS2_PLACEMENT_2D('',#11490,#11491);
#11490 = CARTESIAN_POINT('',(9.437223772096E-03,-4.36536418436));
#11491 = DIRECTION('',(-0.863212030685,-0.50484154948));
#11492 = ( GEOMETRIC_REPRESENTATION_CONTEXT(2) 
PARAMETRIC_REPRESENTATION_CONTEXT() REPRESENTATION_CONTEXT('2D SPACE',''
  ) );
#11493 = ORIENTED_EDGE('',*,*,#11397,.T.);
#11494 = ORIENTED_EDGE('',*,*,#3986,.F.);
#11495 = ORIENTED_EDGE('',*,*,#11496,.F.);
#11496 = EDGE_CURVE('',#11471,#3961,#11497,.T.);
#11497 = SURFACE_CURVE('',#11498,(#11502,#11509),.PCURVE_S1.);
#11498 = LINE('',#11499,#11500);
#11499 = CARTESIAN_POINT('',(153.88856956732,-110.6125551194,9.85));
#11500 = VECTOR('',#11501,1.);
#11501 = DIRECTION('',(0.,0.,1.));
#11502 = PCURVE('',#4007,#11503);
#11503 = DEFINITIONAL_REPRESENTATION('',(#11504),#11508);
#11504 = LINE('',#11505,#11506);
#11505 = CARTESIAN_POINT('',(-1.455531117313,0.));
#11506 = VECTOR('',#11507,1.);
#11507 = DIRECTION('',(-0.,-1.));
#11508 = ( GEOMETRIC_REPRESENTATION_CONTEXT(2) 
PARAMETRIC_REPRESENTATION_CONTEXT() REPRESENTATION_CONTEXT('2D SPACE',''
  ) );
#11509 = PCURVE('',#3975,#11510);
#11510 = DEFINITIONAL_REPRESENTATION('',(#11511),#11515);
#11511 = LINE('',#11512,#11513);
#11512 = CARTESIAN_POINT('',(0.,0.));
#11513 = VECTOR('',#11514,1.);
#11514 = DIRECTION('',(0.,-1.));
#11515 = ( GEOMETRIC_REPRESENTATION_CONTEXT(2) 
PARAMETRIC_REPRESENTATION_CONTEXT() REPRESENTATION_CONTEXT('2D SPACE',''
  ) );
#11516 = ADVANCED_FACE('',(#11517),#2986,.F.);
#11517 = FACE_BOUND('',#11518,.T.);
#11518 = EDGE_LOOP('',(#11519,#11543,#11564,#11565));
#11519 = ORIENTED_EDGE('',*,*,#11520,.F.);
#11520 = EDGE_CURVE('',#11521,#11422,#11523,.T.);
#11521 = VERTEX_POINT('',#11522);
#11522 = CARTESIAN_POINT('',(263.51022701834,-104.6526323775,9.85));
#11523 = SURFACE_CURVE('',#11524,(#11529,#11536),.PCURVE_S1.);
#11524 = CIRCLE('',#11525,1.500413123523);
#11525 = AXIS2_PLACEMENT_3D('',#11526,#11527,#11528);
#11526 = CARTESIAN_POINT('',(265.00077252767,-104.4808370753,9.85));
#11527 = DIRECTION('',(0.,0.,1.));
#11528 = DIRECTION('',(-0.993423401836,-0.11449866674,0.));
#11529 = PCURVE('',#2986,#11530);
#11530 = DEFINITIONAL_REPRESENTATION('',(#11531),#11535);
#11531 = LINE('',#11532,#11533);
#11532 = CARTESIAN_POINT('',(-0.,0.));
#11533 = VECTOR('',#11534,1.);
#11534 = DIRECTION('',(-1.,0.));
#11535 = ( GEOMETRIC_REPRESENTATION_CONTEXT(2) 
PARAMETRIC_REPRESENTATION_CONTEXT() REPRESENTATION_CONTEXT('2D SPACE',''
  ) );
#11536 = PCURVE('',#11139,#11537);
#11537 = DEFINITIONAL_REPRESENTATION('',(#11538),#11542);
#11538 = CIRCLE('',#11539,1.500413123523);
#11539 = AXIS2_PLACEMENT_2D('',#11540,#11541);
#11540 = CARTESIAN_POINT('',(-3.999227472325,-1.749587075355));
#11541 = DIRECTION('',(-0.993423401836,-0.11449866674));
#11542 = ( GEOMETRIC_REPRESENTATION_CONTEXT(2) 
PARAMETRIC_REPRESENTATION_CONTEXT() REPRESENTATION_CONTEXT('2D SPACE',''
  ) );
#11543 = ORIENTED_EDGE('',*,*,#11544,.T.);
#11544 = EDGE_CURVE('',#11521,#2966,#11545,.T.);
#11545 = SURFACE_CURVE('',#11546,(#11550,#11557),.PCURVE_S1.);
#11546 = LINE('',#11547,#11548);
#11547 = CARTESIAN_POINT('',(263.51022701834,-104.6526323775,9.85));
#11548 = VECTOR('',#11549,1.);
#11549 = DIRECTION('',(0.,0.,1.));
#11550 = PCURVE('',#2986,#11551);
#11551 = DEFINITIONAL_REPRESENTATION('',(#11552),#11556);
#11552 = LINE('',#11553,#11554);
#11553 = CARTESIAN_POINT('',(-0.,0.));
#11554 = VECTOR('',#11555,1.);
#11555 = DIRECTION('',(-0.,-1.));
#11556 = ( GEOMETRIC_REPRESENTATION_CONTEXT(2) 
PARAMETRIC_REPRESENTATION_CONTEXT() REPRESENTATION_CONTEXT('2D SPACE',''
  ) );
#11557 = PCURVE('',#3013,#11558);
#11558 = DEFINITIONAL_REPRESENTATION('',(#11559),#11563);
#11559 = LINE('',#11560,#11561);
#11560 = CARTESIAN_POINT('',(3.671396621743,0.));
#11561 = VECTOR('',#11562,1.);
#11562 = DIRECTION('',(0.,-1.));
#11563 = ( GEOMETRIC_REPRESENTATION_CONTEXT(2) 
PARAMETRIC_REPRESENTATION_CONTEXT() REPRESENTATION_CONTEXT('2D SPACE',''
  ) );
#11564 = ORIENTED_EDGE('',*,*,#2965,.F.);
#11565 = ORIENTED_EDGE('',*,*,#11444,.F.);
#11566 = ADVANCED_FACE('',(#11567),#3975,.T.);
#11567 = FACE_BOUND('',#11568,.T.);
#11568 = EDGE_LOOP('',(#11569,#11592,#11593,#11594));
#11569 = ORIENTED_EDGE('',*,*,#11570,.F.);
#11570 = EDGE_CURVE('',#11471,#11571,#11573,.T.);
#11571 = VERTEX_POINT('',#11572);
#11572 = CARTESIAN_POINT('',(156.41828447297,-109.4912372082,9.85));
#11573 = SURFACE_CURVE('',#11574,(#11578,#11585),.PCURVE_S1.);
#11574 = LINE('',#11575,#11576);
#11575 = CARTESIAN_POINT('',(153.88856956732,-110.6125551194,9.85));
#11576 = VECTOR('',#11577,1.);
#11577 = DIRECTION('',(0.914213448963,0.405232982043,0.));
#11578 = PCURVE('',#3975,#11579);
#11579 = DEFINITIONAL_REPRESENTATION('',(#11580),#11584);
#11580 = LINE('',#11581,#11582);
#11581 = CARTESIAN_POINT('',(0.,0.));
#11582 = VECTOR('',#11583,1.);
#11583 = DIRECTION('',(1.,0.));
#11584 = ( GEOMETRIC_REPRESENTATION_CONTEXT(2) 
PARAMETRIC_REPRESENTATION_CONTEXT() REPRESENTATION_CONTEXT('2D SPACE',''
  ) );
#11585 = PCURVE('',#10869,#11586);
#11586 = DEFINITIONAL_REPRESENTATION('',(#11587),#11591);
#11587 = LINE('',#11588,#11589);
#11588 = CARTESIAN_POINT('',(0.612923552021,-5.739061309951));
#11589 = VECTOR('',#11590,1.);
#11590 = DIRECTION('',(0.914213448963,0.405232982043));
#11591 = ( GEOMETRIC_REPRESENTATION_CONTEXT(2) 
PARAMETRIC_REPRESENTATION_CONTEXT() REPRESENTATION_CONTEXT('2D SPACE',''
  ) );
#11592 = ORIENTED_EDGE('',*,*,#11496,.T.);
#11593 = ORIENTED_EDGE('',*,*,#3960,.F.);
#11594 = ORIENTED_EDGE('',*,*,#11595,.F.);
#11595 = EDGE_CURVE('',#11571,#3940,#11596,.T.);
#11596 = SURFACE_CURVE('',#11597,(#11601,#11607),.PCURVE_S1.);
#11597 = LINE('',#11598,#11599);
#11598 = CARTESIAN_POINT('',(156.41828447297,-109.4912372082,6.425));
#11599 = VECTOR('',#11600,1.);
#11600 = DIRECTION('',(0.,0.,1.));
#11601 = PCURVE('',#3975,#11602);
#11602 = DEFINITIONAL_REPRESENTATION('',(#11603),#11606);
#11603 = B_SPLINE_CURVE_WITH_KNOTS('',1,(#11604,#11605),.UNSPECIFIED.,
  .F.,.F.,(2,2),(3.425,5.675),.PIECEWISE_BEZIER_KNOTS.);
#11604 = CARTESIAN_POINT('',(2.76709438974,0.));
#11605 = CARTESIAN_POINT('',(2.76709438974,-2.25));
#11606 = ( GEOMETRIC_REPRESENTATION_CONTEXT(2) 
PARAMETRIC_REPRESENTATION_CONTEXT() REPRESENTATION_CONTEXT('2D SPACE',''
  ) );
#11607 = PCURVE('',#3784,#11608);
#11608 = DEFINITIONAL_REPRESENTATION('',(#11609),#11612);
#11609 = B_SPLINE_CURVE_WITH_KNOTS('',1,(#11610,#11611),.UNSPECIFIED.,
  .F.,.F.,(2,2),(3.425,5.675),.PIECEWISE_BEZIER_KNOTS.);
#11610 = CARTESIAN_POINT('',(6.384674668039,-6.85));
#11611 = CARTESIAN_POINT('',(6.384674668039,-9.1));
#11612 = ( GEOMETRIC_REPRESENTATION_CONTEXT(2) 
PARAMETRIC_REPRESENTATION_CONTEXT() REPRESENTATION_CONTEXT('2D SPACE',''
  ) );
#11613 = ADVANCED_FACE('',(#11614),#3013,.T.);
#11614 = FACE_BOUND('',#11615,.T.);
#11615 = EDGE_LOOP('',(#11616,#11637,#11638,#11639));
#11616 = ORIENTED_EDGE('',*,*,#11617,.F.);
#11617 = EDGE_CURVE('',#11104,#11521,#11618,.T.);
#11618 = SURFACE_CURVE('',#11619,(#11623,#11630),.PCURVE_S1.);
#11619 = LINE('',#11620,#11621);
#11620 = CARTESIAN_POINT('',(263.5,-100.98125,9.85));
#11621 = VECTOR('',#11622,1.);
#11622 = DIRECTION('',(2.785593440065E-03,-0.999996120227,0.));
#11623 = PCURVE('',#3013,#11624);
#11624 = DEFINITIONAL_REPRESENTATION('',(#11625),#11629);
#11625 = LINE('',#11626,#11627);
#11626 = CARTESIAN_POINT('',(0.,0.));
#11627 = VECTOR('',#11628,1.);
#11628 = DIRECTION('',(1.,0.));
#11629 = ( GEOMETRIC_REPRESENTATION_CONTEXT(2) 
PARAMETRIC_REPRESENTATION_CONTEXT() REPRESENTATION_CONTEXT('2D SPACE',''
  ) );
#11630 = PCURVE('',#11139,#11631);
#11631 = DEFINITIONAL_REPRESENTATION('',(#11632),#11636);
#11632 = LINE('',#11633,#11634);
#11633 = CARTESIAN_POINT('',(-5.5,1.75));
#11634 = VECTOR('',#11635,1.);
#11635 = DIRECTION('',(2.785593440065E-03,-0.999996120227));
#11636 = ( GEOMETRIC_REPRESENTATION_CONTEXT(2) 
PARAMETRIC_REPRESENTATION_CONTEXT() REPRESENTATION_CONTEXT('2D SPACE',''
  ) );
#11637 = ORIENTED_EDGE('',*,*,#11103,.F.);
#11638 = ORIENTED_EDGE('',*,*,#2998,.F.);
#11639 = ORIENTED_EDGE('',*,*,#11544,.F.);
#11640 = ADVANCED_FACE('',(#11641),#3784,.T.);
#11641 = FACE_BOUND('',#11642,.T.);
#11642 = EDGE_LOOP('',(#11643,#11668,#11691,#11710,#11711,#11712,#11733,
    #11759,#11778,#11779));
#11643 = ORIENTED_EDGE('',*,*,#11644,.F.);
#11644 = EDGE_CURVE('',#11645,#11647,#11649,.T.);
#11645 = VERTEX_POINT('',#11646);
#11646 = CARTESIAN_POINT('',(153.82973699736,-103.6548434087,3.));
#11647 = VERTEX_POINT('',#11648);
#11648 = CARTESIAN_POINT('',(165.1014182296,-129.0690848217,3.));
#11649 = SURFACE_CURVE('',#11650,(#11654,#11661),.PCURVE_S1.);
#11650 = LINE('',#11651,#11652);
#11651 = CARTESIAN_POINT('',(153.82973699736,-103.6548434087,3.));
#11652 = VECTOR('',#11653,1.);
#11653 = DIRECTION('',(0.405431382207,-0.914125480622,0.));
#11654 = PCURVE('',#3784,#11655);
#11655 = DEFINITIONAL_REPRESENTATION('',(#11656),#11660);
#11656 = LINE('',#11657,#11658);
#11657 = CARTESIAN_POINT('',(0.,0.));
#11658 = VECTOR('',#11659,1.);
#11659 = DIRECTION('',(1.,0.));
#11660 = ( GEOMETRIC_REPRESENTATION_CONTEXT(2) 
PARAMETRIC_REPRESENTATION_CONTEXT() REPRESENTATION_CONTEXT('2D SPACE',''
  ) );
#11661 = PCURVE('',#7128,#11662);
#11662 = DEFINITIONAL_REPRESENTATION('',(#11663),#11667);
#11663 = LINE('',#11664,#11665);
#11664 = CARTESIAN_POINT('',(-52.63107824586,-35.85712585226));
#11665 = VECTOR('',#11666,1.);
#11666 = DIRECTION('',(0.405431382207,-0.914125480622));
#11667 = ( GEOMETRIC_REPRESENTATION_CONTEXT(2) 
PARAMETRIC_REPRESENTATION_CONTEXT() REPRESENTATION_CONTEXT('2D SPACE',''
  ) );
#11668 = ORIENTED_EDGE('',*,*,#11669,.T.);
#11669 = EDGE_CURVE('',#11645,#11670,#11672,.T.);
#11670 = VERTEX_POINT('',#11671);
#11671 = CARTESIAN_POINT('',(153.82973699736,-103.6548434087,9.85));
#11672 = SURFACE_CURVE('',#11673,(#11677,#11684),.PCURVE_S1.);
#11673 = LINE('',#11674,#11675);
#11674 = CARTESIAN_POINT('',(153.82973699736,-103.6548434087,3.));
#11675 = VECTOR('',#11676,1.);
#11676 = DIRECTION('',(0.,0.,1.));
#11677 = PCURVE('',#3784,#11678);
#11678 = DEFINITIONAL_REPRESENTATION('',(#11679),#11683);
#11679 = LINE('',#11680,#11681);
#11680 = CARTESIAN_POINT('',(0.,0.));
#11681 = VECTOR('',#11682,1.);
#11682 = DIRECTION('',(0.,-1.));
#11683 = ( GEOMETRIC_REPRESENTATION_CONTEXT(2) 
PARAMETRIC_REPRESENTATION_CONTEXT() REPRESENTATION_CONTEXT('2D SPACE',''
  ) );
#11684 = PCURVE('',#10894,#11685);
#11685 = DEFINITIONAL_REPRESENTATION('',(#11686),#11690);
#11686 = LINE('',#11687,#11688);
#11687 = CARTESIAN_POINT('',(-1.438822985361,0.));
#11688 = VECTOR('',#11689,1.);
#11689 = DIRECTION('',(-0.,-1.));
#11690 = ( GEOMETRIC_REPRESENTATION_CONTEXT(2) 
PARAMETRIC_REPRESENTATION_CONTEXT() REPRESENTATION_CONTEXT('2D SPACE',''
  ) );
#11691 = ORIENTED_EDGE('',*,*,#11692,.T.);
#11692 = EDGE_CURVE('',#11670,#11571,#11693,.T.);
#11693 = SURFACE_CURVE('',#11694,(#11698,#11704),.PCURVE_S1.);
#11694 = LINE('',#11695,#11696);
#11695 = CARTESIAN_POINT('',(154.01002290889,-104.0613337613,9.85));
#11696 = VECTOR('',#11697,1.);
#11697 = DIRECTION('',(0.405431382207,-0.914125480622,0.));
#11698 = PCURVE('',#3784,#11699);
#11699 = DEFINITIONAL_REPRESENTATION('',(#11700),#11703);
#11700 = B_SPLINE_CURVE_WITH_KNOTS('',1,(#11701,#11702),.UNSPECIFIED.,
  .F.,.F.,(2,2),(-0.444676755276,7.305274273108),
  .PIECEWISE_BEZIER_KNOTS.);
#11701 = CARTESIAN_POINT('',(0.,-6.85));
#11702 = CARTESIAN_POINT('',(7.749951028384,-6.85));
#11703 = ( GEOMETRIC_REPRESENTATION_CONTEXT(2) 
PARAMETRIC_REPRESENTATION_CONTEXT() REPRESENTATION_CONTEXT('2D SPACE',''
  ) );
#11704 = PCURVE('',#10869,#11705);
#11705 = DEFINITIONAL_REPRESENTATION('',(#11706),#11709);
#11706 = B_SPLINE_CURVE_WITH_KNOTS('',1,(#11707,#11708),.UNSPECIFIED.,
  .F.,.F.,(2,2),(-0.444676755276,7.305274273108),
  .PIECEWISE_BEZIER_KNOTS.);
#11707 = CARTESIAN_POINT('',(0.554090982064,1.218650400731));
#11708 = CARTESIAN_POINT('',(3.69616433954,-5.865777307883));
#11709 = ( GEOMETRIC_REPRESENTATION_CONTEXT(2) 
PARAMETRIC_REPRESENTATION_CONTEXT() REPRESENTATION_CONTEXT('2D SPACE',''
  ) );
#11710 = ORIENTED_EDGE('',*,*,#11595,.T.);
#11711 = ORIENTED_EDGE('',*,*,#3939,.F.);
#11712 = ORIENTED_EDGE('',*,*,#11713,.T.);
#11713 = EDGE_CURVE('',#3914,#11714,#11716,.T.);
#11714 = VERTEX_POINT('',#11715);
#11715 = CARTESIAN_POINT('',(157.21130436776,-111.2792578802,9.85));
#11716 = SURFACE_CURVE('',#11717,(#11721,#11727),.PCURVE_S1.);
#11717 = LINE('',#11718,#11719);
#11718 = CARTESIAN_POINT('',(157.21130436776,-111.2792578802,6.425));
#11719 = VECTOR('',#11720,1.);
#11720 = DIRECTION('',(0.,-0.,-1.));
#11721 = PCURVE('',#3784,#11722);
#11722 = DEFINITIONAL_REPRESENTATION('',(#11723),#11726);
#11723 = B_SPLINE_CURVE_WITH_KNOTS('',1,(#11724,#11725),.UNSPECIFIED.,
  .F.,.F.,(2,2),(-5.675,-3.425),.PIECEWISE_BEZIER_KNOTS.);
#11724 = CARTESIAN_POINT('',(8.340665076251,-9.1));
#11725 = CARTESIAN_POINT('',(8.340665076251,-6.85));
#11726 = ( GEOMETRIC_REPRESENTATION_CONTEXT(2) 
PARAMETRIC_REPRESENTATION_CONTEXT() REPRESENTATION_CONTEXT('2D SPACE',''
  ) );
#11727 = PCURVE('',#3928,#11728);
#11728 = DEFINITIONAL_REPRESENTATION('',(#11729),#11732);
#11729 = B_SPLINE_CURVE_WITH_KNOTS('',1,(#11730,#11731),.UNSPECIFIED.,
  .F.,.F.,(2,2),(-5.675,-3.425),.PIECEWISE_BEZIER_KNOTS.);
#11730 = CARTESIAN_POINT('',(0.744447489802,-2.25));
#11731 = CARTESIAN_POINT('',(0.744447489802,0.));
#11732 = ( GEOMETRIC_REPRESENTATION_CONTEXT(2) 
PARAMETRIC_REPRESENTATION_CONTEXT() REPRESENTATION_CONTEXT('2D SPACE',''
  ) );
#11733 = ORIENTED_EDGE('',*,*,#11734,.T.);
#11734 = EDGE_CURVE('',#11714,#11735,#11737,.T.);
#11735 = VERTEX_POINT('',#11736);
#11736 = CARTESIAN_POINT('',(161.66708949338,-121.3257093841,9.85));
#11737 = SURFACE_CURVE('',#11738,(#11742,#11748),.PCURVE_S1.);
#11738 = LINE('',#11739,#11740);
#11739 = CARTESIAN_POINT('',(156.63490058771,-109.9796412112,9.85));
#11740 = VECTOR('',#11741,1.);
#11741 = DIRECTION('',(0.405431382207,-0.914125480622,0.));
#11742 = PCURVE('',#3784,#11743);
#11743 = DEFINITIONAL_REPRESENTATION('',(#11744),#11747);
#11744 = B_SPLINE_CURVE_WITH_KNOTS('',1,(#11745,#11746),.UNSPECIFIED.,
  .F.,.F.,(2,2),(0.949785100595,13.783347812057),
  .PIECEWISE_BEZIER_KNOTS.);
#11745 = CARTESIAN_POINT('',(7.868745283387,-6.85));
#11746 = CARTESIAN_POINT('',(20.702307994848,-6.85));
#11747 = ( GEOMETRIC_REPRESENTATION_CONTEXT(2) 
PARAMETRIC_REPRESENTATION_CONTEXT() REPRESENTATION_CONTEXT('2D SPACE',''
  ) );
#11748 = PCURVE('',#11749,#11754);
#11749 = PLANE('',#11750);
#11750 = AXIS2_PLACEMENT_3D('',#11751,#11752,#11753);
#11751 = CARTESIAN_POINT('',(158.51751307511,-116.7136073136,9.85));
#11752 = DIRECTION('',(0.,0.,1.));
#11753 = DIRECTION('',(1.,0.,-0.));
#11754 = DEFINITIONAL_REPRESENTATION('',(#11755),#11758);
#11755 = B_SPLINE_CURVE_WITH_KNOTS('',1,(#11756,#11757),.UNSPECIFIED.,
  .F.,.F.,(2,2),(0.949785100595,13.783347812057),
  .PIECEWISE_BEZIER_KNOTS.);
#11756 = CARTESIAN_POINT('',(-1.49753980127,5.865743340851));
#11757 = CARTESIAN_POINT('',(3.705589267482,-5.86574334085));
#11758 = ( GEOMETRIC_REPRESENTATION_CONTEXT(2) 
PARAMETRIC_REPRESENTATION_CONTEXT() REPRESENTATION_CONTEXT('2D SPACE',''
  ) );
#11759 = ORIENTED_EDGE('',*,*,#11760,.T.);
#11760 = EDGE_CURVE('',#11735,#3770,#11761,.T.);
#11761 = SURFACE_CURVE('',#11762,(#11766,#11772),.PCURVE_S1.);
#11762 = LINE('',#11763,#11764);
#11763 = CARTESIAN_POINT('',(161.66708949338,-121.3257093841,6.425));
#11764 = VECTOR('',#11765,1.);
#11765 = DIRECTION('',(0.,0.,1.));
#11766 = PCURVE('',#3784,#11767);
#11767 = DEFINITIONAL_REPRESENTATION('',(#11768),#11771);
#11768 = B_SPLINE_CURVE_WITH_KNOTS('',1,(#11769,#11770),.UNSPECIFIED.,
  .F.,.F.,(2,2),(3.425,5.675),.PIECEWISE_BEZIER_KNOTS.);
#11769 = CARTESIAN_POINT('',(19.330897508098,-6.85));
#11770 = CARTESIAN_POINT('',(19.330897508098,-9.1));
#11771 = ( GEOMETRIC_REPRESENTATION_CONTEXT(2) 
PARAMETRIC_REPRESENTATION_CONTEXT() REPRESENTATION_CONTEXT('2D SPACE',''
  ) );
#11772 = PCURVE('',#3810,#11773);
#11773 = DEFINITIONAL_REPRESENTATION('',(#11774),#11777);
#11774 = B_SPLINE_CURVE_WITH_KNOTS('',1,(#11775,#11776),.UNSPECIFIED.,
  .F.,.F.,(2,2),(3.425,5.675),.PIECEWISE_BEZIER_KNOTS.);
#11775 = CARTESIAN_POINT('',(2.76288630318,0.));
#11776 = CARTESIAN_POINT('',(2.76288630318,-2.25));
#11777 = ( GEOMETRIC_REPRESENTATION_CONTEXT(2) 
PARAMETRIC_REPRESENTATION_CONTEXT() REPRESENTATION_CONTEXT('2D SPACE',''
  ) );
#11778 = ORIENTED_EDGE('',*,*,#3769,.F.);
#11779 = ORIENTED_EDGE('',*,*,#11780,.F.);
#11780 = EDGE_CURVE('',#11647,#3737,#11781,.T.);
#11781 = SURFACE_CURVE('',#11782,(#11786,#11793),.PCURVE_S1.);
#11782 = LINE('',#11783,#11784);
#11783 = CARTESIAN_POINT('',(165.1014182296,-129.0690848217,3.));
#11784 = VECTOR('',#11785,1.);
#11785 = DIRECTION('',(0.,0.,1.));
#11786 = PCURVE('',#3784,#11787);
#11787 = DEFINITIONAL_REPRESENTATION('',(#11788),#11792);
#11788 = LINE('',#11789,#11790);
#11789 = CARTESIAN_POINT('',(27.801698948079,0.));
#11790 = VECTOR('',#11791,1.);
#11791 = DIRECTION('',(0.,-1.));
#11792 = ( GEOMETRIC_REPRESENTATION_CONTEXT(2) 
PARAMETRIC_REPRESENTATION_CONTEXT() REPRESENTATION_CONTEXT('2D SPACE',''
  ) );
#11793 = PCURVE('',#3757,#11794);
#11794 = DEFINITIONAL_REPRESENTATION('',(#11795),#11799);
#11795 = LINE('',#11796,#11797);
#11796 = CARTESIAN_POINT('',(-0.,0.));
#11797 = VECTOR('',#11798,1.);
#11798 = DIRECTION('',(-0.,-1.));
#11799 = ( GEOMETRIC_REPRESENTATION_CONTEXT(2) 
PARAMETRIC_REPRESENTATION_CONTEXT() REPRESENTATION_CONTEXT('2D SPACE',''
  ) );
#11800 = ADVANCED_FACE('',(#11801),#3928,.T.);
#11801 = FACE_BOUND('',#11802,.T.);
#11802 = EDGE_LOOP('',(#11803,#11826,#11827,#11828));
#11803 = ORIENTED_EDGE('',*,*,#11804,.F.);
#11804 = EDGE_CURVE('',#11714,#11805,#11807,.T.);
#11805 = VERTEX_POINT('',#11806);
#11806 = CARTESIAN_POINT('',(154.53822679636,-112.4716032657,9.85));
#11807 = SURFACE_CURVE('',#11808,(#11812,#11819),.PCURVE_S1.);
#11808 = LINE('',#11809,#11810);
#11809 = CARTESIAN_POINT('',(157.89118153623,-110.9759938024,9.85));
#11810 = VECTOR('',#11811,1.);
#11811 = DIRECTION('',(-0.91326410228,-0.407367990257,0.));
#11812 = PCURVE('',#3928,#11813);
#11813 = DEFINITIONAL_REPRESENTATION('',(#11814),#11818);
#11814 = LINE('',#11815,#11816);
#11815 = CARTESIAN_POINT('',(0.,0.));
#11816 = VECTOR('',#11817,1.);
#11817 = DIRECTION('',(1.,0.));
#11818 = ( GEOMETRIC_REPRESENTATION_CONTEXT(2) 
PARAMETRIC_REPRESENTATION_CONTEXT() REPRESENTATION_CONTEXT('2D SPACE',''
  ) );
#11819 = PCURVE('',#11749,#11820);
#11820 = DEFINITIONAL_REPRESENTATION('',(#11821),#11825);
#11821 = LINE('',#11822,#11823);
#11822 = CARTESIAN_POINT('',(-0.626331538889,5.737613511155));
#11823 = VECTOR('',#11824,1.);
#11824 = DIRECTION('',(-0.91326410228,-0.407367990257));
#11825 = ( GEOMETRIC_REPRESENTATION_CONTEXT(2) 
PARAMETRIC_REPRESENTATION_CONTEXT() REPRESENTATION_CONTEXT('2D SPACE',''
  ) );
#11826 = ORIENTED_EDGE('',*,*,#11713,.F.);
#11827 = ORIENTED_EDGE('',*,*,#3913,.F.);
#11828 = ORIENTED_EDGE('',*,*,#11829,.F.);
#11829 = EDGE_CURVE('',#11805,#3881,#11830,.T.);
#11830 = SURFACE_CURVE('',#11831,(#11835,#11842),.PCURVE_S1.);
#11831 = LINE('',#11832,#11833);
#11832 = CARTESIAN_POINT('',(154.53822679636,-112.4716032657,9.85));
#11833 = VECTOR('',#11834,1.);
#11834 = DIRECTION('',(0.,0.,1.));
#11835 = PCURVE('',#3928,#11836);
#11836 = DEFINITIONAL_REPRESENTATION('',(#11837),#11841);
#11837 = LINE('',#11838,#11839);
#11838 = CARTESIAN_POINT('',(3.671396621742,0.));
#11839 = VECTOR('',#11840,1.);
#11840 = DIRECTION('',(0.,-1.));
#11841 = ( GEOMETRIC_REPRESENTATION_CONTEXT(2) 
PARAMETRIC_REPRESENTATION_CONTEXT() REPRESENTATION_CONTEXT('2D SPACE',''
  ) );
#11842 = PCURVE('',#3901,#11843);
#11843 = DEFINITIONAL_REPRESENTATION('',(#11844),#11848);
#11844 = LINE('',#11845,#11846);
#11845 = CARTESIAN_POINT('',(-0.,0.));
#11846 = VECTOR('',#11847,1.);
#11847 = DIRECTION('',(-0.,-1.));
#11848 = ( GEOMETRIC_REPRESENTATION_CONTEXT(2) 
PARAMETRIC_REPRESENTATION_CONTEXT() REPRESENTATION_CONTEXT('2D SPACE',''
  ) );
#11849 = ADVANCED_FACE('',(#11850),#3066,.F.);
#11850 = FACE_BOUND('',#11851,.T.);
#11851 = EDGE_LOOP('',(#11852,#11876,#11897,#11898));
#11852 = ORIENTED_EDGE('',*,*,#11853,.F.);
#11853 = EDGE_CURVE('',#11854,#11059,#11856,.T.);
#11854 = VERTEX_POINT('',#11855);
#11855 = CARTESIAN_POINT('',(248.66862305781,-100.296019946,3.));
#11856 = SURFACE_CURVE('',#11857,(#11862,#11869),.PCURVE_S1.);
#11857 = CIRCLE('',#11858,1.753601336601);
#11858 = AXIS2_PLACEMENT_3D('',#11859,#11860,#11861);
#11859 = CARTESIAN_POINT('',(250.39309541049,-99.97772330359,3.));
#11860 = DIRECTION('',(0.,0.,1.));
#11861 = DIRECTION('',(-0.983389050114,-0.181510264492,0.));
#11862 = PCURVE('',#3066,#11863);
#11863 = DEFINITIONAL_REPRESENTATION('',(#11864),#11868);
#11864 = LINE('',#11865,#11866);
#11865 = CARTESIAN_POINT('',(-0.,0.));
#11866 = VECTOR('',#11867,1.);
#11867 = DIRECTION('',(-1.,0.));
#11868 = ( GEOMETRIC_REPRESENTATION_CONTEXT(2) 
PARAMETRIC_REPRESENTATION_CONTEXT() REPRESENTATION_CONTEXT('2D SPACE',''
  ) );
#11869 = PCURVE('',#7128,#11870);
#11870 = DEFINITIONAL_REPRESENTATION('',(#11871),#11875);
#11871 = CIRCLE('',#11872,1.753601336601);
#11872 = AXIS2_PLACEMENT_2D('',#11873,#11874);
#11873 = CARTESIAN_POINT('',(43.932280167262,-32.18000574712));
#11874 = DIRECTION('',(-0.983389050114,-0.181510264492));
#11875 = ( GEOMETRIC_REPRESENTATION_CONTEXT(2) 
PARAMETRIC_REPRESENTATION_CONTEXT() REPRESENTATION_CONTEXT('2D SPACE',''
  ) );
#11876 = ORIENTED_EDGE('',*,*,#11877,.T.);
#11877 = EDGE_CURVE('',#11854,#3046,#11878,.T.);
#11878 = SURFACE_CURVE('',#11879,(#11883,#11890),.PCURVE_S1.);
#11879 = LINE('',#11880,#11881);
#11880 = CARTESIAN_POINT('',(248.66862305781,-100.296019946,3.));
#11881 = VECTOR('',#11882,1.);
#11882 = DIRECTION('',(0.,0.,1.));
#11883 = PCURVE('',#3066,#11884);
#11884 = DEFINITIONAL_REPRESENTATION('',(#11885),#11889);
#11885 = LINE('',#11886,#11887);
#11886 = CARTESIAN_POINT('',(-0.,0.));
#11887 = VECTOR('',#11888,1.);
#11888 = DIRECTION('',(-0.,-1.));
#11889 = ( GEOMETRIC_REPRESENTATION_CONTEXT(2) 
PARAMETRIC_REPRESENTATION_CONTEXT() REPRESENTATION_CONTEXT('2D SPACE',''
  ) );
#11890 = PCURVE('',#3099,#11891);
#11891 = DEFINITIONAL_REPRESENTATION('',(#11892),#11896);
#11892 = LINE('',#11893,#11894);
#11893 = CARTESIAN_POINT('',(1.261360602147,0.));
#11894 = VECTOR('',#11895,1.);
#11895 = DIRECTION('',(0.,-1.));
#11896 = ( GEOMETRIC_REPRESENTATION_CONTEXT(2) 
PARAMETRIC_REPRESENTATION_CONTEXT() REPRESENTATION_CONTEXT('2D SPACE',''
  ) );
#11897 = ORIENTED_EDGE('',*,*,#3045,.F.);
#11898 = ORIENTED_EDGE('',*,*,#11081,.F.);
#11899 = ADVANCED_FACE('',(#11900),#3901,.F.);
#11900 = FACE_BOUND('',#11901,.T.);
#11901 = EDGE_LOOP('',(#11902,#11926,#11927,#11928));
#11902 = ORIENTED_EDGE('',*,*,#11903,.F.);
#11903 = EDGE_CURVE('',#11805,#11904,#11906,.T.);
#11904 = VERTEX_POINT('',#11905);
#11905 = CARTESIAN_POINT('',(153.92643857401,-114.3716989197,9.85));
#11906 = SURFACE_CURVE('',#11907,(#11912,#11919),.PCURVE_S1.);
#11907 = CIRCLE('',#11908,1.500413123523);
#11908 = AXIS2_PLACEMENT_3D('',#11909,#11910,#11911);
#11909 = CARTESIAN_POINT('',(155.29872186784,-113.7650045134,9.85));
#11910 = DIRECTION('',(0.,0.,1.));
#11911 = DIRECTION('',(-0.506857117922,0.862030081849,0.));
#11912 = PCURVE('',#3901,#11913);
#11913 = DEFINITIONAL_REPRESENTATION('',(#11914),#11918);
#11914 = LINE('',#11915,#11916);
#11915 = CARTESIAN_POINT('',(-0.,0.));
#11916 = VECTOR('',#11917,1.);
#11917 = DIRECTION('',(-1.,0.));
#11918 = ( GEOMETRIC_REPRESENTATION_CONTEXT(2) 
PARAMETRIC_REPRESENTATION_CONTEXT() REPRESENTATION_CONTEXT('2D SPACE',''
  ) );
#11919 = PCURVE('',#11749,#11920);
#11920 = DEFINITIONAL_REPRESENTATION('',(#11921),#11925);
#11921 = CIRCLE('',#11922,1.500413123523);
#11922 = AXIS2_PLACEMENT_2D('',#11923,#11924);
#11923 = CARTESIAN_POINT('',(-3.218791207278,2.948602800242));
#11924 = DIRECTION('',(-0.506857117922,0.862030081849));
#11925 = ( GEOMETRIC_REPRESENTATION_CONTEXT(2) 
PARAMETRIC_REPRESENTATION_CONTEXT() REPRESENTATION_CONTEXT('2D SPACE',''
  ) );
#11926 = ORIENTED_EDGE('',*,*,#11829,.T.);
#11927 = ORIENTED_EDGE('',*,*,#3880,.F.);
#11928 = ORIENTED_EDGE('',*,*,#11929,.F.);
#11929 = EDGE_CURVE('',#11904,#3855,#11930,.T.);
#11930 = SURFACE_CURVE('',#11931,(#11935,#11942),.PCURVE_S1.);
#11931 = LINE('',#11932,#11933);
#11932 = CARTESIAN_POINT('',(153.92643857401,-114.3716989197,9.85));
#11933 = VECTOR('',#11934,1.);
#11934 = DIRECTION('',(0.,0.,1.));
#11935 = PCURVE('',#3901,#11936);
#11936 = DEFINITIONAL_REPRESENTATION('',(#11937),#11941);
#11937 = LINE('',#11938,#11939);
#11938 = CARTESIAN_POINT('',(-1.455531117313,0.));
#11939 = VECTOR('',#11940,1.);
#11940 = DIRECTION('',(-0.,-1.));
#11941 = ( GEOMETRIC_REPRESENTATION_CONTEXT(2) 
PARAMETRIC_REPRESENTATION_CONTEXT() REPRESENTATION_CONTEXT('2D SPACE',''
  ) );
#11942 = PCURVE('',#3869,#11943);
#11943 = DEFINITIONAL_REPRESENTATION('',(#11944),#11948);
#11944 = LINE('',#11945,#11946);
#11945 = CARTESIAN_POINT('',(0.,0.));
#11946 = VECTOR('',#11947,1.);
#11947 = DIRECTION('',(0.,-1.));
#11948 = ( GEOMETRIC_REPRESENTATION_CONTEXT(2) 
PARAMETRIC_REPRESENTATION_CONTEXT() REPRESENTATION_CONTEXT('2D SPACE',''
  ) );
#11949 = ADVANCED_FACE('',(#11950),#3099,.T.);
#11950 = FACE_BOUND('',#11951,.T.);
#11951 = EDGE_LOOP('',(#11952,#11980,#12001,#12002));
#11952 = ORIENTED_EDGE('',*,*,#11953,.F.);
#11953 = EDGE_CURVE('',#11954,#11854,#11956,.T.);
#11954 = VERTEX_POINT('',#11955);
#11955 = CARTESIAN_POINT('',(244.91341965184,-96.98825007777,3.));
#11956 = SURFACE_CURVE('',#11957,(#11962,#11969),.PCURVE_S1.);
#11957 = CIRCLE('',#11958,4.243120014868);
#11958 = AXIS2_PLACEMENT_3D('',#11959,#11960,#11961);
#11959 = CARTESIAN_POINT('',(244.52591333248,-101.2136383809,3.));
#11960 = DIRECTION('',(0.,0.,-1.));
#11961 = DIRECTION('',(9.132579752685E-02,0.995821067615,0.));
#11962 = PCURVE('',#3099,#11963);
#11963 = DEFINITIONAL_REPRESENTATION('',(#11964),#11968);
#11964 = LINE('',#11965,#11966);
#11965 = CARTESIAN_POINT('',(0.,0.));
#11966 = VECTOR('',#11967,1.);
#11967 = DIRECTION('',(1.,0.));
#11968 = ( GEOMETRIC_REPRESENTATION_CONTEXT(2) 
PARAMETRIC_REPRESENTATION_CONTEXT() REPRESENTATION_CONTEXT('2D SPACE',''
  ) );
#11969 = PCURVE('',#7128,#11970);
#11970 = DEFINITIONAL_REPRESENTATION('',(#11971),#11979);
#11971 = ( BOUNDED_CURVE() B_SPLINE_CURVE(2,(#11972,#11973,#11974,#11975
    ,#11976,#11977,#11978),.UNSPECIFIED.,.T.,.F.) 
B_SPLINE_CURVE_WITH_KNOTS((1,2,2,2,2,1),(-2.094395102393,0.,
    2.094395102393,4.188790204786,6.28318530718,8.377580409573),
.UNSPECIFIED.) CURVE() GEOMETRIC_REPRESENTATION_ITEM() 
RATIONAL_B_SPLINE_CURVE((1.,0.5,1.,0.5,1.,0.5,1.)) REPRESENTATION_ITEM(
  '') );
#11972 = CARTESIAN_POINT('',(38.452604408612,-29.1905325213));
#11973 = CARTESIAN_POINT('',(45.771191631505,-29.86171315468));
#11974 = CARTESIAN_POINT('',(41.530638541018,-35.86420529283));
#11975 = CARTESIAN_POINT('',(37.290085450532,-41.86669743097));
#11976 = CARTESIAN_POINT('',(34.212051318125,-35.19302465944));
#11977 = CARTESIAN_POINT('',(31.134017185718,-28.51935188791));
#11978 = CARTESIAN_POINT('',(38.452604408612,-29.1905325213));
#11979 = ( GEOMETRIC_REPRESENTATION_CONTEXT(2) 
PARAMETRIC_REPRESENTATION_CONTEXT() REPRESENTATION_CONTEXT('2D SPACE',''
  ) );
#11980 = ORIENTED_EDGE('',*,*,#11981,.T.);
#11981 = EDGE_CURVE('',#11954,#3079,#11982,.T.);
#11982 = SURFACE_CURVE('',#11983,(#11987,#11994),.PCURVE_S1.);
#11983 = LINE('',#11984,#11985);
#11984 = CARTESIAN_POINT('',(244.91341965184,-96.98825007777,3.));
#11985 = VECTOR('',#11986,1.);
#11986 = DIRECTION('',(0.,0.,1.));
#11987 = PCURVE('',#3099,#11988);
#11988 = DEFINITIONAL_REPRESENTATION('',(#11989),#11993);
#11989 = LINE('',#11990,#11991);
#11990 = CARTESIAN_POINT('',(0.,0.));
#11991 = VECTOR('',#11992,1.);
#11992 = DIRECTION('',(0.,-1.));
#11993 = ( GEOMETRIC_REPRESENTATION_CONTEXT(2) 
PARAMETRIC_REPRESENTATION_CONTEXT() REPRESENTATION_CONTEXT('2D SPACE',''
  ) );
#11994 = PCURVE('',#3126,#11995);
#11995 = DEFINITIONAL_REPRESENTATION('',(#11996),#12000);
#11996 = LINE('',#11997,#11998);
#11997 = CARTESIAN_POINT('',(14.046546302866,0.));
#11998 = VECTOR('',#11999,1.);
#11999 = DIRECTION('',(0.,-1.));
#12000 = ( GEOMETRIC_REPRESENTATION_CONTEXT(2) 
PARAMETRIC_REPRESENTATION_CONTEXT() REPRESENTATION_CONTEXT('2D SPACE',''
  ) );
#12001 = ORIENTED_EDGE('',*,*,#3078,.T.);
#12002 = ORIENTED_EDGE('',*,*,#11877,.F.);
#12003 = ADVANCED_FACE('',(#12004),#3869,.T.);
#12004 = FACE_BOUND('',#12005,.T.);
#12005 = EDGE_LOOP('',(#12006,#12029,#12030,#12031));
#12006 = ORIENTED_EDGE('',*,*,#12007,.F.);
#12007 = EDGE_CURVE('',#11904,#12008,#12010,.T.);
#12008 = VERTEX_POINT('',#12009);
#12009 = CARTESIAN_POINT('',(157.24374895996,-121.8394326024,9.85));
#12010 = SURFACE_CURVE('',#12011,(#12015,#12022),.PCURVE_S1.);
#12011 = LINE('',#12012,#12013);
#12012 = CARTESIAN_POINT('',(153.92643857401,-114.3716989197,9.85));
#12013 = VECTOR('',#12014,1.);
#12014 = DIRECTION('',(0.405966534734,-0.913887943172,0.));
#12015 = PCURVE('',#3869,#12016);
#12016 = DEFINITIONAL_REPRESENTATION('',(#12017),#12021);
#12017 = LINE('',#12018,#12019);
#12018 = CARTESIAN_POINT('',(0.,0.));
#12019 = VECTOR('',#12020,1.);
#12020 = DIRECTION('',(1.,0.));
#12021 = ( GEOMETRIC_REPRESENTATION_CONTEXT(2) 
PARAMETRIC_REPRESENTATION_CONTEXT() REPRESENTATION_CONTEXT('2D SPACE',''
  ) );
#12022 = PCURVE('',#11749,#12023);
#12023 = DEFINITIONAL_REPRESENTATION('',(#12024),#12028);
#12024 = LINE('',#12025,#12026);
#12025 = CARTESIAN_POINT('',(-4.591074501107,2.341908393872));
#12026 = VECTOR('',#12027,1.);
#12027 = DIRECTION('',(0.405966534734,-0.913887943172));
#12028 = ( GEOMETRIC_REPRESENTATION_CONTEXT(2) 
PARAMETRIC_REPRESENTATION_CONTEXT() REPRESENTATION_CONTEXT('2D SPACE',''
  ) );
#12029 = ORIENTED_EDGE('',*,*,#11929,.T.);
#12030 = ORIENTED_EDGE('',*,*,#3854,.F.);
#12031 = ORIENTED_EDGE('',*,*,#12032,.F.);
#12032 = EDGE_CURVE('',#12008,#3822,#12033,.T.);
#12033 = SURFACE_CURVE('',#12034,(#12038,#12045),.PCURVE_S1.);
#12034 = LINE('',#12035,#12036);
#12035 = CARTESIAN_POINT('',(157.24374895996,-121.8394326024,9.85));
#12036 = VECTOR('',#12037,1.);
#12037 = DIRECTION('',(0.,0.,1.));
#12038 = PCURVE('',#3869,#12039);
#12039 = DEFINITIONAL_REPRESENTATION('',(#12040),#12044);
#12040 = LINE('',#12041,#12042);
#12041 = CARTESIAN_POINT('',(8.171388777445,0.));
#12042 = VECTOR('',#12043,1.);
#12043 = DIRECTION('',(0.,-1.));
#12044 = ( GEOMETRIC_REPRESENTATION_CONTEXT(2) 
PARAMETRIC_REPRESENTATION_CONTEXT() REPRESENTATION_CONTEXT('2D SPACE',''
  ) );
#12045 = PCURVE('',#3842,#12046);
#12046 = DEFINITIONAL_REPRESENTATION('',(#12047),#12051);
#12047 = LINE('',#12048,#12049);
#12048 = CARTESIAN_POINT('',(-0.,0.));
#12049 = VECTOR('',#12050,1.);
#12050 = DIRECTION('',(-0.,-1.));
#12051 = ( GEOMETRIC_REPRESENTATION_CONTEXT(2) 
PARAMETRIC_REPRESENTATION_CONTEXT() REPRESENTATION_CONTEXT('2D SPACE',''
  ) );
#12052 = ADVANCED_FACE('',(#12053),#3126,.T.);
#12053 = FACE_BOUND('',#12054,.T.);
#12054 = EDGE_LOOP('',(#12055,#12078,#12099,#12100));
#12055 = ORIENTED_EDGE('',*,*,#12056,.F.);
#12056 = EDGE_CURVE('',#12057,#11954,#12059,.T.);
#12057 = VERTEX_POINT('',#12058);
#12058 = CARTESIAN_POINT('',(230.86688688443,-96.96875000855,3.));
#12059 = SURFACE_CURVE('',#12060,(#12064,#12071),.PCURVE_S1.);
#12060 = LINE('',#12061,#12062);
#12061 = CARTESIAN_POINT('',(230.86688688443,-96.96875000855,3.));
#12062 = VECTOR('',#12063,1.);
#12063 = DIRECTION('',(0.999999036385,-1.388246533926E-03,0.));
#12064 = PCURVE('',#3126,#12065);
#12065 = DEFINITIONAL_REPRESENTATION('',(#12066),#12070);
#12066 = LINE('',#12067,#12068);
#12067 = CARTESIAN_POINT('',(0.,0.));
#12068 = VECTOR('',#12069,1.);
#12069 = DIRECTION('',(1.,0.));
#12070 = ( GEOMETRIC_REPRESENTATION_CONTEXT(2) 
PARAMETRIC_REPRESENTATION_CONTEXT() REPRESENTATION_CONTEXT('2D SPACE',''
  ) );
#12071 = PCURVE('',#7128,#12072);
#12072 = DEFINITIONAL_REPRESENTATION('',(#12073),#12077);
#12073 = LINE('',#12074,#12075);
#12074 = CARTESIAN_POINT('',(24.406071641204,-29.17103245208));
#12075 = VECTOR('',#12076,1.);
#12076 = DIRECTION('',(0.999999036385,-1.388246533926E-03));
#12077 = ( GEOMETRIC_REPRESENTATION_CONTEXT(2) 
PARAMETRIC_REPRESENTATION_CONTEXT() REPRESENTATION_CONTEXT('2D SPACE',''
  ) );
#12078 = ORIENTED_EDGE('',*,*,#12079,.T.);
#12079 = EDGE_CURVE('',#12057,#3112,#12080,.T.);
#12080 = SURFACE_CURVE('',#12081,(#12085,#12092),.PCURVE_S1.);
#12081 = LINE('',#12082,#12083);
#12082 = CARTESIAN_POINT('',(230.86688688443,-96.96875000855,3.));
#12083 = VECTOR('',#12084,1.);
#12084 = DIRECTION('',(0.,0.,1.));
#12085 = PCURVE('',#3126,#12086);
#12086 = DEFINITIONAL_REPRESENTATION('',(#12087),#12091);
#12087 = LINE('',#12088,#12089);
#12088 = CARTESIAN_POINT('',(0.,0.));
#12089 = VECTOR('',#12090,1.);
#12090 = DIRECTION('',(0.,-1.));
#12091 = ( GEOMETRIC_REPRESENTATION_CONTEXT(2) 
PARAMETRIC_REPRESENTATION_CONTEXT() REPRESENTATION_CONTEXT('2D SPACE',''
  ) );
#12092 = PCURVE('',#3158,#12093);
#12093 = DEFINITIONAL_REPRESENTATION('',(#12094),#12098);
#12094 = LINE('',#12095,#12096);
#12095 = CARTESIAN_POINT('',(-0.701877135362,0.));
#12096 = VECTOR('',#12097,1.);
#12097 = DIRECTION('',(-0.,-1.));
#12098 = ( GEOMETRIC_REPRESENTATION_CONTEXT(2) 
PARAMETRIC_REPRESENTATION_CONTEXT() REPRESENTATION_CONTEXT('2D SPACE',''
  ) );
#12099 = ORIENTED_EDGE('',*,*,#3111,.F.);
#12100 = ORIENTED_EDGE('',*,*,#11981,.F.);
#12101 = ADVANCED_FACE('',(#12102),#3842,.F.);
#12102 = FACE_BOUND('',#12103,.T.);
#12103 = EDGE_LOOP('',(#12104,#12128,#12129,#12130));
#12104 = ORIENTED_EDGE('',*,*,#12105,.F.);
#12105 = EDGE_CURVE('',#12008,#12106,#12108,.T.);
#12106 = VERTEX_POINT('',#12107);
#12107 = CARTESIAN_POINT('',(159.143844614,-122.4512208248,9.85));
#12108 = SURFACE_CURVE('',#12109,(#12114,#12121),.PCURVE_S1.);
#12109 = CIRCLE('',#12110,1.500413123523);
#12110 = AXIS2_PLACEMENT_3D('',#12111,#12112,#12113);
#12111 = CARTESIAN_POINT('',(158.53715020763,-121.0789375309,9.85));
#12112 = DIRECTION('',(0.,0.,1.));
#12113 = DIRECTION('',(-0.862030081849,-0.506857117922,0.));
#12114 = PCURVE('',#3842,#12115);
#12115 = DEFINITIONAL_REPRESENTATION('',(#12116),#12120);
#12116 = LINE('',#12117,#12118);
#12117 = CARTESIAN_POINT('',(-0.,0.));
#12118 = VECTOR('',#12119,1.);
#12119 = DIRECTION('',(-1.,0.));
#12120 = ( GEOMETRIC_REPRESENTATION_CONTEXT(2) 
PARAMETRIC_REPRESENTATION_CONTEXT() REPRESENTATION_CONTEXT('2D SPACE',''
  ) );
#12121 = PCURVE('',#11749,#12122);
#12122 = DEFINITIONAL_REPRESENTATION('',(#12123),#12127);
#12123 = CIRCLE('',#12124,1.500413123523);
#12124 = AXIS2_PLACEMENT_2D('',#12125,#12126);
#12125 = CARTESIAN_POINT('',(1.963713251848E-02,-4.365330217327));
#12126 = DIRECTION('',(-0.862030081849,-0.506857117922));
#12127 = ( GEOMETRIC_REPRESENTATION_CONTEXT(2) 
PARAMETRIC_REPRESENTATION_CONTEXT() REPRESENTATION_CONTEXT('2D SPACE',''
  ) );
#12128 = ORIENTED_EDGE('',*,*,#12032,.T.);
#12129 = ORIENTED_EDGE('',*,*,#3821,.F.);
#12130 = ORIENTED_EDGE('',*,*,#12131,.F.);
#12131 = EDGE_CURVE('',#12106,#3796,#12132,.T.);
#12132 = SURFACE_CURVE('',#12133,(#12137,#12144),.PCURVE_S1.);
#12133 = LINE('',#12134,#12135);
#12134 = CARTESIAN_POINT('',(159.143844614,-122.4512208248,9.85));
#12135 = VECTOR('',#12136,1.);
#12136 = DIRECTION('',(0.,0.,1.));
#12137 = PCURVE('',#3842,#12138);
#12138 = DEFINITIONAL_REPRESENTATION('',(#12139),#12143);
#12139 = LINE('',#12140,#12141);
#12140 = CARTESIAN_POINT('',(-1.455531117313,0.));
#12141 = VECTOR('',#12142,1.);
#12142 = DIRECTION('',(-0.,-1.));
#12143 = ( GEOMETRIC_REPRESENTATION_CONTEXT(2) 
PARAMETRIC_REPRESENTATION_CONTEXT() REPRESENTATION_CONTEXT('2D SPACE',''
  ) );
#12144 = PCURVE('',#3810,#12145);
#12145 = DEFINITIONAL_REPRESENTATION('',(#12146),#12150);
#12146 = LINE('',#12147,#12148);
#12147 = CARTESIAN_POINT('',(0.,0.));
#12148 = VECTOR('',#12149,1.);
#12149 = DIRECTION('',(0.,-1.));
#12150 = ( GEOMETRIC_REPRESENTATION_CONTEXT(2) 
PARAMETRIC_REPRESENTATION_CONTEXT() REPRESENTATION_CONTEXT('2D SPACE',''
  ) );
#12151 = ADVANCED_FACE('',(#12152),#3158,.F.);
#12152 = FACE_BOUND('',#12153,.T.);
#12153 = EDGE_LOOP('',(#12154,#12178,#12199,#12200));
#12154 = ORIENTED_EDGE('',*,*,#12155,.F.);
#12155 = EDGE_CURVE('',#12156,#12057,#12158,.T.);
#12156 = VERTEX_POINT('',#12157);
#12157 = CARTESIAN_POINT('',(229.72155113117,-96.55828182585,3.));
#12158 = SURFACE_CURVE('',#12159,(#12164,#12171),.PCURVE_S1.);
#12159 = CIRCLE('',#12160,1.769546233663);
#12160 = AXIS2_PLACEMENT_3D('',#12161,#12162,#12163);
#12161 = CARTESIAN_POINT('',(230.85482622682,-95.19924487615,3.));
#12162 = DIRECTION('',(0.,0.,1.));
#12163 = DIRECTION('',(-0.640432600227,-0.768014377838,0.));
#12164 = PCURVE('',#3158,#12165);
#12165 = DEFINITIONAL_REPRESENTATION('',(#12166),#12170);
#12166 = LINE('',#12167,#12168);
#12167 = CARTESIAN_POINT('',(-0.,0.));
#12168 = VECTOR('',#12169,1.);
#12169 = DIRECTION('',(-1.,0.));
#12170 = ( GEOMETRIC_REPRESENTATION_CONTEXT(2) 
PARAMETRIC_REPRESENTATION_CONTEXT() REPRESENTATION_CONTEXT('2D SPACE',''
  ) );
#12171 = PCURVE('',#7128,#12172);
#12172 = DEFINITIONAL_REPRESENTATION('',(#12173),#12177);
#12173 = CIRCLE('',#12174,1.769546233663);
#12174 = AXIS2_PLACEMENT_2D('',#12175,#12176);
#12175 = CARTESIAN_POINT('',(24.394010983592,-27.40152731967));
#12176 = DIRECTION('',(-0.640432600227,-0.768014377838));
#12177 = ( GEOMETRIC_REPRESENTATION_CONTEXT(2) 
PARAMETRIC_REPRESENTATION_CONTEXT() REPRESENTATION_CONTEXT('2D SPACE',''
  ) );
#12178 = ORIENTED_EDGE('',*,*,#12179,.T.);
#12179 = EDGE_CURVE('',#12156,#3138,#12180,.T.);
#12180 = SURFACE_CURVE('',#12181,(#12185,#12192),.PCURVE_S1.);
#12181 = LINE('',#12182,#12183);
#12182 = CARTESIAN_POINT('',(229.72155113117,-96.55828182585,3.));
#12183 = VECTOR('',#12184,1.);
#12184 = DIRECTION('',(0.,0.,1.));
#12185 = PCURVE('',#3158,#12186);
#12186 = DEFINITIONAL_REPRESENTATION('',(#12187),#12191);
#12187 = LINE('',#12188,#12189);
#12188 = CARTESIAN_POINT('',(-0.,0.));
#12189 = VECTOR('',#12190,1.);
#12190 = DIRECTION('',(-0.,-1.));
#12191 = ( GEOMETRIC_REPRESENTATION_CONTEXT(2) 
PARAMETRIC_REPRESENTATION_CONTEXT() REPRESENTATION_CONTEXT('2D SPACE',''
  ) );
#12192 = PCURVE('',#3191,#12193);
#12193 = DEFINITIONAL_REPRESENTATION('',(#12194),#12198);
#12194 = LINE('',#12195,#12196);
#12195 = CARTESIAN_POINT('',(2.19389779819,0.));
#12196 = VECTOR('',#12197,1.);
#12197 = DIRECTION('',(0.,-1.));
#12198 = ( GEOMETRIC_REPRESENTATION_CONTEXT(2) 
PARAMETRIC_REPRESENTATION_CONTEXT() REPRESENTATION_CONTEXT('2D SPACE',''
  ) );
#12199 = ORIENTED_EDGE('',*,*,#3137,.F.);
#12200 = ORIENTED_EDGE('',*,*,#12079,.F.);
#12201 = ADVANCED_FACE('',(#12202),#3810,.T.);
#12202 = FACE_BOUND('',#12203,.T.);
#12203 = EDGE_LOOP('',(#12204,#12225,#12226,#12227));
#12204 = ORIENTED_EDGE('',*,*,#12205,.F.);
#12205 = EDGE_CURVE('',#12106,#11735,#12206,.T.);
#12206 = SURFACE_CURVE('',#12207,(#12211,#12218),.PCURVE_S1.);
#12207 = LINE('',#12208,#12209);
#12208 = CARTESIAN_POINT('',(159.143844614,-122.4512208248,9.85));
#12209 = VECTOR('',#12210,1.);
#12210 = DIRECTION('',(0.91326410228,0.407367990257,0.));
#12211 = PCURVE('',#3810,#12212);
#12212 = DEFINITIONAL_REPRESENTATION('',(#12213),#12217);
#12213 = LINE('',#12214,#12215);
#12214 = CARTESIAN_POINT('',(0.,0.));
#12215 = VECTOR('',#12216,1.);
#12216 = DIRECTION('',(1.,0.));
#12217 = ( GEOMETRIC_REPRESENTATION_CONTEXT(2) 
PARAMETRIC_REPRESENTATION_CONTEXT() REPRESENTATION_CONTEXT('2D SPACE',''
  ) );
#12218 = PCURVE('',#11749,#12219);
#12219 = DEFINITIONAL_REPRESENTATION('',(#12220),#12224);
#12220 = LINE('',#12221,#12222);
#12221 = CARTESIAN_POINT('',(0.626331538889,-5.737613511155));
#12222 = VECTOR('',#12223,1.);
#12223 = DIRECTION('',(0.91326410228,0.407367990257));
#12224 = ( GEOMETRIC_REPRESENTATION_CONTEXT(2) 
PARAMETRIC_REPRESENTATION_CONTEXT() REPRESENTATION_CONTEXT('2D SPACE',''
  ) );
#12225 = ORIENTED_EDGE('',*,*,#12131,.T.);
#12226 = ORIENTED_EDGE('',*,*,#3795,.F.);
#12227 = ORIENTED_EDGE('',*,*,#11760,.F.);
#12228 = ADVANCED_FACE('',(#12229),#3191,.T.);
#12229 = FACE_BOUND('',#12230,.T.);
#12230 = EDGE_LOOP('',(#12231,#12259,#12280,#12281));
#12231 = ORIENTED_EDGE('',*,*,#12232,.F.);
#12232 = EDGE_CURVE('',#12233,#12156,#12235,.T.);
#12233 = VERTEX_POINT('',#12234);
#12234 = CARTESIAN_POINT('',(222.70742129154,-99.37040873221,3.));
#12235 = SURFACE_CURVE('',#12236,(#12241,#12248),.PCURVE_S1.);
#12236 = CIRCLE('',#12237,4.246287208426);
#12237 = AXIS2_PLACEMENT_3D('',#12238,#12239,#12240);
#12238 = CARTESIAN_POINT('',(226.9355374511,-99.76282279624,3.));
#12239 = DIRECTION('',(0.,0.,-1.));
#12240 = DIRECTION('',(-0.995720720722,9.241345315775E-02,0.));
#12241 = PCURVE('',#3191,#12242);
#12242 = DEFINITIONAL_REPRESENTATION('',(#12243),#12247);
#12243 = LINE('',#12244,#12245);
#12244 = CARTESIAN_POINT('',(0.,0.));
#12245 = VECTOR('',#12246,1.);
#12246 = DIRECTION('',(1.,0.));
#12247 = ( GEOMETRIC_REPRESENTATION_CONTEXT(2) 
PARAMETRIC_REPRESENTATION_CONTEXT() REPRESENTATION_CONTEXT('2D SPACE',''
  ) );
#12248 = PCURVE('',#7128,#12249);
#12249 = DEFINITIONAL_REPRESENTATION('',(#12250),#12258);
#12250 = ( BOUNDED_CURVE() B_SPLINE_CURVE(2,(#12251,#12252,#12253,#12254
    ,#12255,#12256,#12257),.UNSPECIFIED.,.T.,.F.) 
B_SPLINE_CURVE_WITH_KNOTS((1,2,2,2,2,1),(-2.094395102393,0.,
    2.094395102393,4.188790204786,6.28318530718,8.377580409573),
.UNSPECIFIED.) CURVE() GEOMETRIC_REPRESENTATION_ITEM() 
RATIONAL_B_SPLINE_CURVE((1.,0.5,1.,0.5,1.,0.5,1.)) REPRESENTATION_ITEM(
  '') );
#12251 = CARTESIAN_POINT('',(16.246606048309,-31.57269117574));
#12252 = CARTESIAN_POINT('',(16.926287144814,-24.24937916706));
#12253 = CARTESIAN_POINT('',(22.928620835913,-28.49965626745));
#12254 = CARTESIAN_POINT('',(28.930954527012,-32.74993336783));
#12255 = CARTESIAN_POINT('',(22.248939739408,-35.82296827612));
#12256 = CARTESIAN_POINT('',(15.566924951804,-38.89600318441));
#12257 = CARTESIAN_POINT('',(16.246606048309,-31.57269117574));
#12258 = ( GEOMETRIC_REPRESENTATION_CONTEXT(2) 
PARAMETRIC_REPRESENTATION_CONTEXT() REPRESENTATION_CONTEXT('2D SPACE',''
  ) );
#12259 = ORIENTED_EDGE('',*,*,#12260,.T.);
#12260 = EDGE_CURVE('',#12233,#3171,#12261,.T.);
#12261 = SURFACE_CURVE('',#12262,(#12266,#12273),.PCURVE_S1.);
#12262 = LINE('',#12263,#12264);
#12263 = CARTESIAN_POINT('',(222.70742129154,-99.37040873221,3.));
#12264 = VECTOR('',#12265,1.);
#12265 = DIRECTION('',(0.,0.,1.));
#12266 = PCURVE('',#3191,#12267);
#12267 = DEFINITIONAL_REPRESENTATION('',(#12268),#12272);
#12268 = LINE('',#12269,#12270);
#12269 = CARTESIAN_POINT('',(0.,0.));
#12270 = VECTOR('',#12271,1.);
#12271 = DIRECTION('',(0.,-1.));
#12272 = ( GEOMETRIC_REPRESENTATION_CONTEXT(2) 
PARAMETRIC_REPRESENTATION_CONTEXT() REPRESENTATION_CONTEXT('2D SPACE',''
  ) );
#12273 = PCURVE('',#3218,#12274);
#12274 = DEFINITIONAL_REPRESENTATION('',(#12275),#12279);
#12275 = LINE('',#12276,#12277);
#12276 = CARTESIAN_POINT('',(17.260580099965,0.));
#12277 = VECTOR('',#12278,1.);
#12278 = DIRECTION('',(0.,-1.));
#12279 = ( GEOMETRIC_REPRESENTATION_CONTEXT(2) 
PARAMETRIC_REPRESENTATION_CONTEXT() REPRESENTATION_CONTEXT('2D SPACE',''
  ) );
#12280 = ORIENTED_EDGE('',*,*,#3170,.T.);
#12281 = ORIENTED_EDGE('',*,*,#12179,.F.);
#12282 = ADVANCED_FACE('',(#12283),#3218,.T.);
#12283 = FACE_BOUND('',#12284,.T.);
#12284 = EDGE_LOOP('',(#12285,#12308,#12329,#12330));
#12285 = ORIENTED_EDGE('',*,*,#12286,.F.);
#12286 = EDGE_CURVE('',#12287,#12233,#12289,.T.);
#12287 = VERTEX_POINT('',#12288);
#12288 = CARTESIAN_POINT('',(222.6875000085,-116.6309773361,3.));
#12289 = SURFACE_CURVE('',#12290,(#12294,#12301),.PCURVE_S1.);
#12290 = LINE('',#12291,#12292);
#12291 = CARTESIAN_POINT('',(222.6875000085,-116.6309773361,3.));
#12292 = VECTOR('',#12293,1.);
#12293 = DIRECTION('',(1.154149102817E-03,0.99999933397,0.));
#12294 = PCURVE('',#3218,#12295);
#12295 = DEFINITIONAL_REPRESENTATION('',(#12296),#12300);
#12296 = LINE('',#12297,#12298);
#12297 = CARTESIAN_POINT('',(0.,0.));
#12298 = VECTOR('',#12299,1.);
#12299 = DIRECTION('',(1.,0.));
#12300 = ( GEOMETRIC_REPRESENTATION_CONTEXT(2) 
PARAMETRIC_REPRESENTATION_CONTEXT() REPRESENTATION_CONTEXT('2D SPACE',''
  ) );
#12301 = PCURVE('',#7128,#12302);
#12302 = DEFINITIONAL_REPRESENTATION('',(#12303),#12307);
#12303 = LINE('',#12304,#12305);
#12304 = CARTESIAN_POINT('',(16.226684765273,-48.83325977963));
#12305 = VECTOR('',#12306,1.);
#12306 = DIRECTION('',(1.154149102817E-03,0.99999933397));
#12307 = ( GEOMETRIC_REPRESENTATION_CONTEXT(2) 
PARAMETRIC_REPRESENTATION_CONTEXT() REPRESENTATION_CONTEXT('2D SPACE',''
  ) );
#12308 = ORIENTED_EDGE('',*,*,#12309,.T.);
#12309 = EDGE_CURVE('',#12287,#3204,#12310,.T.);
#12310 = SURFACE_CURVE('',#12311,(#12315,#12322),.PCURVE_S1.);
#12311 = LINE('',#12312,#12313);
#12312 = CARTESIAN_POINT('',(222.6875000085,-116.6309773361,3.));
#12313 = VECTOR('',#12314,1.);
#12314 = DIRECTION('',(0.,0.,1.));
#12315 = PCURVE('',#3218,#12316);
#12316 = DEFINITIONAL_REPRESENTATION('',(#12317),#12321);
#12317 = LINE('',#12318,#12319);
#12318 = CARTESIAN_POINT('',(0.,0.));
#12319 = VECTOR('',#12320,1.);
#12320 = DIRECTION('',(0.,-1.));
#12321 = ( GEOMETRIC_REPRESENTATION_CONTEXT(2) 
PARAMETRIC_REPRESENTATION_CONTEXT() REPRESENTATION_CONTEXT('2D SPACE',''
  ) );
#12322 = PCURVE('',#3250,#12323);
#12323 = DEFINITIONAL_REPRESENTATION('',(#12324),#12328);
#12324 = LINE('',#12325,#12326);
#12325 = CARTESIAN_POINT('',(-1.438822985525,0.));
#12326 = VECTOR('',#12327,1.);
#12327 = DIRECTION('',(-0.,-1.));
#12328 = ( GEOMETRIC_REPRESENTATION_CONTEXT(2) 
PARAMETRIC_REPRESENTATION_CONTEXT() REPRESENTATION_CONTEXT('2D SPACE',''
  ) );
#12329 = ORIENTED_EDGE('',*,*,#3203,.F.);
#12330 = ORIENTED_EDGE('',*,*,#12260,.F.);
#12331 = ADVANCED_FACE('',(#12332),#3757,.F.);
#12332 = FACE_BOUND('',#12333,.T.);
#12333 = EDGE_LOOP('',(#12334,#12358,#12359,#12360));
#12334 = ORIENTED_EDGE('',*,*,#12335,.F.);
#12335 = EDGE_CURVE('',#11647,#12336,#12338,.T.);
#12336 = VERTEX_POINT('',#12337);
#12337 = CARTESIAN_POINT('',(167.31103993331,-129.7359519071,3.));
#12338 = SURFACE_CURVE('',#12339,(#12344,#12351),.PCURVE_S1.);
#12339 = CIRCLE('',#12340,1.751337251645);
#12340 = AXIS2_PLACEMENT_3D('',#12341,#12342,#12343);
#12341 = CARTESIAN_POINT('',(166.58684915179,-128.1413579522,3.));
#12342 = DIRECTION('',(0.,0.,1.));
#12343 = DIRECTION('',(-0.848169546327,-0.529724853753,0.));
#12344 = PCURVE('',#3757,#12345);
#12345 = DEFINITIONAL_REPRESENTATION('',(#12346),#12350);
#12346 = LINE('',#12347,#12348);
#12347 = CARTESIAN_POINT('',(-0.,0.));
#12348 = VECTOR('',#12349,1.);
#12349 = DIRECTION('',(-1.,0.));
#12350 = ( GEOMETRIC_REPRESENTATION_CONTEXT(2) 
PARAMETRIC_REPRESENTATION_CONTEXT() REPRESENTATION_CONTEXT('2D SPACE',''
  ) );
#12351 = PCURVE('',#7128,#12352);
#12352 = DEFINITIONAL_REPRESENTATION('',(#12353),#12357);
#12353 = CIRCLE('',#12354,1.751337251645);
#12354 = AXIS2_PLACEMENT_2D('',#12355,#12356);
#12355 = CARTESIAN_POINT('',(-39.87396609144,-60.34364039577));
#12356 = DIRECTION('',(-0.848169546327,-0.529724853753));
#12357 = ( GEOMETRIC_REPRESENTATION_CONTEXT(2) 
PARAMETRIC_REPRESENTATION_CONTEXT() REPRESENTATION_CONTEXT('2D SPACE',''
  ) );
#12358 = ORIENTED_EDGE('',*,*,#11780,.T.);
#12359 = ORIENTED_EDGE('',*,*,#3736,.F.);
#12360 = ORIENTED_EDGE('',*,*,#12361,.F.);
#12361 = EDGE_CURVE('',#12336,#3711,#12362,.T.);
#12362 = SURFACE_CURVE('',#12363,(#12367,#12374),.PCURVE_S1.);
#12363 = LINE('',#12364,#12365);
#12364 = CARTESIAN_POINT('',(167.31103993331,-129.7359519071,3.));
#12365 = VECTOR('',#12366,1.);
#12366 = DIRECTION('',(0.,0.,1.));
#12367 = PCURVE('',#3757,#12368);
#12368 = DEFINITIONAL_REPRESENTATION('',(#12369),#12373);
#12369 = LINE('',#12370,#12371);
#12370 = CARTESIAN_POINT('',(-1.438822985498,0.));
#12371 = VECTOR('',#12372,1.);
#12372 = DIRECTION('',(-0.,-1.));
#12373 = ( GEOMETRIC_REPRESENTATION_CONTEXT(2) 
PARAMETRIC_REPRESENTATION_CONTEXT() REPRESENTATION_CONTEXT('2D SPACE',''
  ) );
#12374 = PCURVE('',#3725,#12375);
#12375 = DEFINITIONAL_REPRESENTATION('',(#12376),#12380);
#12376 = LINE('',#12377,#12378);
#12377 = CARTESIAN_POINT('',(0.,0.));
#12378 = VECTOR('',#12379,1.);
#12379 = DIRECTION('',(0.,-1.));
#12380 = ( GEOMETRIC_REPRESENTATION_CONTEXT(2) 
PARAMETRIC_REPRESENTATION_CONTEXT() REPRESENTATION_CONTEXT('2D SPACE',''
  ) );
#12381 = ADVANCED_FACE('',(#12382),#3250,.F.);
#12382 = FACE_BOUND('',#12383,.T.);
#12383 = EDGE_LOOP('',(#12384,#12408,#12429,#12430));
#12384 = ORIENTED_EDGE('',*,*,#12385,.F.);
#12385 = EDGE_CURVE('',#12386,#12287,#12388,.T.);
#12386 = VERTEX_POINT('',#12387);
#12387 = CARTESIAN_POINT('',(221.1832154447,-118.3814823302,3.));
#12388 = SURFACE_CURVE('',#12389,(#12394,#12401),.PCURVE_S1.);
#12389 = CIRCLE('',#12390,1.751337251645);
#12390 = AXIS2_PLACEMENT_3D('',#12391,#12392,#12393);
#12391 = CARTESIAN_POINT('',(220.93624208787,-116.6476466026,3.));
#12392 = DIRECTION('',(0.,0.,1.));
#12393 = DIRECTION('',(0.141019873009,-0.990006765339,0.));
#12394 = PCURVE('',#3250,#12395);
#12395 = DEFINITIONAL_REPRESENTATION('',(#12396),#12400);
#12396 = LINE('',#12397,#12398);
#12397 = CARTESIAN_POINT('',(-0.,0.));
#12398 = VECTOR('',#12399,1.);
#12399 = DIRECTION('',(-1.,0.));
#12400 = ( GEOMETRIC_REPRESENTATION_CONTEXT(2) 
PARAMETRIC_REPRESENTATION_CONTEXT() REPRESENTATION_CONTEXT('2D SPACE',''
  ) );
#12401 = PCURVE('',#7128,#12402);
#12402 = DEFINITIONAL_REPRESENTATION('',(#12403),#12407);
#12403 = CIRCLE('',#12404,1.751337251645);
#12404 = AXIS2_PLACEMENT_2D('',#12405,#12406);
#12405 = CARTESIAN_POINT('',(14.475426844648,-48.84992904621));
#12406 = DIRECTION('',(0.141019873009,-0.990006765339));
#12407 = ( GEOMETRIC_REPRESENTATION_CONTEXT(2) 
PARAMETRIC_REPRESENTATION_CONTEXT() REPRESENTATION_CONTEXT('2D SPACE',''
  ) );
#12408 = ORIENTED_EDGE('',*,*,#12409,.T.);
#12409 = EDGE_CURVE('',#12386,#3230,#12410,.T.);
#12410 = SURFACE_CURVE('',#12411,(#12415,#12422),.PCURVE_S1.);
#12411 = LINE('',#12412,#12413);
#12412 = CARTESIAN_POINT('',(221.1832154447,-118.3814823302,3.));
#12413 = VECTOR('',#12414,1.);
#12414 = DIRECTION('',(0.,0.,1.));
#12415 = PCURVE('',#3250,#12416);
#12416 = DEFINITIONAL_REPRESENTATION('',(#12417),#12421);
#12417 = LINE('',#12418,#12419);
#12418 = CARTESIAN_POINT('',(-0.,0.));
#12419 = VECTOR('',#12420,1.);
#12420 = DIRECTION('',(-0.,-1.));
#12421 = ( GEOMETRIC_REPRESENTATION_CONTEXT(2) 
PARAMETRIC_REPRESENTATION_CONTEXT() REPRESENTATION_CONTEXT('2D SPACE',''
  ) );
#12422 = PCURVE('',#3277,#12423);
#12423 = DEFINITIONAL_REPRESENTATION('',(#12424),#12428);
#12424 = LINE('',#12425,#12426);
#12425 = CARTESIAN_POINT('',(18.186037141084,0.));
#12426 = VECTOR('',#12427,1.);
#12427 = DIRECTION('',(0.,-1.));
#12428 = ( GEOMETRIC_REPRESENTATION_CONTEXT(2) 
PARAMETRIC_REPRESENTATION_CONTEXT() REPRESENTATION_CONTEXT('2D SPACE',''
  ) );
#12429 = ORIENTED_EDGE('',*,*,#3229,.F.);
#12430 = ORIENTED_EDGE('',*,*,#12309,.F.);
#12431 = ADVANCED_FACE('',(#12432),#3725,.T.);
#12432 = FACE_BOUND('',#12433,.T.);
#12433 = EDGE_LOOP('',(#12434,#12457,#12458,#12459));
#12434 = ORIENTED_EDGE('',*,*,#12435,.F.);
#12435 = EDGE_CURVE('',#12336,#12436,#12438,.T.);
#12436 = VERTEX_POINT('',#12437);
#12437 = CARTESIAN_POINT('',(183.72588179506,-122.4696024844,3.));
#12438 = SURFACE_CURVE('',#12439,(#12443,#12450),.PCURVE_S1.);
#12439 = LINE('',#12440,#12441);
#12440 = CARTESIAN_POINT('',(167.31103993331,-129.7359519071,3.));
#12441 = VECTOR('',#12442,1.);
#12442 = DIRECTION('',(0.914412914582,0.404782684469,0.));
#12443 = PCURVE('',#3725,#12444);
#12444 = DEFINITIONAL_REPRESENTATION('',(#12445),#12449);
#12445 = LINE('',#12446,#12447);
#12446 = CARTESIAN_POINT('',(0.,0.));
#12447 = VECTOR('',#12448,1.);
#12448 = DIRECTION('',(1.,0.));
#12449 = ( GEOMETRIC_REPRESENTATION_CONTEXT(2) 
PARAMETRIC_REPRESENTATION_CONTEXT() REPRESENTATION_CONTEXT('2D SPACE',''
  ) );
#12450 = PCURVE('',#7128,#12451);
#12451 = DEFINITIONAL_REPRESENTATION('',(#12452),#12456);
#12452 = LINE('',#12453,#12454);
#12453 = CARTESIAN_POINT('',(-39.14977530992,-61.93823435066));
#12454 = VECTOR('',#12455,1.);
#12455 = DIRECTION('',(0.914412914582,0.404782684469));
#12456 = ( GEOMETRIC_REPRESENTATION_CONTEXT(2) 
PARAMETRIC_REPRESENTATION_CONTEXT() REPRESENTATION_CONTEXT('2D SPACE',''
  ) );
#12457 = ORIENTED_EDGE('',*,*,#12361,.T.);
#12458 = ORIENTED_EDGE('',*,*,#3710,.F.);
#12459 = ORIENTED_EDGE('',*,*,#12460,.F.);
#12460 = EDGE_CURVE('',#12436,#3678,#12461,.T.);
#12461 = SURFACE_CURVE('',#12462,(#12466,#12473),.PCURVE_S1.);
#12462 = LINE('',#12463,#12464);
#12463 = CARTESIAN_POINT('',(183.72588179506,-122.4696024844,3.));
#12464 = VECTOR('',#12465,1.);
#12465 = DIRECTION('',(0.,0.,1.));
#12466 = PCURVE('',#3725,#12467);
#12467 = DEFINITIONAL_REPRESENTATION('',(#12468),#12472);
#12468 = LINE('',#12469,#12470);
#12469 = CARTESIAN_POINT('',(17.951235814796,0.));
#12470 = VECTOR('',#12471,1.);
#12471 = DIRECTION('',(0.,-1.));
#12472 = ( GEOMETRIC_REPRESENTATION_CONTEXT(2) 
PARAMETRIC_REPRESENTATION_CONTEXT() REPRESENTATION_CONTEXT('2D SPACE',''
  ) );
#12473 = PCURVE('',#3698,#12474);
#12474 = DEFINITIONAL_REPRESENTATION('',(#12475),#12479);
#12475 = LINE('',#12476,#12477);
#12476 = CARTESIAN_POINT('',(0.,0.));
#12477 = VECTOR('',#12478,1.);
#12478 = DIRECTION('',(0.,-1.));
#12479 = ( GEOMETRIC_REPRESENTATION_CONTEXT(2) 
PARAMETRIC_REPRESENTATION_CONTEXT() REPRESENTATION_CONTEXT('2D SPACE',''
  ) );
#12480 = ADVANCED_FACE('',(#12481),#3277,.T.);
#12481 = FACE_BOUND('',#12482,.T.);
#12482 = EDGE_LOOP('',(#12483,#12506,#12527,#12528,#12549,#12575,#12594,
    #12595));
#12483 = ORIENTED_EDGE('',*,*,#12484,.F.);
#12484 = EDGE_CURVE('',#12485,#12386,#12487,.T.);
#12485 = VERTEX_POINT('',#12486);
#12486 = CARTESIAN_POINT('',(202.99718773129,-118.4,3.));
#12487 = SURFACE_CURVE('',#12488,(#12492,#12499),.PCURVE_S1.);
#12488 = LINE('',#12489,#12490);
#12489 = CARTESIAN_POINT('',(202.99718773129,-118.4,3.));
#12490 = VECTOR('',#12491,1.);
#12491 = DIRECTION('',(0.999999481598,1.018235564437E-03,0.));
#12492 = PCURVE('',#3277,#12493);
#12493 = DEFINITIONAL_REPRESENTATION('',(#12494),#12498);
#12494 = LINE('',#12495,#12496);
#12495 = CARTESIAN_POINT('',(0.,0.));
#12496 = VECTOR('',#12497,1.);
#12497 = DIRECTION('',(1.,0.));
#12498 = ( GEOMETRIC_REPRESENTATION_CONTEXT(2) 
PARAMETRIC_REPRESENTATION_CONTEXT() REPRESENTATION_CONTEXT('2D SPACE',''
  ) );
#12499 = PCURVE('',#7128,#12500);
#12500 = DEFINITIONAL_REPRESENTATION('',(#12501),#12505);
#12501 = LINE('',#12502,#12503);
#12502 = CARTESIAN_POINT('',(-3.463627511936,-50.60228244352));
#12503 = VECTOR('',#12504,1.);
#12504 = DIRECTION('',(0.999999481598,1.018235564437E-03));
#12505 = ( GEOMETRIC_REPRESENTATION_CONTEXT(2) 
PARAMETRIC_REPRESENTATION_CONTEXT() REPRESENTATION_CONTEXT('2D SPACE',''
  ) );
#12506 = ORIENTED_EDGE('',*,*,#12507,.T.);
#12507 = EDGE_CURVE('',#12485,#3433,#12508,.T.);
#12508 = SURFACE_CURVE('',#12509,(#12513,#12520),.PCURVE_S1.);
#12509 = LINE('',#12510,#12511);
#12510 = CARTESIAN_POINT('',(202.99718773129,-118.4,3.));
#12511 = VECTOR('',#12512,1.);
#12512 = DIRECTION('',(0.,0.,1.));
#12513 = PCURVE('',#3277,#12514);
#12514 = DEFINITIONAL_REPRESENTATION('',(#12515),#12519);
#12515 = LINE('',#12516,#12517);
#12516 = CARTESIAN_POINT('',(0.,0.));
#12517 = VECTOR('',#12518,1.);
#12518 = DIRECTION('',(0.,-1.));
#12519 = ( GEOMETRIC_REPRESENTATION_CONTEXT(2) 
PARAMETRIC_REPRESENTATION_CONTEXT() REPRESENTATION_CONTEXT('2D SPACE',''
  ) );
#12520 = PCURVE('',#3474,#12521);
#12521 = DEFINITIONAL_REPRESENTATION('',(#12522),#12526);
#12522 = LINE('',#12523,#12524);
#12523 = CARTESIAN_POINT('',(0.203428579826,0.));
#12524 = VECTOR('',#12525,1.);
#12525 = DIRECTION('',(0.,-1.));
#12526 = ( GEOMETRIC_REPRESENTATION_CONTEXT(2) 
PARAMETRIC_REPRESENTATION_CONTEXT() REPRESENTATION_CONTEXT('2D SPACE',''
  ) );
#12527 = ORIENTED_EDGE('',*,*,#3432,.F.);
#12528 = ORIENTED_EDGE('',*,*,#12529,.T.);
#12529 = EDGE_CURVE('',#3407,#12530,#12532,.T.);
#12530 = VERTEX_POINT('',#12531);
#12531 = CARTESIAN_POINT('',(206.40207954554,-118.3965330162,9.85));
#12532 = SURFACE_CURVE('',#12533,(#12537,#12543),.PCURVE_S1.);
#12533 = LINE('',#12534,#12535);
#12534 = CARTESIAN_POINT('',(206.40207954554,-118.3965330162,6.425));
#12535 = VECTOR('',#12536,1.);
#12536 = DIRECTION('',(-0.,0.,-1.));
#12537 = PCURVE('',#3277,#12538);
#12538 = DEFINITIONAL_REPRESENTATION('',(#12539),#12542);
#12539 = B_SPLINE_CURVE_WITH_KNOTS('',1,(#12540,#12541),.UNSPECIFIED.,
  .F.,.F.,(2,2),(-5.675,-3.425),.PIECEWISE_BEZIER_KNOTS.);
#12540 = CARTESIAN_POINT('',(3.404893579349,-9.1));
#12541 = CARTESIAN_POINT('',(3.404893579349,-6.85));
#12542 = ( GEOMETRIC_REPRESENTATION_CONTEXT(2) 
PARAMETRIC_REPRESENTATION_CONTEXT() REPRESENTATION_CONTEXT('2D SPACE',''
  ) );
#12543 = PCURVE('',#3421,#12544);
#12544 = DEFINITIONAL_REPRESENTATION('',(#12545),#12548);
#12545 = B_SPLINE_CURVE_WITH_KNOTS('',1,(#12546,#12547),.UNSPECIFIED.,
  .F.,.F.,(2,2),(-5.675,-3.425),.PIECEWISE_BEZIER_KNOTS.);
#12546 = CARTESIAN_POINT('',(0.746535912654,-2.25));
#12547 = CARTESIAN_POINT('',(0.746535912654,0.));
#12548 = ( GEOMETRIC_REPRESENTATION_CONTEXT(2) 
PARAMETRIC_REPRESENTATION_CONTEXT() REPRESENTATION_CONTEXT('2D SPACE',''
  ) );
#12549 = ORIENTED_EDGE('',*,*,#12550,.T.);
#12550 = EDGE_CURVE('',#12530,#12551,#12553,.T.);
#12551 = VERTEX_POINT('',#12552);
#12552 = CARTESIAN_POINT('',(217.39229875798,-118.3853423784,9.85));
#12553 = SURFACE_CURVE('',#12554,(#12558,#12564),.PCURVE_S1.);
#12554 = LINE('',#12555,#12556);
#12555 = CARTESIAN_POINT('',(207.44808013289,-118.3954679407,9.85));
#12556 = VECTOR('',#12557,1.);
#12557 = DIRECTION('',(0.999999481598,1.018235564437E-03,-0.));
#12558 = PCURVE('',#3277,#12559);
#12559 = DEFINITIONAL_REPRESENTATION('',(#12560),#12563);
#12560 = B_SPLINE_CURVE_WITH_KNOTS('',1,(#12561,#12562),.UNSPECIFIED.,
  .F.,.F.,(2,2),(-1.048080676223,9.951925026202),
  .PIECEWISE_BEZIER_KNOTS.);
#12561 = CARTESIAN_POINT('',(3.40281403273,-6.85));
#12562 = CARTESIAN_POINT('',(14.402819735154,-6.85));
#12563 = ( GEOMETRIC_REPRESENTATION_CONTEXT(2) 
PARAMETRIC_REPRESENTATION_CONTEXT() REPRESENTATION_CONTEXT('2D SPACE',''
  ) );
#12564 = PCURVE('',#12565,#12570);
#12565 = PLANE('',#12566);
#12566 = AXIS2_PLACEMENT_3D('',#12567,#12568,#12569);
#12567 = CARTESIAN_POINT('',(211.9,-119.4,9.85));
#12568 = DIRECTION('',(0.,0.,1.));
#12569 = DIRECTION('',(1.,0.,-0.));
#12570 = DEFINITIONAL_REPRESENTATION('',(#12571),#12574);
#12571 = B_SPLINE_CURVE_WITH_KNOTS('',1,(#12572,#12573),.UNSPECIFIED.,
  .F.,.F.,(2,2),(-1.048080676223,9.951925026202),
  .PIECEWISE_BEZIER_KNOTS.);
#12572 = CARTESIAN_POINT('',(-5.5,1.003464866267));
#12573 = CARTESIAN_POINT('',(5.5,1.014665463283));
#12574 = ( GEOMETRIC_REPRESENTATION_CONTEXT(2) 
PARAMETRIC_REPRESENTATION_CONTEXT() REPRESENTATION_CONTEXT('2D SPACE',''
  ) );
#12575 = ORIENTED_EDGE('',*,*,#12576,.T.);
#12576 = EDGE_CURVE('',#12551,#3263,#12577,.T.);
#12577 = SURFACE_CURVE('',#12578,(#12582,#12588),.PCURVE_S1.);
#12578 = LINE('',#12579,#12580);
#12579 = CARTESIAN_POINT('',(217.39229875798,-118.3853423784,6.425));
#12580 = VECTOR('',#12581,1.);
#12581 = DIRECTION('',(0.,0.,1.));
#12582 = PCURVE('',#3277,#12583);
#12583 = DEFINITIONAL_REPRESENTATION('',(#12584),#12587);
#12584 = B_SPLINE_CURVE_WITH_KNOTS('',1,(#12585,#12586),.UNSPECIFIED.,
  .F.,.F.,(2,2),(3.425,5.675),.PIECEWISE_BEZIER_KNOTS.);
#12585 = CARTESIAN_POINT('',(14.395118489148,-6.85));
#12586 = CARTESIAN_POINT('',(14.395118489148,-9.1));
#12587 = ( GEOMETRIC_REPRESENTATION_CONTEXT(2) 
PARAMETRIC_REPRESENTATION_CONTEXT() REPRESENTATION_CONTEXT('2D SPACE',''
  ) );
#12588 = PCURVE('',#3303,#12589);
#12589 = DEFINITIONAL_REPRESENTATION('',(#12590),#12593);
#12590 = B_SPLINE_CURVE_WITH_KNOTS('',1,(#12591,#12592),.UNSPECIFIED.,
  .F.,.F.,(2,2),(3.425,5.675),.PIECEWISE_BEZIER_KNOTS.);
#12591 = CARTESIAN_POINT('',(2.764668347885,0.));
#12592 = CARTESIAN_POINT('',(2.764668347885,-2.25));
#12593 = ( GEOMETRIC_REPRESENTATION_CONTEXT(2) 
PARAMETRIC_REPRESENTATION_CONTEXT() REPRESENTATION_CONTEXT('2D SPACE',''
  ) );
#12594 = ORIENTED_EDGE('',*,*,#3262,.F.);
#12595 = ORIENTED_EDGE('',*,*,#12409,.F.);
#12596 = ADVANCED_FACE('',(#12597),#3698,.T.);
#12597 = FACE_BOUND('',#12598,.T.);
#12598 = EDGE_LOOP('',(#12599,#12627,#12628,#12629));
#12599 = ORIENTED_EDGE('',*,*,#12600,.F.);
#12600 = EDGE_CURVE('',#12436,#12601,#12603,.T.);
#12601 = VERTEX_POINT('',#12602);
#12602 = CARTESIAN_POINT('',(184.60475422554,-122.188022671,3.));
#12603 = SURFACE_CURVE('',#12604,(#12609,#12616),.PCURVE_S1.);
#12604 = CIRCLE('',#12605,4.544451503741);
#12605 = AXIS2_PLACEMENT_3D('',#12606,#12607,#12608);
#12606 = CARTESIAN_POINT('',(185.54471164012,-126.6342030012,3.));
#12607 = DIRECTION('',(0.,0.,-1.));
#12608 = DIRECTION('',(-0.400230884534,0.916414338095,0.));
#12609 = PCURVE('',#3698,#12610);
#12610 = DEFINITIONAL_REPRESENTATION('',(#12611),#12615);
#12611 = LINE('',#12612,#12613);
#12612 = CARTESIAN_POINT('',(0.,0.));
#12613 = VECTOR('',#12614,1.);
#12614 = DIRECTION('',(1.,0.));
#12615 = ( GEOMETRIC_REPRESENTATION_CONTEXT(2) 
PARAMETRIC_REPRESENTATION_CONTEXT() REPRESENTATION_CONTEXT('2D SPACE',''
  ) );
#12616 = PCURVE('',#7128,#12617);
#12617 = DEFINITIONAL_REPRESENTATION('',(#12618),#12626);
#12618 = ( BOUNDED_CURVE() B_SPLINE_CURVE(2,(#12619,#12620,#12621,#12622
    ,#12623,#12624,#12625),.UNSPECIFIED.,.T.,.F.) 
B_SPLINE_CURVE_WITH_KNOTS((1,2,2,2,2,1),(-2.094395102393,0.,
    2.094395102393,4.188790204786,6.28318530718,8.377580409573),
.UNSPECIFIED.) CURVE() GEOMETRIC_REPRESENTATION_ITEM() 
RATIONAL_B_SPLINE_CURVE((1.,0.5,1.,0.5,1.,0.5,1.)) REPRESENTATION_ITEM(
  '') );
#12619 = CARTESIAN_POINT('',(-22.73493344816,-54.671884928));
#12620 = CARTESIAN_POINT('',(-15.52163375983,-51.52157922603));
#12621 = CARTESIAN_POINT('',(-16.4000388364,-59.34363285222));
#12622 = CARTESIAN_POINT('',(-17.27844391297,-67.16568647841));
#12623 = CARTESIAN_POINT('',(-23.61333852473,-62.4939385542));
#12624 = CARTESIAN_POINT('',(-29.9482331365,-57.82219062998));
#12625 = CARTESIAN_POINT('',(-22.73493344816,-54.671884928));
#12626 = ( GEOMETRIC_REPRESENTATION_CONTEXT(2) 
PARAMETRIC_REPRESENTATION_CONTEXT() REPRESENTATION_CONTEXT('2D SPACE',''
  ) );
#12627 = ORIENTED_EDGE('',*,*,#12460,.T.);
#12628 = ORIENTED_EDGE('',*,*,#3677,.T.);
#12629 = ORIENTED_EDGE('',*,*,#12630,.F.);
#12630 = EDGE_CURVE('',#12601,#3657,#12631,.T.);
#12631 = SURFACE_CURVE('',#12632,(#12636,#12643),.PCURVE_S1.);
#12632 = LINE('',#12633,#12634);
#12633 = CARTESIAN_POINT('',(184.60475422554,-122.188022671,3.));
#12634 = VECTOR('',#12635,1.);
#12635 = DIRECTION('',(0.,0.,1.));
#12636 = PCURVE('',#3698,#12637);
#12637 = DEFINITIONAL_REPRESENTATION('',(#12638),#12642);
#12638 = LINE('',#12639,#12640);
#12639 = CARTESIAN_POINT('',(0.203428579826,0.));
#12640 = VECTOR('',#12641,1.);
#12641 = DIRECTION('',(0.,-1.));
#12642 = ( GEOMETRIC_REPRESENTATION_CONTEXT(2) 
PARAMETRIC_REPRESENTATION_CONTEXT() REPRESENTATION_CONTEXT('2D SPACE',''
  ) );
#12643 = PCURVE('',#3501,#12644);
#12644 = DEFINITIONAL_REPRESENTATION('',(#12645),#12649);
#12645 = LINE('',#12646,#12647);
#12646 = CARTESIAN_POINT('',(0.,0.));
#12647 = VECTOR('',#12648,1.);
#12648 = DIRECTION('',(0.,-1.));
#12649 = ( GEOMETRIC_REPRESENTATION_CONTEXT(2) 
PARAMETRIC_REPRESENTATION_CONTEXT() REPRESENTATION_CONTEXT('2D SPACE',''
  ) );
#12650 = ADVANCED_FACE('',(#12651),#3303,.T.);
#12651 = FACE_BOUND('',#12652,.T.);
#12652 = EDGE_LOOP('',(#12653,#12676,#12697,#12698));
#12653 = ORIENTED_EDGE('',*,*,#12654,.F.);
#12654 = EDGE_CURVE('',#12655,#12551,#12657,.T.);
#12655 = VERTEX_POINT('',#12656);
#12656 = CARTESIAN_POINT('',(217.4,-121.15,9.85));
#12657 = SURFACE_CURVE('',#12658,(#12662,#12669),.PCURVE_S1.);
#12658 = LINE('',#12659,#12660);
#12659 = CARTESIAN_POINT('',(217.4,-121.15,9.85));
#12660 = VECTOR('',#12661,1.);
#12661 = DIRECTION('',(-2.785593440065E-03,0.999996120227,0.));
#12662 = PCURVE('',#3303,#12663);
#12663 = DEFINITIONAL_REPRESENTATION('',(#12664),#12668);
#12664 = LINE('',#12665,#12666);
#12665 = CARTESIAN_POINT('',(0.,0.));
#12666 = VECTOR('',#12667,1.);
#12667 = DIRECTION('',(1.,0.));
#12668 = ( GEOMETRIC_REPRESENTATION_CONTEXT(2) 
PARAMETRIC_REPRESENTATION_CONTEXT() REPRESENTATION_CONTEXT('2D SPACE',''
  ) );
#12669 = PCURVE('',#12565,#12670);
#12670 = DEFINITIONAL_REPRESENTATION('',(#12671),#12675);
#12671 = LINE('',#12672,#12673);
#12672 = CARTESIAN_POINT('',(5.5,-1.75));
#12673 = VECTOR('',#12674,1.);
#12674 = DIRECTION('',(-2.785593440065E-03,0.999996120227));
#12675 = ( GEOMETRIC_REPRESENTATION_CONTEXT(2) 
PARAMETRIC_REPRESENTATION_CONTEXT() REPRESENTATION_CONTEXT('2D SPACE',''
  ) );
#12676 = ORIENTED_EDGE('',*,*,#12677,.T.);
#12677 = EDGE_CURVE('',#12655,#3289,#12678,.T.);
#12678 = SURFACE_CURVE('',#12679,(#12683,#12690),.PCURVE_S1.);
#12679 = LINE('',#12680,#12681);
#12680 = CARTESIAN_POINT('',(217.4,-121.15,9.85));
#12681 = VECTOR('',#12682,1.);
#12682 = DIRECTION('',(0.,0.,1.));
#12683 = PCURVE('',#3303,#12684);
#12684 = DEFINITIONAL_REPRESENTATION('',(#12685),#12689);
#12685 = LINE('',#12686,#12687);
#12686 = CARTESIAN_POINT('',(0.,0.));
#12687 = VECTOR('',#12688,1.);
#12688 = DIRECTION('',(0.,-1.));
#12689 = ( GEOMETRIC_REPRESENTATION_CONTEXT(2) 
PARAMETRIC_REPRESENTATION_CONTEXT() REPRESENTATION_CONTEXT('2D SPACE',''
  ) );
#12690 = PCURVE('',#3335,#12691);
#12691 = DEFINITIONAL_REPRESENTATION('',(#12692),#12696);
#12692 = LINE('',#12693,#12694);
#12693 = CARTESIAN_POINT('',(-1.455531117313,0.));
#12694 = VECTOR('',#12695,1.);
#12695 = DIRECTION('',(-0.,-1.));
#12696 = ( GEOMETRIC_REPRESENTATION_CONTEXT(2) 
PARAMETRIC_REPRESENTATION_CONTEXT() REPRESENTATION_CONTEXT('2D SPACE',''
  ) );
#12697 = ORIENTED_EDGE('',*,*,#3288,.F.);
#12698 = ORIENTED_EDGE('',*,*,#12576,.F.);
#12699 = ADVANCED_FACE('',(#12700),#3501,.T.);
#12700 = FACE_BOUND('',#12701,.T.);
#12701 = EDGE_LOOP('',(#12702,#12725,#12726,#12727,#12748,#12774,#12793,
    #12794));
#12702 = ORIENTED_EDGE('',*,*,#12703,.F.);
#12703 = EDGE_CURVE('',#12601,#12704,#12706,.T.);
#12704 = VERTEX_POINT('',#12705);
#12705 = CARTESIAN_POINT('',(202.07907461433,-118.4936602628,3.));
#12706 = SURFACE_CURVE('',#12707,(#12711,#12718),.PCURVE_S1.);
#12707 = LINE('',#12708,#12709);
#12708 = CARTESIAN_POINT('',(184.60475422554,-122.188022671,3.));
#12709 = VECTOR('',#12710,1.);
#12710 = DIRECTION('',(0.978373825739,0.206844523999,0.));
#12711 = PCURVE('',#3501,#12712);
#12712 = DEFINITIONAL_REPRESENTATION('',(#12713),#12717);
#12713 = LINE('',#12714,#12715);
#12714 = CARTESIAN_POINT('',(0.,0.));
#12715 = VECTOR('',#12716,1.);
#12716 = DIRECTION('',(1.,0.));
#12717 = ( GEOMETRIC_REPRESENTATION_CONTEXT(2) 
PARAMETRIC_REPRESENTATION_CONTEXT() REPRESENTATION_CONTEXT('2D SPACE',''
  ) );
#12718 = PCURVE('',#7128,#12719);
#12719 = DEFINITIONAL_REPRESENTATION('',(#12720),#12724);
#12720 = LINE('',#12721,#12722);
#12721 = CARTESIAN_POINT('',(-21.85606101768,-54.39030511461));
#12722 = VECTOR('',#12723,1.);
#12723 = DIRECTION('',(0.978373825739,0.206844523999));
#12724 = ( GEOMETRIC_REPRESENTATION_CONTEXT(2) 
PARAMETRIC_REPRESENTATION_CONTEXT() REPRESENTATION_CONTEXT('2D SPACE',''
  ) );
#12725 = ORIENTED_EDGE('',*,*,#12630,.T.);
#12726 = ORIENTED_EDGE('',*,*,#3656,.F.);
#12727 = ORIENTED_EDGE('',*,*,#12728,.T.);
#12728 = EDGE_CURVE('',#3631,#12729,#12731,.T.);
#12729 = VERTEX_POINT('',#12730);
#12730 = CARTESIAN_POINT('',(185.48657793841,-122.0015904492,9.85));
#12731 = SURFACE_CURVE('',#12732,(#12736,#12742),.PCURVE_S1.);
#12732 = LINE('',#12733,#12734);
#12733 = CARTESIAN_POINT('',(185.48657793841,-122.0015904492,6.425));
#12734 = VECTOR('',#12735,1.);
#12735 = DIRECTION('',(-0.,0.,-1.));
#12736 = PCURVE('',#3501,#12737);
#12737 = DEFINITIONAL_REPRESENTATION('',(#12738),#12741);
#12738 = B_SPLINE_CURVE_WITH_KNOTS('',1,(#12739,#12740),.UNSPECIFIED.,
  .F.,.F.,(2,2),(-5.675,-3.425),.PIECEWISE_BEZIER_KNOTS.);
#12739 = CARTESIAN_POINT('',(0.901315723772,-9.1));
#12740 = CARTESIAN_POINT('',(0.901315723772,-6.85));
#12741 = ( GEOMETRIC_REPRESENTATION_CONTEXT(2) 
PARAMETRIC_REPRESENTATION_CONTEXT() REPRESENTATION_CONTEXT('2D SPACE',''
  ) );
#12742 = PCURVE('',#3645,#12743);
#12743 = DEFINITIONAL_REPRESENTATION('',(#12744),#12747);
#12744 = B_SPLINE_CURVE_WITH_KNOTS('',1,(#12745,#12746),.UNSPECIFIED.,
  .F.,.F.,(2,2),(-5.675,-3.425),.PIECEWISE_BEZIER_KNOTS.);
#12745 = CARTESIAN_POINT('',(0.750042283207,-2.25));
#12746 = CARTESIAN_POINT('',(0.750042283207,0.));
#12747 = ( GEOMETRIC_REPRESENTATION_CONTEXT(2) 
PARAMETRIC_REPRESENTATION_CONTEXT() REPRESENTATION_CONTEXT('2D SPACE',''
  ) );
#12748 = ORIENTED_EDGE('',*,*,#12749,.T.);
#12749 = EDGE_CURVE('',#12729,#12750,#12752,.T.);
#12750 = VERTEX_POINT('',#12751);
#12751 = CARTESIAN_POINT('',(196.23915257225,-119.7283170608,9.85));
#12752 = SURFACE_CURVE('',#12753,(#12757,#12763),.PCURVE_S1.);
#12753 = LINE('',#12754,#12755);
#12754 = CARTESIAN_POINT('',(187.73519340456,-121.5261956834,9.85));
#12755 = VECTOR('',#12756,1.);
#12756 = DIRECTION('',(0.978373825739,0.206844523999,-0.));
#12757 = PCURVE('',#3501,#12758);
#12758 = DEFINITIONAL_REPRESENTATION('',(#12759),#12762);
#12759 = B_SPLINE_CURVE_WITH_KNOTS('',1,(#12760,#12761),.UNSPECIFIED.,
  .F.,.F.,(2,2),(-2.492028331474,9.314013533269),
  .PIECEWISE_BEZIER_KNOTS.);
#12760 = CARTESIAN_POINT('',(0.707606712573,-6.85));
#12761 = CARTESIAN_POINT('',(12.513648577316,-6.85));
#12762 = ( GEOMETRIC_REPRESENTATION_CONTEXT(2) 
PARAMETRIC_REPRESENTATION_CONTEXT() REPRESENTATION_CONTEXT('2D SPACE',''
  ) );
#12763 = PCURVE('',#12764,#12769);
#12764 = PLANE('',#12765);
#12765 = AXIS2_PLACEMENT_3D('',#12766,#12767,#12768);
#12766 = CARTESIAN_POINT('',(191.07241928507,-121.8424690212,9.85));
#12767 = DIRECTION('',(0.,0.,1.));
#12768 = DIRECTION('',(1.,0.,-0.));
#12769 = DEFINITIONAL_REPRESENTATION('',(#12770),#12773);
#12770 = B_SPLINE_CURVE_WITH_KNOTS('',1,(#12771,#12772),.UNSPECIFIED.,
  .F.,.F.,(2,2),(-2.492028331474,9.314013533269),
  .PIECEWISE_BEZIER_KNOTS.);
#12771 = CARTESIAN_POINT('',(-5.775361173023,-0.199189076161));
#12772 = CARTESIAN_POINT('',(5.775361173023,2.242826033666));
#12773 = ( GEOMETRIC_REPRESENTATION_CONTEXT(2) 
PARAMETRIC_REPRESENTATION_CONTEXT() REPRESENTATION_CONTEXT('2D SPACE',''
  ) );
#12774 = ORIENTED_EDGE('',*,*,#12775,.T.);
#12775 = EDGE_CURVE('',#12750,#3487,#12776,.T.);
#12776 = SURFACE_CURVE('',#12777,(#12781,#12787),.PCURVE_S1.);
#12777 = LINE('',#12778,#12779);
#12778 = CARTESIAN_POINT('',(196.23915257225,-119.7283170608,6.425));
#12779 = VECTOR('',#12780,1.);
#12780 = DIRECTION('',(0.,0.,1.));
#12781 = PCURVE('',#3501,#12782);
#12782 = DEFINITIONAL_REPRESENTATION('',(#12783),#12786);
#12783 = B_SPLINE_CURVE_WITH_KNOTS('',1,(#12784,#12785),.UNSPECIFIED.,
  .F.,.F.,(2,2),(3.425,5.675),.PIECEWISE_BEZIER_KNOTS.);
#12784 = CARTESIAN_POINT('',(11.89156745676,-6.85));
#12785 = CARTESIAN_POINT('',(11.89156745676,-9.1));
#12786 = ( GEOMETRIC_REPRESENTATION_CONTEXT(2) 
PARAMETRIC_REPRESENTATION_CONTEXT() REPRESENTATION_CONTEXT('2D SPACE',''
  ) );
#12787 = PCURVE('',#3527,#12788);
#12788 = DEFINITIONAL_REPRESENTATION('',(#12789),#12792);
#12789 = B_SPLINE_CURVE_WITH_KNOTS('',1,(#12790,#12791),.UNSPECIFIED.,
  .F.,.F.,(2,2),(3.425,5.675),.PIECEWISE_BEZIER_KNOTS.);
#12790 = CARTESIAN_POINT('',(2.749491194364,0.));
#12791 = CARTESIAN_POINT('',(2.749491194364,-2.25));
#12792 = ( GEOMETRIC_REPRESENTATION_CONTEXT(2) 
PARAMETRIC_REPRESENTATION_CONTEXT() REPRESENTATION_CONTEXT('2D SPACE',''
  ) );
#12793 = ORIENTED_EDGE('',*,*,#3486,.F.);
#12794 = ORIENTED_EDGE('',*,*,#12795,.F.);
#12795 = EDGE_CURVE('',#12704,#3454,#12796,.T.);
#12796 = SURFACE_CURVE('',#12797,(#12801,#12808),.PCURVE_S1.);
#12797 = LINE('',#12798,#12799);
#12798 = CARTESIAN_POINT('',(202.07907461433,-118.4936602628,3.));
#12799 = VECTOR('',#12800,1.);
#12800 = DIRECTION('',(0.,0.,1.));
#12801 = PCURVE('',#3501,#12802);
#12802 = DEFINITIONAL_REPRESENTATION('',(#12803),#12807);
#12803 = LINE('',#12804,#12805);
#12804 = CARTESIAN_POINT('',(17.860576324786,0.));
#12805 = VECTOR('',#12806,1.);
#12806 = DIRECTION('',(0.,-1.));
#12807 = ( GEOMETRIC_REPRESENTATION_CONTEXT(2) 
PARAMETRIC_REPRESENTATION_CONTEXT() REPRESENTATION_CONTEXT('2D SPACE',''
  ) );
#12808 = PCURVE('',#3474,#12809);
#12809 = DEFINITIONAL_REPRESENTATION('',(#12810),#12814);
#12810 = LINE('',#12811,#12812);
#12811 = CARTESIAN_POINT('',(0.,0.));
#12812 = VECTOR('',#12813,1.);
#12813 = DIRECTION('',(0.,-1.));
#12814 = ( GEOMETRIC_REPRESENTATION_CONTEXT(2) 
PARAMETRIC_REPRESENTATION_CONTEXT() REPRESENTATION_CONTEXT('2D SPACE',''
  ) );
#12815 = ADVANCED_FACE('',(#12816),#3335,.F.);
#12816 = FACE_BOUND('',#12817,.T.);
#12817 = EDGE_LOOP('',(#12818,#12842,#12863,#12864));
#12818 = ORIENTED_EDGE('',*,*,#12819,.F.);
#12819 = EDGE_CURVE('',#12820,#12655,#12822,.T.);
#12820 = VERTEX_POINT('',#12821);
#12821 = CARTESIAN_POINT('',(216.07138237755,-122.6397729816,9.85));
#12822 = SURFACE_CURVE('',#12823,(#12828,#12835),.PCURVE_S1.);
#12823 = CIRCLE('',#12824,1.500413123523);
#12824 = AXIS2_PLACEMENT_3D('',#12825,#12826,#12827);
#12825 = CARTESIAN_POINT('',(215.89958707535,-121.1492274723,9.85));
#12826 = DIRECTION('',(0.,0.,1.));
#12827 = DIRECTION('',(0.11449866674,-0.993423401836,0.));
#12828 = PCURVE('',#3335,#12829);
#12829 = DEFINITIONAL_REPRESENTATION('',(#12830),#12834);
#12830 = LINE('',#12831,#12832);
#12831 = CARTESIAN_POINT('',(-0.,0.));
#12832 = VECTOR('',#12833,1.);
#12833 = DIRECTION('',(-1.,0.));
#12834 = ( GEOMETRIC_REPRESENTATION_CONTEXT(2) 
PARAMETRIC_REPRESENTATION_CONTEXT() REPRESENTATION_CONTEXT('2D SPACE',''
  ) );
#12835 = PCURVE('',#12565,#12836);
#12836 = DEFINITIONAL_REPRESENTATION('',(#12837),#12841);
#12837 = CIRCLE('',#12838,1.500413123523);
#12838 = AXIS2_PLACEMENT_2D('',#12839,#12840);
#12839 = CARTESIAN_POINT('',(3.999587075355,-1.749227472325));
#12840 = DIRECTION('',(0.11449866674,-0.993423401836));
#12841 = ( GEOMETRIC_REPRESENTATION_CONTEXT(2) 
PARAMETRIC_REPRESENTATION_CONTEXT() REPRESENTATION_CONTEXT('2D SPACE',''
  ) );
#12842 = ORIENTED_EDGE('',*,*,#12843,.T.);
#12843 = EDGE_CURVE('',#12820,#3315,#12844,.T.);
#12844 = SURFACE_CURVE('',#12845,(#12849,#12856),.PCURVE_S1.);
#12845 = LINE('',#12846,#12847);
#12846 = CARTESIAN_POINT('',(216.07138237755,-122.6397729816,9.85));
#12847 = VECTOR('',#12848,1.);
#12848 = DIRECTION('',(0.,0.,1.));
#12849 = PCURVE('',#3335,#12850);
#12850 = DEFINITIONAL_REPRESENTATION('',(#12851),#12855);
#12851 = LINE('',#12852,#12853);
#12852 = CARTESIAN_POINT('',(-0.,0.));
#12853 = VECTOR('',#12854,1.);
#12854 = DIRECTION('',(-0.,-1.));
#12855 = ( GEOMETRIC_REPRESENTATION_CONTEXT(2) 
PARAMETRIC_REPRESENTATION_CONTEXT() REPRESENTATION_CONTEXT('2D SPACE',''
  ) );
#12856 = PCURVE('',#3362,#12857);
#12857 = DEFINITIONAL_REPRESENTATION('',(#12858),#12862);
#12858 = LINE('',#12859,#12860);
#12859 = CARTESIAN_POINT('',(8.171388777445,0.));
#12860 = VECTOR('',#12861,1.);
#12861 = DIRECTION('',(0.,-1.));
#12862 = ( GEOMETRIC_REPRESENTATION_CONTEXT(2) 
PARAMETRIC_REPRESENTATION_CONTEXT() REPRESENTATION_CONTEXT('2D SPACE',''
  ) );
#12863 = ORIENTED_EDGE('',*,*,#3314,.F.);
#12864 = ORIENTED_EDGE('',*,*,#12677,.F.);
#12865 = ADVANCED_FACE('',(#12866),#3645,.T.);
#12866 = FACE_BOUND('',#12867,.T.);
#12867 = EDGE_LOOP('',(#12868,#12891,#12892,#12893));
#12868 = ORIENTED_EDGE('',*,*,#12869,.F.);
#12869 = EDGE_CURVE('',#12729,#12870,#12872,.T.);
#12870 = VERTEX_POINT('',#12871);
#12871 = CARTESIAN_POINT('',(186.09892824205,-124.8580459935,9.85));
#12872 = SURFACE_CURVE('',#12873,(#12877,#12884),.PCURVE_S1.);
#12873 = LINE('',#12874,#12875);
#12874 = CARTESIAN_POINT('',(185.32936023503,-121.2682105883,9.85));
#12875 = VECTOR('',#12876,1.);
#12876 = DIRECTION('',(0.209611787095,-0.977784689342,0.));
#12877 = PCURVE('',#3645,#12878);
#12878 = DEFINITIONAL_REPRESENTATION('',(#12879),#12883);
#12879 = LINE('',#12880,#12881);
#12880 = CARTESIAN_POINT('',(0.,0.));
#12881 = VECTOR('',#12882,1.);
#12882 = DIRECTION('',(1.,0.));
#12883 = ( GEOMETRIC_REPRESENTATION_CONTEXT(2) 
PARAMETRIC_REPRESENTATION_CONTEXT() REPRESENTATION_CONTEXT('2D SPACE',''
  ) );
#12884 = PCURVE('',#12764,#12885);
#12885 = DEFINITIONAL_REPRESENTATION('',(#12886),#12890);
#12886 = LINE('',#12887,#12888);
#12887 = CARTESIAN_POINT('',(-5.743059050036,0.574258432933));
#12888 = VECTOR('',#12889,1.);
#12889 = DIRECTION('',(0.209611787095,-0.977784689342));
#12890 = ( GEOMETRIC_REPRESENTATION_CONTEXT(2) 
PARAMETRIC_REPRESENTATION_CONTEXT() REPRESENTATION_CONTEXT('2D SPACE',''
  ) );
#12891 = ORIENTED_EDGE('',*,*,#12728,.F.);
#12892 = ORIENTED_EDGE('',*,*,#3630,.F.);
#12893 = ORIENTED_EDGE('',*,*,#12894,.F.);
#12894 = EDGE_CURVE('',#12870,#3598,#12895,.T.);
#12895 = SURFACE_CURVE('',#12896,(#12900,#12907),.PCURVE_S1.);
#12896 = LINE('',#12897,#12898);
#12897 = CARTESIAN_POINT('',(186.09892824205,-124.8580459935,9.85));
#12898 = VECTOR('',#12899,1.);
#12899 = DIRECTION('',(0.,0.,1.));
#12900 = PCURVE('',#3645,#12901);
#12901 = DEFINITIONAL_REPRESENTATION('',(#12902),#12906);
#12902 = LINE('',#12903,#12904);
#12903 = CARTESIAN_POINT('',(3.671396621742,0.));
#12904 = VECTOR('',#12905,1.);
#12905 = DIRECTION('',(0.,-1.));
#12906 = ( GEOMETRIC_REPRESENTATION_CONTEXT(2) 
PARAMETRIC_REPRESENTATION_CONTEXT() REPRESENTATION_CONTEXT('2D SPACE',''
  ) );
#12907 = PCURVE('',#3618,#12908);
#12908 = DEFINITIONAL_REPRESENTATION('',(#12909),#12913);
#12909 = LINE('',#12910,#12911);
#12910 = CARTESIAN_POINT('',(-0.,0.));
#12911 = VECTOR('',#12912,1.);
#12912 = DIRECTION('',(-0.,-1.));
#12913 = ( GEOMETRIC_REPRESENTATION_CONTEXT(2) 
PARAMETRIC_REPRESENTATION_CONTEXT() REPRESENTATION_CONTEXT('2D SPACE',''
  ) );
#12914 = ADVANCED_FACE('',(#12915),#3362,.T.);
#12915 = FACE_BOUND('',#12916,.T.);
#12916 = EDGE_LOOP('',(#12917,#12940,#12961,#12962));
#12917 = ORIENTED_EDGE('',*,*,#12918,.F.);
#12918 = EDGE_CURVE('',#12919,#12820,#12921,.T.);
#12919 = VERTEX_POINT('',#12920);
#12920 = CARTESIAN_POINT('',(207.9,-122.65,9.85));
#12921 = SURFACE_CURVE('',#12922,(#12926,#12933),.PCURVE_S1.);
#12922 = LINE('',#12923,#12924);
#12923 = CARTESIAN_POINT('',(207.9,-122.65,9.85));
#12924 = VECTOR('',#12925,1.);
#12925 = DIRECTION('',(0.999999216793,1.251564284109E-03,0.));
#12926 = PCURVE('',#3362,#12927);
#12927 = DEFINITIONAL_REPRESENTATION('',(#12928),#12932);
#12928 = LINE('',#12929,#12930);
#12929 = CARTESIAN_POINT('',(0.,0.));
#12930 = VECTOR('',#12931,1.);
#12931 = DIRECTION('',(1.,0.));
#12932 = ( GEOMETRIC_REPRESENTATION_CONTEXT(2) 
PARAMETRIC_REPRESENTATION_CONTEXT() REPRESENTATION_CONTEXT('2D SPACE',''
  ) );
#12933 = PCURVE('',#12565,#12934);
#12934 = DEFINITIONAL_REPRESENTATION('',(#12935),#12939);
#12935 = LINE('',#12936,#12937);
#12936 = CARTESIAN_POINT('',(-4.,-3.25));
#12937 = VECTOR('',#12938,1.);
#12938 = DIRECTION('',(0.999999216793,1.251564284109E-03));
#12939 = ( GEOMETRIC_REPRESENTATION_CONTEXT(2) 
PARAMETRIC_REPRESENTATION_CONTEXT() REPRESENTATION_CONTEXT('2D SPACE',''
  ) );
#12940 = ORIENTED_EDGE('',*,*,#12941,.T.);
#12941 = EDGE_CURVE('',#12919,#3348,#12942,.T.);
#12942 = SURFACE_CURVE('',#12943,(#12947,#12954),.PCURVE_S1.);
#12943 = LINE('',#12944,#12945);
#12944 = CARTESIAN_POINT('',(207.9,-122.65,9.85));
#12945 = VECTOR('',#12946,1.);
#12946 = DIRECTION('',(0.,0.,1.));
#12947 = PCURVE('',#3362,#12948);
#12948 = DEFINITIONAL_REPRESENTATION('',(#12949),#12953);
#12949 = LINE('',#12950,#12951);
#12950 = CARTESIAN_POINT('',(0.,0.));
#12951 = VECTOR('',#12952,1.);
#12952 = DIRECTION('',(0.,-1.));
#12953 = ( GEOMETRIC_REPRESENTATION_CONTEXT(2) 
PARAMETRIC_REPRESENTATION_CONTEXT() REPRESENTATION_CONTEXT('2D SPACE',''
  ) );
#12954 = PCURVE('',#3394,#12955);
#12955 = DEFINITIONAL_REPRESENTATION('',(#12956),#12960);
#12956 = LINE('',#12957,#12958);
#12957 = CARTESIAN_POINT('',(-1.455531117313,0.));
#12958 = VECTOR('',#12959,1.);
#12959 = DIRECTION('',(-0.,-1.));
#12960 = ( GEOMETRIC_REPRESENTATION_CONTEXT(2) 
PARAMETRIC_REPRESENTATION_CONTEXT() REPRESENTATION_CONTEXT('2D SPACE',''
  ) );
#12961 = ORIENTED_EDGE('',*,*,#3347,.F.);
#12962 = ORIENTED_EDGE('',*,*,#12843,.F.);
#12963 = ADVANCED_FACE('',(#12964),#3618,.F.);
#12964 = FACE_BOUND('',#12965,.T.);
#12965 = EDGE_LOOP('',(#12966,#12990,#12991,#12992));
#12966 = ORIENTED_EDGE('',*,*,#12967,.F.);
#12967 = EDGE_CURVE('',#12870,#12968,#12970,.T.);
#12968 = VERTEX_POINT('',#12969);
#12969 = CARTESIAN_POINT('',(187.83134373466,-125.8497036383,9.85));
#12970 = SURFACE_CURVE('',#12971,(#12976,#12983),.PCURVE_S1.);
#12971 = CIRCLE('',#12972,1.500413123523);
#12972 = AXIS2_PLACEMENT_3D('',#12973,#12974,#12975);
#12973 = CARTESIAN_POINT('',(187.52168322484,-124.3815926378,9.85));
#12974 = DIRECTION('',(0.,0.,1.));
#12975 = DIRECTION('',(-0.948242161097,-0.31754811276,0.));
#12976 = PCURVE('',#3618,#12977);
#12977 = DEFINITIONAL_REPRESENTATION('',(#12978),#12982);
#12978 = LINE('',#12979,#12980);
#12979 = CARTESIAN_POINT('',(-0.,0.));
#12980 = VECTOR('',#12981,1.);
#12981 = DIRECTION('',(-1.,0.));
#12982 = ( GEOMETRIC_REPRESENTATION_CONTEXT(2) 
PARAMETRIC_REPRESENTATION_CONTEXT() REPRESENTATION_CONTEXT('2D SPACE',''
  ) );
#12983 = PCURVE('',#12764,#12984);
#12984 = DEFINITIONAL_REPRESENTATION('',(#12985),#12989);
#12985 = CIRCLE('',#12986,1.500413123523);
#12986 = AXIS2_PLACEMENT_2D('',#12987,#12988);
#12987 = CARTESIAN_POINT('',(-3.55073606023,-2.539123616572));
#12988 = DIRECTION('',(-0.948242161097,-0.31754811276));
#12989 = ( GEOMETRIC_REPRESENTATION_CONTEXT(2) 
PARAMETRIC_REPRESENTATION_CONTEXT() REPRESENTATION_CONTEXT('2D SPACE',''
  ) );
#12990 = ORIENTED_EDGE('',*,*,#12894,.T.);
#12991 = ORIENTED_EDGE('',*,*,#3597,.F.);
#12992 = ORIENTED_EDGE('',*,*,#12993,.F.);
#12993 = EDGE_CURVE('',#12968,#3572,#12994,.T.);
#12994 = SURFACE_CURVE('',#12995,(#12999,#13006),.PCURVE_S1.);
#12995 = LINE('',#12996,#12997);
#12996 = CARTESIAN_POINT('',(187.83134373466,-125.8497036383,9.85));
#12997 = VECTOR('',#12998,1.);
#12998 = DIRECTION('',(0.,0.,1.));
#12999 = PCURVE('',#3618,#13000);
#13000 = DEFINITIONAL_REPRESENTATION('',(#13001),#13005);
#13001 = LINE('',#13002,#13003);
#13002 = CARTESIAN_POINT('',(-1.455531117313,0.));
#13003 = VECTOR('',#13004,1.);
#13004 = DIRECTION('',(-0.,-1.));
#13005 = ( GEOMETRIC_REPRESENTATION_CONTEXT(2) 
PARAMETRIC_REPRESENTATION_CONTEXT() REPRESENTATION_CONTEXT('2D SPACE',''
  ) );
#13006 = PCURVE('',#3586,#13007);
#13007 = DEFINITIONAL_REPRESENTATION('',(#13008),#13012);
#13008 = LINE('',#13009,#13010);
#13009 = CARTESIAN_POINT('',(0.,0.));
#13010 = VECTOR('',#13011,1.);
#13011 = DIRECTION('',(0.,-1.));
#13012 = ( GEOMETRIC_REPRESENTATION_CONTEXT(2) 
PARAMETRIC_REPRESENTATION_CONTEXT() REPRESENTATION_CONTEXT('2D SPACE',''
  ) );
#13013 = ADVANCED_FACE('',(#13014),#3394,.F.);
#13014 = FACE_BOUND('',#13015,.T.);
#13015 = EDGE_LOOP('',(#13016,#13040,#13061,#13062));
#13016 = ORIENTED_EDGE('',*,*,#13017,.F.);
#13017 = EDGE_CURVE('',#13018,#12919,#13020,.T.);
#13018 = VERTEX_POINT('',#13019);
#13019 = CARTESIAN_POINT('',(206.41022701834,-121.3213823775,9.85));
#13020 = SURFACE_CURVE('',#13021,(#13026,#13033),.PCURVE_S1.);
#13021 = CIRCLE('',#13022,1.500413123523);
#13022 = AXIS2_PLACEMENT_3D('',#13023,#13024,#13025);
#13023 = CARTESIAN_POINT('',(207.90077252767,-121.1495870753,9.85));
#13024 = DIRECTION('',(0.,0.,1.));
#13025 = DIRECTION('',(-0.993423401836,-0.11449866674,0.));
#13026 = PCURVE('',#3394,#13027);
#13027 = DEFINITIONAL_REPRESENTATION('',(#13028),#13032);
#13028 = LINE('',#13029,#13030);
#13029 = CARTESIAN_POINT('',(-0.,0.));
#13030 = VECTOR('',#13031,1.);
#13031 = DIRECTION('',(-1.,0.));
#13032 = ( GEOMETRIC_REPRESENTATION_CONTEXT(2) 
PARAMETRIC_REPRESENTATION_CONTEXT() REPRESENTATION_CONTEXT('2D SPACE',''
  ) );
#13033 = PCURVE('',#12565,#13034);
#13034 = DEFINITIONAL_REPRESENTATION('',(#13035),#13039);
#13035 = CIRCLE('',#13036,1.500413123523);
#13036 = AXIS2_PLACEMENT_2D('',#13037,#13038);
#13037 = CARTESIAN_POINT('',(-3.999227472325,-1.749587075355));
#13038 = DIRECTION('',(-0.993423401836,-0.11449866674));
#13039 = ( GEOMETRIC_REPRESENTATION_CONTEXT(2) 
PARAMETRIC_REPRESENTATION_CONTEXT() REPRESENTATION_CONTEXT('2D SPACE',''
  ) );
#13040 = ORIENTED_EDGE('',*,*,#13041,.T.);
#13041 = EDGE_CURVE('',#13018,#3374,#13042,.T.);
#13042 = SURFACE_CURVE('',#13043,(#13047,#13054),.PCURVE_S1.);
#13043 = LINE('',#13044,#13045);
#13044 = CARTESIAN_POINT('',(206.41022701834,-121.3213823775,9.85));
#13045 = VECTOR('',#13046,1.);
#13046 = DIRECTION('',(0.,0.,1.));
#13047 = PCURVE('',#3394,#13048);
#13048 = DEFINITIONAL_REPRESENTATION('',(#13049),#13053);
#13049 = LINE('',#13050,#13051);
#13050 = CARTESIAN_POINT('',(-0.,0.));
#13051 = VECTOR('',#13052,1.);
#13052 = DIRECTION('',(-0.,-1.));
#13053 = ( GEOMETRIC_REPRESENTATION_CONTEXT(2) 
PARAMETRIC_REPRESENTATION_CONTEXT() REPRESENTATION_CONTEXT('2D SPACE',''
  ) );
#13054 = PCURVE('',#3421,#13055);
#13055 = DEFINITIONAL_REPRESENTATION('',(#13056),#13060);
#13056 = LINE('',#13057,#13058);
#13057 = CARTESIAN_POINT('',(3.671396621742,0.));
#13058 = VECTOR('',#13059,1.);
#13059 = DIRECTION('',(0.,-1.));
#13060 = ( GEOMETRIC_REPRESENTATION_CONTEXT(2) 
PARAMETRIC_REPRESENTATION_CONTEXT() REPRESENTATION_CONTEXT('2D SPACE',''
  ) );
#13061 = ORIENTED_EDGE('',*,*,#3373,.F.);
#13062 = ORIENTED_EDGE('',*,*,#12941,.F.);
#13063 = ADVANCED_FACE('',(#13064),#3586,.T.);
#13064 = FACE_BOUND('',#13065,.T.);
#13065 = EDGE_LOOP('',(#13066,#13089,#13090,#13091));
#13066 = ORIENTED_EDGE('',*,*,#13067,.F.);
#13067 = EDGE_CURVE('',#12968,#13068,#13070,.T.);
#13068 = VERTEX_POINT('',#13069);
#13069 = CARTESIAN_POINT('',(195.8238206903,-124.1491429468,9.85));
#13070 = SURFACE_CURVE('',#13071,(#13075,#13082),.PCURVE_S1.);
#13071 = LINE('',#13072,#13073);
#13072 = CARTESIAN_POINT('',(187.83134373466,-125.8497036383,9.85));
#13073 = VECTOR('',#13074,1.);
#13074 = DIRECTION('',(0.978105090007,0.208111587624,0.));
#13075 = PCURVE('',#3586,#13076);
#13076 = DEFINITIONAL_REPRESENTATION('',(#13077),#13081);
#13077 = LINE('',#13078,#13079);
#13078 = CARTESIAN_POINT('',(0.,0.));
#13079 = VECTOR('',#13080,1.);
#13080 = DIRECTION('',(1.,0.));
#13081 = ( GEOMETRIC_REPRESENTATION_CONTEXT(2) 
PARAMETRIC_REPRESENTATION_CONTEXT() REPRESENTATION_CONTEXT('2D SPACE',''
  ) );
#13082 = PCURVE('',#12764,#13083);
#13083 = DEFINITIONAL_REPRESENTATION('',(#13084),#13088);
#13084 = LINE('',#13085,#13086);
#13085 = CARTESIAN_POINT('',(-3.241075550407,-4.007234617109));
#13086 = VECTOR('',#13087,1.);
#13087 = DIRECTION('',(0.978105090007,0.208111587624));
#13088 = ( GEOMETRIC_REPRESENTATION_CONTEXT(2) 
PARAMETRIC_REPRESENTATION_CONTEXT() REPRESENTATION_CONTEXT('2D SPACE',''
  ) );
#13089 = ORIENTED_EDGE('',*,*,#12993,.T.);
#13090 = ORIENTED_EDGE('',*,*,#3571,.F.);
#13091 = ORIENTED_EDGE('',*,*,#13092,.F.);
#13092 = EDGE_CURVE('',#13068,#3539,#13093,.T.);
#13093 = SURFACE_CURVE('',#13094,(#13098,#13105),.PCURVE_S1.);
#13094 = LINE('',#13095,#13096);
#13095 = CARTESIAN_POINT('',(195.8238206903,-124.1491429468,9.85));
#13096 = VECTOR('',#13097,1.);
#13097 = DIRECTION('',(0.,0.,1.));
#13098 = PCURVE('',#3586,#13099);
#13099 = DEFINITIONAL_REPRESENTATION('',(#13100),#13104);
#13100 = LINE('',#13101,#13102);
#13101 = CARTESIAN_POINT('',(8.171388777445,0.));
#13102 = VECTOR('',#13103,1.);
#13103 = DIRECTION('',(0.,-1.));
#13104 = ( GEOMETRIC_REPRESENTATION_CONTEXT(2) 
PARAMETRIC_REPRESENTATION_CONTEXT() REPRESENTATION_CONTEXT('2D SPACE',''
  ) );
#13105 = PCURVE('',#3559,#13106);
#13106 = DEFINITIONAL_REPRESENTATION('',(#13107),#13111);
#13107 = LINE('',#13108,#13109);
#13108 = CARTESIAN_POINT('',(-0.,0.));
#13109 = VECTOR('',#13110,1.);
#13110 = DIRECTION('',(-0.,-1.));
#13111 = ( GEOMETRIC_REPRESENTATION_CONTEXT(2) 
PARAMETRIC_REPRESENTATION_CONTEXT() REPRESENTATION_CONTEXT('2D SPACE',''
  ) );
#13112 = ADVANCED_FACE('',(#13113),#3421,.T.);
#13113 = FACE_BOUND('',#13114,.T.);
#13114 = EDGE_LOOP('',(#13115,#13136,#13137,#13138));
#13115 = ORIENTED_EDGE('',*,*,#13116,.F.);
#13116 = EDGE_CURVE('',#12530,#13018,#13117,.T.);
#13117 = SURFACE_CURVE('',#13118,(#13122,#13129),.PCURVE_S1.);
#13118 = LINE('',#13119,#13120);
#13119 = CARTESIAN_POINT('',(206.4,-117.65,9.85));
#13120 = VECTOR('',#13121,1.);
#13121 = DIRECTION('',(2.785593440065E-03,-0.999996120227,0.));
#13122 = PCURVE('',#3421,#13123);
#13123 = DEFINITIONAL_REPRESENTATION('',(#13124),#13128);
#13124 = LINE('',#13125,#13126);
#13125 = CARTESIAN_POINT('',(0.,0.));
#13126 = VECTOR('',#13127,1.);
#13127 = DIRECTION('',(1.,0.));
#13128 = ( GEOMETRIC_REPRESENTATION_CONTEXT(2) 
PARAMETRIC_REPRESENTATION_CONTEXT() REPRESENTATION_CONTEXT('2D SPACE',''
  ) );
#13129 = PCURVE('',#12565,#13130);
#13130 = DEFINITIONAL_REPRESENTATION('',(#13131),#13135);
#13131 = LINE('',#13132,#13133);
#13132 = CARTESIAN_POINT('',(-5.5,1.75));
#13133 = VECTOR('',#13134,1.);
#13134 = DIRECTION('',(2.785593440065E-03,-0.999996120227));
#13135 = ( GEOMETRIC_REPRESENTATION_CONTEXT(2) 
PARAMETRIC_REPRESENTATION_CONTEXT() REPRESENTATION_CONTEXT('2D SPACE',''
  ) );
#13136 = ORIENTED_EDGE('',*,*,#12529,.F.);
#13137 = ORIENTED_EDGE('',*,*,#3406,.F.);
#13138 = ORIENTED_EDGE('',*,*,#13041,.F.);
#13139 = ADVANCED_FACE('',(#13140),#3559,.F.);
#13140 = FACE_BOUND('',#13141,.T.);
#13141 = EDGE_LOOP('',(#13142,#13166,#13167,#13168));
#13142 = ORIENTED_EDGE('',*,*,#13143,.F.);
#13143 = EDGE_CURVE('',#13068,#13144,#13146,.T.);
#13144 = VERTEX_POINT('',#13145);
#13145 = CARTESIAN_POINT('',(196.8154783351,-122.4167274542,9.85));
#13146 = SURFACE_CURVE('',#13147,(#13152,#13159),.PCURVE_S1.);
#13147 = CIRCLE('',#13148,1.500413123523);
#13148 = AXIS2_PLACEMENT_3D('',#13149,#13150,#13151);
#13149 = CARTESIAN_POINT('',(195.34736733457,-122.726387964,9.85));
#13150 = DIRECTION('',(0.,0.,1.));
#13151 = DIRECTION('',(0.31754811276,-0.948242161097,0.));
#13152 = PCURVE('',#3559,#13153);
#13153 = DEFINITIONAL_REPRESENTATION('',(#13154),#13158);
#13154 = LINE('',#13155,#13156);
#13155 = CARTESIAN_POINT('',(-0.,0.));
#13156 = VECTOR('',#13157,1.);
#13157 = DIRECTION('',(-1.,0.));
#13158 = ( GEOMETRIC_REPRESENTATION_CONTEXT(2) 
PARAMETRIC_REPRESENTATION_CONTEXT() REPRESENTATION_CONTEXT('2D SPACE',''
  ) );
#13159 = PCURVE('',#12764,#13160);
#13160 = DEFINITIONAL_REPRESENTATION('',(#13161),#13165);
#13161 = CIRCLE('',#13162,1.500413123523);
#13162 = AXIS2_PLACEMENT_2D('',#13163,#13164);
#13163 = CARTESIAN_POINT('',(4.2749480495,-0.883918942756));
#13164 = DIRECTION('',(0.31754811276,-0.948242161097));
#13165 = ( GEOMETRIC_REPRESENTATION_CONTEXT(2) 
PARAMETRIC_REPRESENTATION_CONTEXT() REPRESENTATION_CONTEXT('2D SPACE',''
  ) );
#13166 = ORIENTED_EDGE('',*,*,#13092,.T.);
#13167 = ORIENTED_EDGE('',*,*,#3538,.F.);
#13168 = ORIENTED_EDGE('',*,*,#13169,.F.);
#13169 = EDGE_CURVE('',#13144,#3513,#13170,.T.);
#13170 = SURFACE_CURVE('',#13171,(#13175,#13182),.PCURVE_S1.);
#13171 = LINE('',#13172,#13173);
#13172 = CARTESIAN_POINT('',(196.8154783351,-122.4167274542,9.85));
#13173 = VECTOR('',#13174,1.);
#13174 = DIRECTION('',(0.,0.,1.));
#13175 = PCURVE('',#3559,#13176);
#13176 = DEFINITIONAL_REPRESENTATION('',(#13177),#13181);
#13177 = LINE('',#13178,#13179);
#13178 = CARTESIAN_POINT('',(-1.455531117313,0.));
#13179 = VECTOR('',#13180,1.);
#13180 = DIRECTION('',(-0.,-1.));
#13181 = ( GEOMETRIC_REPRESENTATION_CONTEXT(2) 
PARAMETRIC_REPRESENTATION_CONTEXT() REPRESENTATION_CONTEXT('2D SPACE',''
  ) );
#13182 = PCURVE('',#3527,#13183);
#13183 = DEFINITIONAL_REPRESENTATION('',(#13184),#13188);
#13184 = LINE('',#13185,#13186);
#13185 = CARTESIAN_POINT('',(0.,0.));
#13186 = VECTOR('',#13187,1.);
#13187 = DIRECTION('',(0.,-1.));
#13188 = ( GEOMETRIC_REPRESENTATION_CONTEXT(2) 
PARAMETRIC_REPRESENTATION_CONTEXT() REPRESENTATION_CONTEXT('2D SPACE',''
  ) );
#13189 = ADVANCED_FACE('',(#13190),#3527,.T.);
#13190 = FACE_BOUND('',#13191,.T.);
#13191 = EDGE_LOOP('',(#13192,#13213,#13214,#13215));
#13192 = ORIENTED_EDGE('',*,*,#13193,.F.);
#13193 = EDGE_CURVE('',#13144,#12750,#13194,.T.);
#13194 = SURFACE_CURVE('',#13195,(#13199,#13206),.PCURVE_S1.);
#13195 = LINE('',#13196,#13197);
#13196 = CARTESIAN_POINT('',(196.8154783351,-122.4167274542,9.85));
#13197 = VECTOR('',#13198,1.);
#13198 = DIRECTION('',(-0.209611787095,0.977784689342,0.));
#13199 = PCURVE('',#3527,#13200);
#13200 = DEFINITIONAL_REPRESENTATION('',(#13201),#13205);
#13201 = LINE('',#13202,#13203);
#13202 = CARTESIAN_POINT('',(0.,0.));
#13203 = VECTOR('',#13204,1.);
#13204 = DIRECTION('',(1.,0.));
#13205 = ( GEOMETRIC_REPRESENTATION_CONTEXT(2) 
PARAMETRIC_REPRESENTATION_CONTEXT() REPRESENTATION_CONTEXT('2D SPACE',''
  ) );
#13206 = PCURVE('',#12764,#13207);
#13207 = DEFINITIONAL_REPRESENTATION('',(#13208),#13212);
#13208 = LINE('',#13209,#13210);
#13209 = CARTESIAN_POINT('',(5.743059050036,-0.574258432933));
#13210 = VECTOR('',#13211,1.);
#13211 = DIRECTION('',(-0.209611787095,0.977784689342));
#13212 = ( GEOMETRIC_REPRESENTATION_CONTEXT(2) 
PARAMETRIC_REPRESENTATION_CONTEXT() REPRESENTATION_CONTEXT('2D SPACE',''
  ) );
#13213 = ORIENTED_EDGE('',*,*,#13169,.T.);
#13214 = ORIENTED_EDGE('',*,*,#3512,.F.);
#13215 = ORIENTED_EDGE('',*,*,#12775,.F.);
#13216 = ADVANCED_FACE('',(#13217),#3474,.T.);
#13217 = FACE_BOUND('',#13218,.T.);
#13218 = EDGE_LOOP('',(#13219,#13245,#13246,#13247));
#13219 = ORIENTED_EDGE('',*,*,#13220,.F.);
#13220 = EDGE_CURVE('',#12704,#12485,#13221,.T.);
#13221 = SURFACE_CURVE('',#13222,(#13227,#13234),.PCURVE_S1.);
#13222 = CIRCLE('',#13223,4.544451503718);
#13223 = AXIS2_PLACEMENT_3D('',#13224,#13225,#13226);
#13224 = CARTESIAN_POINT('',(202.9969508885,-122.9444514975,3.));
#13225 = DIRECTION('',(0.,0.,-1.));
#13226 = DIRECTION('',(-0.201977350494,0.979390192869,0.));
#13227 = PCURVE('',#3474,#13228);
#13228 = DEFINITIONAL_REPRESENTATION('',(#13229),#13233);
#13229 = LINE('',#13230,#13231);
#13230 = CARTESIAN_POINT('',(0.,0.));
#13231 = VECTOR('',#13232,1.);
#13232 = DIRECTION('',(1.,0.));
#13233 = ( GEOMETRIC_REPRESENTATION_CONTEXT(2) 
PARAMETRIC_REPRESENTATION_CONTEXT() REPRESENTATION_CONTEXT('2D SPACE',''
  ) );
#13234 = PCURVE('',#7128,#13235);
#13235 = DEFINITIONAL_REPRESENTATION('',(#13236),#13244);
#13236 = ( BOUNDED_CURVE() B_SPLINE_CURVE(2,(#13237,#13238,#13239,#13240
    ,#13241,#13242,#13243),.UNSPECIFIED.,.T.,.F.) 
B_SPLINE_CURVE_WITH_KNOTS((1,2,2,2,2,1),(-2.094395102393,0.,
    2.094395102393,4.188790204786,6.28318530718,8.377580409573),
.UNSPECIFIED.) CURVE() GEOMETRIC_REPRESENTATION_ITEM() 
RATIONAL_B_SPLINE_CURVE((1.,0.5,1.,0.5,1.,0.5,1.)) REPRESENTATION_ITEM(
  '') );
#13237 = CARTESIAN_POINT('',(-4.381740628895,-50.69594270636));
#13238 = CARTESIAN_POINT('',(3.327255923502,-49.10613436444));
#13239 = CARTESIAN_POINT('',(0.849572058556,-56.57722538746));
#13240 = CARTESIAN_POINT('',(-1.62811180639,-64.04831641049));
#13241 = CARTESIAN_POINT('',(-6.859424493841,-58.16703372938));
#13242 = CARTESIAN_POINT('',(-12.09073718129,-52.28575104828));
#13243 = CARTESIAN_POINT('',(-4.381740628895,-50.69594270636));
#13244 = ( GEOMETRIC_REPRESENTATION_CONTEXT(2) 
PARAMETRIC_REPRESENTATION_CONTEXT() REPRESENTATION_CONTEXT('2D SPACE',''
  ) );
#13245 = ORIENTED_EDGE('',*,*,#12795,.T.);
#13246 = ORIENTED_EDGE('',*,*,#3453,.T.);
#13247 = ORIENTED_EDGE('',*,*,#12507,.F.);
#13248 = ADVANCED_FACE('',(#13249),#5410,.F.);
#13249 = FACE_BOUND('',#13250,.F.);
#13250 = EDGE_LOOP('',(#13251,#13274,#13275,#13276));
#13251 = ORIENTED_EDGE('',*,*,#13252,.T.);
#13252 = EDGE_CURVE('',#13253,#5394,#13255,.T.);
#13253 = VERTEX_POINT('',#13254);
#13254 = CARTESIAN_POINT('',(169.55189014134,-133.3657094118,4.));
#13255 = SEAM_CURVE('',#13256,(#13260,#13267),.PCURVE_S1.);
#13256 = LINE('',#13257,#13258);
#13257 = CARTESIAN_POINT('',(169.55189014134,-133.3657094118,-1.));
#13258 = VECTOR('',#13259,1.);
#13259 = DIRECTION('',(0.,0.,1.));
#13260 = PCURVE('',#5410,#13261);
#13261 = DEFINITIONAL_REPRESENTATION('',(#13262),#13266);
#13262 = LINE('',#13263,#13264);
#13263 = CARTESIAN_POINT('',(6.28318530718,-0.));
#13264 = VECTOR('',#13265,1.);
#13265 = DIRECTION('',(0.,1.));
#13266 = ( GEOMETRIC_REPRESENTATION_CONTEXT(2) 
PARAMETRIC_REPRESENTATION_CONTEXT() REPRESENTATION_CONTEXT('2D SPACE',''
  ) );
#13267 = PCURVE('',#5410,#13268);
#13268 = DEFINITIONAL_REPRESENTATION('',(#13269),#13273);
#13269 = LINE('',#13270,#13271);
#13270 = CARTESIAN_POINT('',(0.,-0.));
#13271 = VECTOR('',#13272,1.);
#13272 = DIRECTION('',(0.,1.));
#13273 = ( GEOMETRIC_REPRESENTATION_CONTEXT(2) 
PARAMETRIC_REPRESENTATION_CONTEXT() REPRESENTATION_CONTEXT('2D SPACE',''
  ) );
#13274 = ORIENTED_EDGE('',*,*,#5393,.F.);
#13275 = ORIENTED_EDGE('',*,*,#13252,.F.);
#13276 = ORIENTED_EDGE('',*,*,#13277,.T.);
#13277 = EDGE_CURVE('',#13253,#13253,#13278,.T.);
#13278 = SURFACE_CURVE('',#13279,(#13284,#13291),.PCURVE_S1.);
#13279 = CIRCLE('',#13280,1.7);
#13280 = AXIS2_PLACEMENT_3D('',#13281,#13282,#13283);
#13281 = CARTESIAN_POINT('',(167.85189014134,-133.3657094118,4.));
#13282 = DIRECTION('',(0.,0.,1.));
#13283 = DIRECTION('',(1.,0.,-0.));
#13284 = PCURVE('',#5410,#13285);
#13285 = DEFINITIONAL_REPRESENTATION('',(#13286),#13290);
#13286 = LINE('',#13287,#13288);
#13287 = CARTESIAN_POINT('',(0.,5.));
#13288 = VECTOR('',#13289,1.);
#13289 = DIRECTION('',(1.,0.));
#13290 = ( GEOMETRIC_REPRESENTATION_CONTEXT(2) 
PARAMETRIC_REPRESENTATION_CONTEXT() REPRESENTATION_CONTEXT('2D SPACE',''
  ) );
#13291 = PCURVE('',#6852,#13292);
#13292 = DEFINITIONAL_REPRESENTATION('',(#13293),#13297);
#13293 = CIRCLE('',#13294,1.7);
#13294 = AXIS2_PLACEMENT_2D('',#13295,#13296);
#13295 = CARTESIAN_POINT('',(0.,0.));
#13296 = DIRECTION('',(1.,0.));
#13297 = ( GEOMETRIC_REPRESENTATION_CONTEXT(2) 
PARAMETRIC_REPRESENTATION_CONTEXT() REPRESENTATION_CONTEXT('2D SPACE',''
  ) );
#13298 = ADVANCED_FACE('',(#13299),#5441,.F.);
#13299 = FACE_BOUND('',#13300,.F.);
#13300 = EDGE_LOOP('',(#13301,#13324,#13325,#13326));
#13301 = ORIENTED_EDGE('',*,*,#13302,.T.);
#13302 = EDGE_CURVE('',#13303,#5425,#13305,.T.);
#13303 = VERTEX_POINT('',#13304);
#13304 = CARTESIAN_POINT('',(202.61118222068,-122.4450797957,4.));
#13305 = SEAM_CURVE('',#13306,(#13310,#13317),.PCURVE_S1.);
#13306 = LINE('',#13307,#13308);
#13307 = CARTESIAN_POINT('',(202.61118222068,-122.4450797957,-1.));
#13308 = VECTOR('',#13309,1.);
#13309 = DIRECTION('',(0.,0.,1.));
#13310 = PCURVE('',#5441,#13311);
#13311 = DEFINITIONAL_REPRESENTATION('',(#13312),#13316);
#13312 = LINE('',#13313,#13314);
#13313 = CARTESIAN_POINT('',(6.28318530718,-0.));
#13314 = VECTOR('',#13315,1.);
#13315 = DIRECTION('',(0.,1.));
#13316 = ( GEOMETRIC_REPRESENTATION_CONTEXT(2) 
PARAMETRIC_REPRESENTATION_CONTEXT() REPRESENTATION_CONTEXT('2D SPACE',''
  ) );
#13317 = PCURVE('',#5441,#13318);
#13318 = DEFINITIONAL_REPRESENTATION('',(#13319),#13323);
#13319 = LINE('',#13320,#13321);
#13320 = CARTESIAN_POINT('',(0.,-0.));
#13321 = VECTOR('',#13322,1.);
#13322 = DIRECTION('',(0.,1.));
#13323 = ( GEOMETRIC_REPRESENTATION_CONTEXT(2) 
PARAMETRIC_REPRESENTATION_CONTEXT() REPRESENTATION_CONTEXT('2D SPACE',''
  ) );
#13324 = ORIENTED_EDGE('',*,*,#5424,.F.);
#13325 = ORIENTED_EDGE('',*,*,#13302,.F.);
#13326 = ORIENTED_EDGE('',*,*,#13327,.T.);
#13327 = EDGE_CURVE('',#13303,#13303,#13328,.T.);
#13328 = SURFACE_CURVE('',#13329,(#13334,#13341),.PCURVE_S1.);
#13329 = CIRCLE('',#13330,1.7);
#13330 = AXIS2_PLACEMENT_3D('',#13331,#13332,#13333);
#13331 = CARTESIAN_POINT('',(200.91118222068,-122.4450797957,4.));
#13332 = DIRECTION('',(0.,0.,1.));
#13333 = DIRECTION('',(1.,0.,-0.));
#13334 = PCURVE('',#5441,#13335);
#13335 = DEFINITIONAL_REPRESENTATION('',(#13336),#13340);
#13336 = LINE('',#13337,#13338);
#13337 = CARTESIAN_POINT('',(0.,5.));
#13338 = VECTOR('',#13339,1.);
#13339 = DIRECTION('',(1.,0.));
#13340 = ( GEOMETRIC_REPRESENTATION_CONTEXT(2) 
PARAMETRIC_REPRESENTATION_CONTEXT() REPRESENTATION_CONTEXT('2D SPACE',''
  ) );
#13341 = PCURVE('',#6907,#13342);
#13342 = DEFINITIONAL_REPRESENTATION('',(#13343),#13347);
#13343 = CIRCLE('',#13344,1.7);
#13344 = AXIS2_PLACEMENT_2D('',#13345,#13346);
#13345 = CARTESIAN_POINT('',(0.,0.));
#13346 = DIRECTION('',(1.,0.));
#13347 = ( GEOMETRIC_REPRESENTATION_CONTEXT(2) 
PARAMETRIC_REPRESENTATION_CONTEXT() REPRESENTATION_CONTEXT('2D SPACE',''
  ) );
#13348 = ADVANCED_FACE('',(#13349),#5472,.F.);
#13349 = FACE_BOUND('',#13350,.F.);
#13350 = EDGE_LOOP('',(#13351,#13374,#13375,#13376));
#13351 = ORIENTED_EDGE('',*,*,#13352,.T.);
#13352 = EDGE_CURVE('',#13353,#5456,#13355,.T.);
#13353 = VERTEX_POINT('',#13354);
#13354 = CARTESIAN_POINT('',(228.01250000018,-100.1598284082,4.));
#13355 = SEAM_CURVE('',#13356,(#13360,#13367),.PCURVE_S1.);
#13356 = LINE('',#13357,#13358);
#13357 = CARTESIAN_POINT('',(228.01250000018,-100.1598284082,-1.));
#13358 = VECTOR('',#13359,1.);
#13359 = DIRECTION('',(0.,0.,1.));
#13360 = PCURVE('',#5472,#13361);
#13361 = DEFINITIONAL_REPRESENTATION('',(#13362),#13366);
#13362 = LINE('',#13363,#13364);
#13363 = CARTESIAN_POINT('',(6.28318530718,-0.));
#13364 = VECTOR('',#13365,1.);
#13365 = DIRECTION('',(0.,1.));
#13366 = ( GEOMETRIC_REPRESENTATION_CONTEXT(2) 
PARAMETRIC_REPRESENTATION_CONTEXT() REPRESENTATION_CONTEXT('2D SPACE',''
  ) );
#13367 = PCURVE('',#5472,#13368);
#13368 = DEFINITIONAL_REPRESENTATION('',(#13369),#13373);
#13369 = LINE('',#13370,#13371);
#13370 = CARTESIAN_POINT('',(0.,-0.));
#13371 = VECTOR('',#13372,1.);
#13372 = DIRECTION('',(0.,1.));
#13373 = ( GEOMETRIC_REPRESENTATION_CONTEXT(2) 
PARAMETRIC_REPRESENTATION_CONTEXT() REPRESENTATION_CONTEXT('2D SPACE',''
  ) );
#13374 = ORIENTED_EDGE('',*,*,#5455,.F.);
#13375 = ORIENTED_EDGE('',*,*,#13352,.F.);
#13376 = ORIENTED_EDGE('',*,*,#13377,.T.);
#13377 = EDGE_CURVE('',#13353,#13353,#13378,.T.);
#13378 = SURFACE_CURVE('',#13379,(#13384,#13391),.PCURVE_S1.);
#13379 = CIRCLE('',#13380,1.7);
#13380 = AXIS2_PLACEMENT_3D('',#13381,#13382,#13383);
#13381 = CARTESIAN_POINT('',(226.31250000018,-100.1598284082,4.));
#13382 = DIRECTION('',(0.,0.,1.));
#13383 = DIRECTION('',(1.,0.,-0.));
#13384 = PCURVE('',#5472,#13385);
#13385 = DEFINITIONAL_REPRESENTATION('',(#13386),#13390);
#13386 = LINE('',#13387,#13388);
#13387 = CARTESIAN_POINT('',(0.,5.));
#13388 = VECTOR('',#13389,1.);
#13389 = DIRECTION('',(1.,0.));
#13390 = ( GEOMETRIC_REPRESENTATION_CONTEXT(2) 
PARAMETRIC_REPRESENTATION_CONTEXT() REPRESENTATION_CONTEXT('2D SPACE',''
  ) );
#13391 = PCURVE('',#6962,#13392);
#13392 = DEFINITIONAL_REPRESENTATION('',(#13393),#13397);
#13393 = CIRCLE('',#13394,1.7);
#13394 = AXIS2_PLACEMENT_2D('',#13395,#13396);
#13395 = CARTESIAN_POINT('',(0.,0.));
#13396 = DIRECTION('',(1.,0.));
#13397 = ( GEOMETRIC_REPRESENTATION_CONTEXT(2) 
PARAMETRIC_REPRESENTATION_CONTEXT() REPRESENTATION_CONTEXT('2D SPACE',''
  ) );
#13398 = ADVANCED_FACE('',(#13399),#5503,.F.);
#13399 = FACE_BOUND('',#13400,.F.);
#13400 = EDGE_LOOP('',(#13401,#13424,#13425,#13426));
#13401 = ORIENTED_EDGE('',*,*,#13402,.T.);
#13402 = EDGE_CURVE('',#13403,#5487,#13405,.T.);
#13403 = VERTEX_POINT('',#13404);
#13404 = CARTESIAN_POINT('',(260.61763420165,-105.3562500066,4.));
#13405 = SEAM_CURVE('',#13406,(#13410,#13417),.PCURVE_S1.);
#13406 = LINE('',#13407,#13408);
#13407 = CARTESIAN_POINT('',(260.61763420165,-105.3562500066,-1.));
#13408 = VECTOR('',#13409,1.);
#13409 = DIRECTION('',(0.,0.,1.));
#13410 = PCURVE('',#5503,#13411);
#13411 = DEFINITIONAL_REPRESENTATION('',(#13412),#13416);
#13412 = LINE('',#13413,#13414);
#13413 = CARTESIAN_POINT('',(6.28318530718,-0.));
#13414 = VECTOR('',#13415,1.);
#13415 = DIRECTION('',(0.,1.));
#13416 = ( GEOMETRIC_REPRESENTATION_CONTEXT(2) 
PARAMETRIC_REPRESENTATION_CONTEXT() REPRESENTATION_CONTEXT('2D SPACE',''
  ) );
#13417 = PCURVE('',#5503,#13418);
#13418 = DEFINITIONAL_REPRESENTATION('',(#13419),#13423);
#13419 = LINE('',#13420,#13421);
#13420 = CARTESIAN_POINT('',(0.,-0.));
#13421 = VECTOR('',#13422,1.);
#13422 = DIRECTION('',(0.,1.));
#13423 = ( GEOMETRIC_REPRESENTATION_CONTEXT(2) 
PARAMETRIC_REPRESENTATION_CONTEXT() REPRESENTATION_CONTEXT('2D SPACE',''
  ) );
#13424 = ORIENTED_EDGE('',*,*,#5486,.F.);
#13425 = ORIENTED_EDGE('',*,*,#13402,.F.);
#13426 = ORIENTED_EDGE('',*,*,#13427,.T.);
#13427 = EDGE_CURVE('',#13403,#13403,#13428,.T.);
#13428 = SURFACE_CURVE('',#13429,(#13434,#13441),.PCURVE_S1.);
#13429 = CIRCLE('',#13430,1.7);
#13430 = AXIS2_PLACEMENT_3D('',#13431,#13432,#13433);
#13431 = CARTESIAN_POINT('',(258.91763420165,-105.3562500066,4.));
#13432 = DIRECTION('',(0.,0.,1.));
#13433 = DIRECTION('',(1.,0.,-0.));
#13434 = PCURVE('',#5503,#13435);
#13435 = DEFINITIONAL_REPRESENTATION('',(#13436),#13440);
#13436 = LINE('',#13437,#13438);
#13437 = CARTESIAN_POINT('',(0.,5.));
#13438 = VECTOR('',#13439,1.);
#13439 = DIRECTION('',(1.,0.));
#13440 = ( GEOMETRIC_REPRESENTATION_CONTEXT(2) 
PARAMETRIC_REPRESENTATION_CONTEXT() REPRESENTATION_CONTEXT('2D SPACE',''
  ) );
#13441 = PCURVE('',#7017,#13442);
#13442 = DEFINITIONAL_REPRESENTATION('',(#13443),#13447);
#13443 = CIRCLE('',#13444,1.7);
#13444 = AXIS2_PLACEMENT_2D('',#13445,#13446);
#13445 = CARTESIAN_POINT('',(0.,0.));
#13446 = DIRECTION('',(1.,0.));
#13447 = ( GEOMETRIC_REPRESENTATION_CONTEXT(2) 
PARAMETRIC_REPRESENTATION_CONTEXT() REPRESENTATION_CONTEXT('2D SPACE',''
  ) );
#13448 = ADVANCED_FACE('',(#13449),#5534,.F.);
#13449 = FACE_BOUND('',#13450,.F.);
#13450 = EDGE_LOOP('',(#13451,#13474,#13475,#13476));
#13451 = ORIENTED_EDGE('',*,*,#13452,.T.);
#13452 = EDGE_CURVE('',#13453,#5518,#13455,.T.);
#13453 = VERTEX_POINT('',#13454);
#13454 = CARTESIAN_POINT('',(293.79692776023,-102.9422195671,4.));
#13455 = SEAM_CURVE('',#13456,(#13460,#13467),.PCURVE_S1.);
#13456 = LINE('',#13457,#13458);
#13457 = CARTESIAN_POINT('',(293.79692776023,-102.9422195671,-1.));
#13458 = VECTOR('',#13459,1.);
#13459 = DIRECTION('',(0.,0.,1.));
#13460 = PCURVE('',#5534,#13461);
#13461 = DEFINITIONAL_REPRESENTATION('',(#13462),#13466);
#13462 = LINE('',#13463,#13464);
#13463 = CARTESIAN_POINT('',(6.28318530718,-0.));
#13464 = VECTOR('',#13465,1.);
#13465 = DIRECTION('',(0.,1.));
#13466 = ( GEOMETRIC_REPRESENTATION_CONTEXT(2) 
PARAMETRIC_REPRESENTATION_CONTEXT() REPRESENTATION_CONTEXT('2D SPACE',''
  ) );
#13467 = PCURVE('',#5534,#13468);
#13468 = DEFINITIONAL_REPRESENTATION('',(#13469),#13473);
#13469 = LINE('',#13470,#13471);
#13470 = CARTESIAN_POINT('',(0.,-0.));
#13471 = VECTOR('',#13472,1.);
#13472 = DIRECTION('',(0.,1.));
#13473 = ( GEOMETRIC_REPRESENTATION_CONTEXT(2) 
PARAMETRIC_REPRESENTATION_CONTEXT() REPRESENTATION_CONTEXT('2D SPACE',''
  ) );
#13474 = ORIENTED_EDGE('',*,*,#5517,.F.);
#13475 = ORIENTED_EDGE('',*,*,#13452,.F.);
#13476 = ORIENTED_EDGE('',*,*,#13477,.T.);
#13477 = EDGE_CURVE('',#13453,#13453,#13478,.T.);
#13478 = SURFACE_CURVE('',#13479,(#13484,#13491),.PCURVE_S1.);
#13479 = CIRCLE('',#13480,1.7);
#13480 = AXIS2_PLACEMENT_3D('',#13481,#13482,#13483);
#13481 = CARTESIAN_POINT('',(292.09692776023,-102.9422195671,4.));
#13482 = DIRECTION('',(0.,0.,1.));
#13483 = DIRECTION('',(1.,0.,-0.));
#13484 = PCURVE('',#5534,#13485);
#13485 = DEFINITIONAL_REPRESENTATION('',(#13486),#13490);
#13486 = LINE('',#13487,#13488);
#13487 = CARTESIAN_POINT('',(0.,5.));
#13488 = VECTOR('',#13489,1.);
#13489 = DIRECTION('',(1.,0.));
#13490 = ( GEOMETRIC_REPRESENTATION_CONTEXT(2) 
PARAMETRIC_REPRESENTATION_CONTEXT() REPRESENTATION_CONTEXT('2D SPACE',''
  ) );
#13491 = PCURVE('',#7072,#13492);
#13492 = DEFINITIONAL_REPRESENTATION('',(#13493),#13497);
#13493 = CIRCLE('',#13494,1.7);
#13494 = AXIS2_PLACEMENT_2D('',#13495,#13496);
#13495 = CARTESIAN_POINT('',(0.,0.));
#13496 = DIRECTION('',(1.,0.));
#13497 = ( GEOMETRIC_REPRESENTATION_CONTEXT(2) 
PARAMETRIC_REPRESENTATION_CONTEXT() REPRESENTATION_CONTEXT('2D SPACE',''
  ) );
#13498 = ADVANCED_FACE('',(#13499),#5565,.F.);
#13499 = FACE_BOUND('',#13500,.F.);
#13500 = EDGE_LOOP('',(#13501,#13524,#13525,#13526));
#13501 = ORIENTED_EDGE('',*,*,#13502,.T.);
#13502 = EDGE_CURVE('',#13503,#5549,#13505,.T.);
#13503 = VERTEX_POINT('',#13504);
#13504 = CARTESIAN_POINT('',(151.5875,-24.81768431614,4.));
#13505 = SEAM_CURVE('',#13506,(#13510,#13517),.PCURVE_S1.);
#13506 = LINE('',#13507,#13508);
#13507 = CARTESIAN_POINT('',(151.5875,-24.81768431614,-1.));
#13508 = VECTOR('',#13509,1.);
#13509 = DIRECTION('',(0.,0.,1.));
#13510 = PCURVE('',#5565,#13511);
#13511 = DEFINITIONAL_REPRESENTATION('',(#13512),#13516);
#13512 = LINE('',#13513,#13514);
#13513 = CARTESIAN_POINT('',(6.28318530718,-0.));
#13514 = VECTOR('',#13515,1.);
#13515 = DIRECTION('',(0.,1.));
#13516 = ( GEOMETRIC_REPRESENTATION_CONTEXT(2) 
PARAMETRIC_REPRESENTATION_CONTEXT() REPRESENTATION_CONTEXT('2D SPACE',''
  ) );
#13517 = PCURVE('',#5565,#13518);
#13518 = DEFINITIONAL_REPRESENTATION('',(#13519),#13523);
#13519 = LINE('',#13520,#13521);
#13520 = CARTESIAN_POINT('',(0.,-0.));
#13521 = VECTOR('',#13522,1.);
#13522 = DIRECTION('',(0.,1.));
#13523 = ( GEOMETRIC_REPRESENTATION_CONTEXT(2) 
PARAMETRIC_REPRESENTATION_CONTEXT() REPRESENTATION_CONTEXT('2D SPACE',''
  ) );
#13524 = ORIENTED_EDGE('',*,*,#5548,.F.);
#13525 = ORIENTED_EDGE('',*,*,#13502,.F.);
#13526 = ORIENTED_EDGE('',*,*,#13527,.T.);
#13527 = EDGE_CURVE('',#13503,#13503,#13528,.T.);
#13528 = SURFACE_CURVE('',#13529,(#13534,#13541),.PCURVE_S1.);
#13529 = CIRCLE('',#13530,1.7);
#13530 = AXIS2_PLACEMENT_3D('',#13531,#13532,#13533);
#13531 = CARTESIAN_POINT('',(149.8875,-24.81768431614,4.));
#13532 = DIRECTION('',(0.,0.,1.));
#13533 = DIRECTION('',(1.,0.,-0.));
#13534 = PCURVE('',#5565,#13535);
#13535 = DEFINITIONAL_REPRESENTATION('',(#13536),#13540);
#13536 = LINE('',#13537,#13538);
#13537 = CARTESIAN_POINT('',(0.,5.));
#13538 = VECTOR('',#13539,1.);
#13539 = DIRECTION('',(1.,0.));
#13540 = ( GEOMETRIC_REPRESENTATION_CONTEXT(2) 
PARAMETRIC_REPRESENTATION_CONTEXT() REPRESENTATION_CONTEXT('2D SPACE',''
  ) );
#13541 = PCURVE('',#7334,#13542);
#13542 = DEFINITIONAL_REPRESENTATION('',(#13543),#13547);
#13543 = CIRCLE('',#13544,1.7);
#13544 = AXIS2_PLACEMENT_2D('',#13545,#13546);
#13545 = CARTESIAN_POINT('',(0.,0.));
#13546 = DIRECTION('',(1.,0.));
#13547 = ( GEOMETRIC_REPRESENTATION_CONTEXT(2) 
PARAMETRIC_REPRESENTATION_CONTEXT() REPRESENTATION_CONTEXT('2D SPACE',''
  ) );
#13548 = ADVANCED_FACE('',(#13549),#5596,.F.);
#13549 = FACE_BOUND('',#13550,.F.);
#13550 = EDGE_LOOP('',(#13551,#13574,#13575,#13576));
#13551 = ORIENTED_EDGE('',*,*,#13552,.T.);
#13552 = EDGE_CURVE('',#13553,#5580,#13555,.T.);
#13553 = VERTEX_POINT('',#13554);
#13554 = CARTESIAN_POINT('',(239.34211901703,-33.69374999882,4.));
#13555 = SEAM_CURVE('',#13556,(#13560,#13567),.PCURVE_S1.);
#13556 = LINE('',#13557,#13558);
#13557 = CARTESIAN_POINT('',(239.34211901703,-33.69374999882,-1.));
#13558 = VECTOR('',#13559,1.);
#13559 = DIRECTION('',(0.,0.,1.));
#13560 = PCURVE('',#5596,#13561);
#13561 = DEFINITIONAL_REPRESENTATION('',(#13562),#13566);
#13562 = LINE('',#13563,#13564);
#13563 = CARTESIAN_POINT('',(6.28318530718,-0.));
#13564 = VECTOR('',#13565,1.);
#13565 = DIRECTION('',(0.,1.));
#13566 = ( GEOMETRIC_REPRESENTATION_CONTEXT(2) 
PARAMETRIC_REPRESENTATION_CONTEXT() REPRESENTATION_CONTEXT('2D SPACE',''
  ) );
#13567 = PCURVE('',#5596,#13568);
#13568 = DEFINITIONAL_REPRESENTATION('',(#13569),#13573);
#13569 = LINE('',#13570,#13571);
#13570 = CARTESIAN_POINT('',(0.,-0.));
#13571 = VECTOR('',#13572,1.);
#13572 = DIRECTION('',(0.,1.));
#13573 = ( GEOMETRIC_REPRESENTATION_CONTEXT(2) 
PARAMETRIC_REPRESENTATION_CONTEXT() REPRESENTATION_CONTEXT('2D SPACE',''
  ) );
#13574 = ORIENTED_EDGE('',*,*,#5579,.F.);
#13575 = ORIENTED_EDGE('',*,*,#13552,.F.);
#13576 = ORIENTED_EDGE('',*,*,#13577,.T.);
#13577 = EDGE_CURVE('',#13553,#13553,#13578,.T.);
#13578 = SURFACE_CURVE('',#13579,(#13584,#13591),.PCURVE_S1.);
#13579 = CIRCLE('',#13580,1.7);
#13580 = AXIS2_PLACEMENT_3D('',#13581,#13582,#13583);
#13581 = CARTESIAN_POINT('',(237.64211901703,-33.69374999882,4.));
#13582 = DIRECTION('',(0.,0.,1.));
#13583 = DIRECTION('',(1.,0.,-0.));
#13584 = PCURVE('',#5596,#13585);
#13585 = DEFINITIONAL_REPRESENTATION('',(#13586),#13590);
#13586 = LINE('',#13587,#13588);
#13587 = CARTESIAN_POINT('',(0.,5.));
#13588 = VECTOR('',#13589,1.);
#13589 = DIRECTION('',(1.,0.));
#13590 = ( GEOMETRIC_REPRESENTATION_CONTEXT(2) 
PARAMETRIC_REPRESENTATION_CONTEXT() REPRESENTATION_CONTEXT('2D SPACE',''
  ) );
#13591 = PCURVE('',#7389,#13592);
#13592 = DEFINITIONAL_REPRESENTATION('',(#13593),#13597);
#13593 = CIRCLE('',#13594,1.7);
#13594 = AXIS2_PLACEMENT_2D('',#13595,#13596);
#13595 = CARTESIAN_POINT('',(0.,0.));
#13596 = DIRECTION('',(1.,0.));
#13597 = ( GEOMETRIC_REPRESENTATION_CONTEXT(2) 
PARAMETRIC_REPRESENTATION_CONTEXT() REPRESENTATION_CONTEXT('2D SPACE',''
  ) );
#13598 = ADVANCED_FACE('',(#13599),#5627,.F.);
#13599 = FACE_BOUND('',#13600,.F.);
#13600 = EDGE_LOOP('',(#13601,#13624,#13625,#13626));
#13601 = ORIENTED_EDGE('',*,*,#13602,.T.);
#13602 = EDGE_CURVE('',#13603,#5611,#13605,.T.);
#13603 = VERTEX_POINT('',#13604);
#13604 = CARTESIAN_POINT('',(294.68750000034,-46.11720669061,4.));
#13605 = SEAM_CURVE('',#13606,(#13610,#13617),.PCURVE_S1.);
#13606 = LINE('',#13607,#13608);
#13607 = CARTESIAN_POINT('',(294.68750000034,-46.11720669061,-1.));
#13608 = VECTOR('',#13609,1.);
#13609 = DIRECTION('',(0.,0.,1.));
#13610 = PCURVE('',#5627,#13611);
#13611 = DEFINITIONAL_REPRESENTATION('',(#13612),#13616);
#13612 = LINE('',#13613,#13614);
#13613 = CARTESIAN_POINT('',(6.28318530718,-0.));
#13614 = VECTOR('',#13615,1.);
#13615 = DIRECTION('',(0.,1.));
#13616 = ( GEOMETRIC_REPRESENTATION_CONTEXT(2) 
PARAMETRIC_REPRESENTATION_CONTEXT() REPRESENTATION_CONTEXT('2D SPACE',''
  ) );
#13617 = PCURVE('',#5627,#13618);
#13618 = DEFINITIONAL_REPRESENTATION('',(#13619),#13623);
#13619 = LINE('',#13620,#13621);
#13620 = CARTESIAN_POINT('',(0.,-0.));
#13621 = VECTOR('',#13622,1.);
#13622 = DIRECTION('',(0.,1.));
#13623 = ( GEOMETRIC_REPRESENTATION_CONTEXT(2) 
PARAMETRIC_REPRESENTATION_CONTEXT() REPRESENTATION_CONTEXT('2D SPACE',''
  ) );
#13624 = ORIENTED_EDGE('',*,*,#5610,.F.);
#13625 = ORIENTED_EDGE('',*,*,#13602,.F.);
#13626 = ORIENTED_EDGE('',*,*,#13627,.T.);
#13627 = EDGE_CURVE('',#13603,#13603,#13628,.T.);
#13628 = SURFACE_CURVE('',#13629,(#13634,#13641),.PCURVE_S1.);
#13629 = CIRCLE('',#13630,1.7);
#13630 = AXIS2_PLACEMENT_3D('',#13631,#13632,#13633);
#13631 = CARTESIAN_POINT('',(292.98750000034,-46.11720669061,4.));
#13632 = DIRECTION('',(0.,0.,1.));
#13633 = DIRECTION('',(1.,0.,-0.));
#13634 = PCURVE('',#5627,#13635);
#13635 = DEFINITIONAL_REPRESENTATION('',(#13636),#13640);
#13636 = LINE('',#13637,#13638);
#13637 = CARTESIAN_POINT('',(0.,5.));
#13638 = VECTOR('',#13639,1.);
#13639 = DIRECTION('',(1.,0.));
#13640 = ( GEOMETRIC_REPRESENTATION_CONTEXT(2) 
PARAMETRIC_REPRESENTATION_CONTEXT() REPRESENTATION_CONTEXT('2D SPACE',''
  ) );
#13641 = PCURVE('',#7444,#13642);
#13642 = DEFINITIONAL_REPRESENTATION('',(#13643),#13647);
#13643 = CIRCLE('',#13644,1.7);
#13644 = AXIS2_PLACEMENT_2D('',#13645,#13646);
#13645 = CARTESIAN_POINT('',(0.,0.));
#13646 = DIRECTION('',(1.,0.));
#13647 = ( GEOMETRIC_REPRESENTATION_CONTEXT(2) 
PARAMETRIC_REPRESENTATION_CONTEXT() REPRESENTATION_CONTEXT('2D SPACE',''
  ) );
#13648 = ADVANCED_FACE('',(#13649),#5710,.F.);
#13649 = FACE_BOUND('',#13650,.T.);
#13650 = EDGE_LOOP('',(#13651,#13652,#13653,#13674));
#13651 = ORIENTED_EDGE('',*,*,#7461,.F.);
#13652 = ORIENTED_EDGE('',*,*,#5693,.F.);
#13653 = ORIENTED_EDGE('',*,*,#13654,.T.);
#13654 = EDGE_CURVE('',#5694,#7557,#13655,.T.);
#13655 = SURFACE_CURVE('',#13656,(#13660,#13667),.PCURVE_S1.);
#13656 = LINE('',#13657,#13658);
#13657 = CARTESIAN_POINT('',(181.5125,-19.85,4.3));
#13658 = VECTOR('',#13659,1.);
#13659 = DIRECTION('',(0.,-1.,0.));
#13660 = PCURVE('',#5710,#13661);
#13661 = DEFINITIONAL_REPRESENTATION('',(#13662),#13666);
#13662 = LINE('',#13663,#13664);
#13663 = CARTESIAN_POINT('',(-4.712388980385,-1.55));
#13664 = VECTOR('',#13665,1.);
#13665 = DIRECTION('',(0.,1.));
#13666 = ( GEOMETRIC_REPRESENTATION_CONTEXT(2) 
PARAMETRIC_REPRESENTATION_CONTEXT() REPRESENTATION_CONTEXT('2D SPACE',''
  ) );
#13667 = PCURVE('',#5737,#13668);
#13668 = DEFINITIONAL_REPRESENTATION('',(#13669),#13673);
#13669 = LINE('',#13670,#13671);
#13670 = CARTESIAN_POINT('',(18.5,-1.55));
#13671 = VECTOR('',#13672,1.);
#13672 = DIRECTION('',(0.,1.));
#13673 = ( GEOMETRIC_REPRESENTATION_CONTEXT(2) 
PARAMETRIC_REPRESENTATION_CONTEXT() REPRESENTATION_CONTEXT('2D SPACE',''
  ) );
#13674 = ORIENTED_EDGE('',*,*,#7556,.T.);
#13675 = ADVANCED_FACE('',(#13676),#5765,.F.);
#13676 = FACE_BOUND('',#13677,.T.);
#13677 = EDGE_LOOP('',(#13678,#13699,#13700,#13701));
#13678 = ORIENTED_EDGE('',*,*,#13679,.F.);
#13679 = EDGE_CURVE('',#5723,#7584,#13680,.T.);
#13680 = SURFACE_CURVE('',#13681,(#13685,#13692),.PCURVE_S1.);
#13681 = LINE('',#13682,#13683);
#13682 = CARTESIAN_POINT('',(163.0125,-19.85,4.3));
#13683 = VECTOR('',#13684,1.);
#13684 = DIRECTION('',(0.,-1.,0.));
#13685 = PCURVE('',#5765,#13686);
#13686 = DEFINITIONAL_REPRESENTATION('',(#13687),#13691);
#13687 = LINE('',#13688,#13689);
#13688 = CARTESIAN_POINT('',(-4.712388980385,-1.55));
#13689 = VECTOR('',#13690,1.);
#13690 = DIRECTION('',(0.,1.));
#13691 = ( GEOMETRIC_REPRESENTATION_CONTEXT(2) 
PARAMETRIC_REPRESENTATION_CONTEXT() REPRESENTATION_CONTEXT('2D SPACE',''
  ) );
#13692 = PCURVE('',#5737,#13693);
#13693 = DEFINITIONAL_REPRESENTATION('',(#13694),#13698);
#13694 = LINE('',#13695,#13696);
#13695 = CARTESIAN_POINT('',(0.,-1.55));
#13696 = VECTOR('',#13697,1.);
#13697 = DIRECTION('',(0.,1.));
#13698 = ( GEOMETRIC_REPRESENTATION_CONTEXT(2) 
PARAMETRIC_REPRESENTATION_CONTEXT() REPRESENTATION_CONTEXT('2D SPACE',''
  ) );
#13699 = ORIENTED_EDGE('',*,*,#5748,.F.);
#13700 = ORIENTED_EDGE('',*,*,#9137,.T.);
#13701 = ORIENTED_EDGE('',*,*,#7604,.T.);
#13702 = ADVANCED_FACE('',(#13703),#5737,.F.);
#13703 = FACE_BOUND('',#13704,.F.);
#13704 = EDGE_LOOP('',(#13705,#13706,#13707,#13708));
#13705 = ORIENTED_EDGE('',*,*,#13679,.F.);
#13706 = ORIENTED_EDGE('',*,*,#5722,.T.);
#13707 = ORIENTED_EDGE('',*,*,#13654,.T.);
#13708 = ORIENTED_EDGE('',*,*,#7583,.F.);
#13709 = ADVANCED_FACE('',(#13710),#5837,.F.);
#13710 = FACE_BOUND('',#13711,.F.);
#13711 = EDGE_LOOP('',(#13712,#13713,#13734,#13735));
#13712 = ORIENTED_EDGE('',*,*,#7674,.F.);
#13713 = ORIENTED_EDGE('',*,*,#13714,.F.);
#13714 = EDGE_CURVE('',#5821,#7675,#13715,.T.);
#13715 = SEAM_CURVE('',#13716,(#13720,#13727),.PCURVE_S1.);
#13716 = LINE('',#13717,#13718);
#13717 = CARTESIAN_POINT('',(186.3625,-19.85,10.));
#13718 = VECTOR('',#13719,1.);
#13719 = DIRECTION('',(0.,-1.,2.22044604925E-16));
#13720 = PCURVE('',#5837,#13721);
#13721 = DEFINITIONAL_REPRESENTATION('',(#13722),#13726);
#13722 = LINE('',#13723,#13724);
#13723 = CARTESIAN_POINT('',(6.28318530718,-0.));
#13724 = VECTOR('',#13725,1.);
#13725 = DIRECTION('',(0.,1.));
#13726 = ( GEOMETRIC_REPRESENTATION_CONTEXT(2) 
PARAMETRIC_REPRESENTATION_CONTEXT() REPRESENTATION_CONTEXT('2D SPACE',''
  ) );
#13727 = PCURVE('',#5837,#13728);
#13728 = DEFINITIONAL_REPRESENTATION('',(#13729),#13733);
#13729 = LINE('',#13730,#13731);
#13730 = CARTESIAN_POINT('',(0.,-0.));
#13731 = VECTOR('',#13732,1.);
#13732 = DIRECTION('',(0.,1.));
#13733 = ( GEOMETRIC_REPRESENTATION_CONTEXT(2) 
PARAMETRIC_REPRESENTATION_CONTEXT() REPRESENTATION_CONTEXT('2D SPACE',''
  ) );
#13734 = ORIENTED_EDGE('',*,*,#5820,.T.);
#13735 = ORIENTED_EDGE('',*,*,#13714,.T.);
#13736 = ADVANCED_FACE('',(#13737),#5868,.F.);
#13737 = FACE_BOUND('',#13738,.F.);
#13738 = EDGE_LOOP('',(#13739,#13740,#13761,#13762));
#13739 = ORIENTED_EDGE('',*,*,#7706,.F.);
#13740 = ORIENTED_EDGE('',*,*,#13741,.F.);
#13741 = EDGE_CURVE('',#5852,#7707,#13742,.T.);
#13742 = SEAM_CURVE('',#13743,(#13747,#13754),.PCURVE_S1.);
#13743 = LINE('',#13744,#13745);
#13744 = CARTESIAN_POINT('',(161.3625,-19.85,10.));
#13745 = VECTOR('',#13746,1.);
#13746 = DIRECTION('',(0.,-1.,2.22044604925E-16));
#13747 = PCURVE('',#5868,#13748);
#13748 = DEFINITIONAL_REPRESENTATION('',(#13749),#13753);
#13749 = LINE('',#13750,#13751);
#13750 = CARTESIAN_POINT('',(6.28318530718,-0.));
#13751 = VECTOR('',#13752,1.);
#13752 = DIRECTION('',(0.,1.));
#13753 = ( GEOMETRIC_REPRESENTATION_CONTEXT(2) 
PARAMETRIC_REPRESENTATION_CONTEXT() REPRESENTATION_CONTEXT('2D SPACE',''
  ) );
#13754 = PCURVE('',#5868,#13755);
#13755 = DEFINITIONAL_REPRESENTATION('',(#13756),#13760);
#13756 = LINE('',#13757,#13758);
#13757 = CARTESIAN_POINT('',(0.,-0.));
#13758 = VECTOR('',#13759,1.);
#13759 = DIRECTION('',(0.,1.));
#13760 = ( GEOMETRIC_REPRESENTATION_CONTEXT(2) 
PARAMETRIC_REPRESENTATION_CONTEXT() REPRESENTATION_CONTEXT('2D SPACE',''
  ) );
#13761 = ORIENTED_EDGE('',*,*,#5851,.T.);
#13762 = ORIENTED_EDGE('',*,*,#13741,.T.);
#13763 = ADVANCED_FACE('',(#13764),#5901,.F.);
#13764 = FACE_BOUND('',#13765,.F.);
#13765 = EDGE_LOOP('',(#13766,#13789,#13790,#13813));
#13766 = ORIENTED_EDGE('',*,*,#13767,.F.);
#13767 = EDGE_CURVE('',#5883,#13768,#13770,.T.);
#13768 = VERTEX_POINT('',#13769);
#13769 = CARTESIAN_POINT('',(195.4125,-22.95,2.26));
#13770 = SURFACE_CURVE('',#13771,(#13775,#13782),.PCURVE_S1.);
#13771 = LINE('',#13772,#13773);
#13772 = CARTESIAN_POINT('',(195.4125,-19.85,2.26));
#13773 = VECTOR('',#13774,1.);
#13774 = DIRECTION('',(0.,-1.,0.));
#13775 = PCURVE('',#5901,#13776);
#13776 = DEFINITIONAL_REPRESENTATION('',(#13777),#13781);
#13777 = LINE('',#13778,#13779);
#13778 = CARTESIAN_POINT('',(3.14159265359,-1.55));
#13779 = VECTOR('',#13780,1.);
#13780 = DIRECTION('',(-0.,1.));
#13781 = ( GEOMETRIC_REPRESENTATION_CONTEXT(2) 
PARAMETRIC_REPRESENTATION_CONTEXT() REPRESENTATION_CONTEXT('2D SPACE',''
  ) );
#13782 = PCURVE('',#5928,#13783);
#13783 = DEFINITIONAL_REPRESENTATION('',(#13784),#13788);
#13784 = LINE('',#13785,#13786);
#13785 = CARTESIAN_POINT('',(0.,-1.55));
#13786 = VECTOR('',#13787,1.);
#13787 = DIRECTION('',(0.,1.));
#13788 = ( GEOMETRIC_REPRESENTATION_CONTEXT(2) 
PARAMETRIC_REPRESENTATION_CONTEXT() REPRESENTATION_CONTEXT('2D SPACE',''
  ) );
#13789 = ORIENTED_EDGE('',*,*,#5882,.T.);
#13790 = ORIENTED_EDGE('',*,*,#13791,.T.);
#13791 = EDGE_CURVE('',#5885,#13792,#13794,.T.);
#13792 = VERTEX_POINT('',#13793);
#13793 = CARTESIAN_POINT('',(196.4125,-22.95,1.26));
#13794 = SURFACE_CURVE('',#13795,(#13799,#13806),.PCURVE_S1.);
#13795 = LINE('',#13796,#13797);
#13796 = CARTESIAN_POINT('',(196.4125,-19.85,1.26));
#13797 = VECTOR('',#13798,1.);
#13798 = DIRECTION('',(0.,-1.,0.));
#13799 = PCURVE('',#5901,#13800);
#13800 = DEFINITIONAL_REPRESENTATION('',(#13801),#13805);
#13801 = LINE('',#13802,#13803);
#13802 = CARTESIAN_POINT('',(4.712388980385,-1.55));
#13803 = VECTOR('',#13804,1.);
#13804 = DIRECTION('',(-0.,1.));
#13805 = ( GEOMETRIC_REPRESENTATION_CONTEXT(2) 
PARAMETRIC_REPRESENTATION_CONTEXT() REPRESENTATION_CONTEXT('2D SPACE',''
  ) );
#13806 = PCURVE('',#6091,#13807);
#13807 = DEFINITIONAL_REPRESENTATION('',(#13808),#13812);
#13808 = LINE('',#13809,#13810);
#13809 = CARTESIAN_POINT('',(0.,-1.55));
#13810 = VECTOR('',#13811,1.);
#13811 = DIRECTION('',(0.,1.));
#13812 = ( GEOMETRIC_REPRESENTATION_CONTEXT(2) 
PARAMETRIC_REPRESENTATION_CONTEXT() REPRESENTATION_CONTEXT('2D SPACE',''
  ) );
#13813 = ORIENTED_EDGE('',*,*,#13814,.F.);
#13814 = EDGE_CURVE('',#13768,#13792,#13815,.T.);
#13815 = SURFACE_CURVE('',#13816,(#13821,#13828),.PCURVE_S1.);
#13816 = CIRCLE('',#13817,1.);
#13817 = AXIS2_PLACEMENT_3D('',#13818,#13819,#13820);
#13818 = CARTESIAN_POINT('',(196.4125,-22.95,2.26));
#13819 = DIRECTION('',(0.,-1.,0.));
#13820 = DIRECTION('',(1.,0.,0.));
#13821 = PCURVE('',#5901,#13822);
#13822 = DEFINITIONAL_REPRESENTATION('',(#13823),#13827);
#13823 = LINE('',#13824,#13825);
#13824 = CARTESIAN_POINT('',(-0.,1.55));
#13825 = VECTOR('',#13826,1.);
#13826 = DIRECTION('',(1.,-0.));
#13827 = ( GEOMETRIC_REPRESENTATION_CONTEXT(2) 
PARAMETRIC_REPRESENTATION_CONTEXT() REPRESENTATION_CONTEXT('2D SPACE',''
  ) );
#13828 = PCURVE('',#8286,#13829);
#13829 = DEFINITIONAL_REPRESENTATION('',(#13830),#13834);
#13830 = CIRCLE('',#13831,1.);
#13831 = AXIS2_PLACEMENT_2D('',#13832,#13833);
#13832 = CARTESIAN_POINT('',(-5.975,-3.05));
#13833 = DIRECTION('',(1.,0.));
#13834 = ( GEOMETRIC_REPRESENTATION_CONTEXT(2) 
PARAMETRIC_REPRESENTATION_CONTEXT() REPRESENTATION_CONTEXT('2D SPACE',''
  ) );
#13835 = ADVANCED_FACE('',(#13836),#6091,.F.);
#13836 = FACE_BOUND('',#13837,.F.);
#13837 = EDGE_LOOP('',(#13838,#13839,#13840,#13863));
#13838 = ORIENTED_EDGE('',*,*,#13791,.F.);
#13839 = ORIENTED_EDGE('',*,*,#6078,.T.);
#13840 = ORIENTED_EDGE('',*,*,#13841,.T.);
#13841 = EDGE_CURVE('',#6050,#13842,#13844,.T.);
#13842 = VERTEX_POINT('',#13843);
#13843 = CARTESIAN_POINT('',(208.3625,-22.95,1.26));
#13844 = SURFACE_CURVE('',#13845,(#13849,#13856),.PCURVE_S1.);
#13845 = LINE('',#13846,#13847);
#13846 = CARTESIAN_POINT('',(208.3625,-19.85,1.26));
#13847 = VECTOR('',#13848,1.);
#13848 = DIRECTION('',(0.,-1.,0.));
#13849 = PCURVE('',#6091,#13850);
#13850 = DEFINITIONAL_REPRESENTATION('',(#13851),#13855);
#13851 = LINE('',#13852,#13853);
#13852 = CARTESIAN_POINT('',(11.95,-1.55));
#13853 = VECTOR('',#13854,1.);
#13854 = DIRECTION('',(0.,1.));
#13855 = ( GEOMETRIC_REPRESENTATION_CONTEXT(2) 
PARAMETRIC_REPRESENTATION_CONTEXT() REPRESENTATION_CONTEXT('2D SPACE',''
  ) );
#13856 = PCURVE('',#6066,#13857);
#13857 = DEFINITIONAL_REPRESENTATION('',(#13858),#13862);
#13858 = LINE('',#13859,#13860);
#13859 = CARTESIAN_POINT('',(4.712388980385,-1.55));
#13860 = VECTOR('',#13861,1.);
#13861 = DIRECTION('',(-0.,1.));
#13862 = ( GEOMETRIC_REPRESENTATION_CONTEXT(2) 
PARAMETRIC_REPRESENTATION_CONTEXT() REPRESENTATION_CONTEXT('2D SPACE',''
  ) );
#13863 = ORIENTED_EDGE('',*,*,#13864,.F.);
#13864 = EDGE_CURVE('',#13792,#13842,#13865,.T.);
#13865 = SURFACE_CURVE('',#13866,(#13870,#13877),.PCURVE_S1.);
#13866 = LINE('',#13867,#13868);
#13867 = CARTESIAN_POINT('',(202.3875,-22.95,1.26));
#13868 = VECTOR('',#13869,1.);
#13869 = DIRECTION('',(1.,0.,0.));
#13870 = PCURVE('',#6091,#13871);
#13871 = DEFINITIONAL_REPRESENTATION('',(#13872),#13876);
#13872 = LINE('',#13873,#13874);
#13873 = CARTESIAN_POINT('',(5.975,1.55));
#13874 = VECTOR('',#13875,1.);
#13875 = DIRECTION('',(1.,0.));
#13876 = ( GEOMETRIC_REPRESENTATION_CONTEXT(2) 
PARAMETRIC_REPRESENTATION_CONTEXT() REPRESENTATION_CONTEXT('2D SPACE',''
  ) );
#13877 = PCURVE('',#8286,#13878);
#13878 = DEFINITIONAL_REPRESENTATION('',(#13879),#13883);
#13879 = LINE('',#13880,#13881);
#13880 = CARTESIAN_POINT('',(-1.679307275476E-16,-4.05));
#13881 = VECTOR('',#13882,1.);
#13882 = DIRECTION('',(1.,0.));
#13883 = ( GEOMETRIC_REPRESENTATION_CONTEXT(2) 
PARAMETRIC_REPRESENTATION_CONTEXT() REPRESENTATION_CONTEXT('2D SPACE',''
  ) );
#13884 = ADVANCED_FACE('',(#13885),#6066,.F.);
#13885 = FACE_BOUND('',#13886,.F.);
#13886 = EDGE_LOOP('',(#13887,#13888,#13889,#13912));
#13887 = ORIENTED_EDGE('',*,*,#13841,.F.);
#13888 = ORIENTED_EDGE('',*,*,#6049,.T.);
#13889 = ORIENTED_EDGE('',*,*,#13890,.T.);
#13890 = EDGE_CURVE('',#6024,#13891,#13893,.T.);
#13891 = VERTEX_POINT('',#13892);
#13892 = CARTESIAN_POINT('',(209.3625,-22.95,2.26));
#13893 = SURFACE_CURVE('',#13894,(#13898,#13905),.PCURVE_S1.);
#13894 = LINE('',#13895,#13896);
#13895 = CARTESIAN_POINT('',(209.3625,-19.85,2.26));
#13896 = VECTOR('',#13897,1.);
#13897 = DIRECTION('',(0.,-1.,0.));
#13898 = PCURVE('',#6066,#13899);
#13899 = DEFINITIONAL_REPRESENTATION('',(#13900),#13904);
#13900 = LINE('',#13901,#13902);
#13901 = CARTESIAN_POINT('',(6.28318530718,-1.55));
#13902 = VECTOR('',#13903,1.);
#13903 = DIRECTION('',(-0.,1.));
#13904 = ( GEOMETRIC_REPRESENTATION_CONTEXT(2) 
PARAMETRIC_REPRESENTATION_CONTEXT() REPRESENTATION_CONTEXT('2D SPACE',''
  ) );
#13905 = PCURVE('',#6038,#13906);
#13906 = DEFINITIONAL_REPRESENTATION('',(#13907),#13911);
#13907 = LINE('',#13908,#13909);
#13908 = CARTESIAN_POINT('',(0.,-1.55));
#13909 = VECTOR('',#13910,1.);
#13910 = DIRECTION('',(0.,1.));
#13911 = ( GEOMETRIC_REPRESENTATION_CONTEXT(2) 
PARAMETRIC_REPRESENTATION_CONTEXT() REPRESENTATION_CONTEXT('2D SPACE',''
  ) );
#13912 = ORIENTED_EDGE('',*,*,#13913,.F.);
#13913 = EDGE_CURVE('',#13842,#13891,#13914,.T.);
#13914 = SURFACE_CURVE('',#13915,(#13920,#13927),.PCURVE_S1.);
#13915 = CIRCLE('',#13916,1.);
#13916 = AXIS2_PLACEMENT_3D('',#13917,#13918,#13919);
#13917 = CARTESIAN_POINT('',(208.3625,-22.95,2.26));
#13918 = DIRECTION('',(0.,-1.,0.));
#13919 = DIRECTION('',(1.,0.,0.));
#13920 = PCURVE('',#6066,#13921);
#13921 = DEFINITIONAL_REPRESENTATION('',(#13922),#13926);
#13922 = LINE('',#13923,#13924);
#13923 = CARTESIAN_POINT('',(-0.,1.55));
#13924 = VECTOR('',#13925,1.);
#13925 = DIRECTION('',(1.,-0.));
#13926 = ( GEOMETRIC_REPRESENTATION_CONTEXT(2) 
PARAMETRIC_REPRESENTATION_CONTEXT() REPRESENTATION_CONTEXT('2D SPACE',''
  ) );
#13927 = PCURVE('',#8286,#13928);
#13928 = DEFINITIONAL_REPRESENTATION('',(#13929),#13933);
#13929 = CIRCLE('',#13930,1.);
#13930 = AXIS2_PLACEMENT_2D('',#13931,#13932);
#13931 = CARTESIAN_POINT('',(5.975,-3.05));
#13932 = DIRECTION('',(1.,0.));
#13933 = ( GEOMETRIC_REPRESENTATION_CONTEXT(2) 
PARAMETRIC_REPRESENTATION_CONTEXT() REPRESENTATION_CONTEXT('2D SPACE',''
  ) );
#13934 = ADVANCED_FACE('',(#13935),#6038,.F.);
#13935 = FACE_BOUND('',#13936,.F.);
#13936 = EDGE_LOOP('',(#13937,#13938,#13939,#13962));
#13937 = ORIENTED_EDGE('',*,*,#13890,.F.);
#13938 = ORIENTED_EDGE('',*,*,#6023,.T.);
#13939 = ORIENTED_EDGE('',*,*,#13940,.T.);
#13940 = EDGE_CURVE('',#5995,#13941,#13943,.T.);
#13941 = VERTEX_POINT('',#13942);
#13942 = CARTESIAN_POINT('',(209.3625,-22.95,8.36));
#13943 = SURFACE_CURVE('',#13944,(#13948,#13955),.PCURVE_S1.);
#13944 = LINE('',#13945,#13946);
#13945 = CARTESIAN_POINT('',(209.3625,-19.85,8.36));
#13946 = VECTOR('',#13947,1.);
#13947 = DIRECTION('',(0.,-1.,0.));
#13948 = PCURVE('',#6038,#13949);
#13949 = DEFINITIONAL_REPRESENTATION('',(#13950),#13954);
#13950 = LINE('',#13951,#13952);
#13951 = CARTESIAN_POINT('',(6.1,-1.55));
#13952 = VECTOR('',#13953,1.);
#13953 = DIRECTION('',(0.,1.));
#13954 = ( GEOMETRIC_REPRESENTATION_CONTEXT(2) 
PARAMETRIC_REPRESENTATION_CONTEXT() REPRESENTATION_CONTEXT('2D SPACE',''
  ) );
#13955 = PCURVE('',#6011,#13956);
#13956 = DEFINITIONAL_REPRESENTATION('',(#13957),#13961);
#13957 = LINE('',#13958,#13959);
#13958 = CARTESIAN_POINT('',(0.,-1.55));
#13959 = VECTOR('',#13960,1.);
#13960 = DIRECTION('',(-0.,1.));
#13961 = ( GEOMETRIC_REPRESENTATION_CONTEXT(2) 
PARAMETRIC_REPRESENTATION_CONTEXT() REPRESENTATION_CONTEXT('2D SPACE',''
  ) );
#13962 = ORIENTED_EDGE('',*,*,#13963,.F.);
#13963 = EDGE_CURVE('',#13891,#13941,#13964,.T.);
#13964 = SURFACE_CURVE('',#13965,(#13969,#13976),.PCURVE_S1.);
#13965 = LINE('',#13966,#13967);
#13966 = CARTESIAN_POINT('',(209.3625,-22.95,5.31));
#13967 = VECTOR('',#13968,1.);
#13968 = DIRECTION('',(0.,0.,1.));
#13969 = PCURVE('',#6038,#13970);
#13970 = DEFINITIONAL_REPRESENTATION('',(#13971),#13975);
#13971 = LINE('',#13972,#13973);
#13972 = CARTESIAN_POINT('',(3.05,1.55));
#13973 = VECTOR('',#13974,1.);
#13974 = DIRECTION('',(1.,0.));
#13975 = ( GEOMETRIC_REPRESENTATION_CONTEXT(2) 
PARAMETRIC_REPRESENTATION_CONTEXT() REPRESENTATION_CONTEXT('2D SPACE',''
  ) );
#13976 = PCURVE('',#8286,#13977);
#13977 = DEFINITIONAL_REPRESENTATION('',(#13978),#13982);
#13978 = LINE('',#13979,#13980);
#13979 = CARTESIAN_POINT('',(6.975,-8.658928139172E-17));
#13980 = VECTOR('',#13981,1.);
#13981 = DIRECTION('',(0.,1.));
#13982 = ( GEOMETRIC_REPRESENTATION_CONTEXT(2) 
PARAMETRIC_REPRESENTATION_CONTEXT() REPRESENTATION_CONTEXT('2D SPACE',''
  ) );
#13983 = ADVANCED_FACE('',(#13984),#6011,.F.);
#13984 = FACE_BOUND('',#13985,.F.);
#13985 = EDGE_LOOP('',(#13986,#13987,#13988,#14009,#14010));
#13986 = ORIENTED_EDGE('',*,*,#13940,.F.);
#13987 = ORIENTED_EDGE('',*,*,#5994,.T.);
#13988 = ORIENTED_EDGE('',*,*,#13989,.F.);
#13989 = EDGE_CURVE('',#8494,#5969,#13990,.T.);
#13990 = SURFACE_CURVE('',#13991,(#13995,#14002),.PCURVE_S1.);
#13991 = LINE('',#13992,#13993);
#13992 = CARTESIAN_POINT('',(208.3625,-22.95,9.36));
#13993 = VECTOR('',#13994,1.);
#13994 = DIRECTION('',(0.,1.,0.));
#13995 = PCURVE('',#6011,#13996);
#13996 = DEFINITIONAL_REPRESENTATION('',(#13997),#14001);
#13997 = LINE('',#13998,#13999);
#13998 = CARTESIAN_POINT('',(1.570796326795,1.55));
#13999 = VECTOR('',#14000,1.);
#14000 = DIRECTION('',(0.,-1.));
#14001 = ( GEOMETRIC_REPRESENTATION_CONTEXT(2) 
PARAMETRIC_REPRESENTATION_CONTEXT() REPRESENTATION_CONTEXT('2D SPACE',''
  ) );
#14002 = PCURVE('',#5983,#14003);
#14003 = DEFINITIONAL_REPRESENTATION('',(#14004),#14008);
#14004 = LINE('',#14005,#14006);
#14005 = CARTESIAN_POINT('',(11.95,1.55));
#14006 = VECTOR('',#14007,1.);
#14007 = DIRECTION('',(0.,-1.));
#14008 = ( GEOMETRIC_REPRESENTATION_CONTEXT(2) 
PARAMETRIC_REPRESENTATION_CONTEXT() REPRESENTATION_CONTEXT('2D SPACE',''
  ) );
#14009 = ORIENTED_EDGE('',*,*,#8517,.F.);
#14010 = ORIENTED_EDGE('',*,*,#14011,.F.);
#14011 = EDGE_CURVE('',#13941,#8518,#14012,.T.);
#14012 = SURFACE_CURVE('',#14013,(#14018,#14025),.PCURVE_S1.);
#14013 = CIRCLE('',#14014,1.);
#14014 = AXIS2_PLACEMENT_3D('',#14015,#14016,#14017);
#14015 = CARTESIAN_POINT('',(208.3625,-22.95,8.36));
#14016 = DIRECTION('',(0.,-1.,0.));
#14017 = DIRECTION('',(1.,0.,0.));
#14018 = PCURVE('',#6011,#14019);
#14019 = DEFINITIONAL_REPRESENTATION('',(#14020),#14024);
#14020 = LINE('',#14021,#14022);
#14021 = CARTESIAN_POINT('',(-0.,1.55));
#14022 = VECTOR('',#14023,1.);
#14023 = DIRECTION('',(1.,-0.));
#14024 = ( GEOMETRIC_REPRESENTATION_CONTEXT(2) 
PARAMETRIC_REPRESENTATION_CONTEXT() REPRESENTATION_CONTEXT('2D SPACE',''
  ) );
#14025 = PCURVE('',#8286,#14026);
#14026 = DEFINITIONAL_REPRESENTATION('',(#14027),#14031);
#14027 = CIRCLE('',#14028,1.);
#14028 = AXIS2_PLACEMENT_2D('',#14029,#14030);
#14029 = CARTESIAN_POINT('',(5.975,3.05));
#14030 = DIRECTION('',(1.,0.));
#14031 = ( GEOMETRIC_REPRESENTATION_CONTEXT(2) 
PARAMETRIC_REPRESENTATION_CONTEXT() REPRESENTATION_CONTEXT('2D SPACE',''
  ) );
#14032 = ADVANCED_FACE('',(#14033),#5983,.T.);
#14033 = FACE_BOUND('',#14034,.T.);
#14034 = EDGE_LOOP('',(#14035,#14056,#14057,#14058,#14059,#14060));
#14035 = ORIENTED_EDGE('',*,*,#14036,.T.);
#14036 = EDGE_CURVE('',#8298,#5940,#14037,.T.);
#14037 = SURFACE_CURVE('',#14038,(#14042,#14049),.PCURVE_S1.);
#14038 = LINE('',#14039,#14040);
#14039 = CARTESIAN_POINT('',(196.4125,-22.95,9.36));
#14040 = VECTOR('',#14041,1.);
#14041 = DIRECTION('',(0.,1.,0.));
#14042 = PCURVE('',#5983,#14043);
#14043 = DEFINITIONAL_REPRESENTATION('',(#14044),#14048);
#14044 = LINE('',#14045,#14046);
#14045 = CARTESIAN_POINT('',(0.,1.55));
#14046 = VECTOR('',#14047,1.);
#14047 = DIRECTION('',(0.,-1.));
#14048 = ( GEOMETRIC_REPRESENTATION_CONTEXT(2) 
PARAMETRIC_REPRESENTATION_CONTEXT() REPRESENTATION_CONTEXT('2D SPACE',''
  ) );
#14049 = PCURVE('',#5956,#14050);
#14050 = DEFINITIONAL_REPRESENTATION('',(#14051),#14055);
#14051 = LINE('',#14052,#14053);
#14052 = CARTESIAN_POINT('',(1.570796326795,1.55));
#14053 = VECTOR('',#14054,1.);
#14054 = DIRECTION('',(0.,-1.));
#14055 = ( GEOMETRIC_REPRESENTATION_CONTEXT(2) 
PARAMETRIC_REPRESENTATION_CONTEXT() REPRESENTATION_CONTEXT('2D SPACE',''
  ) );
#14056 = ORIENTED_EDGE('',*,*,#5968,.T.);
#14057 = ORIENTED_EDGE('',*,*,#13989,.F.);
#14058 = ORIENTED_EDGE('',*,*,#8493,.F.);
#14059 = ORIENTED_EDGE('',*,*,#8399,.F.);
#14060 = ORIENTED_EDGE('',*,*,#8347,.F.);
#14061 = ADVANCED_FACE('',(#14062),#5956,.F.);
#14062 = FACE_BOUND('',#14063,.F.);
#14063 = EDGE_LOOP('',(#14064,#14065,#14066,#14089,#14111));
#14064 = ORIENTED_EDGE('',*,*,#14036,.T.);
#14065 = ORIENTED_EDGE('',*,*,#5939,.T.);
#14066 = ORIENTED_EDGE('',*,*,#14067,.F.);
#14067 = EDGE_CURVE('',#14068,#5914,#14070,.T.);
#14068 = VERTEX_POINT('',#14069);
#14069 = CARTESIAN_POINT('',(195.4125,-22.95,8.36));
#14070 = SURFACE_CURVE('',#14071,(#14075,#14082),.PCURVE_S1.);
#14071 = LINE('',#14072,#14073);
#14072 = CARTESIAN_POINT('',(195.4125,-22.95,8.36));
#14073 = VECTOR('',#14074,1.);
#14074 = DIRECTION('',(0.,1.,0.));
#14075 = PCURVE('',#5956,#14076);
#14076 = DEFINITIONAL_REPRESENTATION('',(#14077),#14081);
#14077 = LINE('',#14078,#14079);
#14078 = CARTESIAN_POINT('',(3.14159265359,1.55));
#14079 = VECTOR('',#14080,1.);
#14080 = DIRECTION('',(0.,-1.));
#14081 = ( GEOMETRIC_REPRESENTATION_CONTEXT(2) 
PARAMETRIC_REPRESENTATION_CONTEXT() REPRESENTATION_CONTEXT('2D SPACE',''
  ) );
#14082 = PCURVE('',#5928,#14083);
#14083 = DEFINITIONAL_REPRESENTATION('',(#14084),#14088);
#14084 = LINE('',#14085,#14086);
#14085 = CARTESIAN_POINT('',(6.1,1.55));
#14086 = VECTOR('',#14087,1.);
#14087 = DIRECTION('',(0.,-1.));
#14088 = ( GEOMETRIC_REPRESENTATION_CONTEXT(2) 
PARAMETRIC_REPRESENTATION_CONTEXT() REPRESENTATION_CONTEXT('2D SPACE',''
  ) );
#14089 = ORIENTED_EDGE('',*,*,#14090,.F.);
#14090 = EDGE_CURVE('',#8272,#14068,#14091,.T.);
#14091 = SURFACE_CURVE('',#14092,(#14097,#14104),.PCURVE_S1.);
#14092 = CIRCLE('',#14093,1.);
#14093 = AXIS2_PLACEMENT_3D('',#14094,#14095,#14096);
#14094 = CARTESIAN_POINT('',(196.4125,-22.95,8.36));
#14095 = DIRECTION('',(0.,-1.,0.));
#14096 = DIRECTION('',(1.,0.,0.));
#14097 = PCURVE('',#5956,#14098);
#14098 = DEFINITIONAL_REPRESENTATION('',(#14099),#14103);
#14099 = LINE('',#14100,#14101);
#14100 = CARTESIAN_POINT('',(-0.,1.55));
#14101 = VECTOR('',#14102,1.);
#14102 = DIRECTION('',(1.,-0.));
#14103 = ( GEOMETRIC_REPRESENTATION_CONTEXT(2) 
PARAMETRIC_REPRESENTATION_CONTEXT() REPRESENTATION_CONTEXT('2D SPACE',''
  ) );
#14104 = PCURVE('',#8286,#14105);
#14105 = DEFINITIONAL_REPRESENTATION('',(#14106),#14110);
#14106 = CIRCLE('',#14107,1.);
#14107 = AXIS2_PLACEMENT_2D('',#14108,#14109);
#14108 = CARTESIAN_POINT('',(-5.975,3.05));
#14109 = DIRECTION('',(1.,0.));
#14110 = ( GEOMETRIC_REPRESENTATION_CONTEXT(2) 
PARAMETRIC_REPRESENTATION_CONTEXT() REPRESENTATION_CONTEXT('2D SPACE',''
  ) );
#14111 = ORIENTED_EDGE('',*,*,#8297,.F.);
#14112 = ADVANCED_FACE('',(#14113),#5928,.T.);
#14113 = FACE_BOUND('',#14114,.T.);
#14114 = EDGE_LOOP('',(#14115,#14116,#14117,#14118));
#14115 = ORIENTED_EDGE('',*,*,#13767,.F.);
#14116 = ORIENTED_EDGE('',*,*,#5913,.T.);
#14117 = ORIENTED_EDGE('',*,*,#14067,.F.);
#14118 = ORIENTED_EDGE('',*,*,#14119,.F.);
#14119 = EDGE_CURVE('',#13768,#14068,#14120,.T.);
#14120 = SURFACE_CURVE('',#14121,(#14125,#14132),.PCURVE_S1.);
#14121 = LINE('',#14122,#14123);
#14122 = CARTESIAN_POINT('',(195.4125,-22.95,5.31));
#14123 = VECTOR('',#14124,1.);
#14124 = DIRECTION('',(0.,0.,1.));
#14125 = PCURVE('',#5928,#14126);
#14126 = DEFINITIONAL_REPRESENTATION('',(#14127),#14131);
#14127 = LINE('',#14128,#14129);
#14128 = CARTESIAN_POINT('',(3.05,1.55));
#14129 = VECTOR('',#14130,1.);
#14130 = DIRECTION('',(1.,0.));
#14131 = ( GEOMETRIC_REPRESENTATION_CONTEXT(2) 
PARAMETRIC_REPRESENTATION_CONTEXT() REPRESENTATION_CONTEXT('2D SPACE',''
  ) );
#14132 = PCURVE('',#8286,#14133);
#14133 = DEFINITIONAL_REPRESENTATION('',(#14134),#14138);
#14134 = LINE('',#14135,#14136);
#14135 = CARTESIAN_POINT('',(-6.975,-8.658928139172E-17));
#14136 = VECTOR('',#14137,1.);
#14137 = DIRECTION('',(0.,1.));
#14138 = ( GEOMETRIC_REPRESENTATION_CONTEXT(2) 
PARAMETRIC_REPRESENTATION_CONTEXT() REPRESENTATION_CONTEXT('2D SPACE',''
  ) );
#14139 = ADVANCED_FACE('',(#14140,#14143),#6852,.F.);
#14140 = FACE_BOUND('',#14141,.F.);
#14141 = EDGE_LOOP('',(#14142));
#14142 = ORIENTED_EDGE('',*,*,#6837,.T.);
#14143 = FACE_BOUND('',#14144,.F.);
#14144 = EDGE_LOOP('',(#14145));
#14145 = ORIENTED_EDGE('',*,*,#13277,.F.);
#14146 = ADVANCED_FACE('',(#14147,#14150),#6907,.F.);
#14147 = FACE_BOUND('',#14148,.F.);
#14148 = EDGE_LOOP('',(#14149));
#14149 = ORIENTED_EDGE('',*,*,#6892,.T.);
#14150 = FACE_BOUND('',#14151,.F.);
#14151 = EDGE_LOOP('',(#14152));
#14152 = ORIENTED_EDGE('',*,*,#13327,.F.);
#14153 = ADVANCED_FACE('',(#14154,#14157),#6962,.F.);
#14154 = FACE_BOUND('',#14155,.F.);
#14155 = EDGE_LOOP('',(#14156));
#14156 = ORIENTED_EDGE('',*,*,#6947,.T.);
#14157 = FACE_BOUND('',#14158,.F.);
#14158 = EDGE_LOOP('',(#14159));
#14159 = ORIENTED_EDGE('',*,*,#13377,.F.);
#14160 = ADVANCED_FACE('',(#14161,#14164),#7017,.F.);
#14161 = FACE_BOUND('',#14162,.F.);
#14162 = EDGE_LOOP('',(#14163));
#14163 = ORIENTED_EDGE('',*,*,#7002,.T.);
#14164 = FACE_BOUND('',#14165,.F.);
#14165 = EDGE_LOOP('',(#14166));
#14166 = ORIENTED_EDGE('',*,*,#13427,.F.);
#14167 = ADVANCED_FACE('',(#14168,#14171),#7072,.F.);
#14168 = FACE_BOUND('',#14169,.F.);
#14169 = EDGE_LOOP('',(#14170));
#14170 = ORIENTED_EDGE('',*,*,#7057,.T.);
#14171 = FACE_BOUND('',#14172,.F.);
#14172 = EDGE_LOOP('',(#14173));
#14173 = ORIENTED_EDGE('',*,*,#13477,.F.);
#14174 = ADVANCED_FACE('',(#14175,#14439,#14443),#7128,.T.);
#14175 = FACE_BOUND('',#14176,.T.);
#14176 = EDGE_LOOP('',(#14177,#14178,#14179,#14180,#14181,#14182,#14183,
    #14184,#14185,#14186,#14187,#14188,#14189,#14190,#14191,#14192,
    #14193,#14194,#14195,#14196,#14197,#14198,#14199,#14200,#14222,
    #14223,#14224,#14225,#14226,#14227,#14228,#14229,#14230,#14231,
    #14232,#14233,#14234,#14235,#14236,#14237,#14238,#14239,#14240,
    #14241,#14242,#14243,#14244,#14245,#14246,#14247,#14248,#14249,
    #14250,#14271,#14297,#14330,#14356,#14389,#14415,#14434,#14435,
    #14436,#14437,#14438));
#14177 = ORIENTED_EDGE('',*,*,#7991,.T.);
#14178 = ORIENTED_EDGE('',*,*,#7937,.T.);
#14179 = ORIENTED_EDGE('',*,*,#7888,.T.);
#14180 = ORIENTED_EDGE('',*,*,#7838,.T.);
#14181 = ORIENTED_EDGE('',*,*,#7789,.T.);
#14182 = ORIENTED_EDGE('',*,*,#7739,.T.);
#14183 = ORIENTED_EDGE('',*,*,#7508,.T.);
#14184 = ORIENTED_EDGE('',*,*,#9263,.T.);
#14185 = ORIENTED_EDGE('',*,*,#9367,.T.);
#14186 = ORIENTED_EDGE('',*,*,#9532,.T.);
#14187 = ORIENTED_EDGE('',*,*,#9635,.T.);
#14188 = ORIENTED_EDGE('',*,*,#9734,.T.);
#14189 = ORIENTED_EDGE('',*,*,#9833,.T.);
#14190 = ORIENTED_EDGE('',*,*,#9932,.T.);
#14191 = ORIENTED_EDGE('',*,*,#10009,.T.);
#14192 = ORIENTED_EDGE('',*,*,#10058,.T.);
#14193 = ORIENTED_EDGE('',*,*,#10162,.T.);
#14194 = ORIENTED_EDGE('',*,*,#10327,.T.);
#14195 = ORIENTED_EDGE('',*,*,#10426,.T.);
#14196 = ORIENTED_EDGE('',*,*,#10525,.T.);
#14197 = ORIENTED_EDGE('',*,*,#10628,.T.);
#14198 = ORIENTED_EDGE('',*,*,#10727,.T.);
#14199 = ORIENTED_EDGE('',*,*,#10808,.T.);
#14200 = ORIENTED_EDGE('',*,*,#14201,.T.);
#14201 = EDGE_CURVE('',#10809,#11645,#14202,.T.);
#14202 = SURFACE_CURVE('',#14203,(#14208,#14215),.PCURVE_S1.);
#14203 = CIRCLE('',#14204,1.75133725164);
#14204 = AXIS2_PLACEMENT_3D('',#14205,#14206,#14207);
#14205 = CARTESIAN_POINT('',(155.42433095235,-102.9306526274,3.));
#14206 = DIRECTION('',(0.,0.,1.));
#14207 = DIRECTION('',(-0.529724853751,0.848169546328,0.));
#14208 = PCURVE('',#7128,#14209);
#14209 = DEFINITIONAL_REPRESENTATION('',(#14210),#14214);
#14210 = CIRCLE('',#14211,1.75133725164);
#14211 = AXIS2_PLACEMENT_2D('',#14212,#14213);
#14212 = CARTESIAN_POINT('',(-51.03648429087,-35.13293507097));
#14213 = DIRECTION('',(-0.529724853751,0.848169546328));
#14214 = ( GEOMETRIC_REPRESENTATION_CONTEXT(2) 
PARAMETRIC_REPRESENTATION_CONTEXT() REPRESENTATION_CONTEXT('2D SPACE',''
  ) );
#14215 = PCURVE('',#10894,#14216);
#14216 = DEFINITIONAL_REPRESENTATION('',(#14217),#14221);
#14217 = LINE('',#14218,#14219);
#14218 = CARTESIAN_POINT('',(-0.,0.));
#14219 = VECTOR('',#14220,1.);
#14220 = DIRECTION('',(-1.,0.));
#14221 = ( GEOMETRIC_REPRESENTATION_CONTEXT(2) 
PARAMETRIC_REPRESENTATION_CONTEXT() REPRESENTATION_CONTEXT('2D SPACE',''
  ) );
#14222 = ORIENTED_EDGE('',*,*,#11644,.T.);
#14223 = ORIENTED_EDGE('',*,*,#12335,.T.);
#14224 = ORIENTED_EDGE('',*,*,#12435,.T.);
#14225 = ORIENTED_EDGE('',*,*,#12600,.T.);
#14226 = ORIENTED_EDGE('',*,*,#12703,.T.);
#14227 = ORIENTED_EDGE('',*,*,#13220,.T.);
#14228 = ORIENTED_EDGE('',*,*,#12484,.T.);
#14229 = ORIENTED_EDGE('',*,*,#12385,.T.);
#14230 = ORIENTED_EDGE('',*,*,#12286,.T.);
#14231 = ORIENTED_EDGE('',*,*,#12232,.T.);
#14232 = ORIENTED_EDGE('',*,*,#12155,.T.);
#14233 = ORIENTED_EDGE('',*,*,#12056,.T.);
#14234 = ORIENTED_EDGE('',*,*,#11953,.T.);
#14235 = ORIENTED_EDGE('',*,*,#11853,.T.);
#14236 = ORIENTED_EDGE('',*,*,#11058,.T.);
#14237 = ORIENTED_EDGE('',*,*,#10958,.T.);
#14238 = ORIENTED_EDGE('',*,*,#10211,.T.);
#14239 = ORIENTED_EDGE('',*,*,#10112,.T.);
#14240 = ORIENTED_EDGE('',*,*,#9416,.T.);
#14241 = ORIENTED_EDGE('',*,*,#9313,.T.);
#14242 = ORIENTED_EDGE('',*,*,#9213,.T.);
#14243 = ORIENTED_EDGE('',*,*,#9164,.T.);
#14244 = ORIENTED_EDGE('',*,*,#9083,.T.);
#14245 = ORIENTED_EDGE('',*,*,#9033,.T.);
#14246 = ORIENTED_EDGE('',*,*,#8692,.T.);
#14247 = ORIENTED_EDGE('',*,*,#8638,.T.);
#14248 = ORIENTED_EDGE('',*,*,#8589,.T.);
#14249 = ORIENTED_EDGE('',*,*,#8444,.T.);
#14250 = ORIENTED_EDGE('',*,*,#14251,.F.);
#14251 = EDGE_CURVE('',#14252,#8447,#14254,.T.);
#14252 = VERTEX_POINT('',#14253);
#14253 = CARTESIAN_POINT('',(208.2525,-22.95,3.));
#14254 = SURFACE_CURVE('',#14255,(#14259,#14265),.PCURVE_S1.);
#14255 = LINE('',#14256,#14257);
#14256 = CARTESIAN_POINT('',(204.42415762161,-22.95,3.));
#14257 = VECTOR('',#14258,1.);
#14258 = DIRECTION('',(1.,0.,-0.));
#14259 = PCURVE('',#7128,#14260);
#14260 = DEFINITIONAL_REPRESENTATION('',(#14261),#14264);
#14261 = B_SPLINE_CURVE_WITH_KNOTS('',1,(#14262,#14263),.UNSPECIFIED.,
  .F.,.F.,(2,2),(-9.011657621616,4.938342378384),
  .PIECEWISE_BEZIER_KNOTS.);
#14262 = CARTESIAN_POINT('',(-11.04831524323,44.847717556472));
#14263 = CARTESIAN_POINT('',(2.901684756768,44.847717556472));
#14264 = ( GEOMETRIC_REPRESENTATION_CONTEXT(2) 
PARAMETRIC_REPRESENTATION_CONTEXT() REPRESENTATION_CONTEXT('2D SPACE',''
  ) );
#14265 = PCURVE('',#8286,#14266);
#14266 = DEFINITIONAL_REPRESENTATION('',(#14267),#14270);
#14267 = B_SPLINE_CURVE_WITH_KNOTS('',1,(#14268,#14269),.UNSPECIFIED.,
  .F.,.F.,(2,2),(-9.011657621616,4.938342378384),
  .PIECEWISE_BEZIER_KNOTS.);
#14268 = CARTESIAN_POINT('',(-6.975,-2.31));
#14269 = CARTESIAN_POINT('',(6.975,-2.31));
#14270 = ( GEOMETRIC_REPRESENTATION_CONTEXT(2) 
PARAMETRIC_REPRESENTATION_CONTEXT() REPRESENTATION_CONTEXT('2D SPACE',''
  ) );
#14271 = ORIENTED_EDGE('',*,*,#14272,.T.);
#14272 = EDGE_CURVE('',#14252,#14273,#14275,.T.);
#14273 = VERTEX_POINT('',#14274);
#14274 = CARTESIAN_POINT('',(208.2525,-31.705,3.));
#14275 = SURFACE_CURVE('',#14276,(#14280,#14286),.PCURVE_S1.);
#14276 = LINE('',#14277,#14278);
#14277 = CARTESIAN_POINT('',(208.2525,-49.75135877823,3.));
#14278 = VECTOR('',#14279,1.);
#14279 = DIRECTION('',(0.,-1.,0.));
#14280 = PCURVE('',#7128,#14281);
#14281 = DEFINITIONAL_REPRESENTATION('',(#14282),#14285);
#14282 = B_SPLINE_CURVE_WITH_KNOTS('',1,(#14283,#14284),.UNSPECIFIED.,
  .F.,.F.,(2,2),(-27.26147689726,-18.04635877823),
  .PIECEWISE_BEZIER_KNOTS.);
#14283 = CARTESIAN_POINT('',(1.791684756768,45.307835675504));
#14284 = CARTESIAN_POINT('',(1.791684756768,36.092717556472));
#14285 = ( GEOMETRIC_REPRESENTATION_CONTEXT(2) 
PARAMETRIC_REPRESENTATION_CONTEXT() REPRESENTATION_CONTEXT('2D SPACE',''
  ) );
#14286 = PCURVE('',#14287,#14292);
#14287 = PLANE('',#14288);
#14288 = AXIS2_PLACEMENT_3D('',#14289,#14290,#14291);
#14289 = CARTESIAN_POINT('',(208.2525,-31.705,2.));
#14290 = DIRECTION('',(-1.,0.,0.));
#14291 = DIRECTION('',(0.,1.,0.));
#14292 = DEFINITIONAL_REPRESENTATION('',(#14293),#14296);
#14293 = B_SPLINE_CURVE_WITH_KNOTS('',1,(#14294,#14295),.UNSPECIFIED.,
  .F.,.F.,(2,2),(-27.26147689726,-18.04635877823),
  .PIECEWISE_BEZIER_KNOTS.);
#14294 = CARTESIAN_POINT('',(9.215118119032,-1.));
#14295 = CARTESIAN_POINT('',(0.,-1.));
#14296 = ( GEOMETRIC_REPRESENTATION_CONTEXT(2) 
PARAMETRIC_REPRESENTATION_CONTEXT() REPRESENTATION_CONTEXT('2D SPACE',''
  ) );
#14297 = ORIENTED_EDGE('',*,*,#14298,.T.);
#14298 = EDGE_CURVE('',#14273,#14299,#14301,.T.);
#14299 = VERTEX_POINT('',#14300);
#14300 = CARTESIAN_POINT('',(207.850045161,-32.1953926402,3.));
#14301 = SURFACE_CURVE('',#14302,(#14307,#14318),.PCURVE_S1.);
#14302 = CIRCLE('',#14303,0.5);
#14303 = AXIS2_PLACEMENT_3D('',#14304,#14305,#14306);
#14304 = CARTESIAN_POINT('',(207.7525,-31.705,3.));
#14305 = DIRECTION('',(0.,-0.,-1.));
#14306 = DIRECTION('',(0.195090322016,-0.980785280403,0.));
#14307 = PCURVE('',#7128,#14308);
#14308 = DEFINITIONAL_REPRESENTATION('',(#14309),#14317);
#14309 = ( BOUNDED_CURVE() B_SPLINE_CURVE(2,(#14310,#14311,#14312,#14313
    ,#14314,#14315,#14316),.UNSPECIFIED.,.T.,.F.) 
B_SPLINE_CURVE_WITH_KNOTS((1,2,2,2,2,1),(-2.094395102393,0.,
    2.094395102393,4.188790204786,6.28318530718,8.377580409573),
.UNSPECIFIED.) CURVE() GEOMETRIC_REPRESENTATION_ITEM() 
RATIONAL_B_SPLINE_CURVE((1.,0.5,1.,0.5,1.,0.5,1.)) REPRESENTATION_ITEM(
  '') );
#14310 = CARTESIAN_POINT('',(1.389229917776,35.602324916271));
#14311 = CARTESIAN_POINT('',(0.539844949289,35.433371741372));
#14312 = CARTESIAN_POINT('',(0.818219692021,36.253437289124));
#14313 = CARTESIAN_POINT('',(1.096594434752,37.073502836876));
#14314 = CARTESIAN_POINT('',(1.667604660508,36.422390464022));
#14315 = CARTESIAN_POINT('',(2.238614886263,35.771278091169));
#14316 = CARTESIAN_POINT('',(1.389229917776,35.602324916271));
#14317 = ( GEOMETRIC_REPRESENTATION_CONTEXT(2) 
PARAMETRIC_REPRESENTATION_CONTEXT() REPRESENTATION_CONTEXT('2D SPACE',''
  ) );
#14318 = PCURVE('',#14319,#14324);
#14319 = CYLINDRICAL_SURFACE('',#14320,0.5);
#14320 = AXIS2_PLACEMENT_3D('',#14321,#14322,#14323);
#14321 = CARTESIAN_POINT('',(207.7525,-31.705,2.));
#14322 = DIRECTION('',(-0.,-0.,-1.));
#14323 = DIRECTION('',(0.195090322016,-0.980785280403,0.));
#14324 = DEFINITIONAL_REPRESENTATION('',(#14325),#14329);
#14325 = LINE('',#14326,#14327);
#14326 = CARTESIAN_POINT('',(-6.28318530718,-1.));
#14327 = VECTOR('',#14328,1.);
#14328 = DIRECTION('',(1.,-0.));
#14329 = ( GEOMETRIC_REPRESENTATION_CONTEXT(2) 
PARAMETRIC_REPRESENTATION_CONTEXT() REPRESENTATION_CONTEXT('2D SPACE',''
  ) );
#14330 = ORIENTED_EDGE('',*,*,#14331,.T.);
#14331 = EDGE_CURVE('',#14299,#14332,#14334,.T.);
#14332 = VERTEX_POINT('',#14333);
#14333 = CARTESIAN_POINT('',(197.0225,-32.205,3.));
#14334 = SURFACE_CURVE('',#14335,(#14339,#14345),.PCURVE_S1.);
#14335 = LINE('',#14336,#14337);
#14336 = CARTESIAN_POINT('',(201.72586307963,-32.20082667163,3.));
#14337 = VECTOR('',#14338,1.);
#14338 = DIRECTION('',(-0.999999606343,-8.873069447895E-04,0.));
#14339 = PCURVE('',#7128,#14340);
#14340 = DEFINITIONAL_REPRESENTATION('',(#14341),#14344);
#14341 = B_SPLINE_CURVE_WITH_KNOTS('',1,(#14342,#14343),.UNSPECIFIED.,
  .F.,.F.,(2,2),(-6.124184492196,4.703364931151),
  .PIECEWISE_BEZIER_KNOTS.);
#14342 = CARTESIAN_POINT('',(1.389229917776,35.602324916271));
#14343 = CARTESIAN_POINT('',(-9.438315243232,35.592717556472));
#14344 = ( GEOMETRIC_REPRESENTATION_CONTEXT(2) 
PARAMETRIC_REPRESENTATION_CONTEXT() REPRESENTATION_CONTEXT('2D SPACE',''
  ) );
#14345 = PCURVE('',#14346,#14351);
#14346 = PLANE('',#14347);
#14347 = AXIS2_PLACEMENT_3D('',#14348,#14349,#14350);
#14348 = CARTESIAN_POINT('',(197.0225,-32.205,2.));
#14349 = DIRECTION('',(-8.873069447895E-04,0.999999606343,0.));
#14350 = DIRECTION('',(0.999999606343,8.873069447895E-04,0.));
#14351 = DEFINITIONAL_REPRESENTATION('',(#14352),#14355);
#14352 = B_SPLINE_CURVE_WITH_KNOTS('',1,(#14353,#14354),.UNSPECIFIED.,
  .F.,.F.,(2,2),(-6.124184492196,4.703364931151),
  .PIECEWISE_BEZIER_KNOTS.);
#14353 = CARTESIAN_POINT('',(10.827549423347,-1.));
#14354 = CARTESIAN_POINT('',(0.,-1.));
#14355 = ( GEOMETRIC_REPRESENTATION_CONTEXT(2) 
PARAMETRIC_REPRESENTATION_CONTEXT() REPRESENTATION_CONTEXT('2D SPACE',''
  ) );
#14356 = ORIENTED_EDGE('',*,*,#14357,.T.);
#14357 = EDGE_CURVE('',#14332,#14358,#14360,.T.);
#14358 = VERTEX_POINT('',#14359);
#14359 = CARTESIAN_POINT('',(196.53210735979,-31.802545161,3.));
#14360 = SURFACE_CURVE('',#14361,(#14366,#14377),.PCURVE_S1.);
#14361 = CIRCLE('',#14362,0.5);
#14362 = AXIS2_PLACEMENT_3D('',#14363,#14364,#14365);
#14363 = CARTESIAN_POINT('',(197.0225,-31.705,3.));
#14364 = DIRECTION('',(-0.,0.,-1.));
#14365 = DIRECTION('',(-0.980785280403,-0.195090322016,0.));
#14366 = PCURVE('',#7128,#14367);
#14367 = DEFINITIONAL_REPRESENTATION('',(#14368),#14376);
#14368 = ( BOUNDED_CURVE() B_SPLINE_CURVE(2,(#14369,#14370,#14371,#14372
    ,#14373,#14374,#14375),.UNSPECIFIED.,.T.,.F.) 
B_SPLINE_CURVE_WITH_KNOTS((1,2,2,2,2,1),(-2.094395102393,0.,
    2.094395102393,4.188790204786,6.28318530718,8.377580409573),
.UNSPECIFIED.) CURVE() GEOMETRIC_REPRESENTATION_ITEM() 
RATIONAL_B_SPLINE_CURVE((1.,0.5,1.,0.5,1.,0.5,1.)) REPRESENTATION_ITEM(
  '') );
#14369 = CARTESIAN_POINT('',(-9.928707883434,35.995172395464));
#14370 = CARTESIAN_POINT('',(-10.09766105833,36.844557363951));
#14371 = CARTESIAN_POINT('',(-9.27759551058,36.56618262122));
#14372 = CARTESIAN_POINT('',(-8.457529962829,36.287807878488));
#14373 = CARTESIAN_POINT('',(-9.108642335682,35.716797652733));
#14374 = CARTESIAN_POINT('',(-9.759754708535,35.145787426977));
#14375 = CARTESIAN_POINT('',(-9.928707883434,35.995172395464));
#14376 = ( GEOMETRIC_REPRESENTATION_CONTEXT(2) 
PARAMETRIC_REPRESENTATION_CONTEXT() REPRESENTATION_CONTEXT('2D SPACE',''
  ) );
#14377 = PCURVE('',#14378,#14383);
#14378 = CYLINDRICAL_SURFACE('',#14379,0.5);
#14379 = AXIS2_PLACEMENT_3D('',#14380,#14381,#14382);
#14380 = CARTESIAN_POINT('',(197.0225,-31.705,2.));
#14381 = DIRECTION('',(-0.,-0.,-1.));
#14382 = DIRECTION('',(-0.980785280403,-0.195090322016,0.));
#14383 = DEFINITIONAL_REPRESENTATION('',(#14384),#14388);
#14384 = LINE('',#14385,#14386);
#14385 = CARTESIAN_POINT('',(-6.28318530718,-1.));
#14386 = VECTOR('',#14387,1.);
#14387 = DIRECTION('',(1.,-0.));
#14388 = ( GEOMETRIC_REPRESENTATION_CONTEXT(2) 
PARAMETRIC_REPRESENTATION_CONTEXT() REPRESENTATION_CONTEXT('2D SPACE',''
  ) );
#14389 = ORIENTED_EDGE('',*,*,#14390,.T.);
#14390 = EDGE_CURVE('',#14358,#14391,#14393,.T.);
#14391 = VERTEX_POINT('',#14392);
#14392 = CARTESIAN_POINT('',(196.52297468114,-22.95,3.));
#14393 = SURFACE_CURVE('',#14394,(#14398,#14404),.PCURVE_S1.);
#14394 = LINE('',#14395,#14396);
#14395 = CARTESIAN_POINT('',(196.54587605268,-45.14890061842,3.));
#14396 = VECTOR('',#14397,1.);
#14397 = DIRECTION('',(-1.031643852335E-03,0.999999467855,0.));
#14398 = PCURVE('',#7128,#14399);
#14399 = DEFINITIONAL_REPRESENTATION('',(#14400),#14403);
#14400 = B_SPLINE_CURVE_WITH_KNOTS('',1,(#14401,#14402),.UNSPECIFIED.,
  .F.,.F.,(2,2),(13.346362559614,22.659033571661),
  .PIECEWISE_BEZIER_KNOTS.);
#14401 = CARTESIAN_POINT('',(-9.928707883433,35.995172395464));
#14402 = CARTESIAN_POINT('',(-9.938315243232,45.307838451824));
#14403 = ( GEOMETRIC_REPRESENTATION_CONTEXT(2) 
PARAMETRIC_REPRESENTATION_CONTEXT() REPRESENTATION_CONTEXT('2D SPACE',''
  ) );
#14404 = PCURVE('',#14405,#14410);
#14405 = PLANE('',#14406);
#14406 = AXIS2_PLACEMENT_3D('',#14407,#14408,#14409);
#14407 = CARTESIAN_POINT('',(196.5225,-22.48987910464,2.));
#14408 = DIRECTION('',(0.999999467855,1.031643852335E-03,-0.));
#14409 = DIRECTION('',(1.031643852335E-03,-0.999999467855,0.));
#14410 = DEFINITIONAL_REPRESENTATION('',(#14411),#14414);
#14411 = B_SPLINE_CURVE_WITH_KNOTS('',1,(#14412,#14413),.UNSPECIFIED.,
  .F.,.F.,(2,2),(13.346362559614,22.659033571661),
  .PIECEWISE_BEZIER_KNOTS.);
#14412 = CARTESIAN_POINT('',(9.312671012048,-1.));
#14413 = CARTESIAN_POINT('',(0.,-1.));
#14414 = ( GEOMETRIC_REPRESENTATION_CONTEXT(2) 
PARAMETRIC_REPRESENTATION_CONTEXT() REPRESENTATION_CONTEXT('2D SPACE',''
  ) );
#14415 = ORIENTED_EDGE('',*,*,#14416,.F.);
#14416 = EDGE_CURVE('',#8248,#14391,#14417,.T.);
#14417 = SURFACE_CURVE('',#14418,(#14422,#14428),.PCURVE_S1.);
#14418 = LINE('',#14419,#14420);
#14419 = CARTESIAN_POINT('',(204.42415762161,-22.95,3.));
#14420 = VECTOR('',#14421,1.);
#14421 = DIRECTION('',(1.,0.,-0.));
#14422 = PCURVE('',#7128,#14423);
#14423 = DEFINITIONAL_REPRESENTATION('',(#14424),#14427);
#14424 = B_SPLINE_CURVE_WITH_KNOTS('',1,(#14425,#14426),.UNSPECIFIED.,
  .F.,.F.,(2,2),(-9.011657621616,4.938342378384),
  .PIECEWISE_BEZIER_KNOTS.);
#14425 = CARTESIAN_POINT('',(-11.04831524323,44.847717556472));
#14426 = CARTESIAN_POINT('',(2.901684756768,44.847717556472));
#14427 = ( GEOMETRIC_REPRESENTATION_CONTEXT(2) 
PARAMETRIC_REPRESENTATION_CONTEXT() REPRESENTATION_CONTEXT('2D SPACE',''
  ) );
#14428 = PCURVE('',#8286,#14429);
#14429 = DEFINITIONAL_REPRESENTATION('',(#14430),#14433);
#14430 = B_SPLINE_CURVE_WITH_KNOTS('',1,(#14431,#14432),.UNSPECIFIED.,
  .F.,.F.,(2,2),(-9.011657621616,4.938342378384),
  .PIECEWISE_BEZIER_KNOTS.);
#14431 = CARTESIAN_POINT('',(-6.975,-2.31));
#14432 = CARTESIAN_POINT('',(6.975,-2.31));
#14433 = ( GEOMETRIC_REPRESENTATION_CONTEXT(2) 
PARAMETRIC_REPRESENTATION_CONTEXT() REPRESENTATION_CONTEXT('2D SPACE',''
  ) );
#14434 = ORIENTED_EDGE('',*,*,#8247,.T.);
#14435 = ORIENTED_EDGE('',*,*,#8198,.T.);
#14436 = ORIENTED_EDGE('',*,*,#8144,.T.);
#14437 = ORIENTED_EDGE('',*,*,#8094,.T.);
#14438 = ORIENTED_EDGE('',*,*,#8040,.T.);
#14439 = FACE_BOUND('',#14440,.T.);
#14440 = EDGE_LOOP('',(#14441,#14442));
#14441 = ORIENTED_EDGE('',*,*,#7113,.T.);
#14442 = ORIENTED_EDGE('',*,*,#7165,.T.);
#14443 = FACE_BOUND('',#14444,.T.);
#14444 = EDGE_LOOP('',(#14445,#14446));
#14445 = ORIENTED_EDGE('',*,*,#7219,.T.);
#14446 = ORIENTED_EDGE('',*,*,#7266,.T.);
#14447 = ADVANCED_FACE('',(#14448,#14451),#7334,.F.);
#14448 = FACE_BOUND('',#14449,.F.);
#14449 = EDGE_LOOP('',(#14450));
#14450 = ORIENTED_EDGE('',*,*,#7319,.T.);
#14451 = FACE_BOUND('',#14452,.F.);
#14452 = EDGE_LOOP('',(#14453));
#14453 = ORIENTED_EDGE('',*,*,#13527,.F.);
#14454 = ADVANCED_FACE('',(#14455,#14458),#7389,.F.);
#14455 = FACE_BOUND('',#14456,.F.);
#14456 = EDGE_LOOP('',(#14457));
#14457 = ORIENTED_EDGE('',*,*,#7374,.T.);
#14458 = FACE_BOUND('',#14459,.F.);
#14459 = EDGE_LOOP('',(#14460));
#14460 = ORIENTED_EDGE('',*,*,#13577,.F.);
#14461 = ADVANCED_FACE('',(#14462,#14465),#7444,.F.);
#14462 = FACE_BOUND('',#14463,.F.);
#14463 = EDGE_LOOP('',(#14464));
#14464 = ORIENTED_EDGE('',*,*,#7429,.T.);
#14465 = FACE_BOUND('',#14466,.F.);
#14466 = EDGE_LOOP('',(#14467));
#14467 = ORIENTED_EDGE('',*,*,#13627,.F.);
#14468 = ADVANCED_FACE('',(#14469),#8286,.F.);
#14469 = FACE_BOUND('',#14470,.F.);
#14470 = EDGE_LOOP('',(#14471,#14472,#14473,#14474,#14475,#14476,#14477,
    #14478,#14479,#14500,#14526,#14545,#14546,#14547));
#14471 = ORIENTED_EDGE('',*,*,#14119,.F.);
#14472 = ORIENTED_EDGE('',*,*,#13814,.T.);
#14473 = ORIENTED_EDGE('',*,*,#13864,.T.);
#14474 = ORIENTED_EDGE('',*,*,#13913,.T.);
#14475 = ORIENTED_EDGE('',*,*,#13963,.T.);
#14476 = ORIENTED_EDGE('',*,*,#14011,.T.);
#14477 = ORIENTED_EDGE('',*,*,#8567,.T.);
#14478 = ORIENTED_EDGE('',*,*,#14251,.F.);
#14479 = ORIENTED_EDGE('',*,*,#14480,.F.);
#14480 = EDGE_CURVE('',#14481,#14252,#14483,.T.);
#14481 = VERTEX_POINT('',#14482);
#14482 = CARTESIAN_POINT('',(208.2525,-22.95,2.));
#14483 = SURFACE_CURVE('',#14484,(#14488,#14494),.PCURVE_S1.);
#14484 = LINE('',#14485,#14486);
#14485 = CARTESIAN_POINT('',(208.2525,-22.95,3.655));
#14486 = VECTOR('',#14487,1.);
#14487 = DIRECTION('',(0.,0.,1.));
#14488 = PCURVE('',#8286,#14489);
#14489 = DEFINITIONAL_REPRESENTATION('',(#14490),#14493);
#14490 = B_SPLINE_CURVE_WITH_KNOTS('',1,(#14491,#14492),.UNSPECIFIED.,
  .F.,.F.,(2,2),(-1.655,-0.655),.PIECEWISE_BEZIER_KNOTS.);
#14491 = CARTESIAN_POINT('',(5.865,-3.31));
#14492 = CARTESIAN_POINT('',(5.865,-2.31));
#14493 = ( GEOMETRIC_REPRESENTATION_CONTEXT(2) 
PARAMETRIC_REPRESENTATION_CONTEXT() REPRESENTATION_CONTEXT('2D SPACE',''
  ) );
#14494 = PCURVE('',#14287,#14495);
#14495 = DEFINITIONAL_REPRESENTATION('',(#14496),#14499);
#14496 = B_SPLINE_CURVE_WITH_KNOTS('',1,(#14497,#14498),.UNSPECIFIED.,
  .F.,.F.,(2,2),(-1.655,-0.655),.PIECEWISE_BEZIER_KNOTS.);
#14497 = CARTESIAN_POINT('',(8.755,0.));
#14498 = CARTESIAN_POINT('',(8.755,-1.));
#14499 = ( GEOMETRIC_REPRESENTATION_CONTEXT(2) 
PARAMETRIC_REPRESENTATION_CONTEXT() REPRESENTATION_CONTEXT('2D SPACE',''
  ) );
#14500 = ORIENTED_EDGE('',*,*,#14501,.F.);
#14501 = EDGE_CURVE('',#14502,#14481,#14504,.T.);
#14502 = VERTEX_POINT('',#14503);
#14503 = CARTESIAN_POINT('',(196.52297468114,-22.95,2.));
#14504 = SURFACE_CURVE('',#14505,(#14509,#14515),.PCURVE_S1.);
#14505 = LINE('',#14506,#14507);
#14506 = CARTESIAN_POINT('',(202.3880205169,-22.95,2.));
#14507 = VECTOR('',#14508,1.);
#14508 = DIRECTION('',(1.,0.,-0.));
#14509 = PCURVE('',#8286,#14510);
#14510 = DEFINITIONAL_REPRESENTATION('',(#14511),#14514);
#14511 = B_SPLINE_CURVE_WITH_KNOTS('',1,(#14512,#14513),.UNSPECIFIED.,
  .F.,.F.,(2,2),(-5.865520516905,5.864479483095),
  .PIECEWISE_BEZIER_KNOTS.);
#14512 = CARTESIAN_POINT('',(-5.865,-3.31));
#14513 = CARTESIAN_POINT('',(5.865,-3.31));
#14514 = ( GEOMETRIC_REPRESENTATION_CONTEXT(2) 
PARAMETRIC_REPRESENTATION_CONTEXT() REPRESENTATION_CONTEXT('2D SPACE',''
  ) );
#14515 = PCURVE('',#14516,#14521);
#14516 = PLANE('',#14517);
#14517 = AXIS2_PLACEMENT_3D('',#14518,#14519,#14520);
#14518 = CARTESIAN_POINT('',(202.38854103381,-27.28586897144,2.));
#14519 = DIRECTION('',(0.,0.,1.));
#14520 = DIRECTION('',(1.,0.,-0.));
#14521 = DEFINITIONAL_REPRESENTATION('',(#14522),#14525);
#14522 = B_SPLINE_CURVE_WITH_KNOTS('',1,(#14523,#14524),.UNSPECIFIED.,
  .F.,.F.,(2,2),(-5.865520516905,5.864479483095),
  .PIECEWISE_BEZIER_KNOTS.);
#14523 = CARTESIAN_POINT('',(-5.866041033811,4.335868971441));
#14524 = CARTESIAN_POINT('',(5.863958966189,4.335868971441));
#14525 = ( GEOMETRIC_REPRESENTATION_CONTEXT(2) 
PARAMETRIC_REPRESENTATION_CONTEXT() REPRESENTATION_CONTEXT('2D SPACE',''
  ) );
#14526 = ORIENTED_EDGE('',*,*,#14527,.F.);
#14527 = EDGE_CURVE('',#14391,#14502,#14528,.T.);
#14528 = SURFACE_CURVE('',#14529,(#14533,#14539),.PCURVE_S1.);
#14529 = LINE('',#14530,#14531);
#14530 = CARTESIAN_POINT('',(196.52297468114,-22.95,3.655));
#14531 = VECTOR('',#14532,1.);
#14532 = DIRECTION('',(0.,-0.,-1.));
#14533 = PCURVE('',#8286,#14534);
#14534 = DEFINITIONAL_REPRESENTATION('',(#14535),#14538);
#14535 = B_SPLINE_CURVE_WITH_KNOTS('',1,(#14536,#14537),.UNSPECIFIED.,
  .F.,.F.,(2,2),(0.655,1.655),.PIECEWISE_BEZIER_KNOTS.);
#14536 = CARTESIAN_POINT('',(-5.864525318854,-2.31));
#14537 = CARTESIAN_POINT('',(-5.864525318854,-3.31));
#14538 = ( GEOMETRIC_REPRESENTATION_CONTEXT(2) 
PARAMETRIC_REPRESENTATION_CONTEXT() REPRESENTATION_CONTEXT('2D SPACE',''
  ) );
#14539 = PCURVE('',#14405,#14540);
#14540 = DEFINITIONAL_REPRESENTATION('',(#14541),#14544);
#14541 = B_SPLINE_CURVE_WITH_KNOTS('',1,(#14542,#14543),.UNSPECIFIED.,
  .F.,.F.,(2,2),(0.655,1.655),.PIECEWISE_BEZIER_KNOTS.);
#14542 = CARTESIAN_POINT('',(0.460121140203,-1.));
#14543 = CARTESIAN_POINT('',(0.460121140203,0.));
#14544 = ( GEOMETRIC_REPRESENTATION_CONTEXT(2) 
PARAMETRIC_REPRESENTATION_CONTEXT() REPRESENTATION_CONTEXT('2D SPACE',''
  ) );
#14545 = ORIENTED_EDGE('',*,*,#14416,.F.);
#14546 = ORIENTED_EDGE('',*,*,#8271,.F.);
#14547 = ORIENTED_EDGE('',*,*,#14090,.T.);
#14548 = ADVANCED_FACE('',(#14549),#8773,.T.);
#14549 = FACE_BOUND('',#14550,.T.);
#14550 = EDGE_LOOP('',(#14551,#14552,#14553,#14554,#14555,#14556));
#14551 = ORIENTED_EDGE('',*,*,#8956,.T.);
#14552 = ORIENTED_EDGE('',*,*,#8907,.T.);
#14553 = ORIENTED_EDGE('',*,*,#8857,.T.);
#14554 = ORIENTED_EDGE('',*,*,#8808,.T.);
#14555 = ORIENTED_EDGE('',*,*,#8758,.F.);
#14556 = ORIENTED_EDGE('',*,*,#9006,.T.);
#14557 = ADVANCED_FACE('',(#14558),#9497,.T.);
#14558 = FACE_BOUND('',#14559,.T.);
#14559 = EDGE_LOOP('',(#14560,#14561,#14562,#14563,#14564,#14565));
#14560 = ORIENTED_EDGE('',*,*,#9882,.T.);
#14561 = ORIENTED_EDGE('',*,*,#9784,.T.);
#14562 = ORIENTED_EDGE('',*,*,#9684,.T.);
#14563 = ORIENTED_EDGE('',*,*,#9586,.T.);
#14564 = ORIENTED_EDGE('',*,*,#9482,.F.);
#14565 = ORIENTED_EDGE('',*,*,#9982,.T.);
#14566 = ADVANCED_FACE('',(#14567),#10292,.T.);
#14567 = FACE_BOUND('',#14568,.T.);
#14568 = EDGE_LOOP('',(#14569,#14570,#14571,#14572,#14573,#14574));
#14569 = ORIENTED_EDGE('',*,*,#10677,.T.);
#14570 = ORIENTED_EDGE('',*,*,#10579,.T.);
#14571 = ORIENTED_EDGE('',*,*,#10475,.T.);
#14572 = ORIENTED_EDGE('',*,*,#10377,.T.);
#14573 = ORIENTED_EDGE('',*,*,#10277,.F.);
#14574 = ORIENTED_EDGE('',*,*,#10781,.T.);
#14575 = ADVANCED_FACE('',(#14576),#10894,.F.);
#14576 = FACE_BOUND('',#14577,.T.);
#14577 = EDGE_LOOP('',(#14578,#14579,#14580,#14606));
#14578 = ORIENTED_EDGE('',*,*,#14201,.F.);
#14579 = ORIENTED_EDGE('',*,*,#10880,.T.);
#14580 = ORIENTED_EDGE('',*,*,#14581,.F.);
#14581 = EDGE_CURVE('',#11670,#10855,#14582,.T.);
#14582 = SURFACE_CURVE('',#14583,(#14588,#14595),.PCURVE_S1.);
#14583 = CIRCLE('',#14584,1.75133725164);
#14584 = AXIS2_PLACEMENT_3D('',#14585,#14586,#14587);
#14585 = CARTESIAN_POINT('',(155.42433095235,-102.9306526274,9.85));
#14586 = DIRECTION('',(-0.,0.,-1.));
#14587 = DIRECTION('',(-0.529724853751,0.848169546328,0.));
#14588 = PCURVE('',#10894,#14589);
#14589 = DEFINITIONAL_REPRESENTATION('',(#14590),#14594);
#14590 = LINE('',#14591,#14592);
#14591 = CARTESIAN_POINT('',(-6.28318530718,-6.85));
#14592 = VECTOR('',#14593,1.);
#14593 = DIRECTION('',(1.,-0.));
#14594 = ( GEOMETRIC_REPRESENTATION_CONTEXT(2) 
PARAMETRIC_REPRESENTATION_CONTEXT() REPRESENTATION_CONTEXT('2D SPACE',''
  ) );
#14595 = PCURVE('',#10869,#14596);
#14596 = DEFINITIONAL_REPRESENTATION('',(#14597),#14605);
#14597 = ( BOUNDED_CURVE() B_SPLINE_CURVE(2,(#14598,#14599,#14600,#14601
    ,#14602,#14603,#14604),.UNSPECIFIED.,.T.,.F.) 
B_SPLINE_CURVE_WITH_KNOTS((1,2,2,2,2,1),(-2.094395102393,0.,
    2.094395102393,4.188790204786,6.28318530718,8.377580409573),
.UNSPECIFIED.) CURVE() GEOMETRIC_REPRESENTATION_ITEM() 
RATIONAL_B_SPLINE_CURVE((1.,0.5,1.,0.5,1.,0.5,1.)) REPRESENTATION_ITEM(
  '') );
#14598 = CARTESIAN_POINT('',(1.220958067553,3.428272104216));
#14599 = CARTESIAN_POINT('',(3.793799895922,5.035142177726));
#14600 = CARTESIAN_POINT('',(3.898969285978,2.003560757685));
#14601 = CARTESIAN_POINT('',(4.004138676035,-1.028020662356));
#14602 = CARTESIAN_POINT('',(1.32612745761,0.396690684175));
#14603 = CARTESIAN_POINT('',(-1.351883760815,1.821402030706));
#14604 = CARTESIAN_POINT('',(1.220958067553,3.428272104216));
#14605 = ( GEOMETRIC_REPRESENTATION_CONTEXT(2) 
PARAMETRIC_REPRESENTATION_CONTEXT() REPRESENTATION_CONTEXT('2D SPACE',''
  ) );
#14606 = ORIENTED_EDGE('',*,*,#11669,.F.);
#14607 = ADVANCED_FACE('',(#14608),#10869,.T.);
#14608 = FACE_BOUND('',#14609,.T.);
#14609 = EDGE_LOOP('',(#14610,#14611,#14612,#14613,#14614,#14615,#14616,
    #14617,#14618,#14619));
#14610 = ORIENTED_EDGE('',*,*,#11272,.T.);
#14611 = ORIENTED_EDGE('',*,*,#11372,.T.);
#14612 = ORIENTED_EDGE('',*,*,#11470,.T.);
#14613 = ORIENTED_EDGE('',*,*,#11570,.T.);
#14614 = ORIENTED_EDGE('',*,*,#11692,.F.);
#14615 = ORIENTED_EDGE('',*,*,#14581,.T.);
#14616 = ORIENTED_EDGE('',*,*,#10854,.F.);
#14617 = ORIENTED_EDGE('',*,*,#10909,.T.);
#14618 = ORIENTED_EDGE('',*,*,#11008,.T.);
#14619 = ORIENTED_EDGE('',*,*,#11174,.T.);
#14620 = ADVANCED_FACE('',(#14621),#11139,.T.);
#14621 = FACE_BOUND('',#14622,.T.);
#14622 = EDGE_LOOP('',(#14623,#14624,#14625,#14626,#14627,#14628));
#14623 = ORIENTED_EDGE('',*,*,#11520,.T.);
#14624 = ORIENTED_EDGE('',*,*,#11421,.T.);
#14625 = ORIENTED_EDGE('',*,*,#11322,.T.);
#14626 = ORIENTED_EDGE('',*,*,#11223,.T.);
#14627 = ORIENTED_EDGE('',*,*,#11124,.F.);
#14628 = ORIENTED_EDGE('',*,*,#11617,.T.);
#14629 = ADVANCED_FACE('',(#14630),#11749,.T.);
#14630 = FACE_BOUND('',#14631,.T.);
#14631 = EDGE_LOOP('',(#14632,#14633,#14634,#14635,#14636,#14637));
#14632 = ORIENTED_EDGE('',*,*,#11903,.T.);
#14633 = ORIENTED_EDGE('',*,*,#12007,.T.);
#14634 = ORIENTED_EDGE('',*,*,#12105,.T.);
#14635 = ORIENTED_EDGE('',*,*,#12205,.T.);
#14636 = ORIENTED_EDGE('',*,*,#11734,.F.);
#14637 = ORIENTED_EDGE('',*,*,#11804,.T.);
#14638 = ADVANCED_FACE('',(#14639),#12565,.T.);
#14639 = FACE_BOUND('',#14640,.T.);
#14640 = EDGE_LOOP('',(#14641,#14642,#14643,#14644,#14645,#14646));
#14641 = ORIENTED_EDGE('',*,*,#13017,.T.);
#14642 = ORIENTED_EDGE('',*,*,#12918,.T.);
#14643 = ORIENTED_EDGE('',*,*,#12819,.T.);
#14644 = ORIENTED_EDGE('',*,*,#12654,.T.);
#14645 = ORIENTED_EDGE('',*,*,#12550,.F.);
#14646 = ORIENTED_EDGE('',*,*,#13116,.T.);
#14647 = ADVANCED_FACE('',(#14648),#12764,.T.);
#14648 = FACE_BOUND('',#14649,.T.);
#14649 = EDGE_LOOP('',(#14650,#14651,#14652,#14653,#14654,#14655));
#14650 = ORIENTED_EDGE('',*,*,#12967,.T.);
#14651 = ORIENTED_EDGE('',*,*,#13067,.T.);
#14652 = ORIENTED_EDGE('',*,*,#13143,.T.);
#14653 = ORIENTED_EDGE('',*,*,#13193,.T.);
#14654 = ORIENTED_EDGE('',*,*,#12749,.F.);
#14655 = ORIENTED_EDGE('',*,*,#12869,.T.);
#14656 = ADVANCED_FACE('',(#14657),#14405,.T.);
#14657 = FACE_BOUND('',#14658,.T.);
#14658 = EDGE_LOOP('',(#14659,#14682,#14683,#14684));
#14659 = ORIENTED_EDGE('',*,*,#14660,.F.);
#14660 = EDGE_CURVE('',#14502,#14661,#14663,.T.);
#14661 = VERTEX_POINT('',#14662);
#14662 = CARTESIAN_POINT('',(196.53210735979,-31.802545161,2.));
#14663 = SURFACE_CURVE('',#14664,(#14668,#14675),.PCURVE_S1.);
#14664 = LINE('',#14665,#14666);
#14665 = CARTESIAN_POINT('',(196.5225,-22.48987910464,2.));
#14666 = VECTOR('',#14667,1.);
#14667 = DIRECTION('',(1.031643852335E-03,-0.999999467855,0.));
#14668 = PCURVE('',#14405,#14669);
#14669 = DEFINITIONAL_REPRESENTATION('',(#14670),#14674);
#14670 = LINE('',#14671,#14672);
#14671 = CARTESIAN_POINT('',(0.,0.));
#14672 = VECTOR('',#14673,1.);
#14673 = DIRECTION('',(1.,0.));
#14674 = ( GEOMETRIC_REPRESENTATION_CONTEXT(2) 
PARAMETRIC_REPRESENTATION_CONTEXT() REPRESENTATION_CONTEXT('2D SPACE',''
  ) );
#14675 = PCURVE('',#14516,#14676);
#14676 = DEFINITIONAL_REPRESENTATION('',(#14677),#14681);
#14677 = LINE('',#14678,#14679);
#14678 = CARTESIAN_POINT('',(-5.866041033811,4.795989866793));
#14679 = VECTOR('',#14680,1.);
#14680 = DIRECTION('',(1.031643852335E-03,-0.999999467855));
#14681 = ( GEOMETRIC_REPRESENTATION_CONTEXT(2) 
PARAMETRIC_REPRESENTATION_CONTEXT() REPRESENTATION_CONTEXT('2D SPACE',''
  ) );
#14682 = ORIENTED_EDGE('',*,*,#14527,.F.);
#14683 = ORIENTED_EDGE('',*,*,#14390,.F.);
#14684 = ORIENTED_EDGE('',*,*,#14685,.F.);
#14685 = EDGE_CURVE('',#14661,#14358,#14686,.T.);
#14686 = SURFACE_CURVE('',#14687,(#14691,#14698),.PCURVE_S1.);
#14687 = LINE('',#14688,#14689);
#14688 = CARTESIAN_POINT('',(196.53210735979,-31.802545161,2.));
#14689 = VECTOR('',#14690,1.);
#14690 = DIRECTION('',(0.,0.,1.));
#14691 = PCURVE('',#14405,#14692);
#14692 = DEFINITIONAL_REPRESENTATION('',(#14693),#14697);
#14693 = LINE('',#14694,#14695);
#14694 = CARTESIAN_POINT('',(9.312671012048,0.));
#14695 = VECTOR('',#14696,1.);
#14696 = DIRECTION('',(0.,-1.));
#14697 = ( GEOMETRIC_REPRESENTATION_CONTEXT(2) 
PARAMETRIC_REPRESENTATION_CONTEXT() REPRESENTATION_CONTEXT('2D SPACE',''
  ) );
#14698 = PCURVE('',#14378,#14699);
#14699 = DEFINITIONAL_REPRESENTATION('',(#14700),#14704);
#14700 = LINE('',#14701,#14702);
#14701 = CARTESIAN_POINT('',(-0.,0.));
#14702 = VECTOR('',#14703,1.);
#14703 = DIRECTION('',(-0.,-1.));
#14704 = ( GEOMETRIC_REPRESENTATION_CONTEXT(2) 
PARAMETRIC_REPRESENTATION_CONTEXT() REPRESENTATION_CONTEXT('2D SPACE',''
  ) );
#14705 = ADVANCED_FACE('',(#14706),#14378,.F.);
#14706 = FACE_BOUND('',#14707,.T.);
#14707 = EDGE_LOOP('',(#14708,#14732,#14733,#14734));
#14708 = ORIENTED_EDGE('',*,*,#14709,.F.);
#14709 = EDGE_CURVE('',#14661,#14710,#14712,.T.);
#14710 = VERTEX_POINT('',#14711);
#14711 = CARTESIAN_POINT('',(197.0225,-32.205,2.));
#14712 = SURFACE_CURVE('',#14713,(#14718,#14725),.PCURVE_S1.);
#14713 = CIRCLE('',#14714,0.5);
#14714 = AXIS2_PLACEMENT_3D('',#14715,#14716,#14717);
#14715 = CARTESIAN_POINT('',(197.0225,-31.705,2.));
#14716 = DIRECTION('',(0.,0.,1.));
#14717 = DIRECTION('',(-0.980785280403,-0.195090322016,0.));
#14718 = PCURVE('',#14378,#14719);
#14719 = DEFINITIONAL_REPRESENTATION('',(#14720),#14724);
#14720 = LINE('',#14721,#14722);
#14721 = CARTESIAN_POINT('',(-0.,0.));
#14722 = VECTOR('',#14723,1.);
#14723 = DIRECTION('',(-1.,0.));
#14724 = ( GEOMETRIC_REPRESENTATION_CONTEXT(2) 
PARAMETRIC_REPRESENTATION_CONTEXT() REPRESENTATION_CONTEXT('2D SPACE',''
  ) );
#14725 = PCURVE('',#14516,#14726);
#14726 = DEFINITIONAL_REPRESENTATION('',(#14727),#14731);
#14727 = CIRCLE('',#14728,0.5);
#14728 = AXIS2_PLACEMENT_2D('',#14729,#14730);
#14729 = CARTESIAN_POINT('',(-5.366041033811,-4.419131028559));
#14730 = DIRECTION('',(-0.980785280403,-0.195090322016));
#14731 = ( GEOMETRIC_REPRESENTATION_CONTEXT(2) 
PARAMETRIC_REPRESENTATION_CONTEXT() REPRESENTATION_CONTEXT('2D SPACE',''
  ) );
#14732 = ORIENTED_EDGE('',*,*,#14685,.T.);
#14733 = ORIENTED_EDGE('',*,*,#14357,.F.);
#14734 = ORIENTED_EDGE('',*,*,#14735,.F.);
#14735 = EDGE_CURVE('',#14710,#14332,#14736,.T.);
#14736 = SURFACE_CURVE('',#14737,(#14741,#14748),.PCURVE_S1.);
#14737 = LINE('',#14738,#14739);
#14738 = CARTESIAN_POINT('',(197.0225,-32.205,2.));
#14739 = VECTOR('',#14740,1.);
#14740 = DIRECTION('',(0.,0.,1.));
#14741 = PCURVE('',#14378,#14742);
#14742 = DEFINITIONAL_REPRESENTATION('',(#14743),#14747);
#14743 = LINE('',#14744,#14745);
#14744 = CARTESIAN_POINT('',(-1.374446785946,0.));
#14745 = VECTOR('',#14746,1.);
#14746 = DIRECTION('',(-0.,-1.));
#14747 = ( GEOMETRIC_REPRESENTATION_CONTEXT(2) 
PARAMETRIC_REPRESENTATION_CONTEXT() REPRESENTATION_CONTEXT('2D SPACE',''
  ) );
#14748 = PCURVE('',#14346,#14749);
#14749 = DEFINITIONAL_REPRESENTATION('',(#14750),#14754);
#14750 = LINE('',#14751,#14752);
#14751 = CARTESIAN_POINT('',(0.,0.));
#14752 = VECTOR('',#14753,1.);
#14753 = DIRECTION('',(0.,-1.));
#14754 = ( GEOMETRIC_REPRESENTATION_CONTEXT(2) 
PARAMETRIC_REPRESENTATION_CONTEXT() REPRESENTATION_CONTEXT('2D SPACE',''
  ) );
#14755 = ADVANCED_FACE('',(#14756),#14346,.T.);
#14756 = FACE_BOUND('',#14757,.T.);
#14757 = EDGE_LOOP('',(#14758,#14781,#14782,#14783));
#14758 = ORIENTED_EDGE('',*,*,#14759,.F.);
#14759 = EDGE_CURVE('',#14710,#14760,#14762,.T.);
#14760 = VERTEX_POINT('',#14761);
#14761 = CARTESIAN_POINT('',(207.850045161,-32.1953926402,2.));
#14762 = SURFACE_CURVE('',#14763,(#14767,#14774),.PCURVE_S1.);
#14763 = LINE('',#14764,#14765);
#14764 = CARTESIAN_POINT('',(197.0225,-32.205,2.));
#14765 = VECTOR('',#14766,1.);
#14766 = DIRECTION('',(0.999999606343,8.873069447895E-04,0.));
#14767 = PCURVE('',#14346,#14768);
#14768 = DEFINITIONAL_REPRESENTATION('',(#14769),#14773);
#14769 = LINE('',#14770,#14771);
#14770 = CARTESIAN_POINT('',(0.,0.));
#14771 = VECTOR('',#14772,1.);
#14772 = DIRECTION('',(1.,0.));
#14773 = ( GEOMETRIC_REPRESENTATION_CONTEXT(2) 
PARAMETRIC_REPRESENTATION_CONTEXT() REPRESENTATION_CONTEXT('2D SPACE',''
  ) );
#14774 = PCURVE('',#14516,#14775);
#14775 = DEFINITIONAL_REPRESENTATION('',(#14776),#14780);
#14776 = LINE('',#14777,#14778);
#14777 = CARTESIAN_POINT('',(-5.366041033811,-4.919131028559));
#14778 = VECTOR('',#14779,1.);
#14779 = DIRECTION('',(0.999999606343,8.873069447895E-04));
#14780 = ( GEOMETRIC_REPRESENTATION_CONTEXT(2) 
PARAMETRIC_REPRESENTATION_CONTEXT() REPRESENTATION_CONTEXT('2D SPACE',''
  ) );
#14781 = ORIENTED_EDGE('',*,*,#14735,.T.);
#14782 = ORIENTED_EDGE('',*,*,#14331,.F.);
#14783 = ORIENTED_EDGE('',*,*,#14784,.F.);
#14784 = EDGE_CURVE('',#14760,#14299,#14785,.T.);
#14785 = SURFACE_CURVE('',#14786,(#14790,#14797),.PCURVE_S1.);
#14786 = LINE('',#14787,#14788);
#14787 = CARTESIAN_POINT('',(207.850045161,-32.1953926402,2.));
#14788 = VECTOR('',#14789,1.);
#14789 = DIRECTION('',(0.,0.,1.));
#14790 = PCURVE('',#14346,#14791);
#14791 = DEFINITIONAL_REPRESENTATION('',(#14792),#14796);
#14792 = LINE('',#14793,#14794);
#14793 = CARTESIAN_POINT('',(10.827549423347,0.));
#14794 = VECTOR('',#14795,1.);
#14795 = DIRECTION('',(0.,-1.));
#14796 = ( GEOMETRIC_REPRESENTATION_CONTEXT(2) 
PARAMETRIC_REPRESENTATION_CONTEXT() REPRESENTATION_CONTEXT('2D SPACE',''
  ) );
#14797 = PCURVE('',#14319,#14798);
#14798 = DEFINITIONAL_REPRESENTATION('',(#14799),#14803);
#14799 = LINE('',#14800,#14801);
#14800 = CARTESIAN_POINT('',(-0.,0.));
#14801 = VECTOR('',#14802,1.);
#14802 = DIRECTION('',(-0.,-1.));
#14803 = ( GEOMETRIC_REPRESENTATION_CONTEXT(2) 
PARAMETRIC_REPRESENTATION_CONTEXT() REPRESENTATION_CONTEXT('2D SPACE',''
  ) );
#14804 = ADVANCED_FACE('',(#14805),#14319,.F.);
#14805 = FACE_BOUND('',#14806,.T.);
#14806 = EDGE_LOOP('',(#14807,#14831,#14832,#14833));
#14807 = ORIENTED_EDGE('',*,*,#14808,.F.);
#14808 = EDGE_CURVE('',#14760,#14809,#14811,.T.);
#14809 = VERTEX_POINT('',#14810);
#14810 = CARTESIAN_POINT('',(208.2525,-31.705,2.));
#14811 = SURFACE_CURVE('',#14812,(#14817,#14824),.PCURVE_S1.);
#14812 = CIRCLE('',#14813,0.5);
#14813 = AXIS2_PLACEMENT_3D('',#14814,#14815,#14816);
#14814 = CARTESIAN_POINT('',(207.7525,-31.705,2.));
#14815 = DIRECTION('',(0.,0.,1.));
#14816 = DIRECTION('',(0.195090322016,-0.980785280403,0.));
#14817 = PCURVE('',#14319,#14818);
#14818 = DEFINITIONAL_REPRESENTATION('',(#14819),#14823);
#14819 = LINE('',#14820,#14821);
#14820 = CARTESIAN_POINT('',(-0.,0.));
#14821 = VECTOR('',#14822,1.);
#14822 = DIRECTION('',(-1.,0.));
#14823 = ( GEOMETRIC_REPRESENTATION_CONTEXT(2) 
PARAMETRIC_REPRESENTATION_CONTEXT() REPRESENTATION_CONTEXT('2D SPACE',''
  ) );
#14824 = PCURVE('',#14516,#14825);
#14825 = DEFINITIONAL_REPRESENTATION('',(#14826),#14830);
#14826 = CIRCLE('',#14827,0.5);
#14827 = AXIS2_PLACEMENT_2D('',#14828,#14829);
#14828 = CARTESIAN_POINT('',(5.363958966189,-4.419131028559));
#14829 = DIRECTION('',(0.195090322016,-0.980785280403));
#14830 = ( GEOMETRIC_REPRESENTATION_CONTEXT(2) 
PARAMETRIC_REPRESENTATION_CONTEXT() REPRESENTATION_CONTEXT('2D SPACE',''
  ) );
#14831 = ORIENTED_EDGE('',*,*,#14784,.T.);
#14832 = ORIENTED_EDGE('',*,*,#14298,.F.);
#14833 = ORIENTED_EDGE('',*,*,#14834,.F.);
#14834 = EDGE_CURVE('',#14809,#14273,#14835,.T.);
#14835 = SURFACE_CURVE('',#14836,(#14840,#14847),.PCURVE_S1.);
#14836 = LINE('',#14837,#14838);
#14837 = CARTESIAN_POINT('',(208.2525,-31.705,2.));
#14838 = VECTOR('',#14839,1.);
#14839 = DIRECTION('',(0.,0.,1.));
#14840 = PCURVE('',#14319,#14841);
#14841 = DEFINITIONAL_REPRESENTATION('',(#14842),#14846);
#14842 = LINE('',#14843,#14844);
#14843 = CARTESIAN_POINT('',(-1.374446785946,0.));
#14844 = VECTOR('',#14845,1.);
#14845 = DIRECTION('',(-0.,-1.));
#14846 = ( GEOMETRIC_REPRESENTATION_CONTEXT(2) 
PARAMETRIC_REPRESENTATION_CONTEXT() REPRESENTATION_CONTEXT('2D SPACE',''
  ) );
#14847 = PCURVE('',#14287,#14848);
#14848 = DEFINITIONAL_REPRESENTATION('',(#14849),#14853);
#14849 = LINE('',#14850,#14851);
#14850 = CARTESIAN_POINT('',(0.,0.));
#14851 = VECTOR('',#14852,1.);
#14852 = DIRECTION('',(0.,-1.));
#14853 = ( GEOMETRIC_REPRESENTATION_CONTEXT(2) 
PARAMETRIC_REPRESENTATION_CONTEXT() REPRESENTATION_CONTEXT('2D SPACE',''
  ) );
#14854 = ADVANCED_FACE('',(#14855),#14287,.T.);
#14855 = FACE_BOUND('',#14856,.T.);
#14856 = EDGE_LOOP('',(#14857,#14878,#14879,#14880));
#14857 = ORIENTED_EDGE('',*,*,#14858,.F.);
#14858 = EDGE_CURVE('',#14809,#14481,#14859,.T.);
#14859 = SURFACE_CURVE('',#14860,(#14864,#14871),.PCURVE_S1.);
#14860 = LINE('',#14861,#14862);
#14861 = CARTESIAN_POINT('',(208.2525,-31.705,2.));
#14862 = VECTOR('',#14863,1.);
#14863 = DIRECTION('',(0.,1.,0.));
#14864 = PCURVE('',#14287,#14865);
#14865 = DEFINITIONAL_REPRESENTATION('',(#14866),#14870);
#14866 = LINE('',#14867,#14868);
#14867 = CARTESIAN_POINT('',(0.,0.));
#14868 = VECTOR('',#14869,1.);
#14869 = DIRECTION('',(1.,0.));
#14870 = ( GEOMETRIC_REPRESENTATION_CONTEXT(2) 
PARAMETRIC_REPRESENTATION_CONTEXT() REPRESENTATION_CONTEXT('2D SPACE',''
  ) );
#14871 = PCURVE('',#14516,#14872);
#14872 = DEFINITIONAL_REPRESENTATION('',(#14873),#14877);
#14873 = LINE('',#14874,#14875);
#14874 = CARTESIAN_POINT('',(5.863958966189,-4.419131028559));
#14875 = VECTOR('',#14876,1.);
#14876 = DIRECTION('',(0.,1.));
#14877 = ( GEOMETRIC_REPRESENTATION_CONTEXT(2) 
PARAMETRIC_REPRESENTATION_CONTEXT() REPRESENTATION_CONTEXT('2D SPACE',''
  ) );
#14878 = ORIENTED_EDGE('',*,*,#14834,.T.);
#14879 = ORIENTED_EDGE('',*,*,#14272,.F.);
#14880 = ORIENTED_EDGE('',*,*,#14480,.F.);
#14881 = ADVANCED_FACE('',(#14882),#14516,.T.);
#14882 = FACE_BOUND('',#14883,.T.);
#14883 = EDGE_LOOP('',(#14884,#14885,#14886,#14887,#14888,#14889));
#14884 = ORIENTED_EDGE('',*,*,#14858,.T.);
#14885 = ORIENTED_EDGE('',*,*,#14501,.F.);
#14886 = ORIENTED_EDGE('',*,*,#14660,.T.);
#14887 = ORIENTED_EDGE('',*,*,#14709,.T.);
#14888 = ORIENTED_EDGE('',*,*,#14759,.T.);
#14889 = ORIENTED_EDGE('',*,*,#14808,.T.);
#14890 = ( GEOMETRIC_REPRESENTATION_CONTEXT(3) 
GLOBAL_UNCERTAINTY_ASSIGNED_CONTEXT((#14894)) 
GLOBAL_UNIT_ASSIGNED_CONTEXT((#14891,#14892,#14893)) 
REPRESENTATION_CONTEXT('Context #1',
  '3D Context with UNIT and UNCERTAINTY') );
#14891 = ( LENGTH_UNIT() NAMED_UNIT(*) SI_UNIT(.MILLI.,.METRE.) );
#14892 = ( NAMED_UNIT(*) PLANE_ANGLE_UNIT() SI_UNIT($,.RADIAN.) );
#14893 = ( NAMED_UNIT(*) SI_UNIT($,.STERADIAN.) SOLID_ANGLE_UNIT() );
#14894 = UNCERTAINTY_MEASURE_WITH_UNIT(LENGTH_MEASURE(1.E-07),#14891,
  'distance_accuracy_value','confusion accuracy');
#14895 = PRODUCT_RELATED_PRODUCT_CATEGORY('part',$,(#7));
ENDSEC;
END-ISO-10303-21;
