  0
SECTION
  2
HEADER
  9
$ACADVER
  1
AC1024
  9
$ACADMAINTVER
 70
6
  9
$DWGCODEPAGE
  3
ANSI_1252
  9
$LASTSAVEDBY
  1
ezdxf
  9
$INSBASE
 10
0.0
 20
0.0
 30
0.0
  9
$EXTMIN
 10
1e+20
 20
1e+20
 30
1e+20
  9
$EXTMAX
 10
-1e+20
 20
-1e+20
 30
-1e+20
  9
$LIMMIN
 10
0.0
 20
0.0
  9
$LIMMAX
 10
420.0
 20
297.0
  9
$ORTHOMODE
 70
0
  9
$REGENMODE
 70
1
  9
$FILLMODE
 70
1
  9
$QTEXTMODE
 70
0
  9
$MIRRTEXT
 70
1
  9
$LTSCALE
 40
1.0
  9
$ATTMODE
 70
1
  9
$TEXTSIZE
 40
2.5
  9
$TRACEWID
 40
1.0
  9
$TEXTSTYLE
  7
OpenSans
  9
$CLAYER
  8
0
  9
$CELTYPE
  6
ByLayer
  9
$CECOLOR
 62
256
  9
$CELTSCALE
 40
1.0
  9
$DISPSILH
 70
0
  9
$DIMSCALE
 40
1.0
  9
$DIMASZ
 40
0.175
  9
$DIMEXO
 40
0.125
  9
$DIMDLI
 40
3.75
  9
$DIMRND
 40
0.0
  9
$DIMDLE
 40
0.0
  9
$DIMEXE
 40
0.375
  9
$DIMTP
 40
0.0
  9
$DIMTM
 40
0.0
  9
$DIMTXT
 40
0.25
  9
$DIMCEN
 40
2.5
  9
$DIMTSZ
 40
0.0
  9
$DIMTOL
 70
0
  9
$DIMLIM
 70
0
  9
$DIMTIH
 70
0
  9
$DIMTOH
 70
0
  9
$DIMSE1
 70
0
  9
$DIMSE2
 70
0
  9
$DIMTAD
 70
1
  9
$DIMZIN
 70
12
  9
$DIMBLK
  1
ARCHTICK
  9
$DIMASO
 70
1
  9
$DIMSHO
 70
1
  9
$DIMPOST
  1

  9
$DIMAPOST
  1

  9
$DIMALT
 70
0
  9
$DIMALTD
 70
3
  9
$DIMALTF
 40
0.03937007874
  9
$DIMLFAC
 40
100.0
  9
$DIMTOFL
 70
1
  9
$DIMTVP
 40
0.0
  9
$DIMTIX
 70
0
  9
$DIMSOXD
 70
0
  9
$DIMSAH
 70
0
  9
$DIMBLK1
  1

  9
$DIMBLK2
  1

  9
$DIMSTYLE
  2
EZDXF
  9
$DIMCLRD
 70
0
  9
$DIMCLRE
 70
0
  9
$DIMCLRT
 70
0
  9
$DIMTFAC
 40
0.5
  9
$DIMGAP
 40
0.1
  9
$DIMJUST
 70
0
  9
$DIMSD1
 70
0
  9
$DIMSD2
 70
0
  9
$DIMTOLJ
 70
0
  9
$DIMTZIN
 70
8
  9
$DIMALTZ
 70
0
  9
$DIMALTTZ
 70
0
  9
$DIMUPT
 70
1
  9
$DIMDEC
 70
2
  9
$DIMTDEC
 70
2
  9
$DIMALTU
 70
2
  9
$DIMALTTD
 70
3
  9
$DIMTXSTY
  7
OpenSansCondensed-Light
  9
$DIMAUNIT
 70
0
  9
$DIMADEC
 70
2
  9
$DIMALTRND
 40
0.0
  9
$DIMAZIN
 70
3
  9
$DIMDSEP
 70
46
  9
$DIMATFIT
 70
3
  9
$DIMFRAC
 70
0
  9
$DIMLDRBLK
  1

  9
$DIMLUNIT
 70
2
  9
$DIMLWD
 70
-2
  9
$DIMLWE
 70
-2
  9
$DIMTMOVE
 70
2
  9
$DIMFXL
 40
1.0
  9
$DIMFXLON
 70
0
  9
$DIMJOGANG
 40
0.785398163397
  9
$DIMTFILL
 70
0
  9
$DIMTFILLCLR
 70
0
  9
$DIMARCSYM
 70
0
  9
$DIMLTYPE
  6

  9
$DIMLTEX1
  6

  9
$DIMLTEX2
  6

  9
$DIMTXTDIRECTION
 70
0
  9
$LUNITS
 70
2
  9
$LUPREC
 70
4
  9
$SKETCHINC
 40
1.0
  9
$FILLETRAD
 40
10.0
  9
$AUNITS
 70
0
  9
$AUPREC
 70
2
  9
$MENU
  1
.
  9
$ELEVATION
 40
0.0
  9
$PELEVATION
 40
0.0
  9
$THICKNESS
 40
0.0
  9
$LIMCHECK
 70
0
  9
$CHAMFERA
 40
0.0
  9
$CHAMFERB
 40
0.0
  9
$CHAMFERC
 40
0.0
  9
$CHAMFERD
 40
0.0
  9
$SKPOLY
 70
0
  9
$TDCREATE
 40
2461311.05755787
  9
$TDUCREATE
 40
2458532.153996898
  9
$TDUPDATE
 40
2461311.05755787
  9
$TDUUPDATE
 40
2458532.1544311
  9
$TDINDWG
 40
0.0
  9
$TDUSRTIMER
 40
0.0
  9
$USRTIMER
 70
1
  9
$ANGBASE
 50
0.0
  9
$ANGDIR
 70
0
  9
$PDMODE
 70
0
  9
$PDSIZE
 40
0.0
  9
$PLINEWID
 40
0.0
  9
$SPLFRAME
 70
0
  9
$SPLINETYPE
 70
6
  9
$SPLINESEGS
 70
8
  9
$HANDSEED
  5
AB
  9
$SURFTAB1
 70
6
  9
$SURFTAB2
 70
6
  9
$SURFTYPE
 70
6
  9
$SURFU
 70
6
  9
$SURFV
 70
6
  9
$UCSBASE
  2

  9
$UCSNAME
  2

  9
$UCSORG
 10
0.0
 20
0.0
 30
0.0
  9
$UCSXDIR
 10
1.0
 20
0.0
 30
0.0
  9
$UCSYDIR
 10
0.0
 20
1.0
 30
0.0
  9
$UCSORTHOREF
  2

  9
$UCSORTHOVIEW
 70
0
  9
$UCSORGTOP
 10
0.0
 20
0.0
 30
0.0
  9
$UCSORGBOTTOM
 10
0.0
 20
0.0
 30
0.0
  9
$UCSORGLEFT
 10
0.0
 20
0.0
 30
0.0
  9
$UCSORGRIGHT
 10
0.0
 20
0.0
 30
0.0
  9
$UCSORGFRONT
 10
0.0
 20
0.0
 30
0.0
  9
$UCSORGBACK
 10
0.0
 20
0.0
 30
0.0
  9
$PUCSBASE
  2

  9
$PUCSNAME
  2

  9
$PUCSORG
 10
0.0
 20
0.0
 30
0.0
  9
$PUCSXDIR
 10
1.0
 20
0.0
 30
0.0
  9
$PUCSYDIR
 10
0.0
 20
1.0
 30
0.0
  9
$PUCSORTHOREF
  2

  9
$PUCSORTHOVIEW
 70
0
  9
$PUCSORGTOP
 10
0.0
 20
0.0
 30
0.0
  9
$PUCSORGBOTTOM
 10
0.0
 20
0.0
 30
0.0
  9
$PUCSORGLEFT
 10
0.0
 20
0.0
 30
0.0
  9
$PUCSORGRIGHT
 10
0.0
 20
0.0
 30
0.0
  9
$PUCSORGFRONT
 10
0.0
 20
0.0
 30
0.0
  9
$PUCSORGBACK
 10
0.0
 20
0.0
 30
0.0
  9
$USERI1
 70
0
  9
$USERI2
 70
0
  9
$USERI3
 70
0
  9
$USERI4
 70
0
  9
$USERI5
 70
0
  9
$USERR1
 40
0.0
  9
$USERR2
 40
0.0
  9
$USERR3
 40
0.0
  9
$USERR4
 40
0.0
  9
$USERR5
 40
0.0
  9
$WORLDVIEW
 70
1
  9
$SHADEDGE
 70
3
  9
$SHADEDIF
 70
70
  9
$TILEMODE
 70
1
  9
$MAXACTVP
 70
64
  9
$PINSBASE
 10
0.0
 20
0.0
 30
0.0
  9
$PLIMCHECK
 70
0
  9
$PEXTMIN
 10
1e+20
 20
1e+20
 30
1e+20
  9
$PEXTMAX
 10
-1e+20
 20
-1e+20
 30
-1e+20
  9
$PLIMMIN
 10
0.0
 20
0.0
  9
$PLIMMAX
 10
420.0
 20
297.0
  9
$UNITMODE
 70
0
  9
$VISRETAIN
 70
1
  9
$PLINEGEN
 70
0
  9
$PSLTSCALE
 70
1
  9
$TREEDEPTH
 70
3020
  9
$CMLSTYLE
  2
Standard
  9
$CMLJUST
 70
0
  9
$CMLSCALE
 40
20.0
  9
$PROXYGRAPHICS
 70
1
  9
$MEASUREMENT
 70
1
  9
$CELWEIGHT
370
-1
  9
$ENDCAPS
280
0
  9
$JOINSTYLE
280
0
  9
$LWDISPLAY
290
0
  9
$INSUNITS
 70
4
  9
$HYPERLINKBASE
  1

  9
$STYLESHEET
  1

  9
$XEDIT
290
1
  9
$CEPSNTYPE
380
0
  9
$PSTYLEMODE
290
1
  9
$FINGERPRINTGUID
  2
{49DA4745-AF6D-4F8E-81AC-0C90A5962FB4}
  9
$VERSIONGUID
  2
{60B184EF-2E1C-4539-8E2F-6C65EC80BA59}
  9
$EXTNAMES
290
1
  9
$PSVPSCALE
 40
0.0
  9
$OLESTARTUP
290
0
  9
$SORTENTS
280
127
  9
$INDEXCTL
280
0
  9
$HIDETEXT
280
1
  9
$XCLIPFRAME
280
1
  9
$HALOGAP
280
0
  9
$OBSCOLOR
 70
257
  9
$OBSLTYPE
280
0
  9
$INTERSECTIONDISPLAY
280
0
  9
$INTERSECTIONCOLOR
 70
257
  9
$DIMASSOC
280
2
  9
$PROJECTNAME
  1

  9
$CAMERADISPLAY
290
0
  9
$LENSLENGTH
 40
50.0
  9
$CAMERAHEIGHT
 40
0.0
  9
$STEPSPERSEC
 40
24.0
  9
$STEPSIZE
 40
100.0
  9
$3DDWFPREC
 40
2.0
  9
$PSOLWIDTH
 40
0.005
  9
$PSOLHEIGHT
 40
0.08
  9
$LOFTANG1
 40
1.570796326795
  9
$LOFTANG2
 40
1.570796326795
  9
$LOFTMAG1
 40
0.0
  9
$LOFTMAG2
 40
0.0
  9
$LOFTPARAM
 70
7
  9
$LOFTNORMALS
280
1
  9
$LATITUDE
 40
37.795
  9
$LONGITUDE
 40
-122.394
  9
$NORTHDIRECTION
 40
0.0
  9
$TIMEZONE
 70
-8000
  9
$LIGHTGLYPHDISPLAY
280
1
  9
$TILEMODELIGHTSYNCH
280
1
  9
$CMATERIAL
347
20
  9
$SOLIDHIST
280
0
  9
$SHOWHIST
280
1
  9
$DWFFRAME
280
2
  9
$DGNFRAME
280
2
  9
$REALWORLDSCALE
290
1
  9
$INTERFERECOLOR
 62
256
  9
$CSHADOW
280
0
  9
$SHADOWPLANELOCATION
 40
0.0
  0
ENDSEC
  0
SECTION
  2
CLASSES
  0
CLASS
  1
ACDBDICTIONARYWDFLT
  2
AcDbDictionaryWithDefault
  3
ObjectDBX Classes
 90
0
 91
0
280
0
281
0
  0
CLASS
  1
SUN
  2
AcDbSun
  3
SCENEOE
 90
1153
 91
0
280
0
281
0
  0
CLASS
  1
VISUALSTYLE
  2
AcDbVisualStyle
  3
ObjectDBX Classes
 90
4095
 91
0
280
0
281
0
  0
CLASS
  1
MATERIAL
  2
AcDbMaterial
  3
ObjectDBX Classes
 90
1153
 91
0
280
0
281
0
  0
CLASS
  1
SCALE
  2
AcDbScale
  3
ObjectDBX Classes
 90
1153
 91
0
280
0
281
0
  0
CLASS
  1
TABLESTYLE
  2
AcDbTableStyle
  3
ObjectDBX Classes
 90
4095
 91
0
280
0
281
0
  0
CLASS
  1
MLEADERSTYLE
  2
AcDbMLeaderStyle
  3
ACDB_MLEADERSTYLE_CLASS
 90
4095
 91
0
280
0
281
0
  0
CLASS
  1
DICTIONARYVAR
  2
AcDbDictionaryVar
  3
ObjectDBX Classes
 90
0
 91
0
280
0
281
0
  0
CLASS
  1
CELLSTYLEMAP
  2
AcDbCellStyleMap
  3
ObjectDBX Classes
 90
1152
 91
0
280
0
281
0
  0
CLASS
  1
MENTALRAYRENDERSETTINGS
  2
AcDbMentalRayRenderSettings
  3
SCENEOE
 90
1024
 91
0
280
0
281
0
  0
CLASS
  1
ACDBDETAILVIEWSTYLE
  2
AcDbDetailViewStyle
  3
ObjectDBX Classes
 90
1025
 91
0
280
0
281
0
  0
CLASS
  1
ACDBSECTIONVIEWSTYLE
  2
AcDbSectionViewStyle
  3
ObjectDBX Classes
 90
1025
 91
0
280
0
281
0
  0
CLASS
  1
RASTERVARIABLES
  2
AcDbRasterVariables
  3
ISM
 90
0
 91
0
280
0
281
0
  0
CLASS
  1
ACDBPLACEHOLDER
  2
AcDbPlaceHolder
  3
ObjectDBX Classes
 90
0
 91
0
280
0
281
0
  0
CLASS
  1
LAYOUT
  2
AcDbLayout
  3
ObjectDBX Classes
 90
0
 91
0
280
0
281
0
  0
ENDSEC
  0
SECTION
  2
TABLES
  0
TABLE
  2
VPORT
  5
8
330
0
100
AcDbSymbolTable
 70
1
  0
VPORT
  5
23
330
8
100
AcDbSymbolTableRecord
100
AcDbViewportTableRecord
  2
*Active
 70
0
 10
0.0
 20
0.0
 11
1.0
 21
1.0
 12
0.0
 22
0.0
 13
0.0
 23
0.0
 14
0.5
 24
0.5
 15
0.5
 25
0.5
 16
0.0
 26
0.0
 36
1.0
 17
0.0
 27
0.0
 37
0.0
 40
1000.0
 41
1.34
 42
50.0
 43
0.0
 44
0.0
 50
0.0
 51
0.0
 71
0
 72
1000
 73
1
 74
3
 75
0
 76
0
 77
0
 78
0
281
0
 65
0
146
0.0
  0
ENDTAB
  0
TABLE
  2
LTYPE
  5
2
330
0
100
AcDbSymbolTable
 70
21
  0
LTYPE
  5
24
330
2
100
AcDbSymbolTableRecord
100
AcDbLinetypeTableRecord
  2
ByBlock
 70
0
  3

 72
65
 73
0
 40
0.0
  0
LTYPE
  5
25
330
2
100
AcDbSymbolTableRecord
100
AcDbLinetypeTableRecord
  2
ByLayer
 70
0
  3

 72
65
 73
0
 40
0.0
  0
LTYPE
  5
26
330
2
100
AcDbSymbolTableRecord
100
AcDbLinetypeTableRecord
  2
Continuous
 70
0
  3

 72
65
 73
0
 40
0.0
  0
LTYPE
  5
2F
330
2
100
AcDbSymbolTableRecord
100
AcDbLinetypeTableRecord
  2
CENTER
 70
0
  3
Center ____ _ ____ _ ____ _ ____ _ ____ _ ____
 72
65
 73
4
 40
5.08
 49
3.175
 74
0
 49
-0.635
 74
0
 49
0.635
 74
0
 49
-0.635
 74
0
  0
LTYPE
  5
30
330
2
100
AcDbSymbolTableRecord
100
AcDbLinetypeTableRecord
  2
CENTERX2
 70
0
  3
Center (2x) ________  __  ________  __  ________
 72
65
 73
4
 40
8.89
 49
6.35
 74
0
 49
-0.635
 74
0
 49
1.27
 74
0
 49
-0.635
 74
0
  0
LTYPE
  5
31
330
2
100
AcDbSymbolTableRecord
100
AcDbLinetypeTableRecord
  2
CENTER2
 70
0
  3
Center (.5x) ____ _ ____ _ ____ _ ____ _ ____
 72
65
 73
4
 40
2.54
 49
1.587
 74
0
 49
-0.318
 74
0
 49
0.318
 74
0
 49
-0.318
 74
0
  0
LTYPE
  5
32
330
2
100
AcDbSymbolTableRecord
100
AcDbLinetypeTableRecord
  2
DASHED
 70
0
  3
Dashed __ __ __ __ __ __ __ __ __ __ __ __ __ _
 72
65
 73
2
 40
1.524
 49
1.27
 74
0
 49
-0.254
 74
0
  0
LTYPE
  5
33
330
2
100
AcDbSymbolTableRecord
100
AcDbLinetypeTableRecord
  2
DASHEDX2
 70
0
  3
Dashed (2x) ____  ____  ____  ____  ____  ____
 72
65
 73
2
 40
3.048
 49
2.54
 74
0
 49
-0.508
 74
0
  0
LTYPE
  5
34
330
2
100
AcDbSymbolTableRecord
100
AcDbLinetypeTableRecord
  2
DASHED2
 70
0
  3
Dashed (.5x) _ _ _ _ _ _ _ _ _ _ _ _ _ _
 72
65
 73
2
 40
0.762
 49
0.635
 74
0
 49
-0.127
 74
0
  0
LTYPE
  5
35
330
2
100
AcDbSymbolTableRecord
100
AcDbLinetypeTableRecord
  2
PHANTOM
 70
0
  3
Phantom ______  __  __  ______  __  __  ______
 72
65
 73
6
 40
6.35
 49
3.175
 74
0
 49
-0.635
 74
0
 49
0.635
 74
0
 49
-0.635
 74
0
 49
0.635
 74
0
 49
-0.635
 74
0
  0
LTYPE
  5
36
330
2
100
AcDbSymbolTableRecord
100
AcDbLinetypeTableRecord
  2
PHANTOMX2
 70
0
  3
Phantom (2x)____________    ____    ____    ____________
 72
65
 73
6
 40
10.795
 49
6.35
 74
0
 49
-0.635
 74
0
 49
1.27
 74
0
 49
-0.635
 74
0
 49
1.27
 74
0
 49
-0.635
 74
0
  0
LTYPE
  5
37
330
2
100
AcDbSymbolTableRecord
100
AcDbLinetypeTableRecord
  2
PHANTOM2
 70
0
  3
Phantom (.5x) ___ _ _ ___ _ _ ___ _ _ ___ _ _ ___
 72
65
 73
6
 40
3.175
 49
1.587
 74
0
 49
-0.318
 74
0
 49
0.318
 74
0
 49
-0.318
 74
0
 49
0.318
 74
0
 49
-0.318
 74
0
  0
LTYPE
  5
38
330
2
100
AcDbSymbolTableRecord
100
AcDbLinetypeTableRecord
  2
DASHDOT
 70
0
  3
Dash dot __ . __ . __ . __ . __ . __ . __ . __
 72
65
 73
4
 40
3.556
 49
2.54
 74
0
 49
-0.508
 74
0
 49
0.0
 74
0
 49
-0.508
 74
0
  0
LTYPE
  5
39
330
2
100
AcDbSymbolTableRecord
100
AcDbLinetypeTableRecord
  2
DASHDOTX2
 70
0
  3
Dash dot (2x) ____  .  ____  .  ____  .  ____
 72
65
 73
4
 40
6.096
 49
5.08
 74
0
 49
-0.508
 74
0
 49
0.0
 74
0
 49
-0.508
 74
0
  0
LTYPE
  5
3A
330
2
100
AcDbSymbolTableRecord
100
AcDbLinetypeTableRecord
  2
DASHDOT2
 70
0
  3
Dash dot (.5x) _ . _ . _ . _ . _ . _ . _ . _
 72
65
 73
4
 40
1.778
 49
1.27
 74
0
 49
-0.254
 74
0
 49
0.0
 74
0
 49
-0.254
 74
0
  0
LTYPE
  5
3B
330
2
100
AcDbSymbolTableRecord
100
AcDbLinetypeTableRecord
  2
DOT
 70
0
  3
Dot .  .  .  .  .  .  .  .  .  .  .  .  .  .  .  .
 72
65
 73
2
 40
0.508
 49
0.0
 74
0
 49
-0.508
 74
0
  0
LTYPE
  5
3C
330
2
100
AcDbSymbolTableRecord
100
AcDbLinetypeTableRecord
  2
DOTX2
 70
0
  3
Dot (2x) .    .    .    .    .    .    .    . 
 72
65
 73
2
 40
1.016
 49
0.0
 74
0
 49
-1.016
 74
0
  0
LTYPE
  5
3D
330
2
100
AcDbSymbolTableRecord
100
AcDbLinetypeTableRecord
  2
DOT2
 70
0
  3
Dot (.5) . . . . . . . . . . . . . . . . . . . 
 72
65
 73
2
 40
0.254
 49
0.0
 74
0
 49
-0.254
 74
0
  0
LTYPE
  5
3E
330
2
100
AcDbSymbolTableRecord
100
AcDbLinetypeTableRecord
  2
DIVIDE
 70
0
  3
Divide __ . . __ . . __ . . __ . . __ . . __
 72
65
 73
6
 40
4.064
 49
2.54
 74
0
 49
-0.508
 74
0
 49
0.0
 74
0
 49
-0.508
 74
0
 49
0.0
 74
0
 49
-0.508
 74
0
  0
LTYPE
  5
3F
330
2
100
AcDbSymbolTableRecord
100
AcDbLinetypeTableRecord
  2
DIVIDEX2
 70
0
  3
Divide (2x) ____  . .  ____  . .  ____  . .  ____
 72
65
 73
6
 40
6.604
 49
5.08
 74
0
 49
-0.508
 74
0
 49
0.0
 74
0
 49
-0.508
 74
0
 49
0.0
 74
0
 49
-0.508
 74
0
  0
LTYPE
  5
40
330
2
100
AcDbSymbolTableRecord
100
AcDbLinetypeTableRecord
  2
DIVIDE2
 70
0
  3
Divide(.5x) _ . _ . _ . _ . _ . _ . _ . _
 72
65
 73
6
 40
2.032
 49
1.27
 74
0
 49
-0.254
 74
0
 49
0.0
 74
0
 49
-0.254
 74
0
 49
0.0
 74
0
 49
-0.254
 74
0
  0
ENDTAB
  0
TABLE
  2
LAYER
  5
1
330
0
100
AcDbSymbolTable
 70
12
  0
LAYER
  5
27
330
1
100
AcDbSymbolTableRecord
100
AcDbLayerTableRecord
  2
0
 70
0
 62
7
  6
Continuous
370
-3
390
13
347
21
  0
LAYER
  5
28
330
1
100
AcDbSymbolTableRecord
100
AcDbLayerTableRecord
  2
Defpoints
 70
0
 62
7
  6
Continuous
290
0
370
-3
390
13
347
21
  0
LAYER
  5
8A
330
1
100
AcDbSymbolTableRecord
100
AcDbLayerTableRecord
  2
OUTER_WALL
 70
0
 62
1
  6
Continuous
370
-3
390
13
347
21
  0
LAYER
  5
8C
330
1
100
AcDbSymbolTableRecord
100
AcDbLayerTableRecord
  2
INNER_WALL
 70
0
 62
2
  6
Continuous
370
-3
390
13
347
21
  0
LAYER
  5
8E
330
1
100
AcDbSymbolTableRecord
100
AcDbLayerTableRecord
  2
GASKET_POCKETS
 70
0
 62
3
  6
Continuous
370
-3
390
13
347
21
  0
LAYER
  5
97
330
1
100
AcDbSymbolTableRecord
100
AcDbLayerTableRecord
  2
PLATE
 70
0
 62
4
  6
Continuous
370
-3
390
13
347
21
  0
LAYER
  5
99
330
1
100
AcDbSymbolTableRecord
100
AcDbLayerTableRecord
  2
DAUGHTERBOARD
 70
0
 62
5
  6
Continuous
370
-3
390
13
347
21
  0
LAYER
  5
9B
330
1
100
AcDbSymbolTableRecord
100
AcDbLayerTableRecord
  2
MCU_MODULE
 70
0
 62
6
  6
Continuous
370
-3
390
13
347
21
  0
LAYER
  5
9D
330
1
100
AcDbSymbolTableRecord
100
AcDbLayerTableRecord
  2
PORTS
 70
0
 62
7
  6
Continuous
370
-3
390
13
347
21
  0
LAYER
  5
A0
330
1
100
AcDbSymbolTableRecord
100
AcDbLayerTableRecord
  2
JACKSCREWS
 70
0
 62
1
  6
Continuous
370
-3
390
13
347
21
  0
LAYER
  5
A3
330
1
100
AcDbSymbolTableRecord
100
AcDbLayerTableRecord
  2
WALL_RELIEF
 70
0
 62
2
  6
Continuous
370
-3
390
13
347
21
  0
LAYER
  5
A5
330
1
100
AcDbSymbolTableRecord
100
AcDbLayerTableRecord
  2
FLOOR_ACCESS
 70
0
 62
3
  6
Continuous
370
-3
390
13
347
21
  0
ENDTAB
  0
TABLE
  2
STYLE
  5
5
330
0
100
AcDbSymbolTable
 70
26
  0
STYLE
  5
29
330
5
100
AcDbSymbolTableRecord
100
AcDbTextStyleTableRecord
  2
Standard
 70
0
 40
0.0
 41
1.0
 50
0.0
 71
0
 42
2.5
  3
txt
  4

  0
STYLE
  5
41
330
5
100
AcDbSymbolTableRecord
100
AcDbTextStyleTableRecord
  2
OpenSans-Light
 70
0
 40
0.0
 41
1.0
 50
0.0
 71
0
 42
2.5
  3
OpenSans-Light.ttf
  4

  0
STYLE
  5
42
330
5
100
AcDbSymbolTableRecord
100
AcDbTextStyleTableRecord
  2
OpenSans-Light-Italic
 70
0
 40
0.0
 41
1.0
 50
0.0
 71
0
 42
2.5
  3
OpenSans-LightItalic.ttf
  4

  0
STYLE
  5
43
330
5
100
AcDbSymbolTableRecord
100
AcDbTextStyleTableRecord
  2
OpenSans
 70
0
 40
0.0
 41
1.0
 50
0.0
 71
0
 42
2.5
  3
OpenSans-Regular.ttf
  4

  0
STYLE
  5
44
330
5
100
AcDbSymbolTableRecord
100
AcDbTextStyleTableRecord
  2
OpenSans-Italic
 70
0
 40
0.0
 41
1.0
 50
0.0
 71
0
 42
2.5
  3
OpenSans-Italic.ttf
  4

  0
STYLE
  5
45
330
5
100
AcDbSymbolTableRecord
100
AcDbTextStyleTableRecord
  2
OpenSans-SemiBold
 70
0
 40
0.0
 41
1.0
 50
0.0
 71
0
 42
2.5
  3
OpenSans-SemiBold.ttf
  4

  0
STYLE
  5
46
330
5
100
AcDbSymbolTableRecord
100
AcDbTextStyleTableRecord
  2
OpenSans-SemiBoldItalic
 70
0
 40
0.0
 41
1.0
 50
0.0
 71
0
 42
2.5
  3
OpenSans-SemiBoldItalic.ttf
  4

  0
STYLE
  5
47
330
5
100
AcDbSymbolTableRecord
100
AcDbTextStyleTableRecord
  2
OpenSans-Bold
 70
0
 40
0.0
 41
1.0
 50
0.0
 71
0
 42
2.5
  3
OpenSans-Bold.ttf
  4

  0
STYLE
  5
48
330
5
100
AcDbSymbolTableRecord
100
AcDbTextStyleTableRecord
  2
OpenSans-BoldItalic
 70
0
 40
0.0
 41
1.0
 50
0.0
 71
0
 42
2.5
  3
OpenSans-BoldItalic.ttf
  4

  0
STYLE
  5
49
330
5
100
AcDbSymbolTableRecord
100
AcDbTextStyleTableRecord
  2
OpenSans-ExtraBold
 70
0
 40
0.0
 41
1.0
 50
0.0
 71
0
 42
2.5
  3
OpenSans-ExtraBold.ttf
  4

  0
STYLE
  5
4A
330
5
100
AcDbSymbolTableRecord
100
AcDbTextStyleTableRecord
  2
OpenSans-ExtraBoldItalic
 70
0
 40
0.0
 41
1.0
 50
0.0
 71
0
 42
2.5
  3
OpenSans-ExtraBoldItalic.ttf
  4

  0
STYLE
  5
4B
330
5
100
AcDbSymbolTableRecord
100
AcDbTextStyleTableRecord
  2
OpenSansCondensed-Bold
 70
0
 40
0.0
 41
1.0
 50
0.0
 71
0
 42
2.5
  3
OpenSansCondensed-Bold.ttf
  4

  0
STYLE
  5
4C
330
5
100
AcDbSymbolTableRecord
100
AcDbTextStyleTableRecord
  2
OpenSansCondensed-Light
 70
0
 40
0.0
 41
1.0
 50
0.0
 71
0
 42
2.5
  3
OpenSansCondensed-Light.ttf
  4

  0
STYLE
  5
4D
330
5
100
AcDbSymbolTableRecord
100
AcDbTextStyleTableRecord
  2
OpenSansCondensed-Italic
 70
0
 40
0.0
 41
1.0
 50
0.0
 71
0
 42
2.5
  3
OpenSansCondensed-LightItalic.ttf
  4

  0
STYLE
  5
4E
330
5
100
AcDbSymbolTableRecord
100
AcDbTextStyleTableRecord
  2
LiberationSans
 70
0
 40
0.0
 41
1.0
 50
0.0
 71
0
 42
2.5
  3
LiberationSans-Regular.ttf
  4

  0
STYLE
  5
4F
330
5
100
AcDbSymbolTableRecord
100
AcDbTextStyleTableRecord
  2
LiberationSans-Bold
 70
0
 40
0.0
 41
1.0
 50
0.0
 71
0
 42
2.5
  3
LiberationSans-Bold.ttf
  4

  0
STYLE
  5
50
330
5
100
AcDbSymbolTableRecord
100
AcDbTextStyleTableRecord
  2
LiberationSans-BoldItalic
 70
0
 40
0.0
 41
1.0
 50
0.0
 71
0
 42
2.5
  3
LiberationSans-BoldItalic.ttf
  4

  0
STYLE
  5
51
330
5
100
AcDbSymbolTableRecord
100
AcDbTextStyleTableRecord
  2
LiberationSans-Italic
 70
0
 40
0.0
 41
1.0
 50
0.0
 71
0
 42
2.5
  3
LiberationSans-Italic.ttf
  4

  0
STYLE
  5
52
330
5
100
AcDbSymbolTableRecord
100
AcDbTextStyleTableRecord
  2
LiberationSerif
 70
0
 40
0.0
 41
1.0
 50
0.0
 71
0
 42
2.5
  3
LiberationSerif-Regular.ttf
  4

  0
STYLE
  5
53
330
5
100
AcDbSymbolTableRecord
100
AcDbTextStyleTableRecord
  2
LiberationSerif-Bold
 70
0
 40
0.0
 41
1.0
 50
0.0
 71
0
 42
2.5
  3
LiberationSerif-Bold.ttf
  4

  0
STYLE
  5
54
330
5
100
AcDbSymbolTableRecord
100
AcDbTextStyleTableRecord
  2
LiberationSerif-BoldItalic
 70
0
 40
0.0
 41
1.0
 50
0.0
 71
0
 42
2.5
  3
LiberationSerif-BoldItalic.ttf
  4

  0
STYLE
  5
55
330
5
100
AcDbSymbolTableRecord
100
AcDbTextStyleTableRecord
  2
LiberationSerif-Italic
 70
0
 40
0.0
 41
1.0
 50
0.0
 71
0
 42
2.5
  3
LiberationSerif-Italic.ttf
  4

  0
STYLE
  5
56
330
5
100
AcDbSymbolTableRecord
100
AcDbTextStyleTableRecord
  2
LiberationMono
 70
0
 40
0.0
 41
1.0
 50
0.0
 71
0
 42
2.5
  3
LiberationMono-Regular.ttf
  4

  0
STYLE
  5
57
330
5
100
AcDbSymbolTableRecord
100
AcDbTextStyleTableRecord
  2
LiberationMono-Bold
 70
0
 40
0.0
 41
1.0
 50
0.0
 71
0
 42
2.5
  3
LiberationMono-Bold.ttf
  4

  0
STYLE
  5
58
330
5
100
AcDbSymbolTableRecord
100
AcDbTextStyleTableRecord
  2
LiberationMono-BoldItalic
 70
0
 40
0.0
 41
1.0
 50
0.0
 71
0
 42
2.5
  3
LiberationMono-BoldItalic.ttf
  4

  0
STYLE
  5
59
330
5
100
AcDbSymbolTableRecord
100
AcDbTextStyleTableRecord
  2
LiberationMono-Italic
 70
0
 40
0.0
 41
1.0
 50
0.0
 71
0
 42
2.5
  3
LiberationMono-Italic.ttf
  4

  0
ENDTAB
  0
TABLE
  2
VIEW
  5
7
330
0
100
AcDbSymbolTable
 70
0
  0
ENDTAB
  0
TABLE
  2
UCS
  5
6
330
0
100
AcDbSymbolTable
 70
0
  0
ENDTAB
  0
TABLE
  2
APPID
  5
3
330
0
100
AcDbSymbolTable
 70
3
  0
APPID
  5
2A
330
3
100
AcDbSymbolTableRecord
100
AcDbRegAppTableRecord
  2
ACAD
 70
0
  0
APPID
  5
A8
330
3
100
AcDbSymbolTableRecord
100
AcDbRegAppTableRecord
  2
HATCHBACKGROUNDCOLOR
 70
0
  0
APPID
  5
A9
330
3
100
AcDbSymbolTableRecord
100
AcDbRegAppTableRecord
  2
EZDXF
 70
0
  0
ENDTAB
  0
TABLE
  2
DIMSTYLE
  5
4
330
0
100
AcDbSymbolTable
 70
12
100
AcDbDimStyleTable
  0
DIMSTYLE
105
2B
330
4
100
AcDbSymbolTableRecord
100
AcDbDimStyleTableRecord
  2
Standard
 70
0
 40
1.0
 41
2.5
 42
0.625
 43
3.75
 44
1.25
 45
0.0
 46
0.0
 47
0.0
 48
0.0
 49
2.5
140
2.5
141
2.5
142
0.0
143
0.03937007874
144
1.0
145
0.0
146
1.0
147
0.625
148
0.0
 69
0
 70
0
 71
0
 72
0
 73
0
 74
0
 75
0
 76
0
 77
1
 78
8
 79
3
170
0
171
3
172
1
173
0
174
0
175
0
176
0
177
0
178
0
179
2
271
2
272
2
273
2
274
3
275
0
276
0
277
2
278
44
279
0
280
0
281
0
282
0
283
0
284
8
285
0
286
0
288
0
289
3
290
0
371
-2
372
-2
  0
DIMSTYLE
105
73
330
4
100
AcDbSymbolTableRecord
100
AcDbDimStyleTableRecord
  2
EZDXF
 70
0
 40
1.0
 41
0.175
 42
0.125
 43
3.75
 44
0.375
 45
0.0
 46
0.0
 47
0.0
 48
0.0
 49
2.5
140
0.25
141
2.5
142
0.0
143
0.03937007874
144
100.0
145
0.0
146
0.5
147
0.1
148
0.0
 69
0
 70
0
 71
0
 72
0
 73
0
 74
0
 75
0
 76
0
 77
1
 78
12
 79
3
170
0
171
3
172
1
173
0
174
0
175
0
176
0
177
0
178
0
179
2
271
2
272
2
273
2
274
3
275
0
276
0
277
2
278
46
279
2
280
0
281
0
282
0
283
0
284
8
285
0
286
0
288
1
289
3
290
0
340
4C
342
74
371
-2
372
-2
  0
DIMSTYLE
105
7C
330
4
100
AcDbSymbolTableRecord
100
AcDbDimStyleTableRecord
  2
EZ_M_100_H25_CM
 70
0
 40
1.0
 41
0.25
 42
0.125
 43
3.75
 44
0.375
 45
0.0
 46
0.0
 47
0.0
 48
0.0
 49
2.5
140
0.25
141
2.5
142
0.125
143
0.03937007874
144
100.0
145
0.0
146
0.5
147
0.1
148
0.0
 69
0
 70
0
 71
0
 72
0
 73
0
 74
0
 75
0
 76
0
 77
1
 78
12
 79
3
170
0
171
3
172
1
173
0
174
0
175
0
176
0
177
0
178
0
179
2
271
2
272
2
273
2
274
3
275
0
276
0
277
2
278
46
279
2
280
0
281
0
282
0
283
0
284
8
285
0
286
0
288
1
289
3
290
0
340
4C
371
-2
372
-2
  0
DIMSTYLE
105
7D
330
4
100
AcDbSymbolTableRecord
100
AcDbDimStyleTableRecord
  2
EZ_M_50_H25_CM
 70
0
 40
1.0
 41
0.125
 42
0.0625
 43
3.75
 44
0.1875
 45
0.0
 46
0.0
 47
0.0
 48
0.0
 49
2.5
140
0.125
141
2.5
142
0.0625
143
0.03937007874
144
100.0
145
0.0
146
0.5
147
0.05
148
0.0
 69
0
 70
0
 71
0
 72
0
 73
0
 74
0
 75
0
 76
0
 77
1
 78
12
 79
3
170
0
171
3
172
1
173
0
174
0
175
0
176
0
177
0
178
0
179
2
271
2
272
2
273
2
274
3
275
0
276
0
277
2
278
46
279
2
280
0
281
0
282
0
283
0
284
8
285
0
286
0
288
1
289
3
290
0
340
4C
371
-2
372
-2
  0
DIMSTYLE
105
7E
330
4
100
AcDbSymbolTableRecord
100
AcDbDimStyleTableRecord
  2
EZ_M_25_H25_CM
 70
0
 40
1.0
 41
0.0625
 42
0.03125
 43
3.75
 44
0.09375
 45
0.0
 46
0.0
 47
0.0
 48
0.0
 49
2.5
140
0.0625
141
2.5
142
0.03125
143
0.03937007874
144
100.0
145
0.0
146
0.5
147
0.025
148
0.0
 69
0
 70
0
 71
0
 72
0
 73
0
 74
0
 75
0
 76
0
 77
1
 78
12
 79
3
170
0
171
3
172
1
173
0
174
0
175
0
176
0
177
0
178
0
179
2
271
2
272
2
273
2
274
3
275
0
276
0
277
2
278
46
279
2
280
0
281
0
282
0
283
0
284
8
285
0
286
0
288
1
289
3
290
0
340
4C
371
-2
372
-2
  0
DIMSTYLE
105
7F
330
4
100
AcDbSymbolTableRecord
100
AcDbDimStyleTableRecord
  2
EZ_M_20_H25_CM
 70
0
 40
1.0
 41
0.05
 42
0.025
 43
3.75
 44
0.07500000000000001
 45
0.0
 46
0.0
 47
0.0
 48
0.0
 49
2.5
140
0.05
141
2.5
142
0.025
143
0.03937007874
144
100.0
145
0.0
146
0.5
147
0.020000000000000004
148
0.0
 69
0
 70
0
 71
0
 72
0
 73
0
 74
0
 75
0
 76
0
 77
1
 78
12
 79
3
170
0
171
3
172
1
173
0
174
0
175
0
176
0
177
0
178
0
179
2
271
2
272
2
273
2
274
3
275
0
276
0
277
2
278
46
279
2
280
0
281
0
282
0
283
0
284
8
285
0
286
0
288
1
289
3
290
0
340
4C
371
-2
372
-2
  0
DIMSTYLE
105
80
330
4
100
AcDbSymbolTableRecord
100
AcDbDimStyleTableRecord
  2
EZ_M_10_H25_CM
 70
0
 40
1.0
 41
0.025
 42
0.0125
 43
3.75
 44
0.037500000000000006
 45
0.0
 46
0.0
 47
0.0
 48
0.0
 49
2.5
140
0.025
141
2.5
142
0.0125
143
0.03937007874
144
100.0
145
0.0
146
0.5
147
0.010000000000000002
148
0.0
 69
0
 70
0
 71
0
 72
0
 73
0
 74
0
 75
0
 76
0
 77
1
 78
12
 79
3
170
0
171
3
172
1
173
0
174
0
175
0
176
0
177
0
178
0
179
2
271
2
272
2
273
2
274
3
275
0
276
0
277
2
278
46
279
2
280
0
281
0
282
0
283
0
284
8
285
0
286
0
288
1
289
3
290
0
340
4C
371
-2
372
-2
  0
DIMSTYLE
105
81
330
4
100
AcDbSymbolTableRecord
100
AcDbDimStyleTableRecord
  2
EZ_M_5_H25_CM
 70
0
 40
1.0
 41
0.0125
 42
0.00625
 43
3.75
 44
0.018750000000000003
 45
0.0
 46
0.0
 47
0.0
 48
0.0
 49
2.5
140
0.0125
141
2.5
142
0.00625
143
0.03937007874
144
100.0
145
0.0
146
0.5
147
0.005000000000000001
148
0.0
 69
0
 70
0
 71
0
 72
0
 73
0
 74
0
 75
0
 76
0
 77
1
 78
12
 79
3
170
0
171
3
172
1
173
0
174
0
175
0
176
0
177
0
178
0
179
2
271
2
272
2
273
2
274
3
275
0
276
0
277
2
278
46
279
2
280
0
281
0
282
0
283
0
284
8
285
0
286
0
288
1
289
3
290
0
340
4C
371
-2
372
-2
  0
DIMSTYLE
105
82
330
4
100
AcDbSymbolTableRecord
100
AcDbDimStyleTableRecord
  2
EZ_M_1_H25_CM
 70
0
 40
1.0
 41
0.0025
 42
0.00125
 43
3.75
 44
0.00375
 45
0.0
 46
0.0
 47
0.0
 48
0.0
 49
2.5
140
0.0025
141
2.5
142
0.00125
143
0.03937007874
144
100.0
145
0.0
146
0.5
147
0.001
148
0.0
 69
0
 70
0
 71
0
 72
0
 73
0
 74
0
 75
0
 76
0
 77
1
 78
12
 79
3
170
0
171
3
172
1
173
0
174
0
175
0
176
0
177
0
178
0
179
2
271
2
272
2
273
2
274
3
275
0
276
0
277
2
278
46
279
2
280
0
281
0
282
0
283
0
284
8
285
0
286
0
288
1
289
3
290
0
340
4C
371
-2
372
-2
  0
DIMSTYLE
105
83
330
4
100
AcDbSymbolTableRecord
100
AcDbDimStyleTableRecord
  2
EZ_RADIUS
 70
0
 40
1.0
 41
0.25
 42
0.125
 43
3.75
 44
0.375
 45
0.0
 46
0.0
 47
0.0
 48
0.0
 49
2.5
140
0.25
141
0.0
142
0.0
143
0.03937007874
144
100.0
145
0.0
146
0.5
147
0.1
148
0.0
 69
0
 70
0
 71
0
 72
0
 73
0
 74
0
 75
0
 76
0
 77
1
 78
12
 79
3
170
0
171
3
172
0
173
0
174
0
175
0
176
0
177
0
178
0
179
2
271
2
272
2
273
2
274
3
275
0
276
0
277
2
278
46
279
1
280
0
281
0
282
0
283
0
284
8
285
0
286
0
288
1
289
3
290
0
340
4C
342
84
371
-2
372
-2
  0
DIMSTYLE
105
88
330
4
100
AcDbSymbolTableRecord
100
AcDbDimStyleTableRecord
  2
EZ_RADIUS_INSIDE
 70
0
 40
1.0
 41
0.25
 42
0.125
 43
3.75
 44
0.375
 45
0.0
 46
0.0
 47
0.0
 48
0.0
 49
2.5
140
0.25
141
0.0
142
0.0
143
0.03937007874
144
100.0
145
0.0
146
0.5
147
0.1
148
0.0
 69
0
 70
0
 71
0
 72
0
 73
0
 74
0
 75
0
 76
0
 77
0
 78
12
 79
3
170
0
171
3
172
0
173
0
174
1
175
0
176
0
177
0
178
0
179
2
271
2
272
2
273
2
274
3
275
0
276
0
277
2
278
46
279
0
280
0
281
0
282
0
283
0
284
8
285
0
286
0
288
1
289
0
290
0
340
4C
342
84
371
-2
372
-2
  0
DIMSTYLE
105
89
330
4
100
AcDbSymbolTableRecord
100
AcDbDimStyleTableRecord
  2
EZ_CURVED
 70
0
 40
1.0
 41
0.25
 42
0.125
 43
3.75
 44
0.375
 45
0.0
 46
0.0
 47
0.0
 48
0.0
 49
2.5
140
0.25
141
2.5
142
0.0
143
0.03937007874
144
100.0
145
0.0
146
0.5
147
0.1
148
0.0
 69
0
 70
0
 71
0
 72
0
 73
0
 74
0
 75
0
 76
0
 77
1
 78
12
 79
2
 90
2
170
0
171
3
172
1
173
0
174
0
175
0
176
0
177
0
178
0
179
2
271
2
272
2
273
2
274
3
275
0
276
0
277
2
278
46
279
2
280
0
281
0
282
0
283
0
284
8
285
0
286
0
288
1
289
3
290
0
340
4C
371
-2
372
-2
  0
ENDTAB
  0
TABLE
  2
BLOCK_RECORD
  5
9
330
0
100
AcDbSymbolTable
 70
5
  0
BLOCK_RECORD
  5
17
330
9
100
AcDbSymbolTableRecord
100
AcDbBlockTableRecord
  2
*Model_Space
340
1A
 70
0
280
1
281
0
  0
BLOCK_RECORD
  5
1B
330
9
100
AcDbSymbolTableRecord
100
AcDbBlockTableRecord
  2
*Paper_Space
340
1E
 70
0
280
1
281
0
  0
BLOCK_RECORD
  5
74
330
9
100
AcDbSymbolTableRecord
100
AcDbBlockTableRecord
  2
_ARCHTICK
340
0
 70
0
280
1
281
0
  0
BLOCK_RECORD
  5
78
330
9
100
AcDbSymbolTableRecord
100
AcDbBlockTableRecord
  2
_CLOSEDFILLED
340
0
 70
0
280
1
281
0
  0
BLOCK_RECORD
  5
84
330
9
100
AcDbSymbolTableRecord
100
AcDbBlockTableRecord
  2
_CLOSEDBLANK
340
0
 70
0
280
1
281
0
  0
ENDTAB
  0
ENDSEC
  0
SECTION
  2
BLOCKS
  0
BLOCK
  5
18
330
17
100
AcDbEntity
  8
0
100
AcDbBlockBegin
  2
*Model_Space
 70
0
 10
0.0
 20
0.0
 30
0.0
  3
*Model_Space
  1

  0
ENDBLK
  5
19
330
17
100
AcDbEntity
  8
0
100
AcDbBlockEnd
  0
BLOCK
  5
1C
330
1B
100
AcDbEntity
  8
0
100
AcDbBlockBegin
  2
*Paper_Space
 70
0
 10
0.0
 20
0.0
 30
0.0
  3
*Paper_Space
  1

  0
ENDBLK
  5
1D
330
1B
100
AcDbEntity
  8
0
100
AcDbBlockEnd
  0
BLOCK
  5
75
330
74
100
AcDbEntity
  8
0
100
AcDbBlockBegin
  2
_ARCHTICK
 70
0
 10
0.0
 20
0.0
 30
0.0
  3
_ARCHTICK
  1

  0
LWPOLYLINE
  5
77
330
74
100
AcDbEntity
  8
0
  6
BYBLOCK
 62
0
100
AcDbPolyline
 90
2
 70
0
 43
0.15
 10
-0.5
 20
-0.5
 10
0.5
 20
0.5
  0
ENDBLK
  5
76
330
74
100
AcDbEntity
  8
0
100
AcDbBlockEnd
  0
BLOCK
  5
79
330
78
100
AcDbEntity
  8
0
100
AcDbBlockBegin
  2
_CLOSEDFILLED
 70
0
 10
0.0
 20
0.0
 30
0.0
  3
_CLOSEDFILLED
  1

  0
SOLID
  5
7B
330
78
100
AcDbEntity
  8
0
  6
BYBLOCK
 62
0
100
AcDbTrace
 10
-1.0
 20
0.16439898372402537
 30
0.0
 11
0.0
 21
0.0
 31
0.0
 12
-1.0
 22
-0.16439898372402537
 32
0.0
 13
-1.0
 23
-0.16439898372402537
 33
0.0
  0
ENDBLK
  5
7A
330
78
100
AcDbEntity
  8
0
100
AcDbBlockEnd
  0
BLOCK
  5
85
330
84
100
AcDbEntity
  8
0
100
AcDbBlockBegin
  2
_CLOSEDBLANK
 70
0
 10
0.0
 20
0.0
 30
0.0
  3
_CLOSEDBLANK
  1

  0
LWPOLYLINE
  5
87
330
84
100
AcDbEntity
  8
0
  6
BYBLOCK
 62
0
100
AcDbPolyline
 90
3
 70
1
 10
-1.0
 20
0.16439898372402537
 10
0.0
 20
0.0
 10
-1.0
 20
-0.16439898372402537
  0
ENDBLK
  5
86
330
84
100
AcDbEntity
  8
0
100
AcDbBlockEnd
  0
ENDSEC
  0
SECTION
  2
ENTITIES
  0
LWPOLYLINE
  5
8B
330
17
100
AcDbEntity
  8
OUTER_WALL
100
AcDbPolyline
 90
3286
 70
1
 10
5.577490645546671
 20
-61.8271541653783
 10
5.243508535419407
 20
-61.965494084983035
 10
4.977357455264136
 20
-62.09137485826644
 10
4.67454561116688
 20
-62.25323280423756
 10
4.42202576140166
 20
-62.40458882616852
 10
4.136536892103388
 20
-62.59534813290642
 10
3.9000684788763627
 20
-62.77072660777273
 10
3.6346519982543217
 20
-62.988550158872755
 10
3.4165123416522523
 20
-63.18626209608944
 10
3.1737243555047208
 20
-63.42905213168124
 10
2.9760142596677555
 20
-63.64719345721275
 10
2.7581929490237242
 20
-63.91261177653014
 10
2.5828164702541696
 20
-64.14908167016337
 10
2.3920595734080927
 20
-64.4345721496992
 10
2.240705683067139
 20
-64.68709327709072
 10
2.078850293213887
 20
-64.98990648746222
 10
1.9529766120038743
 20
-65.25604693211322
 10
1.8215814850270813
 20
-65.57326661656955
 10
1.7224002453075786
 20
-65.85046330051097
 10
1.62273078810767
 20
-66.17903446008151
 10
1.5511971594351448
 20
-66.464617827716
 10
1.4842132433699908
 20
-66.80137614251841
 10
1.4410161336928908
 20
-67.09259586989961
 10
1.407362850491288
 20
-67.43429817327163
 10
1.3965319029474688
 20
-67.58113397036155
 10
1.3953292625358338
 20
-67.6056142783251
 10
1.392619175062745
 20
-67.67919361573848
 10
1.3884035439113815
 20
-67.85091939051547
 10
1.387499999999994
 20
-67.92454307608422
 10
1.387499999999994
 20
-75.87545692391579
 10
1.3884035439113815
 20
-75.94908060948454
 10
1.392619175062745
 20
-76.12080638426153
 10
1.3953292625358338
 20
-76.1943857216749
 10
1.3965319029474688
 20
-76.21886602963846
 10
1.4073640915464
 20
-76.365714427645
 10
1.4410217083194636
 20
-76.70744594558278
 10
1.4842225173636892
 20
-76.99867790922718
 10
1.5512092760897134
 20
-77.33543565858922
 10
1.6227453154420814
 20
-77.62101842237979
 10
1.7224175461917905
 20
-77.94958874060313
 10
1.821601125796029
 20
-78.22678458732045
 10
1.9529989305008533
 20
-78.54400316262566
 10
2.078874858266101
 20
-78.81014254473519
 10
2.2407328042374357
 20
-79.11295438883292
 10
2.3920888261685795
 20
-79.36547423859848
 10
2.582848132906314
 20
-79.65096310789649
 10
2.758226607772567
 20
-79.88743152112343
 10
2.9760501588728996
 20
-80.15284800174585
 10
3.1737620960896944
 20
-80.37098765834803
 10
3.416552131681298
 20
-80.61377564449535
 10
3.634693457212867
 20
-80.81148574033234
 10
3.9001117765304247
 20
-81.02930705097648
 10
4.136581670163575
 20
-81.20468352974596
 10
4.422072149699244
 20
-81.39544042659192
 10
4.6745932770902545
 20
-81.5467943169326
 10
4.977406487461243
 20
-81.70864970678565
 10
5.243544866136496
 20
-81.83452253224985
 10
5.577494341705529
 20
-81.97284757450933
 10
5.6329200721715385
 20
-81.99893805081712
 10
5.634262905112401
 20
-81.99949130253596
 10
5.637499999999994
 20
-82.06802374307176
 10
5.637499999999994
 20
-99.9637621129219
 10
5.637514118571265
 20
-99.9729659832108
 10
5.6375682394619835
 20
-99.9906065955781
 10
5.637667461187149
 20
-100.00748008966136
 10
5.63783889690483
 20
-100.0272017039751
 10
5.638039330468935
 20
-100.04451264112785
 10
5.638394291083285
 20
-100.0690531377195
 10
5.638739752842722
 20
-100.08855346098687
 10
5.639127535229496
 20
-100.10704792678575
 10
5.639535526509743
 20
-100.1241731909634
 10
5.6402227332339905
 20
-100.14992980389363
 10
5.640812326963941
 20
-100.16960632933979
 10
5.641420988593335
 20
-100.18791276788484
 10
5.642046193455229
 20
-100.20521357242158
 10
5.643003301097021
 20
-100.22973796670536
 10
5.643827220699393
 20
-100.24922393878352
 10
5.64481416454146
 20
-100.27089617654333
 10
5.645321850831505
 20
-100.28162200849465
 10
5.647525071219513
 20
-100.32646958977344
 10
5.6484846981151495
 20
-100.34485229984031
 10
5.6504320353897715
 20
-100.38007940570346
 10
5.652484237319772
 20
-100.41376450478417
 10
5.655104198053605
 20
-100.45312060959931
 10
5.657603401711697
 20
-100.48765466133325
 10
5.66142863300221
 20
-100.53658772779758
 10
5.664721328820004
 20
-100.57545474805018
 10
5.6680837167984315
 20
-100.61229540454136
 10
5.6713928313924855
 20
-100.64639951592662
 10
5.676659252136367
 20
-100.6976305092478
 10
5.680941645087838
 20
-100.73676322249014
 10
5.685165613696215
 20
-100.77315255861288
 10
5.689356312557683
 20
-100.80752238245749
 10
5.695577967958554
 20
-100.856208811696
 10
5.700773811871895
 20
-100.89486744999473
 10
5.706832811373256
 20
-100.93783067245629
 10
5.709907871472607
 20
-100.95908490493522
 10
5.713817329699484
 20
-100.98544033150266
 10
5.716574156401551
 20
-101.00364046391172
 10
5.721964976893794
 20
-101.03850706920112
 10
5.727309013994224
 20
-101.07182881435835
 10
5.733773931749422
 20
-101.11073860771226
 10
5.739646030053672
 20
-101.14486140375186
 10
5.748249121052293
 20
-101.1931839058938
 10
5.7553355958180505
 20
-101.23154103019253
 10
5.762292808776553
 20
-101.26787471719932
 10
5.7689287765508315
 20
-101.30149025801717
 10
5.779191353500993
 20
-101.35195836060176
 10
5.7872888022053095
 20
-101.39048289122314
 10
5.795059209915455
 20
-101.42628298142195
 10
5.802598561263322
 20
-101.46007654485201
 10
5.8135623622598604
 20
-101.50791870675657
 10
5.822522395939686
 20
-101.5458819113835
 10
5.832763351907175
 20
-101.58804436838064
 10
5.83790688383904
 20
-101.60889484732317
 10
5.844380800500459
 20
-101.63474017139303
 10
5.848908277260845
 20
-101.65258244892043
 10
5.857690664422137
 20
-101.68675276916555
 10
5.866275070694305
 20
-101.7193902537775
 10
5.876522684779099
 20
-101.75747901309146
 10
5.88571112621291
 20
-101.7908619322581
 10
5.899009224450492
 20
-101.83810849796689
 10
5.909821231538441
 20
-101.87558632623681
 10
5.920306267712835
 20
-101.91106313049029
 10
5.930205180670059
 20
-101.9438663647064
 10
5.945365079600469
 20
-101.99308554113799
 10
5.957199601200074
 20
-102.03063087684868
 10
5.9684416147380706
 20
-102.06549694668512
 10
5.979257010497641
 20
-102.09838879921207
 10
5.994857369693364
 20
-102.14492594761147
 10
6.0074953031173495
 20
-102.18182811215335
 10
6.021819589545863
 20
-102.22278375617485
 10
6.02898205828574
 20
-102.24302968007021
 10
6.037958086025471
 20
-102.26811599704344
 10
6.044212610767862
 20
-102.28542858880247
 10
6.05630198540904
 20
-102.31857354514102
 10
6.068044088327992
 20
-102.35021245238995
 10
6.081975708616674
 20
-102.38711336208932
 10
6.094392003466177
 20
-102.41943490862249
 10
6.112257040987111
 20
-102.46515052764235
 10
6.126690454858438
 20
-102.50138812790931
 10
6.140602337619241
 20
-102.53566638839263
 10
6.153668863815968
 20
-102.56734140292858
 10
6.173580086611167
 20
-102.61483764562844
 10
6.18903770819351
 20
-102.65104220432086
 10
6.203643060824813
 20
-102.68463847448577
 10
6.217630342822522
 20
-102.71631184958878
 10
6.237717020228358
 20
-102.76109580629884
 10
6.253911143188914
 20
-102.79658154273808
 10
6.272180809372184
 20
-102.83593594855022
 10
6.281293236431619
 20
-102.85538233808613
 10
6.29268493119508
 20
-102.87946805301488
 10
6.300606269426936
 20
-102.89608422928262
 10
6.31588620426086
 20
-102.92788461766492
 10
6.330672920956547
 20
-102.95822024757818
 10
6.348154378331107
 20
-102.99357793173283
 10
6.363678950889564
 20
-103.02452683147074
 10
6.385938877615705
 20
-103.06827123739832
 10
6.403854696604327
 20
-103.10291962176154
 10
6.421059446914487
 20
-103.13566922008532
 10
6.437167748561437
 20
-103.16591096723789
 10
6.461638539264731
 20
-103.21122686143252
 10
6.480570395483938
 20
-103.24574197341505
 10
6.4983984296751975
 20
-103.27774489345362
 10
6.515422892738988
 20
-103.30789475921559
 10
6.539802442673524
 20
-103.35049423025761
 10
6.559396796914244
 20
-103.38422179155435
 10
6.5814358959779415
 20
-103.42159595471115
 10
6.592410523701824
 20
-103.44005553052334
 10
6.606108177240882
 20
-103.46290868480627
 10
6.615620042145094
 20
-103.4786684227227
 10
6.633943383047958
 20
-103.50881798802781
 10
6.651632309355456
 20
-103.53755819190631
 10
6.672495247822555
 20
-103.5710321366844
 10
6.690978587969271
 20
-103.6003103348035
 10
6.7174190286396716
 20
-103.64166224510033
 10
6.738644713615795
 20
-103.67438773067934
 10
6.758976640325621
 20
-103.70529327031079
 10
6.777971585671768
 20
-103.73381050552193
 10
6.806766277188318
 20
-103.7765096343715
 10
6.828990043919594
 20
-103.80900290024769
 10
6.849869065959156
 20
-103.83910426455196
 10
6.869766755204138
 20
-103.86744026128545
 10
6.898204389274094
 20
-103.90744499046488
 10
6.92101027045212
 20
-103.9390895617661
 10
6.946606553822939
 20
-103.9741235486437
 10
6.959337690546798
 20
-103.99141853492624
 10
6.9752093869712475
 20
-104.01281904019686
 10
6.9862201740898975
 20
-104.02757056487174
 10
7.007410457272279
 20
-104.05577895030372
 10
7.027831239161134
 20
-104.08264694427253
 10
7.051874737218396
 20
-104.11391477728789
 10
7.073138840283432
 20
-104.14124030873494
 10
7.1035051589991784
 20
-104.17980148189702
 10
7.127836295012994
 20
-104.21028890437536
 10
7.151099590554452
 20
-104.23905274807389
 10
7.172798247892369
 20
-104.26557083477933
 10
7.205639531603896
 20
-104.30524198233424
 10
7.230941181825699
 20
-104.33540047419223
 10
7.254670115315383
 20
-104.36331039016537
 10
7.277249405114825
 20
-104.38955962672894
 10
7.309471253356255
 20
-104.42658434663198
 10
7.335269028368789
 20
-104.45584117341726
 10
7.364175989848017
 20
-104.48819758757428
 10
7.378541027767625
 20
-104.50416142415739
 10
7.396433913964774
 20
-104.52390318185108
 10
7.408837583397141
 20
-104.53750442803553
 10
7.432690734847076
 20
-104.5634999714208
 10
7.455646709025238
 20
-104.58823700201133
 10
7.482639214644019
 20
-104.6169975969412
 10
7.506479295690902
 20
-104.64210730191114
 10
7.5404790482049915
 20
-104.67750637276365
 10
7.567681313115692
 20
-104.70546212159647
 10
7.593651939231851
 20
-104.731807257819
 10
7.61784533862992
 20
-104.75607081234777
 10
7.654416935022093
 20
-104.79233192377104
 10
7.682552800010619
 20
-104.81986519884686
 10
7.708903122349215
 20
-104.84531487874126
 10
7.733946561801505
 20
-104.86922456064026
 10
7.769642310204518
 20
-104.90291270297782
 10
7.798183532375215
 20
-104.92950002601133
 10
7.830122782121459
 20
-104.95886725749104
 10
7.8459833780674355
 20
-104.97334620389981
 10
7.865725135760339
 20
-104.99123909009623
 10
7.879402233389866
 20
-105.0035590703552
 10
7.905688534216811
 20
-105.02709142039814
 10
7.9309586221027235
 20
-105.04945925648194
 10
7.9606401827021
 20
-105.07543563307838
 10
7.986826648719726
 20
-105.09808769138753
 10
8.024132398824419
 20
-105.1299837475222
 10
8.053943819950236
 20
-105.15513859356581
 10
8.082371665321089
 20
-105.17881130425528
 10
8.108826811118078
 20
-105.20058665531374
 10
8.148776515722426
 20
-105.23308851627702
 10
8.17947563171722
 20
-105.25773141408058
 10
8.208193574897239
 20
-105.28047576356796
 10
8.235459981989358
 20
-105.30181562749425
 10
8.274285860983237
 20
-105.33184275703903
 10
8.30529566274139
 20
-105.35550452586682
 10
8.339959608317685
 20
-105.38159975217448
 10
8.357163016079848
 20
-105.39445436823938
 10
8.378563521349966
 20
-105.41032606466347
 10
8.393382329250436
 20
-105.4212461308528
 10
8.421848628013265
 20
-105.44208865816331
 10
8.44918946484907
 20
-105.46187188525343
 10
8.481274230772053
 20
-105.48481387680641
 10
8.509554891774265
 20
-105.5047901367475
 10
8.549807364702437
 20
-105.53287600170849
 10
8.581940841762691
 20
-105.55498769004554
 10
8.61255213069446
 20
-105.57575999405422
 10
8.641014245372975
 20
-105.59483743310686
 10
8.683957320698578
 20
-105.62326703292447
 10
8.716924038433186
 20
-105.64478222888044
 10
8.747733032963538
 20
-105.66460220744219
 10
8.776959817288006
 20
-105.68316673883945
 10
8.818541912428294
 20
-105.70924367791575
 10
8.85172165243032
 20
-105.72975201676842
 10
8.888776461095654
 20
-105.75232392661258
 10
8.907157002455993
 20
-105.76343041535604
 10
8.930010156740037
 20
-105.77712806889576
 10
8.945827961689838
 20
-105.78654305480792
 10
8.976200112367664
 20
-105.80449503445206
 10
9.005348390944796
 20
-105.82150312925432
 10
9.039527368353813
 20
-105.84118979184233
 10
9.069629866118262
 20
-105.85829787111422
 10
9.112441408555497
 20
-105.88230306267182
 10
9.146587478598775
 20
-105.90115864565516
 10
9.179087407643724
 20
-105.91883049433915
 10
9.209282385483764
 20
-105.93502629522115
 10
9.254805266241338
 20
-105.95910984130589
 10
9.289722098198034
 20
-105.9772901323129
 10
9.322325436615179
 20
-105.9939948627184
 10
9.353231128264408
 20
-106.0096052750026
 10
9.39716898125022
 20
-106.03148088843632
 10
9.4321991204621
 20
-106.04863829079989
 10
9.471287934150542
 20
-106.06746950434791
 10
9.49066859444563
 20
-106.07672090421033
 10
9.514754309374162
 20
-106.08811259897368
 10
9.531418777265987
 20
-106.09593183314828
 10
9.563404279442857
 20
-106.1108203777477
 10
9.594079285906734
 20
-106.12488954301313
 10
9.630023312568353
 20
-106.14113128331546
 10
9.661657743585629
 20
-106.15520642176217
 10
9.706616056976614
 20
-106.17489975679949
 10
9.742445874683533
 20
-106.19031764485815
 10
9.776521451757493
 20
-106.20471884865383
 10
9.808158498611641
 20
-106.21787703694669
 10
9.855822774569074
 20
-106.23738259158176
 10
9.892353452572582
 20
-106.25205289150126
 10
9.92643714691339
 20
-106.26548149806919
 10
9.958724107182265
 20
-106.27798745443644
 10
10.004594572467013
 20
-106.29545106810988
 10
10.041137751499173
 20
-106.30909229882062
 10
10.081884123564453
 20
-106.3240014611909
 10
10.102078256439382
 20
-106.33130867613372
 10
10.12716457341092
 20
-106.34028470387285
 10
10.144515216309427
 20
-106.34643288281019
 10
10.177806032118436
 20
-106.35811460754334
 10
10.20971234938833
 20
-106.36910934951945
 10
10.247075264674514
 20
-106.38174975069727
 10
10.279936972079657
 20
-106.3926563970408
 10
10.326609083286924
 20
-106.40784821797445
 10
10.36377758792532
 20
-106.4196799284177
 10
10.399100646595272
 20
-106.43067179586099
 10
10.431875080409489
 20
-106.44066565101946
 10
10.481221718536482
 20
-106.45540536505246
 10
10.519014432186923
 20
-106.466424390876
 10
10.554250237837193
 20
-106.47644754878155
 10
10.587607525647352
 20
-106.4857286100351
 10
10.634968845574985
 20
-106.4986120398023
 10
10.672673133637268
 20
-106.50860572635149
 10
10.714684654246607
 20
-106.51944925416186
 10
10.735497779165646
 20
-106.52474191171189
 10
10.761343103236875
 20
-106.53121582837365
 10
10.779212824962253
 20
-106.53563374174846
 10
10.813488345642721
 20
-106.54399614521839
 10
10.846318698442282
 20
-106.55181057852971
 10
10.884740677053955
 20
-106.5607279066099
 10
10.918513184642316
 20
-106.56836102388428
 10
10.966449615726162
 20
-106.57890502517509
 10
11.004598854278973
 20
-106.58703661216373
 10
11.040829214177062
 20
-106.59451328556169
 10
11.074425399236231
 20
-106.60124656129727
 10
11.1249791644311
 20
-106.61107848322425
 10
11.163669949236741
 20
-106.61834011570947
 10
11.199718526127675
 20
-106.6248612964632
 10
11.233824892562083
 20
-106.63082808090961
 10
11.282220951733803
 20
-106.63900725229976
 10
11.32072323592097
 20
-106.64525715002274
 10
11.363595311159768
 20
-106.65193061417138
 10
11.38482698635116
 20
-106.65515774314275
 10
11.411182412920596
 20
-106.65906720136992
 10
11.429399118287293
 20
-106.66171230226236
 10
11.464329251845667
 20
-106.66667484995406
 10
11.497767465929304
 20
-106.67123371733564
 10
11.53687848320578
 20
-106.6763420935739
 10
11.571236543265298
 20
-106.68062817068657
 10
11.619975640190521
 20
-106.68642280783739
 10
11.658738214635653
 20
-106.69077595974342
 10
11.695526957586935
 20
-106.69466543464435
 10
11.729621344266068
 20
-106.6980732858315
 10
11.780895376140416
 20
-106.70290272887027
 10
11.82011161869198
 20
-106.70633703452647
 10
11.85662579931825
 20
-106.7092934355924
 10
11.891152781424562
 20
-106.71188847983588
 10
11.940117499336315
 20
-106.71528462295716
 10
11.979046981602487
 20
-106.71773054192208
 10
12.022366729951276
 20
-106.72016967330181
 10
12.043812482776401
 20
-106.72130019467846
 10
12.087894050462829
 20
-106.7234657832318
 10
12.097087527053905
 20
-106.72390329417692
 10
12.114709546125123
 20
-106.72471482230011
 10
12.1315675839254
 20
-106.72544366320432
 10
12.151273854632809
 20
-106.7262401277364
 10
12.168573774810596
 20
-106.72688934302974
 10
12.193102128401156
 20
-106.72773895507594
 10
12.212595913680875
 20
-106.7283507449517
 10
12.2310871296523
 20
-106.7288709100901
 10
12.248211784881923
 20
-106.72930370713864
 10
12.273971092492422
 20
-106.72988114528032
 10
12.293652846697219
 20
-106.73025774308437
 10
12.311967099941606
 20
-106.7305480689791
 10
12.32927774224595
 20
-106.7307725274464
 10
12.353819558860236
 20
-106.73101992767441
 10
12.373322487051023
 20
-106.73115313185119
 10
12.395017046701593
 20
-106.7312307831306
 10
12.405754869905804
 20
-106.73125
 10
20.829085898593064
 20
-106.73125
 10
20.90044210262053
 20
-106.73475821014247
 10
20.9309314835093
 20
-106.79936790790232
 10
21.06477216628971
 20
-107.12331909015741
 10
21.191687667198515
 20
-107.39197469492528
 10
21.353226835442904
 20
-107.69419322206045
 10
21.504588826168646
 20
-107.94672423859859
 10
21.695348132906293
 20
-108.23221310789646
 10
21.87072660777254
 20
-108.46868152112339
 10
22.088550158873005
 20
-108.73409800174596
 10
22.286262096089796
 20
-108.95223765834812
 10
22.52905213168126
 20
-109.1950256444953
 10
22.74719345721278
 20
-109.39273574033226
 10
23.012611776530314
 20
-109.61055705097638
 10
23.24908167016336
 20
-109.7859335297458
 10
23.534572149699144
 20
-109.97669042659186
 10
23.787093277090452
 20
-110.12804431693272
 10
24.089906487461672
 20
-110.28989970678586
 10
24.356046932112942
 20
-110.41577338799601
 10
24.6732666165698
 20
-110.54716851497302
 10
24.95046330051165
 20
-110.64634975469265
 10
25.279034460082602
 20
-110.74601921189263
 10
25.564617827717065
 20
-110.81755284056511
 10
25.90137614251872
 20
-110.88453675663007
 10
26.192595869899456
 20
-110.92773386630708
 10
26.53429817327138
 20
-110.96138714950868
 10
26.681133970359777
 20
-110.97221809705243
 10
26.705614278323342
 20
-110.97342073746408
 10
26.779193615738333
 20
-110.97613082493724
 10
26.95091939051556
 20
-110.98034645608861
 10
27.024543076084285
 20
-110.98125
 10
34.97545692391573
 20
-110.98125
 10
35.04908060948446
 20
-110.98034645608861
 10
35.220806384261664
 20
-110.97613082493724
 10
35.294385721675795
 20
-110.97342073746412
 10
35.3188660296395
 20
-110.97221809705248
 10
35.465714427645345
 20
-110.96138590845358
 10
35.8074459455827
 20
-110.92772829168055
 10
36.098677909226936
 20
-110.88452748263636
 10
36.435435658589014
 20
-110.81754072391034
 10
36.721018422379636
 20
-110.74600468455796
 10
37.04958874060323
 20
-110.64633245380818
 10
37.32678458732106
 20
-110.54714887420374
 10
37.64400316262652
 20
-110.41575106949875
 10
37.91014254473571
 20
-110.28987514173363
 10
38.21295438883302
 20
-110.12801719576251
 10
38.465474238598375
 20
-109.97666117383149
 10
38.750963107896276
 20
-109.78590186709384
 10
38.98743152112345
 20
-109.61052339222742
 10
39.25284800174597
 20
-109.39269984112698
 10
39.47098765834796
 20
-109.19498790391036
 10
39.71377564449523
 20
-108.95219786831882
 10
39.911485740332104
 20
-108.73405654278741
 10
40.12930705097612
 20
-108.46863822347007
 10
40.304683529745695
 20
-108.23216832983682
 10
40.49544042659201
 20
-107.94667785030065
 10
40.64679431693312
 20
-107.69415672290886
 10
40.808649706786234
 20
-107.39134351253756
 10
40.934522532250206
 20
-107.12520513386268
 10
41.07284757450873
 20
-106.79125565829588
 10
41.09893805081637
 20
-106.73582992783025
 10
41.09949130253595
 20
-106.7344870948876
 10
41.168023743071856
 20
-106.73125
 10
49.592266051950084
 20
-106.73125
 10
49.601500738672215
 20
-106.73123578672653
 10
49.61920041446581
 20
-106.73118130281472
 10
49.63613040263617
 20
-106.73108141554967
 10
49.65591804243872
 20
-106.73090882993152
 10
49.67328693270876
 20
-106.73070705195755
 10
49.697909574640676
 20
-106.73034971053639
 10
49.71747516799066
 20
-106.73000193167454
 10
49.73603152617625
 20
-106.72961154845211
 10
49.753214101220436
 20
-106.72920082065207
 10
49.77905685683582
 20
-106.72850900581997
 10
49.79879919916322
 20
-106.72791545803489
 10
49.81716686413173
 20
-106.72730271445828
 10
49.834525519667395
 20
-106.7266733168572
 10
49.85913189702565
 20
-106.72570979108325
 10
49.8786829945713
 20
-106.72488034660425
 10
49.90042764332141
 20
-106.72388678505214
 10
49.911189306681656
 20
-106.723375694672
 10
49.956186387810675
 20
-106.72115771641968
 10
49.9746304785173
 20
-106.72019165564161
 10
50.00997516590812
 20
-106.71823126326584
 10
50.04377262956493
 20
-106.71616530446282
 10
50.08325990754288
 20
-106.7135277838963
 10
50.117908980655365
 20
-106.71101183102691
 10
50.16700484754821
 20
-106.7071609702618
 10
50.20600106181616
 20
-106.703846215075
 10
50.24296400956122
 20
-106.70046130745136
 10
50.277181267713964
 20
-106.69713002764657
 10
50.32858170492061
 20
-106.69182837139323
 10
50.367843833041746
 20
-106.6875173150341
 10
50.404353370919786
 20
-106.68326507651261
 10
50.4388365628441
 20
-106.67904633723862
 10
50.48768331008941
 20
-106.67278306670102
 10
50.52646904522986
 20
-106.6675524760371
 10
50.56957325204487
 20
-106.66145297026641
 10
50.59089716013438
 20
-106.65835735550971
 10
50.617338577121515
 20
-106.65442181662132
 10
50.635598252707574
 20
-106.65164656837231
 10
50.67057881174725
 20
-106.64621973187927
 10
50.70400926543997
 20
-106.64084000127384
 10
50.74304574199616
 20
-106.63433191898446
 10
50.77727942259111
 20
-106.62842062477645
 10
50.82575858492842
 20
-106.61976013442333
 10
50.86423977608715
 20
-106.61262639373862
 10
50.90069065799055
 20
-106.60562280077997
 10
50.934414434148216
 20
-106.59894259849426
 10
50.9850443178841
 20
-106.58861170418204
 10
51.02369215335959
 20
-106.5804603408399
 10
51.059606526295156
 20
-106.57263821167085
 10
51.09350767054632
 20
-106.56504869885725
 10
51.141501674200455
 20
-106.55401199248688
 10
51.17958499511397
 20
-106.5449924028404
 10
51.22188040089798
 20
-106.53468341328133
 10
51.2427965044059
 20
-106.52950572064857
 10
51.26872270772808
 20
-106.52298889781827
 10
51.28662093895103
 20
-106.51843136838659
 10
51.32089822988419
 20
-106.50959070145736
 10
51.35363756226383
 20
-106.50094935603674
 10
51.39184477513082
 20
-106.4906338084877
 10
51.42533116450361
 20
-106.48138448348628
 10
51.47272361232502
 20
-106.46799832779973
 10
51.5103167016625
 20
-106.45711476389363
 10
51.54590212304129
 20
-106.4465603860836
 10
51.57880546206406
 20
-106.43659602649791
 10
51.62817393091267
 20
-106.42133605310462
 10
51.66583277940282
 20
-106.40942341100113
 10
51.70080379423222
 20
-106.39810722744964
 10
51.73379421607737
 20
-106.387220522126
 10
51.780470169827055
 20
-106.37151738181406
 10
51.817481855185996
 20
-106.35879623894301
 10
51.858558402056325
 20
-106.34437771220533
 10
51.878863917420965
 20
-106.33716813990632
 10
51.90402355013811
 20
-106.32813321433457
 10
51.921386811985684
 20
-106.32183758939071
 10
51.95462851329289
 20
-106.30966880311202
 10
51.986359313502284
 20
-106.29784962151984
 10
52.02336684022484
 20
-106.28382661889717
 10
52.055781284730166
 20
-106.27132893616456
 10
52.10162754385501
 20
-106.25334689516632
 10
52.137968062884696
 20
-106.23881902519997
 10
52.172343019788734
 20
-106.224816188207
 10
52.20410692075757
 20
-106.21166427671054
 10
52.25173534283484
 20
-106.19162317109395
 10
52.288040098311846
 20
-106.17606474439853
 10
52.32172870780272
 20
-106.16136421791336
 10
52.35348856204576
 20
-106.14728586769621
 10
52.39839393819989
 20
-106.12706853684105
 10
52.43397515628685
 20
-106.11076917340401
 10
52.47343460331529
 20
-106.09238089844081
 10
52.49293266668462
 20
-106.08320934394659
 10
52.51708180382446
 20
-106.07174391007469
 10
52.533741757863815
 20
-106.06377122628608
 10
52.5656255881716
 20
-106.04839229816862
 10
52.596040223159896
 20
-106.03350986846667
 10
52.63148927233605
 20
-106.01591536507985
 10
52.66251751093227
 20
-106.00029049080737
 10
52.706373097637275
 20
-105.97788690204844
 10
52.741108721661085
 20
-105.95985557506717
 10
52.77393994568816
 20
-105.94254003769764
 10
52.80425645464199
 20
-105.92632808329004
 10
52.84968306799246
 20
-105.90170014582198
 10
52.884281752488185
 20
-105.88264677492307
 10
52.916361342449186
 20
-105.86470442847111
 10
52.9465827143596
 20
-105.84757092427064
 10
52.98928215113125
 20
-105.82303541176994
 10
53.023087938742464
 20
-105.80331585160445
 10
53.0605477229381
 20
-105.78113610444328
 10
53.07904929878067
 20
-105.77009148682458
 10
53.10195381222366
 20
-105.75630670309506
 10
53.117748938656305
 20
-105.74673425637026
 10
53.14796578127671
 20
-105.72829428654697
 10
53.176769378343934
 20
-105.7104928952679
 10
53.210316268155395
 20
-105.68949747145801
 10
53.239657479191116
 20
-105.6708968902511
 10
53.28109720949553
 20
-105.64428895860232
 10
53.31389117342214
 20
-105.6229289899908
 10
53.34486036282181
 20
-105.60246862797986
 10
53.3734355583968
 20
-105.58335380706133
 10
53.416219947788946
 20
-105.5543778078804
 10
53.44877712385054
 20
-105.53201421697503
 10
53.47893667968927
 20
-105.51100400326474
 10
53.50732657026825
 20
-105.49098145599044
 10
53.547406092659905
 20
-105.46236563591285
 10
53.57910869954946
 20
-105.43941706198346
 10
53.614205644833206
 20
-105.41366087732796
 10
53.63153135865779
 20
-105.40085027517532
 10
53.65296918702273
 20
-105.3848797863443
 10
53.667746350636996
 20
-105.37380038243973
 10
53.696003250484615
 20
-105.3524781481243
 10
53.72291655608468
 20
-105.33193038140821
 10
53.7542360463232
 20
-105.30773758975683
 10
53.78160576404084
 20
-105.28634163597269
 10
53.82022787592209
 20
-105.25578732779546
 10
53.85076223923263
 20
-105.2313058044284
 10
53.87956914484211
 20
-105.20789898288267
 10
53.90612598786943
 20
-105.18606661541308
 10
53.94585335469115
 20
-105.15302347951076
 10
53.976053377484256
 20
-105.12756648568192
 10
54.00400049950235
 20
-105.10369210068959
 10
54.030283666127026
 20
-105.08097463079487
 10
54.06735469946602
 20
-105.0485559361595
 10
54.09664676592629
 20
-105.02260083701414
 10
54.12904060415678
 20
-104.99351792346498
 10
54.14502248155957
 20
-104.97906553675566
 10
54.164785783116095
 20
-104.96106417819048
 10
54.17840171794076
 20
-104.94858523295403
 10
54.20442472174958
 20
-104.92458745518677
 10
54.22918680889358
 20
-104.90149252553408
 10
54.2579752542046
 20
-104.87433691739396
 10
54.283108126655165
 20
-104.85035302678679
 10
54.31853817515832
 20
-104.81614856893154
 10
54.346516904370894
 20
-104.78878284144663
 10
54.37288224057411
 20
-104.762656491667
 10
54.397163260000596
 20
-104.73831824447126
 10
54.43344844374229
 20
-104.70152832811746
 10
54.46099852124569
 20
-104.67322473928043
 10
54.486462259517275
 20
-104.64671764737133
 10
54.51038388445402
 20
-104.62152550283048
 10
54.54408702162617
 20
-104.58561823589514
 10
54.57068455835683
 20
-104.5569082486264
 10
54.60006122827911
 20
-104.52478056771784
 10
54.614544323482235
 20
-104.50882651367623
 10
54.632441491188224
 20
-104.48896881021818
 10
54.64476418947361
 20
-104.47521130818012
 10
54.66830100181405
 20
-104.44877064763689
 10
54.690671799772645
 20
-104.42335246253039
 10
54.71665009350922
 20
-104.39349731404043
 10
54.73930245516586
 20
-104.36715801265167
 10
54.771196942690835
 20
-104.32963502050386
 10
54.79634878143405
 20
-104.2996504021639
 10
54.82001693385185
 20
-104.27105782153335
 10
54.841786722942636
 20
-104.24444965617506
 10
54.87427793538418
 20
-104.20426964102094
 10
54.89891096704368
 20
-104.17339386309226
 10
54.92164444826605
 20
-104.14451105297795
 10
54.94297260914706
 20
-104.11708847396365
 10
54.9729810951232
 20
-104.07804075899942
 10
54.996626236542554
 20
-104.04685422959248
 10
55.02270092861188
 20
-104.01199326217655
 10
55.03554482666185
 20
-103.99469221683876
 10
55.05140234581979
 20
-103.97317069076111
 10
55.0623123378653
 20
-103.95826801217706
 10
55.08313476716115
 20
-103.9296408135109
 10
55.10289738897592
 20
-103.9021458046095
 10
55.12581366917413
 20
-103.86988056419965
 10
55.1457659032921
 20
-103.8414412139962
 10
55.17381560982829
 20
-103.80096347643948
 10
55.19589670869471
 20
-103.76865067089801
 10
55.21663821239358
 20
-103.73786906713896
 10
55.235685711028246
 20
-103.70924895224466
 10
55.264067946863086
 20
-103.66606838724972
 10
55.285545113155194
 20
-103.63291976375622
 10
55.30532793411592
 20
-103.60194125696394
 10
55.32385585244238
 20
-103.57255410792429
 10
55.34987875216515
 20
-103.53074451615265
 10
55.370342256434995
 20
-103.49738380090159
 10
55.39286217410331
 20
-103.46012752727782
 10
55.403942352221684
 20
-103.44164722587725
 10
55.41760648271339
 20
-103.41867053037033
 10
55.426997995134606
 20
-103.40276715809061
 10
55.444904166003475
 20
-103.37223096464616
 10
55.46186701122393
 20
-103.34292569860993
 10
55.48149910242447
 20
-103.30856318077466
 10
55.498557770244865
 20
-103.27829950389268
 10
55.52249075128443
 20
-103.23525945634945
 10
55.541287031975145
 20
-103.20093173924957
 10
55.55890079615903
 20
-103.16825954285683
 10
55.5750413370745
 20
-103.13790495309036
 10
55.59903942789559
 20
-103.09214247783265
 10
55.61715250570349
 20
-103.05704238774985
 10
55.63379287012141
 20
-103.02426852377336
 10
55.64934091600994
 20
-102.99320171583928
 10
55.6711259350595
 20
-102.94903559511988
 10
55.688209406611605
 20
-102.9138241292473
 10
55.706956217188036
 20
-102.87453375244338
 10
55.71616525202004
 20
-102.85505336321616
 10
55.72750351883427
 20
-102.83084425947239
 10
55.73528550004735
 20
-102.81409437816623
 10
55.750101810503004
 20
-102.78194524116951
 10
55.76410042277357
 20
-102.75111383526723
 10
55.78025799003355
 20
-102.71498718779986
 10
55.7942577061926
 20
-102.68319259338828
 10
55.81384192927099
 20
-102.63800751310038
 10
55.82917116010337
 20
-102.60199769483957
 10
55.84348641769432
 20
-102.56775166578838
 10
55.856563516849114
 20
-102.53595689171343
 10
55.87594479893809
 20
-102.48805617763898
 10
55.89051818029387
 20
-102.45134491959303
 10
55.90385475829939
 20
-102.41709344406938
 10
55.91627219200587
 20
-102.38464817281903
 10
55.93360812260174
 20
-102.33855371778898
 10
55.94714593559573
 20
-102.30183287972059
 10
55.96193788701433
 20
-102.26088932358098
 10
55.969186496114126
 20
-102.24059771070549
 10
55.978088973705326
 20
-102.21539090822479
 10
55.98418597668264
 20
-102.19795690954071
 10
55.995768781223205
 20
-102.16450651785232
 10
56.006667442700795
 20
-102.13244788542134
 10
56.01919383690734
 20
-102.09490735951921
 10
56.02927285853121
 20
-102.06410860206654
 10
56.062047758354154
 20
-101.97328378992391
 10
56.13258042007101
 20
-101.96982566489774
 10
69.13512570198849
 20
-101.96875035891816
 10
69.14421921839539
 20
-101.96873582484548
 10
69.16159663408698
 20
-101.96868171353867
 10
69.17837118777527
 20
-101.96858258000209
 10
69.19818416964783
 20
-101.96841009373813
 10
69.21552086374557
 20
-101.96820906321334
 10
69.24009786938576
 20
-101.96785304544517
 10
69.25962720160354
 20
-101.96750655481847
 10
69.2781491751803
 20
-101.96711761757736
 10
69.29529991089456
 20
-101.96670841119501
 10
69.32109480958144
 20
-101.9660191583221
 10
69.3408005870543
 20
-101.96542780886483
 10
69.35913423742474
 20
-101.96481733472001
 10
69.37646075361145
 20
-101.96419026814715
 10
69.40102158497876
 20
-101.96323031064772
 10
69.42053650185207
 20
-101.9624039378219
 10
69.44224092246151
 20
-101.96141405550247
 10
69.45298267958417
 20
-101.96090485768612
 10
69.4978967060547
 20
-101.95869508430366
 10
69.51630669661338
 20
-101.95773260055498
 10
69.55158606138582
 20
-101.95577946638922
 10
69.58532110079717
 20
-101.95372115595642
 10
69.624735505536
 20
-101.95109339807604
 10
69.65932067863216
 20
-101.94858675721193
 10
69.70832610212608
 20
-101.94475014557281
 10
69.74725054310201
 20
-101.9414476546502
 10
69.78414555256809
 20
-101.93807526717788
 10
69.81829995269305
 20
-101.93475631047457
 10
69.86960625698525
 20
-101.92947424389723
 10
69.90879648993683
 20
-101.92517912338127
 10
69.9452392510783
 20
-101.92094260193024
 10
69.97965946284604
 20
-101.91673945212065
 10
70.02841714786537
 20
-101.91049931808243
 10
70.06713227653891
 20
-101.90528804533463
 10
70.11015816223808
 20
-101.89921105954143
 10
70.1314433634865
 20
-101.89612687240368
 10
70.15783701079323
 20
-101.89220583330004
 10
70.1760636085569
 20
-101.88944082673021
 10
70.21098086339404
 20
-101.88403401375295
 10
70.2443509269789
 20
-101.87867412735204
 10
70.2833170284069
 20
-101.87219004284404
 10
70.31748911061696
 20
-101.86630053999777
 10
70.36588124583372
 20
-101.85767196135774
 10
70.4042935163297
 20
-101.85056449858244
 10
70.4406792954451
 20
-101.8435866909596
 10
70.47434294617123
 20
-101.83693108120167
 10
70.52488296033667
 20
-101.82663816831827
 10
70.56346230010628
 20
-101.81851677914459
 10
70.59931318950007
 20
-101.81072340480692
 10
70.6331545734706
 20
-101.80316177950222
 10
70.68106423084642
 20
-101.79216560516069
 10
70.71908082907977
 20
-101.78317912584565
 10
70.76130238452359
 20
-101.77290795972007
 10
70.7821820350817
 20
-101.76774925879324
 10
70.80806331241497
 20
-101.76125628958036
 10
70.82593046289597
 20
-101.75671546796137
 10
70.86014833479332
 20
-101.74790720170043
 10
70.89283109419488
 20
-101.73929751158437
 10
70.93097251067076
 20
-101.72901973156276
 10
70.96440142677484
 20
-101.7198042546623
 10
71.01171284405082
 20
-101.70646705425196
 10
71.04924191198307
 20
-101.69562327208024
 10
71.0847670029691
 20
-101.68510744439538
 10
71.11761474011924
 20
-101.6751794694965
 10
71.166900287685
 20
-101.65997513168645
 10
71.2044960884327
 20
-101.64810592003656
 10
71.2394088149054
 20
-101.63683097063043
 10
71.27234449014215
 20
-101.62598390913563
 10
71.31894335058178
 20
-101.61033790881471
 10
71.35589420817631
 20
-101.59766302519819
 10
71.39690360659529
 20
-101.58329689006521
 10
71.41717602558718
 20
-101.57611350431121
 10
71.44229494033199
 20
-101.56711132192291
 10
71.45963006102598
 20
-101.56083854599058
 10
71.49281803247527
 20
-101.54871390731311
 10
71.52449779814542
 20
-101.53693757626344
 10
71.56144611380718
 20
-101.52296537594006
 10
71.59380896697708
 20
-101.51051293918648
 10
71.63958267554966
 20
-101.49259594378186
 10
71.67586603987687
 20
-101.47812058455204
 10
71.71018729850631
 20
-101.46416831136756
 10
71.74190183897886
 20
-101.45106386769523
 10
71.78945686062819
 20
-101.43109496680884
 10
71.82570597672512
 20
-101.41559257985749
 10
71.85934331102409
 20
-101.40094496245267
 10
71.89105514501487
 20
-101.3869172387823
 10
71.9358931004611
 20
-101.36677254044427
 10
71.97142130142657
 20
-101.3505316818537
 10
72.01082242454993
 20
-101.33220934318736
 10
72.03029179647959
 20
-101.32307065841783
 10
72.05440571983108
 20
-101.31164621679987
 10
72.07104136721462
 20
-101.3037020765965
 10
72.10287886872105
 20
-101.28837817989984
 10
72.1332496392399
 20
-101.2735489579381
 10
72.16864796265865
 20
-101.25601729768934
 10
72.19963215338956
 20
-101.24044818174957
 10
72.24130568300589
 20
-101.21920528538826
 10
72.30811834844563
 20
-101.18814100059979
 10
72.31144760825576
 20
-101.25603927447828
 10
72.3124997003472
 20
-116.63290553062991
 10
72.31251412851842
 20
-116.64200676975886
 10
72.31256811002423
 20
-116.65940791196525
 10
72.31266701512743
 20
-116.6761787758642
 10
72.31283889690484
 20
-116.69595170397484
 10
72.31303933046892
 20
-116.71326264112528
 10
72.31339429108334
 20
-116.73780313772171
 10
72.31373975284278
 20
-116.75730346098953
 10
72.31412753522942
 20
-116.77579792678198
 10
72.31453552650957
 20
-116.79292319095596
 10
72.3152227332337
 20
-116.8186798038827
 10
72.3158123269636
 20
-116.83835632932805
 10
72.31642098859334
 20
-116.85666276788434
 10
72.3170461934554
 20
-116.87396357242623
 10
72.31800330109695
 20
-116.89848796670377
 10
72.31882722069936
 20
-116.9179739387825
 10
72.31981416454158
 20
-116.93964617654551
 10
72.32032185083159
 20
-116.95037200849613
 10
72.32252507121959
 20
-116.99521958977454
 10
72.32348469811515
 20
-117.01360229983987
 10
72.32543203538978
 20
-117.04882940570336
 10
72.32748423731982
 20
-117.08251450478488
 10
72.33010419805358
 20
-117.12187060959886
 10
72.33260340171171
 20
-117.15640466133334
 10
72.3364286330023
 20
-117.2053377277986
 10
72.33972132882019
 20
-117.24420474805218
 10
72.34308371679862
 20
-117.28104540454318
 10
72.34639283139263
 20
-117.31514951592797
 10
72.35165925213668
 20
-117.36638050925065
 10
72.35594164508815
 20
-117.4055132224929
 10
72.36016561369618
 20
-117.44190255861257
 10
72.36435631255762
 20
-117.47627238245686
 10
72.37057796795871
 20
-117.52495881169703
 10
72.37577381187202
 20
-117.56361744999545
 10
72.38183281137341
 20
-117.6065806724573
 10
72.38490787147283
 20
-117.62783490493669
 10
72.38881732969953
 20
-117.6541903315029
 10
72.39157415640132
 20
-117.67239046391006
 10
72.39696497689317
 20
-117.70725706919704
 10
72.40230901399387
 20
-117.74057881435601
 10
72.40877393175006
 20
-117.77948860771586
 10
72.41464603005412
 20
-117.81361140375432
 10
72.42324912105184
 20
-117.86193390589129
 10
72.43033559581755
 20
-117.90029103018983
 10
72.43729280877616
 20
-117.93662471719725
 10
72.44392877655064
 20
-117.9702402580161
 10
72.45419135350143
 20
-118.02070836060379
 10
72.46228880220575
 20
-118.0592328912252
 10
72.47005920991487
 20
-118.09503298141925
 10
72.47759856126267
 20
-118.128826544849
 10
72.48856236226038
 20
-118.1766687067587
 10
72.49752239594032
 20
-118.21463191138614
 10
72.50776335190726
 20
-118.25679436838097
 10
72.51290688383918
 20
-118.27764484732371
 10
72.51938080050071
 20
-118.30349017139402
 10
72.52390827726077
 20
-118.32133244892009
 10
72.53269066442118
 20
-118.35550276916182
 10
72.5412750706932
 20
-118.38814025377329
 10
72.55152268477948
 20
-118.42622901309284
 10
72.56071112621322
 20
-118.45961193225926
 10
72.57400922444852
 20
-118.50685849796002
 10
72.58482123153621
 20
-118.54433632622916
 10
72.59530626771195
 20
-118.57981313048728
 10
72.60520518066947
 20
-118.61261636470446
 10
72.62036507960009
 20
-118.66183554113681
 10
72.63219960120007
 20
-118.69938087684872
 10
72.64344161473771
 20
-118.73424694668405
 10
72.65425701049709
 20
-118.7671387992104
 10
72.66985736969258
 20
-118.81367594760913
 10
72.68249530311638
 20
-118.85057811215053
 10
72.69681958954587
 20
-118.89153375617485
 10
72.70398205828633
 20
-118.91177968007187
 10
72.71295808602582
 20
-118.93686599704442
 10
72.71921261076808
 20
-118.95417858880307
 10
72.73130198540917
 20
-118.98732354514138
 10
72.74304408832829
 20
-119.01896245239077
 10
72.75697570861787
 20
-119.0558633620925
 10
72.76939200346735
 20
-119.08818490862556
 10
72.78725704098657
 20
-119.13390052764103
 10
72.80169045485741
 20
-119.17013812790672
 10
72.81560233761905
 20
-119.20441638839215
 10
72.82866886381626
 20
-119.23609140292928
 10
72.84858008661192
 20
-119.2835876456302
 10
72.86403770819405
 20
-119.31979220432213
 10
72.87864306082433
 20
-119.35338847448469
 10
72.89263034282186
 20
-119.38506184958727
 10
72.91271702022854
 20
-119.42984580629924
 10
72.92891114318965
 20
-119.4653315427397
 10
72.94718080937236
 20
-119.50468594855059
 10
72.9562932364316
 20
-119.52413233808609
 10
72.96768493119576
 20
-119.5482180530163
 10
72.9756062694281
 20
-119.56483422928507
 10
72.9908862042621
 20
-119.59663461766748
 10
73.00567292095693
 20
-119.62697024757894
 10
73.02315437832978
 20
-119.66232793173015
 10
73.03867895088892
 20
-119.69327683146943
 10
73.06093887761813
 20
-119.737021237403
 10
73.07885469660658
 20
-119.77166962176587
 10
73.09605944691457
 20
-119.80441922008548
 10
73.11216774856068
 20
-119.8346609672365
 10
73.13663853926198
 20
-119.87997686142747
 10
73.15557039548088
 20
-119.91449197340945
 10
73.17339842967542
 20
-119.94649489345394
 10
73.19042289273992
 20
-119.97664475921722
 10
73.21480244267308
 20
-120.01924423025685
 10
73.2343967969137
 20
-120.05297179155342
 10
73.25643589597804
 20
-120.09034595471132
 10
73.26741052370315
 20
-120.10880553052556
 10
73.28110817724341
 20
-120.13165868481046
 10
73.29062004214596
 20
-120.14741842272416
 10
73.30894338304508
 20
-120.17756798802313
 10
73.32663230935283
 20
-120.20630819190205
 10
73.34749524782288
 20
-120.23978213668488
 10
73.36597858797072
 20
-120.26906033480574
 10
73.39241902864124
 20
-120.31041224510274
 10
73.41364471361683
 20
-120.34313773068092
 10
73.4339766403261
 20
-120.3740432703115
 10
73.45297158567169
 20
-120.40256050552182
 10
73.48176627718743
 20
-120.44525963437019
 10
73.5039900439198
 20
-120.47775290024796
 10
73.52486906595982
 20
-120.50785426455289
 10
73.54476675520357
 20
-120.53619026128462
 10
73.57320438927331
 20
-120.57619499046378
 10
73.59601027045157
 20
-120.60783956176532
 10
73.62160655382267
 20
-120.64287354864332
 10
73.63433769054608
 20
-120.66016853492526
 10
73.65020938696915
 20
-120.68156904019405
 10
73.66122017408894
 20
-120.69632056487045
 10
73.68241045727399
 20
-120.72452895030597
 10
73.70283123916258
 20
-120.7513969442744
 10
73.72687473721832
 20
-120.78266477728779
 10
73.7481388402838
 20
-120.80999030873541
 10
73.77850515900057
 20
-120.84855148189877
 10
73.80283629501386
 20
-120.87903890437643
 10
73.82609959055462
 20
-120.90780274807409
 10
73.847798247892
 20
-120.93432083477889
 10
73.88063953160136
 20
-120.97399198233119
 10
73.90594118182199
 20
-121.00415047418782
 10
73.92967011531377
 20
-121.03206039016348
 10
73.95224940511494
 20
-121.05830962672907
 10
73.98447125335618
 20
-121.09533434663189
 10
74.01026902836885
 20
-121.12459117341733
 10
74.03917598984914
 20
-121.15694758757553
 10
74.05354102776754
 20
-121.17291142415729
 10
74.07143391396384
 20
-121.19265318185008
 10
74.08383758339733
 20
-121.20625442803578
 10
74.10769073484532
 20
-121.23224997141892
 10
74.13064670902206
 20
-121.25698700200792
 10
74.15763921464291
 20
-121.28574759694004
 10
74.18147929569045
 20
-121.31085730191069
 10
74.21547904820328
 20
-121.3462563727619
 10
74.24268131311479
 20
-121.37421212159555
 10
74.26865193923295
 20
-121.40055725782011
 10
74.29284533863058
 20
-121.42482081234846
 10
74.32941693502111
 20
-121.46108192377011
 10
74.35755280001077
 20
-121.48861519884701
 10
74.38390312235225
 20
-121.5140648787442
 10
74.40894656180416
 20
-121.53797456064281
 10
74.44464231020542
 20
-121.5716627029787
 10
74.47318353237587
 20
-121.59825002601197
 10
74.50512278211957
 20
-121.62761725748933
 10
74.52098337806561
 20
-121.64209620389816
 10
74.54072513575886
 20
-121.6599890900949
 10
74.55440223338887
 20
-121.67230907035429
 10
74.58068853422009
 20
-121.69584142040104
 10
74.60595862210478
 20
-121.71820925648376
 10
74.63564018270101
 20
-121.74418563307746
 10
74.66182664872025
 20
-121.766837691388
 10
74.69913239882854
 20
-121.79873374752572
 10
74.72894381995482
 20
-121.82388859356968
 10
74.75737166532133
 20
-121.84756130425549
 10
74.78382681111579
 20
-121.86933665531187
 10
74.82377651572
 20
-121.90183851627506
 10
74.85447563171532
 20
-121.92648141407906
 10
74.88319357489965
 20
-121.94922576356987
 10
74.91045998199132
 20
-121.97056562749582
 10
74.94928586097801
 20
-122.00059275703505
 10
74.98029566273598
 20
-122.02425452586273
 10
75.01495960831842
 20
-122.05034975217504
 10
75.03216301608164
 20
-122.06320436824073
 10
75.05356352135045
 20
-122.07907606466385
 10
75.06838232925116
 20
-122.08999613085334
 10
75.09684862801241
 20
-122.11083865816269
 10
75.12418946484706
 20
-122.130621885252
 10
75.15627423076933
 20
-122.15356387680448
 10
75.18455489177255
 20
-122.1735401367463
 10
75.22480736470598
 20
-122.20162600171095
 10
75.25694084176655
 20
-122.2237376900482
 10
75.28755213069475
 20
-122.24450999405445
 10
75.31601424537367
 20
-122.26358743310735
 10
75.3589573206967
 20
-122.29201703292324
 10
75.39192403842763
 20
-122.31353222887682
 10
75.4227330329589
 20
-122.3333522074392
 10
75.45195981728754
 20
-122.35191673883914
 10
75.49354191243597
 20
-122.37799367792051
 10
75.52672165243798
 20
-122.39850201677314
 10
75.56377646109485
 20
-122.42107392661211
 10
75.58215700245222
 20
-122.43218041535378
 10
75.60501015673647
 20
-122.44587806889365
 10
75.62082796168824
 20
-122.455293054807
 10
75.65120011236763
 20
-122.47324503445206
 10
75.6803483909448
 20
-122.49025312925433
 10
75.7145273683544
 20
-122.50993979184265
 10
75.7446298661212
 20
-122.52704787111587
 10
75.7874414085628
 20
-122.55105306267586
 10
75.8215874786052
 20
-122.56990864565867
 10
75.85408740764761
 20
-122.58758049434125
 10
75.88428238548416
 20
-122.60377629522138
 10
75.9298052662351
 20
-122.62785984130265
 10
75.96472209819278
 20
-122.64604013231019
 10
75.99732543661592
 20
-122.66274486271877
 10
76.02823112826637
 20
-122.67835527500358
 10
76.0721689812524
 20
-122.7002308884374
 10
76.10719912046487
 20
-122.71738829080124
 10
76.14628793414973
 20
-122.73621950434752
 10
76.16566859444328
 20
-122.7454709042092
 10
76.18975430937381
 20
-122.75686259897351
 10
76.20641877726551
 20
-122.76468183314806
 10
76.23840427944337
 20
-122.77957037774794
 10
76.26907928590857
 20
-122.79363954301397
 10
76.3050233125688
 20
-122.80988128331566
 10
76.33665774358624
 20
-122.82395642176245
 10
76.38161605697974
 20
-122.84364975680084
 10
76.41744587468771
 20
-122.85906764485995
 10
76.45152145175801
 20
-122.87346884865404
 10
76.48315849860997
 20
-122.88662703694597
 10
76.5308227745708
 20
-122.90613259158243
 10
76.56735345257297
 20
-122.92080289150141
 10
76.60143714690915
 20
-122.93423149806753
 10
76.63372410717777
 20
-122.94673745443471
 10
76.67959457246381
 20
-122.96420106810868
 10
76.71613775149751
 20
-122.97784229882
 10
76.75688412356554
 20
-122.99275146119129
 10
76.7770782564422
 20
-123.00005867613473
 10
76.80216457341258
 20
-123.00903470387344
 10
76.81951521630961
 20
-123.01518288281025
 10
76.85280603211915
 20
-123.02686460754359
 10
76.88471234938838
 20
-123.03785934951947
 10
76.92207526467391
 20
-123.05049975069707
 10
76.95493697207968
 20
-123.06140639704081
 10
77.00160908328778
 20
-123.07659821797473
 10
77.03877758792677
 20
-123.08842992841817
 10
77.07410064659561
 20
-123.0994217958611
 10
77.10687508041195
 20
-123.10941565102021
 10
77.15622171854416
 20
-123.12415536505472
 10
77.19401443219381
 20
-123.13517439087798
 10
77.22925023783593
 20
-123.14519754878118
 10
77.26260752564481
 20
-123.15447861003437
 10
77.3099688455809
 20
-123.16736203980386
 10
77.34767313364337
 20
-123.17735572635308
 10
77.3896846542461
 20
-123.18819925416173
 10
77.41049777916348
 20
-123.19349191171135
 10
77.4363431032345
 20
-123.19996582837307
 10
77.45421282496133
 20
-123.20438374174822
 10
77.48848834564276
 20
-123.21274614521838
 10
77.5213186984423
 20
-123.2205605785297
 10
77.55974067705756
 20
-123.22947790661071
 10
77.59351318464537
 20
-123.23711102388496
 10
77.64144961572264
 20
-123.24765502517432
 10
77.6795988542732
 20
-123.25578661216251
 10
77.71582921417597
 20
-123.26326328556146
 10
77.74942539923904
 20
-123.26999656129783
 10
77.79997916443487
 20
-123.27982848322496
 10
77.83866994923936
 20
-123.28709011570994
 10
77.87491064056617
 20
-123.29364604992884
 10
77.89810996124969
 20
-123.29770624242005
 10
77.96807497930858
 20
-123.31303751265311
 10
78.0112478631717
 20
-123.41753858130429
 10
78.03408633049575
 20
-123.47674508149646
 10
78.16549408498302
 20
-123.7939914645806
 10
78.29137485826654
 20
-124.0601425447361
 10
78.45323280423759
 20
-124.3629543888332
 10
78.60458882616842
 20
-124.61547423859824
 10
78.79534813290599
 20
-124.90096310789603
 10
78.97072660777236
 20
-125.13743152112318
 10
79.18855015887314
 20
-125.40284800174614
 10
79.38626209608996
 20
-125.62098765834833
 10
79.62905213168128
 20
-125.86377564449535
 10
79.8471934572128
 20
-126.0614857403323
 10
80.11261177653047
 20
-126.27930705097654
 10
80.34908167016368
 20
-126.45468352974606
 10
80.63457214969924
 20
-126.64544042659193
 10
80.8870932770903
 20
-126.79679431693263
 10
81.18990648746156
 20
-126.9586497067858
 10
81.45604693211305
 20
-127.08452338799607
 10
81.77326661657007
 20
-127.21591851497313
 10
82.05046330051161
 20
-127.31509975469265
 10
82.37903446008175
 20
-127.4147692118924
 10
82.66461782771583
 20
-127.48630284056482
 10
83.00137614251824
 20
-127.55328675662999
 10
83.29259586989951
 20
-127.5964838663071
 10
83.6342981732713
 20
-127.63013714950868
 10
83.78113397036024
 20
-127.64096809705246
 10
83.8056142783239
 20
-127.64217073746411
 10
83.87919361573833
 20
-127.64488082493725
 10
84.05091939051553
 20
-127.64909645608861
 10
84.12454307608427
 20
-127.65
 10
92.07545692391572
 20
-127.65
 10
92.14908060948446
 20
-127.64909645608861
 10
92.32080638426166
 20
-127.64488082493725
 10
92.39438572167609
 20
-127.64217073746411
 10
92.41886602963974
 20
-127.64096809705246
 10
92.5657144276453
 20
-127.63013590845358
 10
92.9074459455828
 20
-127.59647829168054
 10
93.19867790922704
 20
-127.55327748263633
 10
93.53543565858882
 20
-127.48629072391037
 10
93.82101842237914
 20
-127.41475468455809
 10
94.14958874060247
 20
-127.31508245380843
 10
94.42678458732017
 20
-127.21589887420407
 10
94.74400316262624
 20
-127.08450106949888
 10
95.01014254473608
 20
-126.95862514173346
 10
95.31295438883319
 20
-126.79676719576241
 10
95.56547423859823
 20
-126.64541117383158
 10
95.85096310789602
 20
-126.45465186709401
 10
96.08743152112316
 20
-126.27927339222764
 10
96.35284800174612
 20
-126.06144984112686
 10
96.57098765834832
 20
-125.86373790391004
 10
96.81377564449534
 20
-125.62094786831872
 10
97.01148574033229
 20
-125.4028065427872
 10
97.22930705097653
 20
-125.13738822346953
 10
97.40468352974605
 20
-124.90091832983632
 10
97.59544042659192
 20
-124.61542785030076
 10
97.74679431693262
 20
-124.3629067229097
 10
97.9086497067858
 20
-124.06009351253844
 10
98.03452858199188
 20
-123.79394052824186
 10
98.06950985641087
 20
-123.70948617220057
 10
98.1000770323158
 20
-123.64492916176799
 10
98.15982370140814
 20
-123.65450208348031
 10
98.21825402696285
 20
-123.66989059322734
 10
98.23471684011433
 20
-123.73941031111174
 10
98.29864047796188
 20
-124.08404267374792
 10
98.36722871240416
 20
-124.3731430584594
 10
98.4627477826782
 20
-124.70224342040832
 10
98.55858957390096
 20
-124.98062574313253
 10
98.68615775193042
 20
-125.29940367140539
 10
98.80881957363077
 20
-125.56703961330703
 10
98.96701917694482
 20
-125.87177867071735
 10
99.11532325812132
 20
-126.12610291141559
 10
99.30263073805902
 20
-126.41386829425255
 10
99.47514882933892
 20
-126.65243155228207
 10
99.68976031247604
 20
-126.92045192260072
 10
99.88483097033223
 20
-127.14095670337451
 10
100.12467963076723
 20
-127.38665087849341
 10
100.340424218128
 20
-127.58697360043234
 10
100.6032001821474
 20
-127.80797541113604
 10
100.83754096069843
 20
-127.98618685692033
 10
101.12071355211793
 20
-128.18036793495764
 10
101.37139369205795
 20
-128.33475183094404
 10
101.67223580402849
 20
-128.50024210638622
 10
101.93684111857493
 20
-128.62931165126196
 10
102.25245547709734
 20
-128.76451736228796
 10
102.528437672422
 20
-128.86702954577876
 10
102.85578473869357
 20
-128.97064858748163
 10
102.99720292723323
 20
-129.0116236613945
 10
103.0209047875847
 20
-129.01786494634473
 10
103.09233153792515
 20
-129.03573902825116
 10
103.25946982893576
 20
-129.07539132890318
 10
103.33131371880403
 20
-129.0915071272678
 10
111.11020786772028
 20
-130.73644993344246
 10
111.18242562104241
 20
-130.75079774071065
 10
111.35130823283563
 20
-130.78220119119888
 10
111.42385634833755
 20
-130.79477236478806
 10
111.44805583065629
 20
-130.79866040767325
 10
111.59396817443793
 20
-130.81844363893416
 10
111.93526959109353
 20
-130.8562141103089
 10
112.22913838690059
 20
-130.87420014380888
 10
112.57246901847742
 20
-130.8783335468814
 10
112.86667303431358
 20
-130.8674286412631
 10
113.20875557940711
 20
-130.83788985417527
 10
113.50047405482842
 20
-130.7982004223524
 10
113.83801407152653
 20
-130.73527391977163
 10
114.12443759814485
 20
-130.6671821926692
 10
114.45418439157028
 20
-130.5714739912142
 10
114.73255455424996
 20
-130.47563572938685
 10
115.05133248252311
 20
-130.3480675513573
 10
115.3189684244249
 20
-130.2254057296569
 10
115.62370748183524
 20
-130.06720612634285
 10
115.87803172253359
 20
-129.91890204516628
 10
116.1657971053706
 20
-129.73159456522853
 10
116.40436036340006
 20
-129.55907647394866
 10
116.67238073371861
 20
-129.34446499081162
 10
116.89288551449238
 20
-129.14939433295544
 10
117.13857968961138
 20
-128.90954567252032
 10
117.33890455342366
 20
-128.69379853842264
 10
117.46605718345414
 20
-128.54261095282865
 10
117.51490382355647
 20
-128.49005313716134
 10
117.58187894913608
 20
-128.5158174310449
 10
130.6662513264809
 20
-134.30854981453498
 10
130.67467301792007
 20
-134.31226283769055
 10
130.69082542067545
 20
-134.31935466531988
 10
130.70629463188612
 20
-134.32609470626946
 10
130.72439738473602
 20
-134.3339216980202
 10
130.74030756466206
 20
-134.34074627810185
 10
130.76289097593818
 20
-134.35035624717776
 10
130.7808618309519
 20
-134.3579345267589
 10
130.79793006694953
 20
-134.36506691489757
 10
130.81375449240306
 20
-134.371626540594
 10
130.8375844154244
 20
-134.38142501654104
 10
130.85581521898234
 20
-134.38885139358425
 10
130.87280094061472
 20
-134.3957056931295
 10
130.88887381227553
 20
-134.4021377624155
 10
130.9116862622773
 20
-134.41119061248335
 10
130.92983768509652
 20
-134.41832558276872
 10
130.95005421490893
 20
-134.4261965338382
 10
130.96006738825457
 20
-134.43007436519656
 10
131.0019677197346
 20
-134.44621505749083
 10
131.01916526228877
 20
-134.45277931245676
 10
131.0521650888542
 20
-134.4652593988674
 10
131.08379736319563
 20
-134.47701935859854
 10
131.1208450201333
 20
-134.49055591263988
 10
131.15343452913208
 20
-134.50225081115596
 10
131.19972723555708
 20
-134.51856224030703
 10
131.23660001411568
 20
-134.5312856561383
 10
131.27164810807216
 20
-134.54312502828404
 10
131.30417235173806
 20
-134.55390529853435
 10
131.35314969753657
 20
-134.56982916311938
 10
131.39066607611588
 20
-134.58175516300327
 10
131.4256502720049
 20
-134.59262400524707
 10
131.45877436698652
 20
-134.60270572533233
 10
131.50581167571224
 20
-134.61672603120994
 10
131.5432643478195
 20
-134.62762485964004
 10
131.58500253627273
 20
-134.6394770148458
 10
131.60568216028778
 20
-134.645269384262
 10
131.631364075388
 20
-134.65236386170935
 10
131.64912221657286
 20
-134.65721085405116
 10
131.68318640233045
 20
-134.66639629680216
 10
131.71581903624843
 20
-134.6749991240399
 10
131.7540151129133
 20
-134.68483919048586
 10
131.7875939950249
 20
-134.6932834443916
 10
131.83526258904234
 20
-134.7049788508479
 10
131.87320492792796
 20
-134.7140268356438
 10
131.90924471714962
 20
-134.72237388403684
 10
131.94266899895882
 20
-134.7299143109849
 10
131.99297131711052
 20
-134.74096087843134
 10
132.0314759964781
 20
-134.74915220322245
 10
132.06735706675076
 20
-134.75653965818512
 10
132.10130984153264
 20
-134.76332610296623
 10
132.14949488302767
 20
-134.7726684347447
 10
132.1878354822746
 20
-134.7798437785188
 10
132.2305344043181
 20
-134.7875478044859
 10
132.25168220177764
 20
-134.79128532445122
 10
132.27793583181867
 20
-134.79582837217254
 10
132.29608355103332
 20
-134.79891142270574
 10
132.33088403926325
 20
-134.8047137609647
 10
132.3642027626546
 20
-134.81007660577987
 10
132.40317940995072
 20
-134.81612541941084
 10
132.43742428218792
 20
-134.82123770592605
 10
132.4860096891835
 20
-134.82820445653323
 10
132.52465618293445
 20
-134.83348987325456
 10
132.5613405845438
 20
-134.83826421125173
 10
132.59534301038113
 20
-134.84249217646177
 10
132.64648586206312
 20
-134.84855506228823
 10
132.68560802110662
 20
-134.85293282505063
 10
132.7220404114281
 20
-134.85676774749834
 10
132.75649488222817
 20
-134.8601935598024
 10
132.8053636082279
 20
-134.86476794572633
 10
132.84422289368948
 20
-134.86815070236239
 10
132.8874713353434
 20
-134.8716324051046
 10
132.9088836413997
 20
-134.8732790812587
 10
132.93545614958953
 20
-134.8752269472241
 10
132.95381867436458
 20
-134.87651636448481
 10
132.98902031732294
 20
-134.87887971855997
 10
133.022704252668
 20
-134.8809509338254
 10
133.06208610417153
 20
-134.88315024125805
 10
133.09666716969573
 20
-134.88488132626887
 10
133.14570148565676
 20
-134.8870523274126
 10
133.18467994741016
 20
-134.88852427460654
 10
133.22165567054213
 20
-134.8896799227204
 10
133.25590877846628
 20
-134.89055470857755
 10
133.307399630085
 20
-134.89157552388173
 10
133.3467625010295
 20
-134.89209756436694
 10
133.38339534755968
 20
-134.8923430219001
 10
133.41801969898876
 20
-134.89237520928214
 10
133.4671014769444
 20
-134.89213759551345
 10
133.50610521245937
 20
-134.89169518721545
 10
133.5494866675919
 20
-134.89092103603264
 10
133.57095727002658
 20
-134.8904610099835
 10
133.59759274857296
 20
-134.88979493517786
 10
133.6159932377687
 20
-134.88927830137422
 10
133.6512570244125
 20
-134.8881799108755
 10
133.68498177699627
 20
-134.88693954965584
 10
133.7243895639383
 20
-134.8852681703571
 10
133.75897378818232
 20
-134.88360138256817
 10
133.80798478584018
 20
-134.8809557263191
 10
133.84691983170208
 20
-134.8786000283294
 10
133.8838307799368
 20
-134.87612585703917
 10
133.9180046937871
 20
-134.87363903887754
 10
133.96934766027056
 20
-134.86960795264886
 10
134.008572157147
 20
-134.86626924332145
 10
134.04505266556455
 20
-134.86292287204955
 10
134.07951344619804
 20
-134.85956112452718
 10
134.12833559175397
 20
-134.85451379941634
 10
134.16710815002097
 20
-134.85025048681837
 10
134.21020483150153
 20
-134.84522793721007
 10
134.23152695667792
 20
-134.84266563926047
 10
134.25796889137044
 20
-134.83939203834828
 10
134.27623013821614
 20
-134.83707432894565
 10
134.31121645899015
 20
-134.83252477197377
 10
134.3446572410125
 20
-134.82798477962584
 10
134.3837114448699
 20
-134.8224588098925
 10
134.41796576285037
 20
-134.81741020138125
 10
134.4664814394941
 20
-134.8099733668557
 10
134.5049981036865
 20
-134.8038127103419
 10
134.5414888044331
 20
-134.79773254726805
 10
134.57525441074753
 20
-134.7919080745053
 10
134.6259550312745
 20
-134.7828639083069
 10
134.66466340073217
 20
-134.77569660276356
 10
134.70064024376973
 20
-134.76879063007465
 10
134.73460557744295
 20
-134.76206732311502
 10
134.7826979066574
 20
-134.75225889516057
 10
134.82086588675315
 20
-134.74421573629272
 10
134.86326274998805
 20
-134.7349931581561
 10
134.88423105419113
 20
-134.73035326463483
 10
134.91022479473665
 20
-134.72450366418335
 10
134.92817093343515
 20
-134.7204071999913
 10
134.96254285094614
 20
-134.71245029126723
 10
134.995377609397
 20
-134.70465439039884
 10
135.03370211684123
 20
-134.6953270483393
 10
135.0672966407461
 20
-134.6869452399663
 10
135.11484976389227
 20
-134.67478884794608
 10
135.1525771098837
 20
-134.66488256339846
 10
135.18829613772965
 20
-134.6552549638374
 10
135.22132825525998
 20
-134.6461489293296
 10
135.2708982551395
 20
-134.63217878342485
 10
135.3087177144249
 20
-134.62125190673567
 10
135.34384441543318
 20
-134.61085284092093
 10
135.37698719742303
 20
-134.60083272364386
 10
135.4238865548772
 20
-134.58635765336666
 10
135.46108237828562
 20
-134.5746121082458
 10
135.50237111828898
 20
-134.56127832005407
 10
135.52278366527756
 20
-134.5546055156741
 10
135.54807887775695
 20
-134.54623625053034
 10
135.56553707718913
 20
-134.54040048273714
 10
135.5989635710843
 20
-134.52911285164103
 10
135.6308760892899
 20
-134.5181361210391
 10
135.66810181435372
 20
-134.50509723405895
 10
135.70071301055515
 20
-134.49346294722065
 10
135.74684561763587
 20
-134.47670407040516
 10
135.78342031046253
 20
-134.4631475607587
 10
135.8180236716513
 20
-134.45006524375535
 10
135.850004183038
 20
-134.43776534359594
 10
135.89796617605876
 20
-134.4190037581314
 10
135.93453250310938
 20
-134.40442254209032
 10
135.9684707727633
 20
-134.3906305318356
 10
136.00047181995564
 20
-134.37741010344968
 10
136.04572653918774
 20
-134.35840779369238
 10
136.08159198979445
 20
-134.3430729783394
 10
136.12137497344412
 20
-134.32575639175806
 10
136.1410351792384
 20
-134.31711493927148
 10
136.16538825691646
 20
-134.30630661003715
 10
136.1821903850732
 20
-134.2987877402785
 10
136.21434953994174
 20
-134.284278092869
 10
136.24503248290884
 20
-134.27022624444857
 10
136.28080092152598
 20
-134.25360138415138
 10
136.31211472637887
 20
-134.23882666338963
 10
136.35638253515808
 20
-134.21762669892874
 10
136.3914523405316
 20
-134.2005505207832
 10
136.42460678577766
 20
-134.18413947620198
 10
136.455227701226
 20
-134.1687641651488
 10
136.501119787194
 20
-134.14539182444162
 10
136.53608082828387
 20
-134.12729669413264
 10
136.56850382248481
 20
-134.1102445640398
 10
136.59905494730432
 20
-134.09395114449643
 10
136.6422292006279
 20
-134.07060459789105
 10
136.67641887453635
 20
-134.05182819496147
 10
136.71431296994948
 20
-134.03069557818625
 10
136.73303149601523
 20
-134.02016869950677
 10
136.75620790543812
 20
-134.00702539630342
 10
136.77219214864687
 20
-133.99789583540223
 10
136.80277425425416
 20
-133.98030390751197
 10
136.83193212846152
 20
-133.96331226825848
 10
136.8658988109997
 20
-133.94326154114384
 10
136.895613655446
 20
-133.92548867509586
 10
136.93759034274493
 20
-133.9000517902271
 10
136.97081751927516
 20
-133.8796203965092
 10
137.00220375314572
 20
-133.86003867168097
 10
137.0311701764923
 20
-133.8417360223885
 10
137.07455038951446
 20
-133.81397801486585
 10
137.10756945070898
 20
-133.79254323628462
 10
137.13816491831113
 20
-133.77239520768083
 10
137.16697189672138
 20
-133.75318571151936
 10
137.20764989247195
 20
-133.7257197680758
 10
137.23983452443852
 20
-133.7036826045906
 10
137.27547479077106
 20
-133.67893747626636
 10
137.29307136747798
 20
-133.66662655098514
 10
137.31484790716198
 20
-133.65127485100314
 10
137.32986032841538
 20
-133.64062252162574
 10
137.35857086235478
 20
-133.62011773314384
 10
137.38592286154056
 20
-133.60034994182863
 10
137.41776067028852
 20
-133.57706644735396
 10
137.44559038413294
 20
-133.55646659843467
 10
137.4848716914945
 20
-133.52703776427018
 10
137.5159362432974
 20
-133.50344792047676
 10
137.54525199919598
 20
-133.4808840981213
 10
137.5722849679532
 20
-133.45983037510538
 10
137.61273553287802
 20
-133.42795402554555
 10
137.64349462256587
 20
-133.40338602732876
 10
137.6719679124771
 20
-133.38033613675225
 10
137.69875331753542
 20
-133.3583955619169
 10
137.7365433043916
 20
-133.3270747336751
 10
137.76641293881116
 20
-133.3019890395686
 10
137.79945614079807
 20
-133.27386970881966
 10
137.81576130348287
 20
-133.25989329788436
 10
137.835928253451
 20
-133.24248104638238
 10
137.84982427493358
 20
-133.23040853627816
 10
137.87638673906903
 20
-133.20718835952815
 10
137.90166944852305
 20
-133.1848347907925
 10
137.93107176797747
 20
-133.15854276173732
 10
137.95674833586494
 20
-133.13531431775021
 10
137.992955962825
 20
-133.10217695005167
 10
138.02155872129055
 20
-133.0756558392707
 10
138.04852167247196
 20
-133.0503272213251
 10
138.0733608443749
 20
-133.02672518344556
 10
138.11049220015093
 20
-132.99103747851746
 10
138.1386950914894
 20
-132.9635728639132
 10
138.16477199036785
 20
-132.9378430944071
 10
138.18927786397515
 20
-132.91338274063196
 10
138.22381590369545
 20
-132.87850866429727
 10
138.25108287965833
 20
-132.85061602851934
 10
138.28121079320482
 20
-132.819393299871
 10
138.29606751424555
 20
-132.80388600375247
 10
138.314430655737
 20
-132.78458089023715
 10
138.3270764511569
 20
-132.77120446428546
 10
138.35123503445155
 20
-132.74549252225086
 10
138.37420496787004
 20
-132.7207684531731
 10
138.4008886376128
 20
-132.69172109615812
 10
138.42416478014843
 20
-132.6660877597259
 10
138.45695002746547
 20
-132.62956098946063
 10
138.48281553239357
 20
-132.6003640244872
 10
138.50716601089766
 20
-132.5725145393883
 10
138.529572171141
 20
-132.54659148717278
 10
138.56302672250828
 20
-132.5074361189883
 10
138.588401806233
 20
-132.47733938725167
 10
138.6118311792853
 20
-132.4491775305643
 10
138.63382151648335
 20
-132.42243296442754
 10
138.664774988873
 20
-132.38434149641068
 10
138.68917671050008
 20
-132.3539105402867
 10
138.71609918732977
 20
-132.31988510568456
 10
138.72936438837533
 20
-132.30299626812797
 10
138.7457468743014
 20
-132.28198421139373
 10
138.75702065774712
 20
-132.26743269187605
 10
138.77854269983442
 20
-132.2394766046146
 10
138.7989786441926
 20
-132.21262014150557
 10
138.82268668589762
 20
-132.18109719846012
 10
138.8433382411084
 20
-132.15330583262306
 10
138.8723853689294
 20
-132.1137414325565
 10
138.89526452137113
 20
-132.08214979611998
 10
138.91676801878185
 20
-132.05204764962778
 10
138.9365253837931
 20
-132.02405323624063
 10
138.96598094513033
 20
-131.9818072924047
 10
138.9882838453113
 20
-131.94936829151806
 10
139.008840054873
 20
-131.91904556171676
 10
139.02810307669674
 20
-131.89027434800602
 10
139.05517388288828
 20
-131.84933232997543
 10
139.0764753482603
 20
-131.8166561202482
 10
139.09993311020926
 20
-131.78015566322108
 10
139.11147904012537
 20
-131.7620479329609
 10
139.12572309818955
 20
-131.73953129060234
 10
139.13551629695132
 20
-131.7239448166219
 10
139.15419452879016
 20
-131.69401381655058
 10
139.17189967477884
 20
-131.66528360182352
 10
139.19240376705486
 20
-131.63158865590776
 10
139.21023184918056
 20
-131.6019069067031
 10
139.23526111779296
 20
-131.55968590362522
 10
139.2549335790011
 20
-131.52600384045607
 10
139.2733830048746
 20
-131.49393893270832
 10
139.29030130042662
 20
-131.46414275965623
 10
139.3154741985792
 20
-131.41921309169848
 10
139.33449012609762
 20
-131.38474422697092
 10
139.35197520462899
 20
-131.35255264852546
 10
139.36832539764526
 20
-131.3220318697604
 10
139.39125283097755
 20
-131.2786335957308
 10
139.4092488953357
 20
-131.24402682216711
 10
139.4290160313307
 20
-131.2054028620725
 10
139.43873149650096
 20
-131.18625062644907
 10
139.45855690777168
 20
-131.1468193260405
 10
139.46267869124082
 20
-131.13858996830902
 10
139.4705545372855
 20
-131.12280500133008
 10
139.47804549777575
 20
-131.10768514160125
 10
139.48675132156308
 20
-131.0899882465726
 10
139.49434835666753
 20
-131.07443209742542
 10
139.50505486557947
 20
-131.05234742770062
 10
139.51350580485595
 20
-131.03477006791536
 10
139.5214671003648
 20
-131.01807236105637
 10
139.52879529245624
 20
-131.00258886240033
 10
139.53975124461923
 20
-130.9792684319761
 10
139.54806321940166
 20
-130.96142398326123
 10
139.55574271249395
 20
-130.94479504622572
 10
139.56295569250054
 20
-130.92905714172892
 10
139.5731169918841
 20
-130.906716372615
 10
139.58113401588798
 20
-130.88893691037944
 10
139.5899874641482
 20
-130.86913094153718
 10
139.5943519476171
 20
-130.8593201056646
 10
141.0226540732987
 20
-127.6331332835295
 10
141.05474855595168
 20
-127.56930570661487
 10
141.12617014642768
 20
-127.56758181407372
 10
141.4765713016632
 20
-127.57634122394741
 10
141.77360697065828
 20
-127.56904809782334
 10
142.1153488558644
 20
-127.54368227600375
 10
142.40753676418157
 20
-127.50750779903946
 10
142.74581009593587
 20
-127.44865067862048
 10
143.03303284635228
 20
-127.38401313887957
 10
143.36390829292299
 20
-127.29228284695442
 10
143.6434124004862
 20
-127.19980380200141
 10
143.96370345044693
 20
-127.07608375142672
 10
144.2327971378098
 20
-126.95665382501834
 10
144.53941921326435
 20
-126.80213550751168
 10
144.79551096111615
 20
-126.65690487512599
 10
145.085511123856
 20
-126.47307638655579
 10
145.32613462866885
 20
-126.30344369857515
 10
145.59672001860068
 20
-126.092075407775
 10
145.81955794448726
 20
-125.89967431971381
 10
146.06812267638705
 20
-125.66280181887099
 10
146.27102897230463
 20
-125.44948525838504
 10
146.4951792319253
 20
-125.18938975917004
 10
146.67619979932425
 20
-124.95721208134754
 10
146.87377689713287
 20
-124.6763984456002
 10
147.03116840899318
 20
-124.42759564839999
 10
147.20026956953075
 20
-124.1287682649417
 10
147.26961576107126
 20
-123.99888690965572
 10
147.28062562752675
 20
-123.9769890864158
 10
147.31289028479873
 20
-123.91080558878024
 10
147.38626348316643
 20
-123.75548692592979
 10
147.41689419858739
 20
-123.68853154719807
 10
150.63560244147584
 20
-116.41825313005356
 10
150.66458076424775
 20
-116.350566201643
 10
150.73024445581964
 20
-116.19183437472054
 10
150.75755293048488
 20
-116.12345666870469
 10
150.7663634194101
 20
-116.10058513384497
 10
150.81590604176415
 20
-115.9619225329869
 10
150.92347025704953
 20
-115.6358194739565
 10
151.00186486983338
 20
-115.352029672806
 10
151.07693958060906
 20
-115.01698222034251
 10
151.1271376685931
 20
-114.7268872843944
 10
151.16901048095102
 20
-114.3860945685333
 10
151.19053257537524
 20
-114.0924762459578
 10
151.1988002312429
 20
-113.74922028684313
 10
151.19143906257264
 20
-113.45490628259495
 10
151.16602193990414
 20
-113.11249282276202
 10
151.12984840021775
 20
-112.82031754159168
 10
151.07099127979876
 20
-112.4820442098373
 10
151.00635374005802
 20
-112.19482145942156
 10
150.91462344813328
 20
-111.86394601285204
 10
150.8221444031801
 20
-111.58444190528817
 10
150.69842435260438
 20
-111.26415085532479
 10
150.57899442619555
 20
-110.99505716796102
 10
150.4244761086898
 20
-110.68843509250848
 10
150.27924547630477
 20
-110.4323433446579
 10
150.09541698773418
 20
-110.14234318191734
 10
149.92578429975313
 20
-109.9017196771039
 10
149.71441600895318
 20
-109.63113428717239
 10
149.52201646358583
 20
-109.40829798012959
 10
149.2849485808679
 20
-109.15952785084114
 10
149.24106525604964
 20
-109.10849792499346
 10
149.23219141005023
 20
-109.0991477616972
 10
149.25870212672515
 20
-109.02990556393473
 10
150.7428609099308
 20
-105.67755214917717
 10
150.74657393308516
 20
-105.66913045774079
 10
150.75366576071275
 20
-105.6529780549894
 10
150.7604058016636
 20
-105.63750884377576
 10
150.7682327934205
 20
-105.6194060909116
 10
150.7750573735032
 20
-105.60349591098324
 10
150.7846673425774
 20
-105.58091249971108
 10
150.79224562215867
 20
-105.56294164469689
 10
150.7993780102933
 20
-105.54587340870886
 10
150.80593763598856
 20
-105.53004898325828
 10
150.81573611193957
 20
-105.50621906022727
 10
150.8231624889834
 20
-105.48798825666773
 10
150.83001678852736
 20
-105.47100253503856
 10
150.83644885781402
 20
-105.45492966337602
 10
150.8455017078843
 20
-105.43211721336809
 10
150.85263667816972
 20
-105.41396579054864
 10
150.8605076292327
 20
-105.39374926075287
 10
150.86438546058895
 20
-105.38373608741264
 10
150.88052615288672
 20
-105.34183575592354
 10
150.8870904078518
 20
-105.3246382133717
 10
150.89957049425922
 20
-105.29163838681491
 10
150.9113304539913
 20
-105.26000611247106
 10
150.92486700803804
 20
-105.2229584555187
 10
150.93656190655378
 20
-105.19036894652102
 10
150.95287333569857
 20
-105.144076240114
 10
150.9655967515292
 20
-105.10720346155732
 10
150.97743612368222
 20
-105.0721553675795
 10
150.98821639393466
 20
-105.03963112390724
 10
151.0041402585153
 20
-104.9906537781222
 10
151.01606625839847
 20
-104.95313739954508
 10
151.02693510064435
 20
-104.91815320364941
 10
151.03701682073043
 20
-104.88502910866504
 10
151.05103712660636
 20
-104.83799179994482
 10
151.06193595503555
 20
-104.80053912784062
 10
151.07378811024373
 20
-104.75880093937894
 10
151.07958047965982
 20
-104.73812131536438
 10
151.08667495710426
 20
-104.7124394002747
 10
151.09152194944627
 20
-104.69468125908912
 10
151.1007073921982
 20
-104.66061707332818
 10
151.10931021943583
 20
-104.62798443941064
 10
151.11915028588268
 20
-104.58978836274231
 10
151.12759453978964
 20
-104.55620948062587
 10
151.1392899462461
 20
-104.50854088660759
 10
151.148337931042
 20
-104.47059854772179
 10
151.15668497943497
 20
-104.43455875850016
 10
151.16422540638254
 20
-104.40113447669277
 10
151.17527197382904
 20
-104.35083215854065
 10
151.18346329862
 20
-104.31232747917372
 10
151.1908507535812
 20
-104.27644640890814
 10
151.19763719836163
 20
-104.24249363412973
 10
151.2069795301417
 20
-104.19430859262667
 10
151.21415487391653
 20
-104.15596799337563
 10
151.22185889988236
 20
-104.11326907133906
 10
151.2255964198472
 20
-104.09212127388251
 10
151.2301394675695
 20
-104.06586764383579
 10
151.23322251810316
 20
-104.04771992461838
 10
151.23902485636287
 20
-104.01291943638371
 10
151.2443877011776
 20
-103.97960071299515
 10
151.2504365148063
 20
-103.94062406571376
 10
151.255548801322
 20
-103.90637919347316
 10
151.26251555193187
 20
-103.85779378645846
 10
151.26780096865326
 20
-103.81914729270676
 10
151.27257530664767
 20
-103.78246289111827
 10
151.2768032718573
 20
-103.74846046528421
 10
151.28286615768553
 20
-103.69731761358713
 10
151.2872439204483
 20
-103.65819545454042
 10
151.29107884289533
 20
-103.62176306422504
 10
151.29450465519898
 20
-103.58730859342894
 10
151.29907904112275
 20
-103.53843986743087
 10
151.30246179775895
 20
-103.49958058196773
 10
151.3059435005013
 20
-103.45633214031226
 10
151.3075901766551
 20
-103.43491983425956
 10
151.30953804262057
 20
-103.40834732606932
 10
151.31082745988172
 20
-103.38998480128771
 10
151.31319081395722
 20
-103.35478315832363
 10
151.31526202922245
 20
-103.32109922298149
 10
151.31746133665473
 20
-103.2817173714844
 10
151.31919242166543
 20
-103.24713630596275
 10
151.32136342280901
 20
-103.19810199000561
 10
151.322835370003
 20
-103.15912352825245
 10
151.32399101811703
 20
-103.12214780511583
 10
151.32486580397426
 20
-103.08789469718897
 10
151.32588661927844
 20
-103.03640384556967
 10
151.32640865976362
 20
-102.99704097462626
 10
151.32665411729678
 20
-102.96040812809683
 10
151.32668630467882
 20
-102.92578377666695
 10
151.32644869091013
 20
-102.87670199871255
 10
151.32600628261216
 20
-102.83769826320044
 10
151.32523213142932
 20
-102.79431680806431
 10
151.32477210538013
 20
-102.77284620562656
 10
151.32410603057457
 20
-102.7462107270838
 10
151.323589396771
 20
-102.72781023789021
 10
151.3224910062721
 20
-102.69254645123944
 10
151.32125064505226
 20
-102.65882169865154
 10
151.31957926575393
 20
-102.61941391171969
 10
151.317912477965
 20
-102.58482968747593
 10
151.3152668217158
 20
-102.53581868981668
 10
151.3129111237263
 20
-102.49688364395836
 10
151.31043695243557
 20
-102.45997269571578
 10
151.30795013427385
 20
-102.42579878186395
 10
151.30391904804546
 20
-102.37445581538418
 10
151.30058033871805
 20
-102.33523131850818
 10
151.29723396744652
 20
-102.29875081009463
 10
151.29387221992425
 20
-102.26429002946202
 10
151.28882489481305
 20
-102.21546788390235
 10
151.28456158221482
 20
-102.1766953256331
 10
151.27953903260672
 20
-102.1335986441544
 10
151.27697673465715
 20
-102.11227651897829
 10
151.27370313374482
 20
-102.0858345842847
 10
151.27138542434258
 20
-102.06757333744204
 10
151.26683586737104
 20
-102.03258701667046
 10
151.26229587502257
 20
-101.99914623464409
 10
151.2567699052878
 20
-101.96009203077662
 10
151.25172129677657
 20
-101.9258377127966
 10
151.24428446225207
 20
-101.87732203615991
 10
151.23812380573898
 20
-101.83880537197179
 10
151.2320436426656
 20
-101.80231467122769
 10
151.2262191699025
 20
-101.76854906491128
 10
151.21717500370474
 20
-101.71784844438791
 10
151.21000769816112
 20
-101.67914007492877
 10
151.20310172546937
 20
-101.64316323187644
 10
151.1963784185092
 20
-101.60919789820046
 10
151.18656999055708
 20
-101.56110556899772
 10
151.17852683168965
 20
-101.52293758890417
 10
151.16930425355307
 20
-101.48054072566948
 10
151.16466436003256
 20
-101.4595724214699
 10
151.15881475958014
 20
-101.43357868092012
 10
151.15471829538762
 20
-101.41563254221938
 10
151.1467613866635
 20
-101.38126062470828
 10
151.1389654857951
 20
-101.34842586625724
 10
151.1296381437363
 20
-101.31010135881606
 10
151.12125633536263
 20
-101.27650683490874
 10
151.1090999433413
 20
-101.22895371175841
 10
151.09919365879313
 20
-101.19122636576496
 10
151.0895660592314
 20
-101.15550733791682
 10
151.08046002472577
 20
-101.12247522039434
 10
151.06648987882613
 20
-101.07290522053273
 10
151.05556300213627
 20
-101.03508576124487
 10
151.04516393631448
 20
-100.99995906021273
 10
151.03514381903642
 20
-100.96681627821964
 10
151.02066874876397
 20
-100.91991692078098
 10
151.0089232036449
 20
-100.8827210973784
 10
150.99558941545214
 20
-100.84143235737162
 10
150.98891661107177
 20
-100.82101981038169
 10
150.98054734592887
 20
-100.79572459790481
 10
150.97471157813638
 20
-100.77826639847471
 10
150.9634239470405
 20
-100.74483990458005
 10
150.95244721643797
 20
-100.71292738637264
 10
150.93940832945557
 20
-100.67570166130231
 10
150.92777404261741
 20
-100.64309046510108
 10
150.91101516580486
 20
-100.59695785802829
 10
150.89745865615774
 20
-100.56038316519985
 10
150.8843763391533
 20
-100.5257798040082
 10
150.87207643899305
 20
-100.49379929261931
 10
150.85331485352697
 20
-100.44583729959471
 10
150.8387336374862
 20
-100.40927097254492
 10
150.82494162722983
 20
-100.37533270288695
 10
150.811721198844
 20
-100.34333165569484
 10
150.79271888908937
 20
-100.29807693646912
 10
150.7773840737362
 20
-100.26221148586198
 10
150.76006748715432
 20
-100.2224285022111
 10
150.75142603466892
 20
-100.20276829641952
 10
150.7406177054354
 20
-100.17841521874321
 10
150.73309883567381
 20
-100.16161309057992
 10
150.7185891882623
 20
-100.12945393570712
 10
150.70453733984638
 20
-100.0987709927498
 10
150.68791247955477
 20
-100.06300255414448
 10
150.67313775879134
 20
-100.03168874928797
 10
150.65193779432295
 20
-99.98742094049302
 10
150.634861616176
 20
-99.9523511351166
 10
150.61845057159968
 20
-99.91919668988047
 10
150.60307526054888
 20
-99.88857577443687
 10
150.57970291984364
 20
-99.84268368847252
 10
150.56160778953375
 20
-99.80772264738079
 10
150.54455565943556
 20
-99.77529965316964
 10
150.5282622398908
 20
-99.74474852834753
 10
150.50491569328685
 20
-99.70157427502663
 10
150.48613929035676
 20
-99.66738460111729
 10
150.46500667358063
 20
-99.6294905057026
 10
150.45447979490154
 20
-99.61077197963759
 10
150.44133649169626
 20
-99.58759557021132
 10
150.43220693079684
 20
-99.57161132700566
 10
150.41461500291084
 20
-99.54102922140572
 10
150.3976233636563
 20
-99.51187134719655
 10
150.3775726365396
 20
-99.47790466465489
 10
150.35979977048984
 20
-99.4481898202056
 10
150.33436288561856
 20
-99.40621313290261
 10
150.31393149190203
 20
-99.37298595637463
 10
150.29434976708185
 20
-99.34159972251707
 10
150.27604711778966
 20
-99.31263329917095
 10
150.24828911026032
 20
-99.26925308613833
 10
150.226854331678
 20
-99.2362340249422
 10
150.2067063030723
 20
-99.20563855733721
 10
150.1874968069098
 20
-99.17683157892543
 10
150.16003086347254
 20
-99.13615358318432
 10
150.13799369999128
 20
-99.10396895122356
 10
150.11324857166628
 20
-99.06832868488985
 10
150.1009376463848
 20
-99.05073210818247
 10
150.08558594640095
 20
-99.0289555684958
 10
150.07493361702382
 20
-99.01394314724273
 10
150.05442882854192
 20
-98.98523261330327
 10
150.0346610372248
 20
-98.95788061411487
 10
150.01137754274956
 20
-98.92604280536615
 10
149.9907776938316
 20
-98.8982130915235
 10
149.9613488596712
 20
-98.85893178416735
 10
149.93775901587682
 20
-98.8278672323632
 10
149.91519519351928
 20
-98.79855147646192
 10
149.89414147050348
 20
-98.77151850770477
 10
149.8622651209404
 20
-98.73106794277584
 10
149.83769712272075
 20
-98.70030885308446
 10
149.81421294755256
 20
-98.67129909593753
 10
149.81001756831498
 20
-98.66617490536277
 10
149.76526735540503
 20
-98.60626514493893
 10
149.8393436952395
 20
-98.52830996673764
 10
149.84786203949926
 20
-98.51930841741117
 10
149.9511073535436
 20
-98.40975410885721
 10
150.035109347535
 20
-98.31680474560589
 10
150.1307712748848
 20
-98.20640427757246
 10
150.22855550514032
 20
-98.0875241522057
 10
150.3046671398892
 20
-97.98999610541205
 10
150.38852747022784
 20
-97.87718640902244
 10
150.47290762108344
 20
-97.75794104086005
 10
150.55856870361472
 20
-97.63004882516817
 10
150.6247544197932
 20
-97.5255301577883
 10
150.69715365587865
 20
-97.40504392115325
 10
150.76943940325825
 20
-97.2781020509464
 10
150.84215237500973
 20
-97.14242941688477
 10
150.89777476798454
 20
-97.03192670083021
 10
150.95801566559527
 20
-96.9049242722743
 10
151.01751085823926
 20
-96.77150841962134
 10
151.0765754535463
 20
-96.6293619688183
 10
151.12109884927017
 20
-96.51393940564552
 10
151.16860125563144
 20
-96.3816438879816
 10
151.21473292230868
 20
-96.2430389204815
 10
151.25958031682976
 20
-96.09578760096433
 10
151.2925759306628
 20
-95.97655677305191
 10
151.3268823716338
 20
-95.84024224443554
 10
151.35920623917656
 20
-95.69778300369437
 10
151.3894045279858
 20
-95.54684492616822
 10
151.41055459412829
 20
-95.42495409157152
 10
151.431334679929
 20
-95.28593333542874
 10
151.4495394518239
 20
-95.1409917818061
 10
151.46479780889257
 20
-94.98782056246607
 10
151.47590952548032
 20
-94.83718269597104
 10
151.48200530920928
 20
-94.72691067399624
 10
151.4841496824567
 20
-94.66869057435821
 10
151.48587508035718
 20
-94.60121765967601
 10
151.48719255166554
 20
-94.5092008142583
 10
151.4875
 20
-94.46625206011653
 10
151.4875
 20
-61.0306804628517
 10
151.48727410551746
 20
-60.993865847995366
 10
151.48640825325162
 20
-60.92331339983359
 10
151.4848208338313
 20
-60.85583709797161
 10
151.48209406878382
 20
-60.777447235089106
 10
151.47577875272276
 20
-60.66104446100808
 10
151.47000380008475
 20
-60.58275533820462
 10
151.46797562388574
 20
-60.52687113969783
 10
151.47032388119823
 20
-60.465800369630365
 10
151.4717460745124
 20
-60.444761333287964
 10
151.47383272181852
 20
-60.41107835040697
 10
151.47641967330193
 20
-60.365133270046506
 10
151.47755019467868
 20
-60.343687517219045
 10
151.47971578323205
 20
-60.29960594953148
 10
151.48015329417697
 20
-60.29041247294479
 10
151.48096482229985
 20
-60.27279045388068
 10
151.48169366320394
 20
-60.25593241608351
 10
151.48249012773633
 20
-60.236226145369635
 10
151.48313934302976
 20
-60.21892622518961
 10
151.48398895507518
 20
-60.19439787162242
 10
151.48460074495094
 20
-60.1749040863437
 10
151.48512091009044
 20
-60.15641287033384
 10
151.485553707139
 20
-60.13928821510541
 10
151.48613114527967
 20
-60.11352890754143
 10
151.48650774308365
 20
-60.093847153342985
 10
151.4867980689789
 20
-60.07553290007003
 10
151.48702252744647
 20
-60.058222257748795
 10
151.48726992767456
 20
-60.03368044112204
 10
151.4874031318513
 20
-60.01417751293262
 10
151.48748078313062
 20
-59.99248295329864
 10
151.4875
 20
-59.981745130098005
 10
151.4875
 20
-43.848737887074314
 10
151.48748588142874
 20
-43.839534016788086
 10
151.48743176053807
 20
-43.821893404432466
 10
151.48733253881295
 20
-43.80501991035107
 10
151.48716110309522
 20
-43.785298296027975
 10
151.48696066953093
 20
-43.76798735886079
 10
151.4866057089162
 20
-43.74344686224761
 10
151.4862602471567
 20
-43.7239465389818
 10
151.48587246477055
 20
-43.70545207321485
 10
151.4854644734904
 20
-43.68832680904233
 10
151.48477726676575
 20
-43.66257019609809
 10
151.48418767303568
 20
-43.642893670648874
 10
151.48357901140608
 20
-43.624587232098825
 10
151.48295380654426
 20
-43.60728642756476
 10
151.48199669890312
 20
-43.582762033298394
 10
151.48117277930103
 20
-43.563276061226816
 10
151.4801858354586
 20
-43.541603823458445
 10
151.47967814916848
 20
-43.530877991505754
 10
151.47747492878068
 20
-43.48603041023073
 10
151.476515301885
 20
-43.46764770016304
 10
151.4745679646103
 20
-43.43242059429805
 10
151.47251576268036
 20
-43.39873549521802
 10
151.4698958019466
 20
-43.35937939040357
 10
151.46739659828827
 20
-43.3248453386665
 10
151.46357136699746
 20
-43.2759122721986
 10
151.46027867117988
 20
-43.23704525194858
 10
151.4569162832016
 20
-43.20020459545883
 10
151.4536071686073
 20
-43.166100484071244
 10
151.44834074786348
 20
-43.11486949075086
 10
151.4440583549123
 20
-43.075736777511274
 10
151.4398343863043
 20
-43.03934744139174
 10
151.43564368744285
 20
-43.004977617547084
 10
151.42942203204115
 20
-42.95629118830189
 10
151.42422618812748
 20
-42.91763255000063
 10
151.41816718862668
 20
-42.874669327543224
 10
151.41509212852753
 20
-42.85341509506564
 10
151.41118267030117
 20
-42.82705966850168
 10
151.40842584359953
 20
-42.808859536095326
 10
151.40303502310738
 20
-42.773992930806294
 10
151.39769098600678
 20
-42.74067118564786
 10
151.3912260682507
 20
-42.70176139228844
 10
151.38535396994624
 20
-42.667638596247635
 10
151.3767508789476
 20
-42.61931609410558
 10
151.3696644041815
 20
-42.58095896980496
 10
151.36270719122254
 20
-42.54462528279592
 10
151.35607122344837
 20
-42.51100974197864
 10
151.3458086465
 20
-42.4605416394029
 10
151.33771119779672
 20
-42.42201710878645
 10
151.3299407900851
 20
-42.38621701858055
 10
151.32240143873597
 20
-42.35242345514477
 10
151.31143763773935
 20
-42.304581293239984
 10
151.30247760405973
 20
-42.26661808861398
 10
151.2922366480926
 20
-42.224455631618355
 10
151.28709311616038
 20
-42.20360515267445
 10
151.280619199498
 20
-42.177759828600855
 10
151.27609172273864
 20
-42.15991755107751
 10
151.267309335579
 20
-42.12574723083871
 10
151.25872492930642
 20
-42.09310974622517
 10
151.24847731522055
 20
-42.055020986907195
 10
151.23928887378574
 20
-42.021638067736944
 10
151.22599077554796
 20
-41.97439150202764
 10
151.21517876846121
 20
-41.93691367376192
 10
151.20469373228823
 20
-41.901436869513184
 10
151.1947948193312
 20
-41.86863363529775
 10
151.17963492040053
 20
-41.81941445886519
 10
151.1678003988011
 20
-41.7818691231549
 10
151.15655838526368
 20
-41.747003053320185
 10
151.1457429895037
 20
-41.714111200791976
 10
151.13014263030627
 20
-41.66757405238743
 10
151.1175046968821
 20
-41.63067188784497
 10
151.10318041045394
 20
-41.589716243824505
 10
151.09601794171374
 20
-41.569470319928215
 10
151.08704191397482
 20
-41.54438400295726
 10
151.08078738923155
 20
-41.52707141119578
 10
151.06869801458836
 20
-41.49392645485185
 10
151.05695591166975
 20
-41.46228754760397
 10
151.04302429138227
 20
-41.42538663790787
 10
151.0306079965327
 20
-41.393065091374574
 10
151.01274295901067
 20
-41.34734947235202
 10
150.99830954513968
 20
-41.311111872085995
 10
150.98439766238135
 20
-41.276833611608836
 10
150.97133113618574
 20
-41.24515859707558
 10
150.9514199133899
 20
-41.19766235437415
 10
150.93596229180736
 20
-41.16145779568118
 10
150.92135693917487
 20
-41.127861525513524
 10
150.90736965717568
 20
-41.09618815040716
 10
150.88728297977045
 20
-41.05140419369855
 10
150.87108885681175
 20
-41.0159184572634
 10
150.8528191906281
 20
-40.97656405145041
 10
150.84370676356843
 20
-40.95711766191398
 10
150.832315068808
 20
-40.93303194699158
 10
150.82439373057548
 20
-40.91641577072242
 10
150.80911379573732
 20
-40.88461538233132
 10
150.79432707904212
 20
-40.85427975241908
 10
150.77684562167155
 20
-40.81892206827249
 10
150.7613210491121
 20
-40.7879731685326
 10
150.7390611223798
 20
-40.74422876259299
 10
150.72114530339059
 20
-40.70958037822867
 10
150.70394055308492
 20
-40.67683077991352
 10
150.68783225143886
 20
-40.646589032762634
 10
150.66336146073456
 20
-40.601273138566185
 10
150.64442960451595
 20
-40.566758026584736
 10
150.62660157032607
 20
-40.534755106548644
 10
150.60957710726166
 20
-40.504605240785615
 10
150.5851975573234
 20
-40.46200576973706
 10
150.56560320308287
 20
-40.42827820844068
 10
150.5435641040224
 20
-40.390904045289375
 10
150.53258947629953
 20
-40.37244446947888
 10
150.51889182276082
 20
-40.3495913151965
 10
150.50937995785515
 20
-40.33383157727762
 10
150.49105661695086
 20
-40.303682011970196
 10
150.473367690643
 20
-40.27494180809112
 10
150.45250475217605
 20
-40.24146786331335
 10
150.43402141202873
 20
-40.21218966519333
 10
150.40758097135685
 20
-40.17083775489427
 10
150.38635528638127
 20
-40.138112269316196
 10
150.36602335967345
 20
-40.10720672968783
 10
150.34702841432843
 20
-40.07868949447841
 10
150.31823372281153
 20
-40.035990365628315
 10
150.29600995608058
 20
-40.00349709975261
 10
150.27513093404164
 20
-39.973395735449216
 10
150.255233244795
 20
-39.945059738713354
 10
150.22679561072275
 20
-39.90505500953076
 10
150.20398972954587
 20
-39.87341043823119
 10
150.1783934461756
 20
-39.83837645135433
 10
150.16566230945284
 20
-39.82108146507329
 10
150.1497906130329
 20
-39.79968095980873
 10
150.1387798259128
 20
-39.784929435131865
 10
150.11758954272767
 20
-39.75672104969625
 10
150.09716876084045
 20
-39.72985305572958
 10
150.07312526278173
 20
-39.69858522271228
 10
150.05186115971728
 20
-39.67125969126593
 10
150.0214948410069
 20
-39.632698518110594
 10
149.99716370499252
 20
-39.60221109563149
 10
149.97390040944452
 20
-39.57344725192485
 10
149.95220175210602
 20
-39.54692916521868
 10
149.91936046840004
 20
-39.507258017670445
 10
149.8940588181773
 20
-39.47709952581135
 10
149.8703298846812
 20
-39.44918960983067
 10
149.84775059488078
 20
-39.422940373265966
 10
149.81552874664413
 20
-39.38591565336847
 10
149.78973097163376
 20
-39.356658826585665
 10
149.7608240101499
 20
-39.32430241242342
 10
149.74645897222862
 20
-39.30833857583846
 10
149.7285660860348
 20
-39.28859681814844
 10
149.7161624166038
 20
-39.274995571965476
 10
149.69230926515678
 20
-39.24900002858338
 10
149.66935329097936
 20
-39.224262997993655
 10
149.64236078535546
 20
-39.19550240305829
 10
149.61852070430862
 20
-39.17039269808838
 10
149.58452095180172
 20
-39.13499362724331
 10
149.5573186868917
 20
-39.107037878411134
 10
149.53134806076844
 20
-39.08069274218134
 10
149.5071546613685
 20
-39.05642918765067
 10
149.47058306498016
 20
-39.020168076231194
 10
149.44244719999134
 20
-38.99263480115509
 10
149.41609687764708
 20
-38.96718512125522
 10
149.39105343819574
 20
-38.943275439357116
 10
149.35535768979858
 20
-38.90958729702506
 10
149.32681646762768
 20
-38.88299997399136
 10
149.29487721787788
 20
-38.85363274250837
 10
149.27901662193156
 20
-38.839153796099254
 10
149.2592748642421
 20
-38.82126090990594
 10
149.24559776661442
 20
-38.80894092964864
 10
149.21931146578893
 20
-38.78540857960696
 10
149.19404137790175
 20
-38.76304074352202
 10
149.16435981729742
 20
-38.73706436692122
 10
149.13817335127723
 20
-38.71441230860984
 10
149.1008676011694
 20
-38.68251625247253
 10
149.07105618004252
 20
-38.65736140642809
 10
149.04262833467692
 20
-38.633688695743054
 10
149.01617318888333
 20
-38.61191334468741
 10
148.97622348428004
 20
-38.579411483724975
 10
148.94552436828624
 20
-38.55476858592219
 10
148.91680642510207
 20
-38.53202423643148
 10
148.88954001800826
 20
-38.51068437250387
 10
148.85071413901738
 20
-38.48065724296141
 10
148.8197043372587
 20
-38.456995474133215
 10
148.78504039168223
 20
-38.43090024782543
 10
148.76783698392046
 20
-38.41804563176083
 10
148.74643647864764
 20
-38.402173935334744
 10
148.73161767074694
 20
-38.39125386914526
 10
148.70315137198685
 20
-38.37041134183675
 10
148.67581053515326
 20
-38.35062811474822
 10
148.6437257692325
 20
-38.32768612319679
 10
148.6154451082274
 20
-38.307709863253656
 10
148.5751926352923
 20
-38.27962399828787
 10
148.54305915823255
 20
-38.25751230995119
 10
148.51244786930513
 20
-38.236740005945464
 10
148.48398575462744
 20
-38.217662566893374
 10
148.44104267930527
 20
-38.18923296707803
 10
148.40807596157265
 20
-38.167717771123336
 10
148.37726696703828
 20
-38.14789779255897
 10
148.3480401827113
 20
-38.1293332611601
 10
148.3064580875716
 20
-38.10325632208418
 10
148.27327834757105
 20
-38.08274798323241
 10
148.23622353890624
 20
-38.06017607338855
 10
148.21784299754603
 20
-38.049069584645146
 10
148.19498984326395
 20
-38.03537193110659
 10
148.17917203831152
 20
-38.02595694519286
 10
148.1487998876285
 20
-38.00800496554568
 10
148.11965160905214
 20
-37.990996870743885
 10
148.0854726316469
 20
-37.971310208158066
 10
148.05537013388215
 20
-37.95420212888601
 10
148.01255859144214
 20
-37.93019693732687
 10
147.97841252139867
 20
-37.911341354343435
 10
147.94591259235295
 20
-37.89366950565905
 10
147.9157176145136
 20
-37.87747370477744
 10
147.8701947337599
 20
-37.85339015869475
 10
147.83527790180418
 20
-37.83520986768824
 10
147.8026745633844
 20
-37.818505137281385
 10
147.77176887173283
 20
-37.80289472499601
 10
147.72783101874498
 20
-37.78101911156131
 10
147.6928008795336
 20
-37.76386170919801
 10
147.65371206584925
 20
-37.74503049565198
 10
147.63433140555605
 20
-37.73577909579047
 10
147.61024569062727
 20
-37.72438740102698
 10
147.59358122273488
 20
-37.71656816685213
 10
147.56159572055515
 20
-37.701679622251376
 10
147.53092071409114
 20
-37.687610456985894
 10
147.49497668743302
 20
-37.671368716685144
 10
147.46334225641576
 20
-37.65729357823843
 10
147.41838394302266
 20
-37.63760024320019
 10
147.38255412531535
 20
-37.622182355141355
 10
147.34847854824218
 20
-37.607781151346025
 10
147.316841501388
 20
-37.59462296305317
 10
147.26917722542998
 20
-37.57511740841786
 10
147.2326465474273
 20
-37.56044710849868
 10
147.19856285308765
 20
-37.547018501931205
 10
147.16627589281748
 20
-37.53451254556345
 10
147.12040542753007
 20
-37.517048931889015
 10
147.0838622484984
 20
-37.50340770117849
 10
147.04311587643528
 20
-37.488498538809
 10
147.0229217435591
 20
-37.48119132386574
 10
146.99783542658727
 20
-37.472215296126514
 10
146.98048478369154
 20
-37.46606711719016
 10
146.94719396788486
 20
-37.45438539245781
 10
146.91528765061656
 20
-37.443390650482236
 10
146.877924735329
 20
-37.43075024930391
 10
146.84506302792087
 20
-37.41984360295937
 10
146.79839091671167
 20
-37.40465178202509
 10
146.76122241207258
 20
-37.39282007158165
 10
146.72589935340366
 20
-37.38182820413869
 10
146.69312491959084
 20
-37.37183434898064
 10
146.64377828146488
 20
-37.35709463494794
 10
146.60598556781395
 20
-37.346075609124256
 10
146.57074976216367
 20
-37.336052451218706
 10
146.53739247435297
 20
-37.32677138996502
 10
146.49003115442127
 20
-37.31388796019672
 10
146.4523268663597
 20
-37.303894273647714
 10
146.41031534575433
 20
-37.29305074583837
 10
146.38950222083494
 20
-37.28775808828826
 10
146.36365689676492
 20
-37.2812841716268
 10
146.3457871750401
 20
-37.276866258252134
 10
146.31151165435793
 20
-37.268503854781784
 10
146.2786813015581
 20
-37.26068942147038
 10
146.24025932294532
 20
-37.25177209338994
 10
146.2064868153584
 20
-37.24413897611588
 10
146.15855038427839
 20
-37.233594974825884
 10
146.12040114572522
 20
-37.225463387837145
 10
146.08417078582383
 20
-37.21798671443849
 10
146.05057460076284
 20
-37.21125343870254
 10
146.0000208355679
 20
-37.20142151677557
 10
145.96133005076385
 20
-37.19415988429064
 10
145.92528147387353
 20
-37.18763870353702
 10
145.89117510743796
 20
-37.181671919090405
 10
145.84277904826638
 20
-37.17349274770028
 10
145.8042767640809
 20
-37.16724284997756
 10
145.76140468884054
 20
-37.160569385828666
 10
145.7401730136487
 20
-37.157342256857206
 10
145.71381758708085
 20
-37.15343279863026
 10
145.6956008817132
 20
-37.15078769773769
 10
145.66067074815598
 20
-37.14582515004615
 10
145.62723253407194
 20
-37.141266282664525
 10
145.58812151679118
 20
-37.136157906425716
 10
145.5537634567322
 20
-37.131871829313106
 10
145.505024359814
 20
-37.12607719216312
 10
145.4662617853688
 20
-37.12172404025707
 10
145.42947304240906
 20
-37.117834565355246
 10
145.39537865573004
 20
-37.114426714168104
 10
145.34410462386086
 20
-37.10959727112983
 10
145.3048883813101
 20
-37.106162965473686
 10
145.26837420068213
 20
-37.10320656440761
 10
145.23384721857576
 20
-37.100611520164115
 10
145.18488250066812
 20
-37.097215377043106
 10
145.14595301840174
 20
-37.094769458078154
 10
145.10263327004796
 20
-37.09233032669813
 10
145.08118751722134
 20
-37.09119980532141
 10
145.03710594953554
 20
-37.08903421676811
 10
145.02791247294672
 20
-37.08859670582309
 10
145.01029045388418
 20
-37.08778517770029
 10
144.9934324160862
 20
-37.08705633679618
 10
144.97372614536621
 20
-37.08625987226356
 10
144.95642622518406
 20
-37.08561065697005
 10
144.93189787160443
 20
-37.084761044924235
 10
144.91240408632424
 20
-37.08414925504846
 10
144.89391287033718
 20
-37.08362908990963
 10
144.87678821510895
 20
-37.083196292861125
 10
144.85102890751728
 20
-37.08261885471987
 10
144.83134715331428
 20
-37.08224225691585
 10
144.81303290005727
 20
-37.081951931020896
 10
144.795722257749
 20
-37.081727472553546
 10
144.77118044113394
 20
-37.08148007232555
 10
144.75167751294492
 20
-37.08134686814879
 10
144.72998295330223
 20
-37.08126921686941
 10
144.71924513009805
 20
-37.08125
 10
131.3735229523643
 20
-37.08125
 10
131.30346999059933
 20
-37.077904946017526
 10
131.25338967655773
 20
-37.02517759292228
 10
131.24164851950346
 20
-37.01178623092337
 10
131.2286450180499
 20
-36.99705273022906
 10
131.2141269012025
 20
-36.9807113001051
 10
131.20692655265427
 20
-36.972636041947574
 10
131.17675697192797
 20
-36.93892315494448
 10
131.16434590099576
 20
-36.925140423864946
 10
131.14047689054522
 20
-36.89879764737921
 10
131.1175028040938
 20
-36.873729537236656
 10
131.09048573184202
 20
-36.844583284252394
 10
131.06662099884434
 20
-36.819136188928084
 10
131.03258202915538
 20
-36.78326060198745
 10
131.00534470622418
 20
-36.75492767649261
 10
130.97933723072373
 20
-36.72822636881418
 10
130.95510665169354
 20
-36.70363406808889
 10
130.91847528947028
 20
-36.666881277039444
 10
130.89028961317618
 20
-36.63897360693021
 10
130.8638893026494
 20
-36.61317707831324
 10
130.83879567145954
 20
-36.58894095207355
 10
130.80302467003523
 20
-36.55479209187813
 10
130.77441990027663
 20
-36.52784040223314
 10
130.74240587094891
 20
-36.49806992081085
 10
130.72650714447005
 20
-36.483391941404264
 10
130.70671723771434
 20
-36.465253319490195
 10
130.6930056926304
 20
-36.45276364819042
 10
130.66665182365662
 20
-36.42890688556453
 10
130.64131438647357
 20
-36.40623017788135
 10
130.61155098112238
 20
-36.379894537427965
 10
130.5852898237274
 20
-36.35692865504319
 10
130.5478742764084
 20
-36.32459004013086
 10
130.5179720190727
 20
-36.2990855026154
 10
130.48945473125912
 20
-36.27508315044909
 10
130.46291393344092
 20
-36.25300401400301
 10
130.42283203607138
 20
-36.2200485007828
 10
130.3920280584141
 20
-36.19506079661205
 10
130.3632092094507
 20
-36.1719975958628
 10
130.33584475328198
 20
-36.15035812544511
 10
130.29687616800572
 20
-36.11990884700067
 10
130.26574955563393
 20
-36.09591383856551
 10
130.23095197347948
 20
-36.06945050707783
 10
130.21368140978373
 20
-36.05641439520195
 10
130.19219692400253
 20
-36.04031884037044
 10
130.17731896113747
 20
-36.02924433908629
 10
130.14873789271175
 20
-36.00810683543902
 10
130.12128482631869
 20
-35.988043238057514
 10
130.08906608162795
 20
-35.96477569098912
 10
130.06066525247172
 20
-35.94451555661516
 10
130.0202389354817
 20
-35.91603008504429
 10
129.98796409504158
 20
-35.89360329075321
 10
129.9572158055113
 20
-35.87253456263298
 10
129.92862427555957
 20
-35.853184455915326
 10
129.8854837196421
 20
-35.82434842319556
 10
129.8523626079501
 20
-35.80252498718276
 10
129.82140697946932
 20
-35.78242060084079
 10
129.7920392377977
 20
-35.76358935312379
 10
129.75025406053592
 20
-35.73713735590658
 10
129.71690992724297
 20
-35.7163336254138
 10
129.67966900463819
 20
-35.69343617312655
 10
129.66119545625284
 20
-35.682169381508686
 10
129.6382264430637
 20
-35.668274258351424
 10
129.62232752273502
 20
-35.65872320134579
 10
129.59179868902856
 20
-35.64051161587945
 10
129.56249839923228
 20
-35.623257288528045
 10
129.52813931455336
 20
-35.60328531925844
 10
129.4978764856278
 20
-35.58592901415005
 10
129.4548346429206
 20
-35.561575185454004
 10
129.42050276717566
 20
-35.54244539885131
 10
129.38782409879803
 20
-35.52451628156809
 10
129.35746137316374
 20
-35.508084388584194
 10
129.31168393947593
 20
-35.483649763290494
 10
129.2765695154559
 20
-35.46520396092756
 10
129.243779757466
 20
-35.4482549475188
 10
129.21269585568746
 20
-35.432416033678614
 10
129.16850261581942
 20
-35.41021993614357
 10
129.13326696376944
 20
-35.39281087952814
 10
129.09394680139476
 20
-35.37370317248427
 10
129.0744508823078
 20
-35.364315855390736
 10
129.05022190739223
 20
-35.35275701509833
 10
129.03345747170655
 20
-35.34482278207151
 10
129.0012793499873
 20
-35.329715167584695
 10
128.9704183027149
 20
-35.31543880405197
 10
128.93425480329734
 20
-35.29895767647813
 10
128.90242585117375
 20
-35.28467489144817
 10
128.85718929842292
 20
-35.26469081050754
 10
128.82113604659682
 20
-35.24904506155239
 10
128.7868464953536
 20
-35.23443084624283
 10
128.75500942728615
 20
-35.2210778199225
 10
128.70704267709976
 20
-35.201283496879356
 10
128.67027825086916
 20
-35.18639567088146
 10
128.63597494546278
 20
-35.172767739167064
 10
128.6034787876907
 20
-35.1600760146367
 10
128.55730955798452
 20
-35.14235282575062
 10
128.52052688253008
 20
-35.12850864957199
 10
128.47951190957653
 20
-35.11337750186138
 10
128.45918422938684
 20
-35.10596143812716
 10
128.4339321769399
 20
-35.09685189029215
 10
128.41646613006384
 20
-35.09061205342604
 10
128.38295332252954
 20
-35.07875611551682
 10
128.35083324307075
 20
-35.06759729434272
 10
128.3132188957265
 20
-35.05476814275294
 10
128.2801350087983
 20
-35.04369851912264
 10
128.2331460191386
 20
-35.02827956824586
 10
128.1957238801723
 20
-35.01627082381907
 10
128.1601586914816
 20
-35.00511439216473
 10
128.12715854872584
 20
-34.99497078367511
 10
128.0774714480341
 20
-34.980010289946655
 10
128.03941646161167
 20
-34.96882599705919
 10
128.00393498867976
 20
-34.9586523859272
 10
127.97034428651087
 20
-34.949231936394085
 10
127.92265045878521
 20
-34.93615493395519
 10
127.88468038036709
 20
-34.92601099130225
 10
127.84237159601054
 20
-34.915004338600895
 10
127.82141089635897
 20
-34.909632034319046
 10
127.79538265310816
 20
-34.90306084205679
 10
127.77738575878851
 20
-34.8985764075957
 10
127.74286591670943
 20
-34.8900880605487
 10
127.70980083978147
 20
-34.882155880381504
 10
127.67110339613183
 20
-34.87310413407682
 10
127.63708803216687
 20
-34.8653558984205
 10
127.58880601211392
 20
-34.854652827103514
 10
127.55038085841306
 20
-34.846398495464996
 10
127.51388774948043
 20
-34.838808922754886
 10
127.48004717104553
 20
-34.831973905115085
 10
127.42912550552438
 20
-34.8219935079103
 10
127.39015201860438
 20
-34.814622095816205
 10
127.35383927686459
 20
-34.80800227161866
 10
127.31948244314538
 20
-34.80194519985085
 10
127.2707303150586
 20
-34.79364223636931
 10
127.23194406323367
 20
-34.787297703527415
 10
127.18875511611202
 20
-34.7805231567481
 10
127.16736632760617
 20
-34.77724713638567
 10
127.14081636901122
 20
-34.773278545567536
 10
127.12246458103351
 20
-34.770593357366316
 10
127.08727520136311
 20
-34.76555559087983
 10
127.0535884008278
 20
-34.76092760383052
 10
127.01418620179777
 20
-34.75574176080276
 10
126.97957192551313
 20
-34.75139066682392
 10
126.9304689234265
 20
-34.74550811789802
 10
126.91309454721191
 20
-34.74354201686073
 10
126.81143445154173
 20
-34.728467626140414
 10
126.7931178750278
 20
-34.68452250243935
 10
126.79097430595664
 20
-34.679393041212094
 10
126.6298178473862
 20
-34.29475526352645
 10
126.50862514173363
 20
-34.03985745526429
 10
126.34676719576251
 20
-33.737045611166984
 10
126.19541117383149
 20
-33.48452576140163
 10
126.00465186709384
 20
-33.19903689210373
 10
125.82927339222742
 20
-32.962568478876555
 10
125.61144984112698
 20
-32.697151998254036
 10
125.41373790391036
 20
-32.479012341652044
 10
125.17094786831882
 20
-32.236224355504774
 10
124.95280654278741
 20
-32.0385142596679
 10
124.68738822347007
 20
-31.820692949023886
 10
124.45091832983678
 20
-31.645316470254283
 10
124.16542785030065
 20
-31.454559573408
 10
123.91290672290904
 20
-31.30320568306699
 10
123.6100935125377
 20
-31.141350293213833
 10
123.34395306788657
 20
-31.01547661200378
 10
123.0267333834301
 20
-30.884081485026954
 10
122.74953669948884
 20
-30.78490024530752
 10
122.42096553991857
 20
-30.685230788107695
 10
122.13538217228424
 20
-30.6136971594352
 10
121.79862385748172
 20
-30.54671324337001
 10
121.5074041301002
 20
-30.50351613369287
 10
121.16570182672798
 20
-30.469862850491268
 10
121.01886602963866
 20
-30.459031902947487
 10
120.99438572167519
 20
-30.457829262535853
 10
120.92080638426127
 20
-30.45511917506274
 10
120.74908060948438
 20
-30.450903543911387
 10
120.67545692391576
 20
-30.450000000000003
 10
112.72454307608425
 20
-30.450000000000003
 10
112.65091939051563
 20
-30.450903543911387
 10
112.47919361573874
 20
-30.45511917506274
 10
112.40561427832482
 20
-30.457829262535853
 10
112.38113397036135
 20
-30.459031902947487
 10
112.23428557235523
 20
-30.4698640915464
 10
111.89255405441688
 20
-30.503521708319518
 10
111.60132209077213
 20
-30.546722517363808
 10
111.26456434141025
 20
-30.61370927608984
 10
110.97898157761993
 20
-30.685245315442163
 10
110.65041125939685
 20
-30.784917546191803
 10
110.37321541267968
 20
-30.884101125795986
 10
110.05599683737454
 20
-31.015498930500776
 10
109.78985745526505
 20
-31.14137485826599
 10
109.48704561116719
 20
-31.303232804237375
 10
109.23452576140146
 20
-31.454588826168624
 10
108.94903689210335
 20
-31.645348132906435
 10
108.71256847887621
 20
-31.82072660777284
 10
108.44715199825384
 20
-32.03855015887317
 10
108.22900715511327
 20
-32.236267282684885
 10
108.13014804464572
 20
-32.33512771107164
 10
108.0739115971303
 20
-32.38582876614987
 10
107.98554368759788
 20
-32.37751670668892
 10
107.96436244861073
 20
-32.374752382653696
 10
107.91162560246711
 20
-32.368165781422064
 10
107.87095116842917
 20
-32.36336746696867
 10
107.83234550110937
 20
-32.3590801864574
 10
107.7965640871298
 20
-32.35532361129356
 10
107.7427551248378
 20
-32.35000039613279
 10
107.70159483812765
 20
-32.34621462985548
 10
107.66326772042997
 20
-32.34295555465127
 10
107.62702484021435
 20
-32.34009479207295
 10
107.57562508137445
 20
-32.336350891504395
 10
107.53475745820131
 20
-32.333654452729526
 10
107.48927925310605
 20
-32.33096546476675
 10
107.46676443818943
 20
-32.32971912527802
 10
107.42048923225506
 20
-32.327331905676395
 10
107.4108372017806
 20
-32.32684956851543
 10
107.39233610040962
 20
-32.325954891568884
 10
107.37463685561411
 20
-32.325151370121816
 10
107.35394702960306
 20
-32.32427329361317
 10
107.33578342074858
 20
-32.323557550865935
 10
107.31003030012721
 20
-32.32262087529745
 10
107.28956286780654
 20
-32.32194638864371
 10
107.27014793707683
 20
-32.321372916079106
 10
107.25216756532947
 20
-32.320895760857375
 10
107.22512153733098
 20
-32.32025915437458
 10
107.20445616168567
 20
-32.319843959742066
 10
107.18522643337592
 20
-32.31952387666316
 10
107.16705041248295
 20
-32.3192764119015
 10
107.14128170692805
 20
-32.31900365440666
 10
107.12080369064347
 20
-32.318856797019485
 10
107.09802443654789
 20
-32.31877118658836
 10
107.08674972673896
 20
-32.31875
 10
93.27207369330614
 20
-32.31875
 10
93.20138966801252
 20
-32.31534289202079
 10
93.14716033774486
 20
-32.25736427970522
 10
93.14112236586864
 20
-32.250405872123316
 10
93.11946909690128
 20
-32.22572588273292
 10
93.08452948059751
 20
-32.18633921548311
 10
93.05739745346406
 20
-32.15616738891825
 10
93.03147201403712
 20
-32.12772656032064
 10
93.00730377406843
 20
-32.10152774020395
 10
92.97075224318763
 20
-32.06237448841567
 10
92.94260624668355
 20
-32.032634571928725
 10
92.91622504745229
 20
-32.00513772067578
 10
92.8911354181373
 20
-31.979299323274198
 10
92.85535029258511
 20
-31.942886142788886
 10
92.82671625688529
 20
-31.914140989855003
 10
92.79464990562748
 20
-31.882382641527567
 10
92.77871988242376
 20
-31.86672268092559
 10
92.75844345110085
 20
-31.846937899331095
 10
92.7445663055662
 20
-31.833484229630066
 10
92.71788602676108
 20
-31.8077843374299
 10
92.69222050755961
 20
-31.783352485894213
 10
92.66205538963311
 20
-31.75497501071979
 10
92.6354249878285
 20
-31.73022522226602
 10
92.59746314504923
 20
-31.695370516800658
 10
92.56710584416622
 20
-31.667877468789506
 10
92.5381377629116
 20
-31.642000285945556
 10
92.51116302709869
 20
-31.61819303765209
 10
92.47040873431718
 20
-31.582656737020578
 10
92.43906849554284
 20
-31.555706956651164
 10
92.40973119377585
 20
-31.530829009645252
 10
92.38186107388172
 20
-31.507484058462616
 10
92.34215396638538
 20
-31.474631393213663
 10
92.31042056684981
 20
-31.448738831350006
 10
92.27492638259804
 20
-31.420179057548545
 10
92.25730511707776
 20
-31.406109187104317
 10
92.2353816724354
 20
-31.388738718941614
 10
92.22019379574088
 20
-31.37678443945149
 10
92.1910106009046
 20
-31.353966401079887
 10
92.16296726162169
 20
-31.332305252280715
 10
92.1300422005084
 20
-31.3071824381918
 10
92.10100638456781
 20
-31.2853043276369
 10
92.0596594730098
 20
-31.254540958106688
 10
92.02663425760252
 20
-31.23031765211429
 10
91.99515716149735
 20
-31.207558681481924
 10
91.96587582777714
 20
-31.186653540034555
 10
91.92168115281108
 20
-31.155499539532606
 10
91.88773412014943
 20
-31.131917762632856
 10
91.85599258591346
 20
-31.110190716670093
 10
91.82586819202128
 20
-31.089837554226897
 10
91.78299129232754
 20
-31.061245186830853
 10
91.74876197484352
 20
-31.038755472947013
 10
91.71051737751944
 20
-31.013999694425674
 10
91.6915418484353
 20
-31.001817759079962
 10
91.66794734297868
 20
-30.986795445624566
 10
91.65160998182608
 20
-30.97646747258118
 10
91.62023370320239
 20
-30.956773542665974
 10
91.59011027446084
 20
-30.938113068763922
 10
91.55477482906336
 20
-30.916511639740687
 10
91.52364186653766
 20
-30.897737482684313
 10
91.47934885823483
 20
-30.871392057737317
 10
91.44400635052516
 20
-30.85069566784305
 10
91.41035442571277
 20
-30.831296536940492
 10
91.3790773682489
 20
-30.813515448115975
 10
91.3319115172738
 20
-30.787074503642284
 10
91.29571809969612
 20
-30.76711109330106
 10
91.26190932661781
 20
-30.748765620155297
 10
91.22985048349851
 20
-30.731620331978412
 10
91.1842590072337
 20
-30.707591821987435
 10
91.14789717773871
 20
-30.688743724956304
 10
91.1073082027097
 20
-30.668054768945588
 10
91.08717986952331
 20
-30.657890101910755
 10
91.06216480148025
 20
-30.645375432112925
 10
91.0448514064217
 20
-30.63678341557606
 10
91.0116151597914
 20
-30.62042268069857
 10
90.97973145611354
 20
-30.6049609962773
 10
90.9423607759147
 20
-30.587110290448578
 10
90.90946119934904
 20
-30.57163940842677
 10
90.86269234446509
 20
-30.549991632261438
 10
90.82540776891003
 20
-30.533041887968487
 10
90.789938291259
 20
-30.51720855355407
 10
90.75699757242201
 20
-30.502740295677196
 10
90.70736129600834
 20
-30.4812931255433
 10
90.66930575191755
 20
-30.46516002936573
 10
90.63378868109713
 20
-30.450390899320436
 10
90.60013575118802
 20
-30.43663551356498
 10
90.552313734096
 20
-30.4174259669468
 10
90.51420543898666
 20
-30.40241959330967
 10
90.47170301141819
 20
-30.386017110387424
 10
90.4506355726853
 20
-30.377977627934975
 10
90.42446552212081
 20
-30.36810346758604
 10
90.4063599060684
 20
-30.361338627306445
 10
90.37161655412766
 20
-30.34848478617262
 10
90.3383110785283
 20
-30.336386044896415
 10
90.29930192069311
 20
-30.322475579696494
 10
90.2649850184247
 20
-30.31047222402242
 10
90.21623685269952
 20
-30.293751926823305
 10
90.17740605231046
 20
-30.280728780235886
 10
90.14049559429434
 20
-30.2686293417098
 10
90.10624093922364
 20
-30.2576275214317
 10
90.05466121596498
 20
-30.241401826028586
 10
90.0151475735918
 20
-30.2292703259253
 10
89.97829928278861
 20
-30.218234339930987
 10
89.94340955263159
 20
-30.20801489482361
 10
89.8938647116627
 20
-30.193828255556692
 10
89.85441453921749
 20
-30.182822925032745
 10
89.81044989903863
 20
-30.17088105714005
 10
89.78866702361705
 20
-30.165052112875816
 10
89.7616198328106
 20
-30.157923293993715
 10
89.74291421953264
 20
-30.153057450951497
 10
89.70703262561999
 20
-30.14384697026667
 10
89.67265897578787
 20
-30.135239622093785
 10
89.63242549288067
 20
-30.12541708219824
 10
89.597055600716
 20
-30.117008690139876
 10
89.54684567384099
 20
-30.105393388015216
 10
89.50688090759279
 20
-30.096435103320736
 10
89.46892134029176
 20
-30.0881980180444
 10
89.43371642392727
 20
-30.08077943952839
 10
89.38074086560528
 20
-30.069947483874156
 10
89.34018863352541
 20
-30.061946377597597
 10
89.3024003338029
 20
-30.054760702549
 10
89.26664422080519
 20
-30.048185695929675
 10
89.21590256379854
 20
-30.03917258077545
 10
89.17552934874391
 20
-30.03228513479576
 10
89.13056925989441
 20
-30.02493066639534
 10
89.10830221229217
 20
-30.021374145075082
 10
89.08066503595433
 20
-30.01706635292913
 10
89.06155801926883
 20
-30.014151166823094
 10
89.02491913121587
 20
-30.00868183245115
 10
88.9898422454355
 20
-30.003657259905395
 10
88.94881158843405
 20
-29.998026929288763
 10
88.91276422156643
 20
-29.99330277109199
 10
88.86162560246792
 20
-29.986915781422162
 10
88.82095116842949
 20
-29.982117466968703
 10
88.79092733950097
 20
-29.978783226542998
 10
88.7117223005491
 20
-29.966719524288422
 10
88.69316564178672
 20
-29.922191120162175
 10
88.69101286258223
 20
-29.917038838651965
 10
88.52987559870631
 20
-29.532393110263463
 10
88.40862514173338
 20
-29.277357455263765
 10
88.24676719576227
 20
-28.974545611166576
 10
88.09541117383138
 20
-28.722025761401476
 10
87.90465186709382
 20
-28.43653689210372
 10
87.72927339222755
 20
-28.200068478876755
 10
87.51144984112705
 20
-27.934651998254118
 10
87.31373790391028
 20
-27.716512341651963
 10
87.07094786831874
 20
-27.4737243555047
 10
86.85280654278729
 20
-27.2760142596678
 10
86.58738822346996
 20
-27.058192949023812
 10
86.35091832983677
 20
-26.882816470254287
 10
86.0654278503008
 20
-26.692059573408105
 10
85.8129067229093
 20
-26.540705683067156
 10
85.51009351253798
 20
-26.378850293213983
 10
85.24395306788693
 20
-26.25297661200394
 10
84.9267333834304
 20
-26.121581485027058
 10
84.64953669948879
 20
-26.022400245307498
 10
84.3209655399183
 20
-25.922730788107625
 10
84.03538217228397
 20
-25.85119715943514
 10
83.6986238574816
 20
-25.784213243369997
 10
83.4074041301004
 20
-25.7410161336929
 10
83.06570182672836
 20
-25.707362850491293
 10
82.91886602963851
 20
-25.696531902947477
 10
82.89438572167491
 20
-25.69532926253584
 10
82.82080638426146
 20
-25.69261917506275
 10
82.64908060948457
 20
-25.688403543911388
 10
82.57545692391582
 20
-25.6875
 10
74.6245430760842
 20
-25.6875
 10
74.55091939051546
 20
-25.688403543911388
 10
74.37919361573853
 20
-25.69261917506275
 10
74.30561427832498
 20
-25.695329262535846
 10
74.2811339703614
 20
-25.696531902947484
 10
74.13428557235497
 20
-25.70736409154641
 10
73.79255405441714
 20
-25.741021708319483
 10
73.50132209077276
 20
-25.78422251736371
 10
73.1645643414107
 20
-25.85120927608974
 10
72.87898157762012
 20
-25.92274531544211
 10
72.55041125939685
 20
-26.0224175461918
 10
72.2732154126796
 20
-26.121601125796012
 10
71.9559968373744
 20
-26.25299893050083
 10
71.68985745526483
 20
-26.37887485826609
 10
71.38704561116714
 20
-26.5407328042374
 10
71.13452576140158
 20
-26.692088826168547
 10
70.8490368921036
 20
-26.88284813290626
 10
70.61256847887661
 20
-27.05822660777254
 10
70.34715199825403
 20
-27.276050158873005
 10
70.12901234165187
 20
-27.473762096089796
 10
69.8862243555047
 20
-27.71655213168126
 10
69.68851425966777
 20
-27.934693457212738
 10
69.47069294902363
 20
-28.200111776530278
 10
69.29531647025416
 20
-28.4365816701634
 10
69.1045595734081
 20
-28.722072149699212
 10
68.95320568306722
 20
-28.974593277090552
 10
68.79135029321402
 20
-29.277406487461896
 10
68.66547746774982
 20
-29.543544866137214
 10
68.51737966029215
 20
-29.901088115902876
 10
68.50262589853378
 20
-29.93240224724112
 10
68.49119972355216
 20
-29.96010721338322
 10
68.41357915570515
 20
-29.970519071624235
 10
68.4049881420262
 20
-29.971351908329133
 10
68.37240178900453
 20
-29.97469059439566
 10
68.3170413041588
 20
-29.980668228204784
 10
68.27597769636463
 20
-29.985388539981066
 10
68.23779507757797
 20
-29.990044412059753
 10
68.20173409627799
 20
-29.99466349817183
 10
68.15065643051418
 20
-30.001520907327947
 10
68.11010228424901
 20
-30.00724756661085
 10
68.06503672075429
 20
-30.01392534931167
 10
68.04274357000975
 20
-30.01731440268087
 10
68.01510639366953
 20
-30.02162219482719
 10
67.99601855513237
 20
-30.024660420724334
 10
67.9594531815234
 20
-30.030601396131562
 10
67.92451107276901
 20
-30.036490647452506
 10
67.88371326885428
 20
-30.04361487601881
 10
67.84793814630245
 20
-30.05008565148825
 10
67.79728159719814
 20
-30.059565421168916
 10
67.75707633751406
 20
-30.067373782054727
 10
67.71899723678445
 20
-30.075039316023467
 10
67.68376992969674
 20
-30.082350832880667
 10
67.63089346755078
 20
-30.093656618739
 10
67.59053356688065
 20
-30.10257736121064
 10
67.55303273086254
 20
-30.111137549286486
 10
67.51763848450996
 20
-30.11944282796414
 10
67.46753759405854
 20
-30.131519780238175
 10
67.4277880046967
 20
-30.141389103997877
 10
67.38364881811022
 20
-30.152668731761597
 10
67.36182274548639
 20
-30.15833378310229
 10
67.3347755546793
 20
-30.165462601984576
 10
67.31610167866732
 20
-30.17044885822174
 10
67.28034174130899
 20
-30.18012091156868
 10
67.24619112939855
 20
-30.18957447975817
 10
67.20634298715234
 20
-30.200859026568622
 10
67.17142362285674
 20
-30.210976749930143
 10
67.12201145724026
 20
-30.225618808841954
 10
67.08282311169549
 20
-30.237522882902695
 10
67.04573494155818
 20
-30.249066104259164
 10
67.01144699786599
 20
-30.25996373523381
 10
66.96001460236094
 20
-30.276650548460744
 10
66.92078690194744
 20
-30.289677011858366
 10
66.88436598770168
 20
-30.302050634096815
 10
66.85001425005467
 20
-30.313953929828116
 10
66.80142204622223
 20
-30.331122206591587
 10
66.76289902734136
 20
-30.345029414157658
 10
66.72015483473295
 20
-30.360791133393064
 10
66.69902756335375
 20
-30.36867203796841
 10
66.67285751278965
 20
-30.378546198317203
 10
66.65479585617177
 20
-30.38542754679258
 10
66.62022101128578
 20
-30.398727991791286
 10
66.58722446655506
 20
-30.411645510173567
 10
66.54874904587675
 20
-30.426970569411242
 10
66.51505617186491
 20
-30.440627822784638
 10
66.46741298898073
 20
-30.460276719067902
 10
66.42965761253411
 20
-30.476150123089894
 10
66.39395413080345
 20
-30.491448479721157
 10
66.36096957886785
 20
-30.50581652680649
 10
66.31152729764096
 20
-30.527707206784633
 10
66.27384827027059
 20
-30.544701091706155
 10
66.23889395148052
 20
-30.560756779793646
 10
66.2059494281829
 20
-30.576131717628357
 10
66.15938180485209
 20
-30.598209046658965
 10
66.12249434777469
 20
-30.61600648794106
 10
66.08159895583286
 20
-30.636082959574498
 10
66.06139478978481
 20
-30.646096047370115
 10
66.03637972174486
 20
-30.65861071716639
 10
66.01912204158015
 20
-30.667314099955657
 10
65.98609936350176
 20
-30.68410172839511
 10
65.95460720377996
 20
-30.700346054216705
 10
65.91791299064873
 20
-30.71954892273926
 10
65.88580431754428
 20
-30.736600709748615
 10
65.84043593570696
 20
-30.761047834931063
 10
65.8045143697707
 20
-30.780722044103264
 10
65.77057463329167
 20
-30.799613116365194
 10
65.73924366361646
 20
-30.817299036829713
 10
65.6923164156473
 20
-30.84416117451318
 10
65.65658609214725
 20
-30.864942060222667
 10
65.62346947194848
 20
-30.884509354073337
 10
65.59228192852945
 20
-30.903192701318375
 10
65.54823328499768
 20
-30.92994469195593
 10
65.51337301660257
 20
-30.951443415019313
 10
65.47476060367038
 20
-30.975621491095396
 10
65.45569404661475
 20
-30.987660455125553
 10
65.43209954115984
 20
-31.002682768579863
 10
65.41582905884805
 20
-31.013115783577824
 10
65.38470914286198
 20
-31.033212364505225
 10
65.35505571421855
 20
-31.05261103495213
 10
65.3205322838786
 20
-31.075487839681116
 10
65.29034870315101
 20
-31.09575312485613
 10
65.2477367895523
 20
-31.124738928614946
 10
65.21403040633169
 20
-31.148005065725496
 10
65.1822147466174
 20
-31.17028829081627
 10
65.15286999395178
 20
-31.191104316717087
 10
65.1089559966107
 20
-31.22265272206841
 10
65.07555371880169
 20
-31.246999981987553
 10
65.04462638984151
 20
-31.269871139488753
 10
65.01552693831994
 20
-31.29166453871866
 10
64.97446493037796
 20
-31.32280717033726
 10
64.94200195528433
 20
-31.34777892746402
 10
64.90608246176116
 20
-31.375801914100443
 10
64.88835593958767
 20
-31.389738939049373
 10
64.8664324949461
 20
-31.407109407211443
 10
64.85132195099959
 20
-31.419161289148526
 10
64.82243519113582
 20
-31.442353461114806
 10
64.79493531819513
 20
-31.464700524315287
 10
64.76294919912444
 20
-31.49100838670908
 10
64.7350111639184
 20
-31.514272017499678
 10
64.69560812086617
 20
-31.54748876325604
 10
64.66447477440673
 20
-31.574099816300272
 10
64.63512097206383
 20
-31.599538617598245
 10
64.60807398387541
 20
-31.623263749282472
 10
64.56763946343881
 20
-31.659163479084313
 10
64.53691985674149
 20
-31.68681862313827
 10
64.50851016839425
 20
-31.71275082570485
 10
64.48180775192881
 20
-31.737422900682464
 10
64.4441683268464
 20
-31.772625538082057
 10
64.41444729807965
 20
-31.800805209035474
 10
64.38160207416709
 20
-31.83237559169155
 10
64.36540378587712
 20
-31.848062710904582
 10
64.34538415895142
 20
-31.867596914927976
 10
64.33159397904204
 20
-31.881139711345497
 10
64.3052470603497
 20
-31.907181247621985
 10
64.28019270385882
 20
-31.932239449197382
 10
64.25108348639434
 20
-31.961699063853814
 10
64.22568760933846
 20
-31.987714054864274
 10
64.1899117712042
 20
-32.02480908694992
 10
64.16168199812728
 20
-32.054482531606915
 10
64.1351016967026
 20
-32.08280683036196
 10
64.11063962554972
 20
-32.10918918276962
 10
64.07411386737294
 20
-32.14905909664788
 10
64.04640307581317
 20
-32.17972851560804
 10
64.02081264815712
 20
-32.20844644614081
 10
63.996790761055934
 20
-32.235735258294184
 10
63.994068121671994
 20
-32.23886622008591
 10
63.92300876185679
 20
-32.315369293347665
 10
63.852916898014485
 20
-32.31875
 10
50.382733948049626
 20
-32.31875
 10
50.37349926132793
 20
-32.31876421327348
 10
50.355799585533504
 20
-32.31881869718529
 10
50.338869597358745
 20
-32.31891858445037
 10
50.3190819575543
 20
-32.31909117006856
 10
50.30171306729202
 20
-32.319292948042445
 10
50.277090425369714
 20
-32.31965028946344
 10
50.25752483201699
 20
-32.31999806832532
 10
50.238968473818936
 20
-32.320388451548
 10
50.2217858987731
 20
-32.320799179348086
 10
50.19594314317011
 20
-32.321490994179854
 10
50.17620080084208
 20
-32.322084541964955
 10
50.157833135862724
 20
-32.322697285541935
 10
50.140474480329225
 20
-32.32332668314293
 10
50.11586810298257
 20
-32.32429020891642
 10
50.09631700543869
 20
-32.32511965339533
 10
50.07457235667602
 20
-32.326113214947995
 10
50.063810693312384
 20
-32.326624305328295
 10
50.01881361218977
 20
-32.32884228358031
 10
50.00036952148339
 20
-32.329808344358376
 10
49.96502483409086
 20
-32.331768736734254
 10
49.93122737043487
 20
-32.33383469553722
 10
49.891740092457155
 20
-32.33647221610372
 10
49.857091019346214
 20
-32.338988168972975
 10
49.80799515245722
 20
-32.34283902973775
 10
49.76899893818999
 20
-32.346153784924454
 10
49.73203599044185
 20
-32.34953869254834
 10
49.697818732286315
 20
-32.3528699723534
 10
49.64641829507976
 20
-32.35817162860673
 10
49.60715616695971
 20
-32.36248268496574
 10
49.570646629082425
 20
-32.36673492348713
 10
49.53616343715902
 20
-32.37095366276099
 10
49.487316689914024
 20
-32.37721693329852
 10
49.44853095477245
 20
-32.38244752396256
 10
49.40542674795571
 20
-32.38854702973349
 10
49.38410283986573
 20
-32.39164264449027
 10
49.357661422879204
 20
-32.39557818337856
 10
49.339401747291305
 20
-32.398353431627854
 10
49.304421188249876
 20
-32.40378026812119
 10
49.270990734558104
 20
-32.40915999872647
 10
49.231954258003626
 20
-32.41566808101558
 10
49.197720577409335
 20
-32.42157937522348
 10
49.14924141507198
 20
-32.43023986557661
 10
49.11076022391348
 20
-32.43737360626127
 10
49.074309342009435
 20
-32.44437719922004
 10
49.040585565852766
 20
-32.451057401505544
 10
48.989955682118996
 20
-32.46138829581731
 10
48.95130784664151
 20
-32.46953965915986
 10
48.91539347370185
 20
-32.477361788329816
 10
48.88149232944978
 20
-32.484951301143624
 10
48.83349832579716
 20
-32.49598800751368
 10
48.79541500488538
 20
-32.505007597159754
 10
48.75311959910162
 20
-32.51531658671877
 10
48.73220349559302
 20
-32.5204942793517
 10
48.706277292270975
 20
-32.52701110218198
 10
48.68837906104956
 20
-32.53156863161327
 10
48.65410177012161
 20
-32.54040929854114
 10
48.62136243774215
 20
-32.54905064396169
 10
48.58315522486823
 20
-32.55936619151259
 10
48.54966883549289
 20
-32.56861551651472
 10
48.50227638767275
 20
-32.58200167220093
 10
48.46468329833643
 20
-32.59288523610671
 10
48.42909787695677
 20
-32.603439613917
 10
48.39619453793423
 20
-32.61340397350262
 10
48.34682606908803
 20
-32.62866394689516
 10
48.30916722059867
 20
-32.6405765889984
 10
48.27419620576908
 20
-32.65189277254994
 10
48.24120578392366
 20
-32.66277947787367
 10
48.194529830173465
 20
-32.678482618185775
 10
48.15751814481362
 20
-32.691203761057125
 10
48.11644159794208
 20
-32.705622287795244
 10
48.09613608257776
 20
-32.71283186009414
 10
48.07097644986194
 20
-32.72186678566542
 10
48.05361318801525
 20
-32.72816241060895
 10
48.020371486710694
 20
-32.740331196886665
 10
47.988640686501675
 20
-32.75215037847868
 10
47.95163315977604
 20
-32.76617338110251
 10
47.91921871527005
 20
-32.77867106383536
 10
47.873372456144764
 20
-32.79665310483377
 10
47.83703193711515
 20
-32.81118097480008
 10
47.802656980214074
 20
-32.82518381179183
 10
47.77089307924394
 20
-32.83833572328885
 10
47.723264657163426
 20
-32.85837682890681
 10
47.68695990168765
 20
-32.8739352556017
 10
47.65327129219795
 20
-32.888635782086354
 10
47.6215114379555
 20
-32.90271413230324
 10
47.57660606180151
 20
-32.922931463158314
 10
47.54102484371243
 20
-32.939230826596315
 10
47.50156539668407
 20
-32.957619101559494
 10
47.4820673333165
 20
-32.966790656052886
 10
47.4579181961757
 20
-32.97825608992524
 10
47.441258242135625
 20
-32.98622877371419
 10
47.409374411827635
 20
-33.001607701831745
 10
47.37895977683856
 20
-33.01649013153409
 10
47.34351072766184
 20
-33.03408463492121
 10
47.31248248906724
 20
-33.04970950919286
 10
47.26862690236718
 20
-33.07211309794925
 10
47.233891278341915
 20
-33.09014442493128
 10
47.20106005430897
 20
-33.107459962303906
 10
47.170743545355194
 20
-33.12367191671149
 10
47.12531693200679
 20
-33.14829985417845
 10
47.090718247511305
 20
-33.16735322507722
 10
47.05863865754979
 20
-33.18529557152948
 10
47.02841728563924
 20
-33.202429075730024
 10
46.98571784886749
 20
-33.2269645882308
 10
46.95191206125698
 20
-33.24668414839588
 10
46.91445227706303
 20
-33.26886389555605
 10
46.895950701221295
 20
-33.27990851317424
 10
46.8730461877781
 20
-33.29369329690387
 10
46.857251061343185
 20
-33.30326574363005
 10
46.827034218720634
 20
-33.32170571345467
 10
46.79823062165535
 20
-33.33950710473254
 10
46.764683731845444
 20
-33.360502528541446
 10
46.73534252080922
 20
-33.37910310974867
 10
46.69390279050764
 20
-33.40571104139563
 10
46.66110882658123
 20
-33.427071010007005
 10
46.63013963717695
 20
-33.447531372020975
 10
46.60156444160204
 20
-33.46664619293946
 10
46.55878005221224
 20
-33.49562219211878
 10
46.52622287614958
 20
-33.517985783024876
 10
46.49606332031063
 20
-33.53899599673532
 10
46.4676734297331
 20
-33.559018544008616
 10
46.42759390734097
 20
-33.58763436408652
 10
46.39589130045007
 20
-33.610582938016876
 10
46.360794355166576
 20
-33.636339122672204
 10
46.34346864134288
 20
-33.649149724824184
 10
46.32203081297702
 20
-33.66512021365588
 10
46.30725364936288
 20
-33.676199617560364
 10
46.278996749517646
 20
-33.69752185187397
 10
46.25208344391728
 20
-33.718069618590285
 10
46.22076395367606
 20
-33.74226241024375
 10
46.19339423595765
 20
-33.763658364028494
 10
46.1547721240782
 20
-33.79421267220431
 10
46.12423776076799
 20
-33.818694195571105
 10
46.095430855156785
 20
-33.842101017118246
 10
46.06887401213022
 20
-33.86393338458721
 10
46.02914664531147
 20
-33.896976520487044
 10
45.998946622518524
 20
-33.92243351431574
 10
45.97099950049727
 20
-33.94630789931077
 10
45.944716333872584
 20
-33.96902536920546
 10
45.907645300535904
 20
-34.00144406383878
 10
45.878353234075576
 20
-34.027399162984196
 10
45.845959395843515
 20
-34.05648207653475
 10
45.82997751843994
 20
-34.07093446324477
 10
45.81021421688427
 20
-34.088935821809166
 10
45.79659828205926
 20
-34.10141476704594
 10
45.770575278249204
 20
-34.125412544814345
 10
45.74581319110526
 20
-34.148507474466996
 10
45.71702474579506
 20
-34.17566308260636
 10
45.69189187334402
 20
-34.19964697321399
 10
45.656461824839226
 20
-34.23385143107085
 10
45.62848309562667
 20
-34.261217158555766
 10
45.602117759424225
 20
-34.28734350833466
 10
45.57783673999828
 20
-34.311681755529875
 10
45.5415515562574
 20
-34.34847167188285
 10
45.51400147875437
 20
-34.376775260719505
 10
45.48853774048311
 20
-34.40328235262827
 10
45.464616115545695
 20
-34.42847449716983
 10
45.4309129783716
 20
-34.464381764107266
 10
45.40431544164075
 20
-34.49309175137624
 10
45.374938771720494
 20
-34.52521943228261
 10
45.36045567651856
 20
-34.54117348632291
 10
45.34255850881179
 20
-34.561031189781815
 10
45.33023581052617
 20
-34.57478869182013
 10
45.306698998187485
 20
-34.601229352361386
 10
45.28432820022897
 20
-34.6266475374678
 10
45.25834990649006
 20
-34.656502685960426
 10
45.23569754483337
 20
-34.682841987349235
 10
45.20380305731025
 20
-34.72036497949486
 10
45.17865121856754
 20
-34.7503495978342
 10
45.15498306614933
 20
-34.77894217846523
 10
45.133213277057365
 20
-34.805550343824954
 10
45.100722064614025
 20
-34.84573035898132
 10
45.07608903295515
 20
-34.87660613690921
 10
45.053355551733716
 20
-34.905488947022334
 10
45.03202739085253
 20
-34.932911526036875
 10
45.00201890487852
 20
-34.97195924099833
 10
44.97837376345959
 20
-35.00314577040471
 10
44.952299071387536
 20
-35.03800673782427
 10
44.93945517333677
 20
-35.05530778316314
 10
44.9235976541781
 20
-35.07682930924178
 10
44.91268766213354
 20
-35.09173198782453
 10
44.891865232840644
 20
-35.12035918648662
 10
44.87210261102621
 20
-35.14785419538753
 10
44.84918633082685
 20
-35.180119435798964
 10
44.82923409670912
 20
-35.208558786002015
 10
44.80118439017446
 20
-35.249036523556484
 10
44.77910329130738
 20
-35.281349329098894
 10
44.7583617876069
 20
-35.31213093286031
 10
44.739314288972174
 20
-35.34075104775469
 10
44.71093205313836
 20
-35.38393161274805
 10
44.68945488684629
 20
-35.41708023624147
 10
44.66967206588369
 20
-35.44805874303667
 10
44.65114414755647
 20
-35.47744589207753
 10
44.62512124783387
 20
-35.51925548384893
 10
44.60465774356364
 20
-35.552616199100626
 10
44.58213782589538
 20
-35.58987247272435
 10
44.57105764777742
 20
-35.608352774124235
 10
44.55739351728611
 20
-35.6313294696305
 10
44.548002004864905
 20
-35.647232841910224
 10
44.530095833995844
 20
-35.67776903535501
 10
44.51313298877548
 20
-35.70707430139108
 10
44.493500897575636
 20
-35.74143681922515
 10
44.476442229755214
 20
-35.771700496107194
 10
44.45250924871511
 20
-35.81474054365141
 10
44.43371296802456
 20
-35.84906826075098
 10
44.41609920383952
 20
-35.88174045714586
 10
44.39995866292419
 20
-35.912095046912086
 10
44.3759605721066
 20
-35.95785752216312
 10
44.35784749429918
 20
-35.99295761224498
 10
44.3412071298779
 20
-36.02573147622804
 10
44.325659083988675
 20
-36.056798284163506
 10
44.30387406494035
 20
-36.10096440488041
 10
44.28679059338848
 20
-36.1361758707525
 10
44.268043782812576
 20
-36.17546624755531
 10
44.25883474798036
 20
-36.19494663678298
 10
44.247496481165705
 20
-36.21915574052767
 10
44.23971449995239
 20
-36.23590562183434
 10
44.22489818949541
 20
-36.268054758833955
 10
44.21089957722489
 20
-36.298886164736146
 10
44.19474200996668
 20
-36.33501281219961
 10
44.18074229380786
 20
-36.36680740661066
 10
44.161158070728895
 20
-36.411992486899905
 10
44.14582883989633
 20
-36.44800230516117
 10
44.131513582304585
 20
-36.48224833421428
 10
44.11843648314977
 20
-36.5140431082893
 10
44.09905520106144
 20
-36.56194382236218
 10
44.08448181970561
 20
-36.59865508040832
 10
44.07114524170029
 20
-36.63290655593147
 10
44.05872780799439
 20
-36.66535182718033
 10
44.041391877398524
 20
-36.711446282210325
 10
44.02785406440417
 20
-36.748167120279696
 10
44.0130621129854
 20
-36.789110676419774
 10
44.00581350388583
 20
-36.80940228929464
 10
43.99691102629493
 20
-36.83460909177448
 10
43.990814023318144
 20
-36.85204309045706
 10
43.97923121877805
 20
-36.88549348214401
 10
43.96833255729988
 20
-36.91755211457663
 10
43.955806163092696
 20
-36.95509264048067
 10
43.945723354478034
 20
-36.98590296995051
 10
43.91294108970302
 20
-37.07675115446206
 10
43.84241223235808
 20
-37.08021308052255
 10
41.17068647769948
 20
-37.08059037223354
 10
41.099325584086685
 20
-37.07709181051837
 10
41.068829907017296
 20
-37.012480427996636
 10
40.93517560682888
 20
-36.689041337393306
 10
40.808336313351184
 20
-36.42057016952763
 10
40.64677316455709
 20
-36.11830677793954
 10
40.49541117383137
 20
-35.86577576140146
 10
40.30465186709359
 20
-35.580286892103395
 10
40.12927339222726
 20
-35.343818478876365
 10
39.911449841126974
 20
-35.07840199825403
 10
39.71373790391032
 20
-34.86026234165202
 10
39.47094786831876
 20
-34.61747435550473
 10
39.252806542787376
 20
-34.41976425966788
 10
38.987388223470084
 20
-34.201942949023916
 10
38.75091832983694
 20
-34.026566470254416
 10
38.46542785030091
 20
-33.835809573408184
 10
38.21290672290935
 20
-33.68445568306718
 10
37.91009351253803
 20
-33.522600293214005
 10
37.64395306788682
 20
-33.396726612003896
 10
37.326733383430216
 20
-33.265331485027005
 10
37.04953669948897
 20
-33.16615024530756
 10
36.72096553991869
 20
-33.066480788107725
 10
36.4353821722842
 20
-32.99494715943519
 10
36.09862385748175
 20
-32.92796324337002
 10
35.8074041301004
 20
-32.88476613369291
 10
35.465701826728164
 20
-32.85111285049129
 10
35.31886602963822
 20
-32.84028190294747
 10
35.294385721674665
 20
-32.83907926253583
 10
35.22080638426136
 20
-32.83636917506275
 10
35.049080609484406
 20
-32.83215354391139
 10
34.97545692391569
 20
-32.831250000000004
 10
27.024543076084313
 20
-32.831250000000004
 10
26.950919390515597
 20
-32.83215354391139
 10
26.779193615738638
 20
-32.83636917506275
 10
26.705614278324994
 20
-32.839079262535854
 10
26.681133970361348
 20
-32.840281902947495
 10
26.534285572355092
 20
-32.85111409154641
 10
26.192554054417123
 20
-32.884771708319484
 10
25.901322090772535
 20
-32.92797251736374
 10
25.564564341410502
 20
-32.99495927608978
 10
25.278981577620005
 20
-33.06649531544214
 10
24.950411259396915
 20
-33.16616754619178
 10
24.673215412679763
 20
-33.26535112579596
 10
24.355996837374505
 20
-33.39674893050079
 10
24.089857455264845
 20
-33.52262485826609
 10
23.787045611166892
 20
-33.68448280423755
 10
23.53452576140127
 20
-33.83583882616874
 10
23.24903689210348
 20
-34.026598132906344
 10
23.012568478876542
 20
-34.20197660777259
 10
22.747151998254054
 20
-34.419800158873
 10
22.529012341651953
 20
-34.61751209608973
 10
22.286224355504768
 20
-34.8603021316812
 10
22.08851425966794
 20
-35.078443457212565
 10
21.870692949023805
 20
-35.34386177653007
 10
21.695316470254298
 20
-35.58033167016321
 10
21.50455957340822
 20
-35.865822149699014
 10
21.353205683067213
 20
-36.11834327709058
 10
21.191350293213954
 20
-36.42115648746206
 10
21.065477467749833
 20
-36.687294866137215
 10
20.92715242549109
 20
-37.02124434170453
 10
20.90106194918355
 20
-37.07667007216997
 10
20.900508697464062
 20
-37.07801290511241
 10
20.831976256928204
 20
-37.081250000000004
 10
12.40498788707793
 20
-37.081250000000004
 10
12.3957840167875
 20
-37.08126411857128
 10
12.378143404419086
 20
-37.081318239462014
 10
12.361269910336961
 20
-37.08141746118717
 10
12.34154829602577
 20
-37.08158889690483
 10
12.324237358874141
 20
-37.08178933046893
 10
12.299696862282458
 20
-37.082144291083274
 10
12.280196539014872
 20
-37.08248975284271
 10
12.26170207321211
 20
-37.082877535229564
 10
12.244576809034541
 20
-37.083285526509805
 10
12.21882019610905
 20
-37.08397273323392
 10
12.199143670662716
 20
-37.08456232696387
 10
12.180837232116355
 20
-37.085170988593305
 10
12.163536427577949
 20
-37.085796193455266
 10
12.13901203329052
 20
-37.086753301097204
 10
12.11952606121287
 20
-37.087577220699565
 10
12.097853823457264
 20
-37.088564164541445
 10
12.087127991506955
 20
-37.089071850831445
 10
12.042280410226995
 20
-37.091275071219506
 10
12.023897700160544
 20
-37.092234698115114
 10
11.988670594298277
 20
-37.09418203538968
 10
11.954985495216784
 20
-37.09623423731973
 10
11.915629390399335
 20
-37.098854198053715
 10
11.881095338664897
 20
-37.10135340171185
 10
11.832162272201778
 20
-37.105178633002275
 10
11.793295251949836
 20
-37.108471328820016
 10
11.756454595459424
 20
-37.11183371679837
 10
11.722350484074672
 20
-37.11514283139237
 10
11.6711194907523
 20
-37.12040925213636
 10
11.631986777509372
 20
-37.12469164508789
 10
11.595597441388087
 20
-37.1289156136961
 10
11.561227617544054
 20
-37.133106312557494
 10
11.512541188304962
 20
-37.13932796795843
 10
11.473882550005701
 20
-37.14452381187184
 10
11.430919327543526
 20
-37.15058281137329
 10
11.409665095064522
 20
-37.153657871472646
 10
11.383309668496166
 20
-37.15756732969966
 10
11.365109536087711
 20
-37.160324156401636
 10
11.330242930802257
 20
-37.16571497689326
 10
11.296921185645152
 20
-37.17105901399366
 10
11.258011392287473
 20
-37.17752393174948
 10
11.22388859624701
 20
-37.18339603005387
 10
11.175566094106367
 20
-37.19199912105226
 10
11.137208969807396
 20
-37.19908559581807
 10
11.100875282800216
 20
-37.20604280877665
 10
11.067259741982907
 20
-37.21267877655083
 10
11.016791639399388
 20
-37.22294135350077
 10
10.978267108778036
 20
-37.23103880220507
 10
10.942467018576723
 20
-37.23880920991576
 10
10.90867345514587
 20
-37.24634856126381
 10
10.860831293243173
 20
-37.25731236225993
 10
10.822868088616783
 20
-37.26627239593963
 10
10.780705631619067
 20
-37.27651335190726
 10
10.75985515267574
 20
-37.281656883839325
 10
10.734009828605675
 20
-37.2881308005008
 10
10.716167551079131
 20
-37.292658277260976
 10
10.681997230833407
 20
-37.30144066442242
 10
10.649359746220798
 20
-37.31002507069476
 10
10.611270986907343
 20
-37.32027268477943
 10
10.577888067741233
 20
-37.329461126213104
 10
10.530641502034337
 20
-37.342759224450155
 10
10.493163673765517
 20
-37.35357123153778
 10
10.457686869509903
 20
-37.36405626771279
 10
10.424883635292625
 20
-37.373955180670364
 10
10.375664458861909
 20
-37.38911507960051
 10
10.338119123151557
 20
-37.400949601200004
 10
10.303253053315755
 20
-37.41219161473779
 10
10.270361200789473
 20
-37.42300701049714
 10
10.223824052391135
 20
-37.43860736969249
 10
10.186921887849419
 20
-37.4512453031164
 10
10.14596624382577
 20
-37.46556958954565
 10
10.125720319929572
 20
-37.47273205828583
 10
10.100634002956685
 20
-37.481708086025435
 10
10.083321411197161
 20
-37.487962610767994
 10
10.050176454858295
 20
-37.50005198540929
 10
10.018537547609325
 20
-37.511794088328266
 10
9.981636637910182
 20
-37.52572570861687
 10
9.9493150913777
 20
-37.538142003466106
 10
9.903599472357753
 20
-37.55600704098707
 10
9.867361872090601
 20
-37.57044045485847
 10
9.833083611608473
 20
-37.58435233761879
 10
9.801408597072026
 20
-37.597418863815726
 10
9.753912354369412
 20
-37.617330086612085
 10
9.717707795676898
 20
-37.63278770819447
 10
9.684111525514531
 20
-37.647393060824676
 10
9.652438150411793
 20
-37.66138034282227
 10
9.607654193700677
 20
-37.68146702022858
 10
9.572168457261519
 20
-37.6976611431891
 10
9.532814051449982
 20
-37.7159308093721
 10
9.513367661914225
 20
-37.72504323643146
 10
9.489281946985209
 20
-37.73643493119505
 10
9.472665770716794
 20
-37.74435626942722
 10
9.440865382333374
 20
-37.759636204261696
 10
9.410529752420931
 20
-37.77442292095699
 10
9.375172068268983
 20
-37.79190437833021
 10
9.34422316853076
 20
-37.80742895088882
 10
9.300478762599589
 20
-37.82968887761679
 10
9.265830378235636
 20
-37.84760469660579
 10
9.23308077991342
 20
-37.864809446915146
 10
9.20283903276165
 20
-37.88091774856168
 10
9.157523138567976
 20
-37.905388539264464
 10
9.123008026584962
 20
-37.92432039548394
 10
9.091005106545758
 20
-37.94214842967556
 10
9.06085524078421
 20
-37.95917289273912
 10
9.018255769741705
 20
-37.98355244267393
 10
8.984528208445086
 20
-38.00314679691457
 10
8.947154045289226
 20
-38.025185895977714
 10
8.928694469477204
 20
-38.036160523701504
 10
8.905841315193946
 20
-38.04985817724076
 10
8.890081577276458
 20
-38.0593700421456
 10
8.859932011972148
 20
-38.07769338304799
 10
8.831191808094724
 20
-38.09538230935483
 10
8.797717863314496
 20
-38.11624524782327
 10
8.768439665194322
 20
-38.13472858797066
 10
8.727087754898415
 20
-38.16116902864049
 10
8.69436226932015
 20
-38.18239471361614
 10
8.663456729689207
 20
-38.202726640325636
 10
8.63493949447825
 20
-38.221721585671666
 10
8.592240365627848
 20
-38.25051627718878
 10
8.559747099750858
 20
-38.2727400439206
 10
8.529645735447756
 20
-38.29361906595936
 10
8.501309738715031
 20
-38.31351675520381
 10
8.461305009535964
 20
-38.3419543892735
 10
8.429660438235656
 20
-38.36476027045087
 10
8.394626451357166
 20
-38.390356553822315
 10
8.37733146507329
 20
-38.40308769054715
 10
8.355930959802334
 20
-38.418959386971856
 10
8.341179435128302
 20
-38.429970174089874
 10
8.312971049698149
 20
-38.45116045727087
 10
8.286103055728978
 20
-38.47158123916
 10
8.25483522271098
 20
-38.49562473721929
 10
8.227509691263897
 20
-38.51688884028435
 10
8.188948518103173
 20
-38.54725515899903
 10
8.158461095624848
 20
-38.57158629501283
 10
8.129697251926014
 20
-38.59484959055453
 10
8.103179165220471
 20
-38.61654824789254
 10
8.063508017666795
 20
-38.64938953160304
 10
8.033349525809484
 20
-38.67469118182426
 10
8.005439609835431
 20
-38.698420115314704
 10
7.979190373270839
 20
-38.72099940511502
 10
7.942165653367541
 20
-38.753221253356685
 10
7.912908826582594
 20
-38.77901902836894
 10
7.8805524124248
 20
-38.80792598984886
 10
7.864588575842104
 20
-38.82229102776808
 10
7.844846818149238
 20
-38.840183913964474
 10
7.831245571964829
 20
-38.8525875833968
 10
7.805250028581708
 20
-38.876440734844756
 10
7.780512997991582
 20
-38.89939670902253
 10
7.751752403059268
 20
-38.92638921464358
 10
7.726642698088345
 20
-38.9502292956914
 10
7.691243627236974
 20
-38.984229048204405
 10
7.66328787840402
 20
-39.01143131311524
 10
7.636942742180008
 20
-39.037401939232865
 10
7.612679187651697
 20
-39.061595338630475
 10
7.576418076230196
 20
-39.098166935020856
 10
7.5488848011542515
 20
-39.12630280000951
 10
7.523435121257251
 20
-39.15265312235079
 10
7.499525439358501
 20
-39.17769656180282
 10
7.465837297023458
 20
-39.21339231020316
 10
7.439249973990041
 20
-39.24193353237375
 10
7.409882742509561
 20
-39.27387278212082
 10
7.395403796100391
 20
-39.28973337806722
 10
7.377510909904297
 20
-39.30947513575976
 10
7.365190929644857
 20
-39.32315223338981
 10
7.341658579599731
 20
-39.34943853421921
 10
7.319290743515801
 20
-39.37470862210529
 10
7.293314366921912
 20
-39.40439018270176
 10
7.270662308613531
 20
-39.4305766487185
 10
7.238766252476383
 20
-39.467882398826085
 10
7.2136114064318315
 20
-39.49769381995304
 10
7.189938695745091
 20
-39.526121665320645
 10
7.168163344687995
 20
-39.552576811115976
 10
7.135661483723553
 20
-39.59252651572173
 10
7.111018585919039
 20
-39.6232256317177
 10
7.08827423643068
 20
-39.651943574898965
 10
7.06693437250476
 20
-39.67920998199061
 10
7.036907242961662
 20
-39.71803586098232
 10
7.013245474134358
 20
-39.74904566273983
 10
6.987150247826076
 20
-39.78370960831693
 10
6.9742956317605245
 20
-39.80091301607996
 10
6.9584239353361905
 20
-39.82231352135041
 10
6.947503869146617
 20
-39.83713232925124
 10
6.926661341836164
 20
-39.86559862801399
 10
6.906878114747247
 20
-39.89293946484812
 10
6.883936123196108
 20
-39.92502423076849
 10
6.863959863253959
 20
-39.95330489177219
 10
6.835873998289437
 20
-39.993557364705445
 10
6.813762309952464
 20
-40.025690841765616
 10
6.7929900059462085
 20
-40.05630213069381
 10
6.773912566893705
 20
-40.08476424537212
 10
6.74548296707599
 20
-40.12770732069788
 10
6.723967771120664
 20
-40.16067403843149
 10
6.704147792558965
 20
-40.19148303296175
 10
6.685583261161037
 20
-40.22070981728727
 10
6.659506322083098
 20
-40.26229191243017
 10
6.638997983230226
 20
-40.29547165243253
 10
6.616426073387306
 20
-40.332526461095846
 10
6.605319584644542
 20
-40.35090700245502
 10
6.591621931104395
 20
-40.373760156739756
 10
6.582206945192155
 20
-40.38957796168969
 10
6.564254965548809
 20
-40.41995011236616
 10
6.547246870746455
 20
-40.44909839094343
 10
6.52756020815865
 20
-40.4832773683521
 10
6.510452128885874
 20
-40.513379866118115
 10
6.486446937325472
 20
-40.55619140856038
 10
6.467591354341872
 20
-40.59033747860418
 10
6.44991950565994
 20
-40.62283740764539
 10
6.433723704779376
 20
-40.65303238548277
 10
6.409640158695885
 20
-40.69855526623794
 10
6.3914598676881855
 20
-40.73347209819593
 10
6.374755137280257
 20
-40.76607543661784
 10
6.359144724995899
 20
-40.79698112826738
 10
6.337269111563289
 20
-40.84091898125099
 10
6.320111709199658
 20
-40.875949120463034
 10
6.301280495651758
 20
-40.91503793415124
 10
6.29202909578936
 20
-40.93441859444631
 10
6.280637401026091
 20
-40.95850430937467
 10
6.272818166851701
 20
-40.97516877726606
 10
6.257929622251062
 20
-41.00715427944557
 10
6.243860456985456
 20
-41.03782928590987
 10
6.2276187166845896
 20
-41.07377331256827
 10
6.213543578238268
 20
-41.10540774358465
 10
6.193850243200504
 20
-41.15036605697665
 10
6.178432355141681
 20
-41.18619587468393
 10
6.164031151346138
 20
-41.2202714517576
 10
6.150872963053496
 20
-41.25190849861124
 10
6.131367408418443
 20
-41.2995727745686
 10
6.116697108499048
 20
-41.33610345257182
 10
6.1032685019313035
 20
-41.370187146912144
 10
6.090762545564111
 20
-41.402474107180836
 10
6.073298931890692
 20
-41.44834457246549
 10
6.059657701179878
 20
-41.48488775149787
 10
6.044748538809081
 20
-41.52563412356452
 10
6.037441323865758
 20
-41.545828256440856
 10
6.028465296126613
 20
-41.57091457341244
 10
6.022317117189544
 20
-41.58826521631018
 10
6.010635392456095
 20
-41.62155603212004
 10
5.999640650480034
 20
-41.65346234938982
 10
5.987000249303225
 20
-41.690825264673016
 10
5.976093602959644
 20
-41.72368697207831
 10
5.960901782024994
 20
-41.77035908328865
 10
5.949070071581612
 20
-41.80752758792752
 10
5.938078204138924
 20
-41.842850646595544
 10
5.9280843489805815
 20
-41.87562508040933
 10
5.913344634947682
 20
-41.924971718536
 10
5.902325609124318
 20
-41.96276443218585
 10
5.8923024512188
 20
-41.99800023783599
 10
5.88302138996519
 20
-42.03135752564635
 10
5.87013796019739
 20
-42.07871884557618
 10
5.860144273648284
 20
-42.11642313363811
 10
5.849300745838383
 20
-42.15843465424561
 10
5.844008088288243
 20
-42.179247779165074
 10
5.837534171626903
 20
-42.20509310323462
 10
5.833116258251679
 20
-42.22296282496172
 10
5.82475385478086
 20
-42.25723834564591
 10
5.816939421469771
 20
-42.290068698444486
 10
5.808022093389816
 20
-42.32849067705519
 10
5.800388976115687
 20
-42.36226318464247
 10
5.789844974825443
 20
-42.410199615723705
 10
5.78171338783683
 20
-42.448348854276325
 10
5.774236714438332
 20
-42.48457921417698
 10
5.7675034387024855
 20
-42.51817539923747
 10
5.757671516775556
 20
-42.56872916443217
 10
5.750409884290631
 20
-42.60741994923619
 10
5.743888703537097
 20
-42.643468526126014
 10
5.737921919090523
 20
-42.67757489256137
 10
5.729742747700337
 20
-42.725970951733274
 10
5.723492849977523
 20
-42.76447323591934
 10
5.716819385828579
 20
-42.80734531116003
 10
5.7135922568570265
 20
-42.82857698635251
 10
5.709682798630091
 20
-42.85493241292036
 10
5.707037697737569
 20
-42.87314911828772
 10
5.702075150045989
 20
-42.90807925184527
 10
5.697516282664525
 20
-42.94151746592809
 10
5.692407906425792
 20
-42.9806284832082
 10
5.688121829313114
 20
-43.01498654326772
 10
5.682327192163265
 20
-43.0637256401848
 10
5.677974040257272
 20
-43.10248821462945
 10
5.674084565355324
 20
-43.13927695759028
 10
5.670676714168128
 20
-43.1733713442698
 10
5.665847271129907
 20
-43.22464537613838
 10
5.662412965473794
 20
-43.26386161868869
 10
5.6594565644076615
 20
-43.30037579931723
 10
5.65686152016411
 20
-43.33490278142442
 10
5.653465377043002
 20
-43.383867499333554
 10
5.651019458078068
 20
-43.422796981599724
 10
5.648580326698184
 20
-43.466116729951054
 10
5.647449805321486
 20
-43.48756248277716
 10
5.645284216768076
 20
-43.531644050465125
 10
5.644846705823039
 20
-43.54083752705426
 10
5.644035177700242
 20
-43.558459546116666
 10
5.643306336796035
 20
-43.57531758391694
 10
5.642509872263474
 20
-43.59502385463582
 10
5.641860656970053
 20
-43.61232377481567
 10
5.641011044924234
 20
-43.63685212839546
 10
5.6403992550484965
 20
-43.65634591367427
 10
5.6398790899097
 20
-43.6748371296598
 10
5.639446292861142
 20
-43.69196178488996
 10
5.638868854719775
 20
-43.7177210924867
 10
5.638492256915757
 20
-43.73740284669
 10
5.638201931020925
 20
-43.75571709993978
 10
5.637977472553579
 20
-43.77302774224783
 10
5.637730072325518
 20
-43.79756955886942
 10
5.6375968681487585
 20
-43.817072487059626
 10
5.637519216869396
 20
-43.838767046699715
 10
5.637499999999994
 20
-43.84950486990223
 10
5.637499999999994
 20
-61.73197625692827
 10
5.6342629051124025
 20
-61.80050869746407
 10
5.632920072170156
 20
-61.80106194918348
 10
5.577490645546671
 20
-61.8271541653783
  0
LWPOLYLINE
  5
8D
330
17
100
AcDbEntity
  8
INNER_WALL
100
AcDbPolyline
 90
1709
 70
1
 10
44.50508603932896
 20
-42.080119549914286
 10
44.45755055517196
 20
-42.081250000000004
 10
12.400385941105206
 20
-42.081250000000004
 10
12.394250229714672
 20
-42.08128764872607
 10
12.381979788700585
 20
-42.08143823725179
 10
12.375845001325693
 20
-42.081551177760204
 10
12.362354982063911
 20
-42.08188233914531
 10
12.35622204258274
 20
-42.0820705544276
 10
12.343958992821975
 20
-42.08252222929594
 10
12.337828824829648
 20
-42.08278569100768
 10
12.278425954776727
 20
-42.08570396688064
 10
12.266177971300078
 20
-42.08645643831192
 10
12.241704620597405
 20
-42.08826170111396
 10
12.229478792558373
 20
-42.08931452647631
 10
12.20265012178893
 20
-42.091956919910594
 10
12.19045381356919
 20
-42.09330946502134
 10
12.166098522136055
 20
-42.0963134037073
 10
12.153939080334215
 20
-42.097964853844005
 10
12.10785774563701
 20
-42.104800374133404
 10
12.095742494647254
 20
-42.106749734524115
 10
12.071563936514558
 20
-42.11094511234254
 10
12.059500174110477
 20
-42.11319120876555
 10
12.033059690572175
 20
-42.11845054794082
 10
12.021054683512967
 20
-42.12099202743167
 10
11.997111106945106
 20
-42.1263687373499
 10
11.985172086599146
 20
-42.12920406901616
 10
11.939982644275425
 20
-42.14052343505658
 10
11.928116802260739
 20
-42.14365091100082
 10
11.904465889431425
 20
-42.15019600005353
 10
11.892680373288421
 20
-42.15361373640096
 10
11.866882713291371
 20
-42.1614393710059
 10
11.855184622175088
 20
-42.165145309039694
 10
11.831883350203118
 20
-42.172843009534596
 10
11.820279730605169
 20
-42.17683491693657
 10
11.776417379686935
 20
-42.19252911704542
 10
11.76491522119429
 20
-42.196804589239676
 10
11.74201972488595
 20
-42.20563635674171
 10
11.73062595596789
 20
-42.21019281834402
 10
11.705719565080331
 20
-42.22050938323941
 10
11.69444104891803
 20
-42.22534408960737
 10
11.672006485529428
 20
-42.235288647614986
 10
11.660850015879376
 20
-42.24039868650221
 10
11.618737174784357
 20
-42.26031657695287
 10
11.6077094718862
 20
-42.26569887026324
 10
11.58578988824528
 20
-42.27673226146529
 10
11.57489759477526
 20
-42.282383567106415
 10
11.55112233515644
 20
-42.295091708132794
 10
11.540372012224816
 20
-42.301008621969466
 10
11.51902021452838
 20
-42.313104265960206
 10
11.508418337727917
 20
-42.31928322386466
 10
11.468460576137147
 20
-42.34323298448373
 10
11.458013531640907
 20
-42.349670264483414
 10
11.437280958240414
 20
-42.36279902179667
 10
11.42699503895857
 20
-42.369490746314106
 10
11.404579879355492
 20
-42.384468077126435
 10
11.394461281141044
 20
-42.391410215317066
 10
11.374397878621247
 20
-42.40554045762683
 10
11.364452696538772
 20
-42.41272882780664
 10
11.32703482953892
 20
-42.44047980930741
 10
11.317269054195219
 20
-42.44791008147026
 10
11.297923157049842
 20
-42.4630077677854
 10
11.288342670982301
 20
-42.47067546621354
 10
11.267503481635297
 20
-42.4877777469287
 10
11.258114055770013
 20
-42.495678252887714
 10
11.239532269960527
 20
-42.5117070115589
 10
11.230339560137098
 20
-42.51983556607896
 10
11.195821942242137
 20
-42.55112051133935
 10
11.186831485805259
 20
-42.55947221808311
 10
11.169058576480749
 20
-42.57639343442718
 10
11.160275788944656
 20
-42.58496326263932
 10
11.141213262639408
 20
-42.60402578894457
 10
11.13264343442716
 20
-42.612808576480774
 10
11.115722218083121
 20
-42.63058148580525
 10
11.107370511339457
 20
-42.639571942242014
 10
11.076085566078891
 20
-42.67408956013718
 10
11.067957011558878
 20
-42.68328226996056
 10
11.051928252887603
 20
-42.701864055770145
 10
11.044027746928712
 20
-42.71125348163528
 10
11.026925466213411
 20
-42.73209267098247
 10
11.019257767785342
 20
-42.74167315704991
 10
11.004160081470227
 20
-42.76101905419527
 10
10.996729809307316
 20
-42.77078482953905
 10
10.968978827806474
 20
-42.80820269653899
 10
10.961790457626904
 20
-42.81814787862114
 10
10.947660215316999
 20
-42.83821128114114
 10
10.940718077126386
 20
-42.84832987935556
 10
10.925740746314066
 20
-42.870745038958624
 10
10.91904902179673
 20
-42.881030958240316
 10
10.90592026448327
 20
-42.90176353164114
 10
10.899482984484061
 20
-42.912210576136594
 10
10.875533223864704
 20
-42.95216833772785
 10
10.869354265960114
 20
-42.96277021452854
 10
10.857258621969427
 20
-42.98412201222487
 10
10.851341708132725
 20
-42.99487233515656
 10
10.838633567106438
 20
-43.0186475947752
 10
10.83298226146516
 20
-43.02953988824554
 10
10.821948870263274
 20
-43.05145947188613
 10
10.816566576952855
 20
-43.06248717478437
 10
10.796648686502337
 20
-43.10460001587911
 10
10.791538647615008
 20
-43.11575648552939
 10
10.781594089607323
 20
-43.13819104891814
 10
10.776759383239476
 20
-43.14946956508017
 10
10.766442818343926
 20
-43.17437595596811
 10
10.761886356741732
 20
-43.18576972488587
 10
10.753054589239762
 20
-43.20866522119406
 10
10.748779117045315
 20
-43.220167379687204
 10
10.733084916936681
 20
-43.264029730604825
 10
10.729093009534568
 20
-43.27563335020319
 10
10.721395309039751
 20
-43.29893462217488
 10
10.717689371005873
 20
-43.31063271329143
 10
10.709863736400912
 20
-43.336430373288565
 10
10.706446000053568
 20
-43.34821588943126
 10
10.699900911000672
 20
-43.37186680226123
 10
10.696773435056546
 20
-43.3837326442755
 10
10.685454069016147
 20
-43.42892208659917
 10
10.682618737349843
 20
-43.440861106945306
 10
10.67724202743162
 20
-43.46480468351318
 10
10.674700547940796
 20
-43.476809690572246
 10
10.669441208765573
 20
-43.503250174110335
 10
10.667195112342544
 20
-43.515313936514524
 10
10.662999734524146
 20
-43.53949249464707
 10
10.661050374133374
 20
-43.55160774563715
 10
10.654214853844012
 20
-43.59768908033414
 10
10.652563403707301
 20
-43.60984852213599
 10
10.649559465021376
 20
-43.63420381356885
 10
10.648206919910555
 20
-43.646400121789235
 10
10.6455645264763
 20
-43.67322879255835
 10
10.644511701113943
 20
-43.68545462059746
 10
10.6427064383119
 20
-43.7099279713003
 10
10.641953966880651
 20
-43.72217595477635
 10
10.639035691007665
 20
-43.78157882482969
 10
10.638772229295913
 20
-43.7877089928224
 10
10.638320554427615
 20
-43.7999720425821
 10
10.638132339145274
 20
-43.80610498206469
 10
10.637801177760192
 20
-43.819595001325744
 10
10.637688237251783
 20
-43.82572978870016
 10
10.63753764872605
 20
-43.83800022971488
 10
10.637499999999994
 20
-43.84413594110498
 10
10.637499999999994
 20
-99.96836405889503
 10
10.63753764872605
 20
-99.9744997702851
 10
10.637688237251783
 20
-99.98677021129983
 10
10.637801177760192
 20
-99.99290499867426
 10
10.638132339145274
 20
-100.00639501793533
 10
10.638320554427613
 20
-100.01252795741786
 10
10.638772229295913
 20
-100.02479100717763
 10
10.639035691007663
 20
-100.0309211751703
 10
10.641953966880646
 20
-100.09032404522358
 10
10.642706438311905
 20
-100.1025720286998
 10
10.644511701113943
 20
-100.12704537940255
 10
10.645564526476303
 20
-100.1392712074417
 10
10.64820691991055
 20
-100.1660998782107
 10
10.649559465021394
 20
-100.1782961864313
 10
10.652563403707285
 20
-100.20265147786388
 10
10.65421485384403
 20
-100.214810919666
 10
10.661050374133367
 20
-100.2608922543628
 10
10.662999734524172
 20
-100.27300750535309
 10
10.667195112342505
 20
-100.29718606348527
 10
10.66944120876558
 20
-100.30924982588971
 10
10.674700547940812
 20
-100.33569030942785
 10
10.677242027431605
 20
-100.34769531648676
 10
10.682618737349816
 20
-100.37163889305458
 10
10.685454069016192
 20
-100.38357791340101
 10
10.696773435056526
 20
-100.42876735572443
 10
10.699900911000654
 20
-100.4406331977387
 10
10.706446000053633
 20
-100.46428411056898
 10
10.70986373640085
 20
-100.47606962671124
 10
10.71768937100585
 20
-100.5018672867085
 10
10.721395309039783
 20
-100.51356537782522
 10
10.729093009534662
 20
-100.5368666497971
 10
10.733084916936658
 20
-100.5484702693951
 10
10.748779117045329
 20
-100.59233262031283
 10
10.753054589239676
 20
-100.60383477880572
 10
10.761886356741673
 20
-100.62673027511397
 10
10.766442818344006
 20
-100.63812404403208
 10
10.776759383239392
 20
-100.66303043491962
 10
10.781594089607383
 20
-100.67430895108201
 10
10.791538647614985
 20
-100.69674351447057
 10
10.796648686502374
 20
-100.70789998412098
 10
10.816566576952896
 20
-100.75001282521572
 10
10.82194887026318
 20
-100.7610405281137
 10
10.832982261465377
 20
-100.78296011175489
 10
10.838633567106147
 20
-100.79385240522424
 10
10.851341708132862
 20
-100.8176276648437
 10
10.857258621969427
 20
-100.82837798777513
 10
10.869354265959979
 20
-100.84972978547123
 10
10.87553322386478
 20
-100.86033166227229
 10
10.899482984483917
 20
-100.90028942386319
 10
10.905920264483276
 20
-100.91073646835889
 10
10.919049021796416
 20
-100.93146904175921
 10
10.925740746314137
 20
-100.9417549610415
 10
10.940718077126402
 20
-100.96417012064448
 10
10.947660215316972
 20
-100.97428871885884
 10
10.961790457626932
 20
-100.99435212137892
 10
10.968978827806614
 20
-101.00429730346121
 10
10.99672980930731
 20
-101.04171517046096
 10
11.004160081470259
 20
-101.05148094580478
 10
11.019257767785362
 20
-101.07082684295013
 10
11.0269254662135
 20
-101.08040732901766
 10
11.044027746928748
 20
-101.10124651836477
 10
11.05192825288774
 20
-101.11063594423003
 10
11.067957011559049
 20
-101.12921773003966
 10
11.076085566078753
 20
-101.13841043986268
 10
11.107370511339568
 20
-101.17292805775811
 10
11.115722218083256
 20
-101.1819185141949
 10
11.132643434427107
 20
-101.19969142351918
 10
11.141213262639342
 20
-101.20847421105537
 10
11.160275788944668
 20
-101.22753673736071
 10
11.169058576480687
 20
-101.23610656557277
 10
11.186831485804776
 20
-101.25302778191644
 10
11.19582194224236
 20
-101.26137948866086
 10
11.230339560137343
 20
-101.29266443392126
 10
11.239532269960272
 20
-101.30079298844089
 10
11.258114055769894
 20
-101.31682174711219
 10
11.267503481635405
 20
-101.3247222530714
 10
11.288342670981809
 20
-101.34182453378605
 10
11.297923157050512
 20
-101.34949223221513
 10
11.31726905419535
 20
-101.36458991852984
 10
11.327034829538889
 20
-101.37202019069257
 10
11.364452696538892
 20
-101.39977117219345
 10
11.374397878621718
 20
-101.40695954237351
 10
11.394461281140789
 20
-101.42108978468275
 10
11.404579879355955
 20
-101.42803192287388
 10
11.426995038959102
 20
-101.44300925368626
 10
11.437280958240017
 20
-101.44970097820308
 10
11.458013531641283
 20
-101.46282973551682
 10
11.468460576136101
 20
-101.46926701551564
 10
11.508418337727965
 20
-101.49321677613536
 10
11.519020214528574
 20
-101.4993957340399
 10
11.54037201222472
 20
-101.51149137803047
 10
11.551122335156245
 20
-101.5174082918671
 10
11.574897594774981
 20
-101.53011643289344
 10
11.585789888246051
 20
-101.53576773853509
 10
11.60770947188597
 20
-101.54680112973665
 10
11.618737174784146
 20
-101.55218342304704
 10
11.6608500158788
 20
-101.57210131349753
 10
11.672006485529394
 20
-101.577211352385
 10
11.69444104891823
 20
-101.58715591039272
 10
11.705719565080251
 20
-101.59199061676057
 10
11.73062595596794
 20
-101.60230718165602
 10
11.742019724885992
 20
-101.60686364325832
 10
11.764915221194217
 20
-101.6156954107603
 10
11.776417379687068
 20
-101.61997088295463
 10
11.820279730604945
 20
-101.63566508306336
 10
11.8318833502034
 20
-101.63965699046551
 10
11.855184622174265
 20
-101.64735469096004
 10
11.866882713292046
 20
-101.65106062899432
 10
11.892680373288728
 20
-101.65888626359914
 10
11.904465889430845
 20
-101.66230399994632
 10
11.928116802261476
 20
-101.6688490889994
 10
11.939982644275304
 20
-101.6719765649434
 10
11.985172086600036
 20
-101.68329593098406
 10
11.99711110694457
 20
-101.68613126265
 10
12.02105468351354
 20
-101.69150797256846
 10
12.033059690572049
 20
-101.69404945205916
 10
12.059500174111138
 20
-101.69930879123459
 10
12.071563936513824
 20
-101.70155488765734
 10
12.095742494647515
 20
-101.70575026547593
 10
12.10785774563626
 20
-101.70769962586648
 10
12.153939080334366
 20
-101.71453514615601
 10
12.166098522135982
 20
-101.71618659629269
 10
12.190453813569405
 20
-101.7191905349787
 10
12.202650121788992
 20
-101.72054308008941
 10
12.229478792558217
 20
-101.7231854735237
 10
12.241704620596703
 20
-101.724238298886
 10
12.26617797130047
 20
-101.7260435616881
 10
12.278425954776514
 20
-101.72679603311934
 10
12.337828824830323
 20
-101.72971430899236
 10
12.343958992821632
 20
-101.72997777070404
 10
12.35622204258311
 20
-101.73042944557241
 10
12.362354982062906
 20
-101.73061766085466
 10
12.375845001326018
 20
-101.73094882223981
 10
12.381979788700546
 20
-101.73106176274821
 10
12.394250229713695
 20
-101.73121235127392
 10
12.40038594110581
 20
-101.73125
 10
49.59688340624897
 20
-101.73125
 10
49.60303965988926
 20
-101.73121209874547
 10
49.615351175511826
 20
-101.73106050019167
 10
49.62150649582781
 20
-101.73094680217407
 10
49.63504162192485
 20
-101.73061342052239
 10
49.64119507572612
 20
-101.73042394297913
 10
49.65349912561242
 20
-101.72996923924745
 10
49.65964977999199
 20
-101.72970401090473
 10
49.71925076617101
 20
-101.72676618276465
 10
49.731539597978944
 20
-101.72600866753471
 10
49.756094417573
 20
-101.72419130861263
 10
49.76836087080337
 20
-101.72313143047188
 10
49.79527823170364
 20
-101.7204713676917
 10
49.80751486794625
 20
-101.71910976935307
 10
49.831950439921656
 20
-101.71608573547732
 10
49.84414983884322
 20
-101.71442324261811
 10
49.89038176052971
 20
-101.70754208621979
 10
49.90253652438105
 20
-101.70557970698029
 10
49.92679358652575
 20
-101.70135633216944
 10
49.938896344622485
 20
-101.69909525654217
 10
49.96542162045642
 20
-101.69380092053702
 10
49.97746503365375
 20
-101.69124251964425
 10
50.00148475668109
 20
-101.68583004661139
 10
50.0134615218171
 20
-101.68297587187512
 10
50.05879260987295
 20
-101.67158142796468
 10
50.07069546420306
 20
-101.66843321016465
 10
50.09441959443503
 20
-101.66184476547498
 10
50.10624132003691
 20
-101.6584044136988
 10
50.1321173457988
 20
-101.65052713354657
 10
50.14385077394279
 20
-101.6467967340338
 10
50.167221774583126
 20
-101.63904829627091
 10
50.178859790086356
 20
-101.635030111146
 10
50.222850555411256
 20
-101.61923284991316
 10
50.234386100946836
 20
-101.61492931581539
 10
50.257347291625095
 20
-101.60603967682866
 10
50.26877337200695
 20
-101.60145340343279
 10
50.29374927722925
 20
-101.59106955009442
 10
50.3050589636481
 20
-101.58620331853034
 10
50.3275546578841
 20
-101.5761940378596
 10
50.338741092116045
 20
-101.57105079902304
 10
50.380965040163034
 20
-101.55100387637981
 10
50.39202143872295
 20
-101.5455867491452
 10
50.41399707897599
 20
-101.53448210173539
 10
50.42491673723017
 20
-101.52879437106513
 10
50.4487503781971
 20
-101.51600461696121
 10
50.459526674434166
 20
-101.51004973191118
 10
50.48092896442585
 20
-101.49787664923609
 10
50.49155536386949
 20
-101.49165822086535
 10
50.531603129553815
 20
-101.46755599358238
 10
50.542073188326164
 20
-101.46107779276299
 10
50.56285022228772
 20
-101.44786579751451
 10
50.573157591314505
 20
-101.4411317526464
 10
50.595617898669516
 20
-101.42606009562755
 10
50.60575632753485
 20
-101.41907429025333
 10
50.62585771609676
 20
-101.40485542473903
 10
50.63582105682636
 20
-101.39762209507244
 10
50.67330437334673
 20
-101.36969823647784
 10
50.68308658414407
 20
-101.36222176882937
 10
50.70246357654333
 20
-101.34703051726122
 10
50.71205872544594
 20
-101.33931544538369
 10
50.732927944429846
 20
-101.32210800655987
 10
50.74233021291329
 20
-101.31415900889395
 10
50.76093581522313
 20
-101.29803221375747
 10
50.77013950172658
 20
-101.28985411059664
 10
50.80469496485827
 20
-101.25837934508542
 10
50.81369448823819
 20
-101.24997709565636
 10
50.83148357733993
 20
-101.23295386835885
 10
50.840273480260855
 20
-101.2243325678085
 10
50.859349281859984
 20
-101.20515617489498
 10
50.86792423410089
 20
-101.19632105120334
 10
50.88485366711878
 20
-101.17844267721912
 10
50.89320846880264
 20
-101.16939908803198
 10
50.9245010601288
 20
-101.13467856637199
 10
50.932630644880355
 20
-101.12543199574729
 10
50.94865936381654
 20
-101.10674183448722
 10
50.95655880183337
 20
-101.0972978895707
 10
50.97365624438362
 20
-101.07633845947403
 10
50.98132074542385
 20
-101.06670286710091
 10
50.99640987672984
 20
-101.04724624675943
 10
51.00383479301709
 20
-101.03742484998182
 10
51.031561127965695
 20
-100.9997951908472
 10
51.038741957011226
 20
-100.98979394538595
 10
51.05285490586746
 20
-100.96961805300752
 10
51.05978729319548
 20
-100.9594430236472
 10
51.07474061540933
 20
-100.93690375998152
 10
51.08142035720068
 20
-100.92656111688854
 10
51.09452289626753
 20
-100.9057148839282
 10
51.10094594190832
 20
-100.89521089890988
 10
51.124837211092824
 20
-100.85503692533291
 10
51.1309996656293
 20
-100.84437796803662
 10
51.14306001805852
 20
-100.82291195168621
 10
51.14895814456067
 20
-100.81210448573412
 10
51.16162237259298
 20
-100.78820390874996
 10
51.16725259442077
 20
-100.77725448781895
 10
51.178241510919044
 20
-100.75522074839863
 10
51.183600413890105
 20
-100.74413601224836
 10
51.20342498924256
 20
-100.70180721462458
 10
51.20850932370253
 20
-100.69059388507127
 10
51.21840015347059
 20
-100.66804585976624
 10
51.22320683626419
 20
-100.65671073660575
 10
51.2334591892506
 20
-100.63168056461183
 10
51.23798530559251
 20
-100.62023052149328
 10
51.246754060958715
 20
-100.59722289475769
 10
51.250996866198896
 20
-100.58566487502027
 10
51.26656254662494
 20
-100.5415916349635
 10
51.27051946791442
 20
-100.5299326474227
 10
51.278144882510475
 20
-100.50652121835726
 10
51.28181352036065
 20
-100.49476833305714
 10
51.289554600789344
 20
-100.46885123588947
 10
51.2929327305281
 20
-100.45701157981212
 10
51.29939631086617
 20
-100.4332531268351
 10
51.30248188398593
 20
-100.42133387958195
 10
51.31672431295555
 20
-100.36338509525858
 10
51.3181568398264
 20
-100.35739771167485
 10
51.320948051350285
 20
-100.34540581702491
 10
51.32230674922796
 20
-100.33940124914169
 10
51.325213474227446
 20
-100.3261777196721
 10
51.32649813712538
 20
-100.32015687781717
 10
51.32899322135628
 20
-100.30809989006143
 10
51.33020365451106
 20
-100.30206368703412
 10
51.33869613051375
 20
-100.25831795723957
 10
51.3612301942489
 20
-100.16595614160273
 10
51.44859884456471
 20
-99.86978146621564
 10
51.47980207220393
 20
-99.7799769696632
 10
51.59490166462959
 20
-99.49343761246728
 10
51.63449202614264
 20
-99.40700213195478
 10
51.776282234275996
 20
-99.13268797578337
 10
51.82390189261512
 20
-99.05040275745222
 10
51.991101147217506
 20
-98.79079318779242
 10
52.0463196926239
 20
-98.71340196568458
 10
52.23741676506927
 20
-98.47084346078002
 10
52.29973510532679
 20
-98.39904573460647
 10
52.51300276682457
 20
-98.17573065683986
 10
52.58185763829931
 20
-98.11017536955998
 10
52.815368271433584
 20
-97.9081221498088
 10
52.890137330126024
 20
-97.84940182216664
 10
53.14178035160412
 20
-97.67043671623824
 10
53.22178779819834
 20
-97.61908209127033
 10
53.48928873533495
 20
-97.46482267330867
 10
53.57381142340397
 20
-97.42129791922852
 10
53.854752471915894
 20
-97.29313846128912
 10
53.94302644407181
 20
-97.2578369761085
 10
54.23486832137942
 20
-97.15693584604354
 10
54.3260957142947
 20
-97.13017670184848
 10
54.626200610794506
 20
-97.05744589341421
 10
54.7195568666799
 20
-97.03947095243569
 10
55.02521228756123
 20
-96.99556784224515
 10
55.11985360692378
 20
-96.98653957078967
 10
55.469913960670986
 20
-96.96988045008571
 10
55.51744944482796
 20
-96.96875
 10
69.13925897294139
 20
-96.96875
 10
69.14540381422431
 20
-96.96871223914326
 10
69.15769251063043
 20
-96.96856120213288
 10
69.16383642376572
 20
-96.96844792526625
 10
69.17734649058491
 20
-96.96811577801051
 10
69.18348854756633
 20
-96.96792700224388
 10
69.19576981967685
 20
-96.96747398246269
 10
69.20190909278
 20
-96.96720973630963
 10
69.26140001540496
 20
-96.96428277857181
 10
69.27366615389273
 20
-96.96352806752796
 10
69.29817571357667
 20
-96.96171743364295
 10
69.31041959763807
 20
-96.9606614766078
 10
69.33728768764637
 20
-96.95801123733233
 10
69.34950192005891
 20
-96.9566546722692
 10
69.37389289329522
 20
-96.95364181059144
 10
69.38607009474848
 20
-96.95198545707815
 10
69.43221836155638
 20
-96.94512967255484
 10
69.44435117511458
 20
-96.94317453128822
 10
69.46856462693758
 20
-96.93896672167897
 10
69.4806457224792
 20
-96.93671397387087
 10
69.50712389607365
 20
-96.93143909453009
 10
69.51914597472678
 20
-96.92889010119266
 10
69.54312339910776
 20
-96.92349751081983
 10
69.5550791976561
 20
-96.9206538119438
 10
69.60033160547893
 20
-96.90930110755372
 10
69.61221390074665
 20
-96.90616442117873
 10
69.63589736196047
 20
-96.89960007995037
 10
69.64769897517803
 20
-96.8961723011269
 10
69.67353147419135
 20
-96.88832373287379
 10
69.6852452753377
 20
-96.88460693251662
 10
69.70857754795381
 20
-96.87688670159636
 10
69.72019646005865
 20
-96.87288312523502
 10
69.7641159065151
 20
-96.8571431591015
 10
69.77563290993695
 20
-96.85285522552272
 10
69.79855761708467
 20
-96.84399775900677
 10
69.80996575375006
 20
-96.83942805879383
 10
69.83490305672113
 20
-96.82908161257585
 10
69.8461954343289
 20
-96.82423290654333
 10
69.86865718392262
 20
-96.81425960638643
 10
69.8798269801072
 20
-96.80913482391254
 10
69.92198923816075
 20
-96.78915963163075
 10
69.93302970461598
 20
-96.7837618688867
 10
69.95497422320011
 20
-96.77269683318775
 10
69.9658786897564
 20
-96.76702935126703
 10
69.98967992211134
 20
-96.75428496555095
 10
70.00044180076267
 20
-96.74835118850046
 10
70.02181606464252
 20
-96.73622115327879
 10
70.03242885353012
 20
-96.7300246660284
 10
70.07242666919291
 20
-96.70600719212027
 10
70.08288395652977
 20
-96.69955173831893
 10
70.10363631989667
 20
-96.68638601291043
 10
70.11393178784344
 20
-96.67967549266324
 10
70.1363670485453
 20
-96.66465626811228
 10
70.14649447702541
 20
-96.65769473562551
 10
70.16657479674683
 20
-96.643525131863
 10
70.17652806720945
 20
-96.63631679299114
 10
70.22433570780923
 20
-96.60078981090116
 10
70.22924528945961
 20
-96.5970943395787
 10
70.2390186192397
 20
-96.58964337343039
 10
70.24388241350817
 20
-96.5858878434294
 10
70.25452804051707
 20
-96.5775630099298
 10
70.25934531275405
 20
-96.57374798850257
 10
70.26893256230828
 20
-96.56605906676269
 10
70.27370258488632
 20
-96.56218513015115
 10
70.48716737062455
 20
-96.3866334718942
 10
70.56423231382192
 20
-96.32923352262033
 10
70.8232058082589
 20
-96.1550413569063
 10
70.90542428382786
 20
-96.10530322342942
 10
71.17992135023691
 20
-95.9567719407003
 10
71.2665341725355
 20
-95.91515489299023
 10
71.55402017098247
 20
-95.79365599541018
 10
71.64422757802735
 20
-95.76054431528259
 10
71.9420479319019
 20
-95.6671996944688
 10
72.03501697017815
 20
-95.64289912721951
 10
72.3404216779132
 20
-95.57857070496543
 10
72.43529389366674
 20
-95.5633056361917
 10
72.74546292159704
 20
-95.52858740568665
 10
72.84136228759036
 20
-95.52249878936455
 10
73.15343160946176
 20
-95.51771133040441
 10
73.24947261399915
 20
-95.52085538735363
 10
73.56056065670045
 20
-95.54604290618377
 10
73.65585648022966
 20
-95.5583906049381
 10
73.9630907315455
 20
-95.61332052606349
 10
74.0567614353368
 20
-95.63475785094047
 10
74.35730496803546
 20
-95.71892296467205
 10
74.44848561932412
 20
-95.74925196856627
 10
74.7395632866616
 20
-95.8618751144733
 10
74.82741194522923
 20
-95.90081574665254
 10
75.10633600598648
 20
-96.04085698967499
 10
75.19004149843451
 20
-96.08804968170118
 10
75.4542364348748
 20
-96.25421591466032
 10
75.53302584480487
 20
-96.30922490055816
 10
75.78005214438514
 20
-96.49998178439733
 10
75.85319794932332
 20
-96.56229912441275
 10
76.08077463056752
 20
-96.77588525591622
 10
76.14760141973177
 20
-96.8449355267096
 10
76.35362709426327
 20
-97.07937870287444
 10
76.41351780514452
 20
-97.15452431084174
 10
76.59609008140418
 20
-97.40765973972896
 10
76.64849169757309
 20
-97.48820680838776
 10
76.80592474704362
 20
-97.75769709828876
 10
76.85035340457144
 20
-97.84290187536683
 10
76.98119352831378
 20
-98.12625861771802
 10
77.01723898365539
 20
-98.21533434278304
 10
77.1202780354143
 20
-98.50994108953014
 10
77.14760745349878
 20
-98.60206525874655
 10
77.22189399543655
 20
-98.90520168200105
 10
77.24025502298599
 20
-98.99952364293259
 10
77.28510311102924
 20
-99.30839065382168
 10
77.2943262067284
 20
-99.40403946015171
 10
77.31134511316236
 20
-99.75784979340712
 10
77.3125
 20
-99.80589602022735
 10
77.3125
 20
-116.63711405889562
 10
77.31253764872605
 20
-116.64324977028413
 10
77.3126882372518
 20
-116.6555202113009
 10
77.31280117776016
 20
-116.66165499867249
 10
77.31313233914526
 20
-116.67514501793443
 10
77.3133205544276
 20
-116.68127795741768
 10
77.31377222929594
 20
-116.69354100717813
 10
77.31403569100765
 20
-116.69967117516995
 10
77.31695396688067
 20
-116.75907404522393
 10
77.31770643831193
 20
-116.77132202870013
 10
77.31951170111392
 20
-116.79579537940229
 10
77.32056452647637
 20
-116.80802120744244
 10
77.32320691991055
 20
-116.8348498782106
 10
77.32455946502144
 20
-116.84704618643156
 10
77.32756340370727
 20
-116.87140147786371
 10
77.32921485384401
 20
-116.88356091966574
 10
77.3360503741334
 20
-116.9296422543629
 10
77.3379997345242
 20
-116.9417575053532
 10
77.3421951123426
 20
-116.96593606348564
 10
77.34444120876556
 20
-116.97799982588953
 10
77.34970054794084
 20
-117.00444030942793
 10
77.35224202743157
 20
-117.01644531648654
 10
77.35761873734988
 20
-117.04038889305484
 10
77.36045406901616
 20
-117.05232791340083
 10
77.3717734350565
 20
-117.09751735572425
 10
77.3749009110007
 20
-117.10938319773884
 10
77.38144600005343
 20
-117.1330341105682
 10
77.38486373640082
 20
-117.14481962671111
 10
77.39268937100579
 20
-117.1706172867083
 10
77.39639530903972
 20
-117.18231537782502
 10
77.40409300953444
 20
-117.20561664979643
 10
77.40808491693679
 20
-117.21722026939547
 10
77.42377911704526
 20
-117.26108262031265
 10
77.42805458923992
 20
-117.27258477880638
 10
77.4368863567419
 20
-117.29548027511453
 10
77.44144281834377
 20
-117.30687404403152
 10
77.45175938323959
 20
-117.33178043492009
 10
77.45659408960731
 20
-117.34305895108184
 10
77.46653864761494
 20
-117.36549351447047
 10
77.47164868650248
 20
-117.3766499841212
 10
77.491566576953
 20
-117.41876282521594
 10
77.49694887026313
 20
-117.42979052811357
 10
77.50798226146543
 20
-117.45171011175499
 10
77.51363356710604
 20
-117.46260240522402
 10
77.52634170813234
 20
-117.48637766484269
 10
77.53225862196986
 20
-117.49712798777588
 10
77.54435426595971
 20
-117.51847978547076
 10
77.55053322386503
 20
-117.52908166227272
 10
77.57448298448405
 20
-117.56903942386337
 10
77.58092026448303
 20
-117.57948646835848
 10
77.5940490217969
 20
-117.60021904175996
 10
77.60074074631406
 20
-117.61050496104136
 10
77.61571807712622
 20
-117.63292012064419
 10
77.62266021531723
 20
-117.64303871885919
 10
77.63679045762673
 20
-117.66310212137863
 10
77.64397882780668
 20
-117.67304730346129
 10
77.67172980930718
 20
-117.7104651704608
 10
77.67916008147053
 20
-117.72023094580513
 10
77.69425776778462
 20
-117.73957684294918
 10
77.70192546621412
 20
-117.7491573290184
 10
77.71902774692828
 20
-117.7699965183642
 10
77.72692825288759
 20
-117.77938594422984
 10
77.7429570115592
 20
-117.79796773003983
 10
77.75108556607873
 20
-117.80716043986266
 10
77.78237051133922
 20
-117.84167805775773
 10
77.79072221808343
 20
-117.85066851419509
 10
77.80764343442732
 20
-117.86844142351943
 10
77.81621326263894
 20
-117.877224211055
 10
77.83527578894501
 20
-117.89628673736107
 10
77.84405857648058
 20
-117.90485656557269
 10
77.86183148580491
 20
-117.92177778191657
 10
77.87082194224227
 20
-117.93012948866078
 10
77.90533956013735
 20
-117.96141443392128
 10
77.91453226996018
 20
-117.96954298844081
 10
77.93311405577016
 20
-117.98557174711242
 10
77.94250348163581
 20
-117.99347225307173
 10
77.9633426709816
 20
-118.01057453378588
 10
77.97292315705083
 20
-118.01824223221539
 10
77.99226905419488
 20
-118.03333991852948
 10
78.00203482953921
 20
-118.04077019069283
 10
78.03945269653872
 20
-118.06852117219333
 10
78.04939787862138
 20
-118.07570954237327
 10
78.06946128114082
 20
-118.08983978468278
 10
78.07957987935582
 20
-118.09678192287379
 10
78.10199503895865
 20
-118.11175925368595
 10
78.11228095824005
 20
-118.1184509782031
 10
78.13301353164152
 20
-118.13157973551698
 10
78.14346057613663
 20
-118.13801701551596
 10
78.18341833772729
 20
-118.16196677613497
 10
78.19402021452925
 20
-118.1681457340403
 10
78.21537201222412
 20
-118.18024137803015
 10
78.22612233515731
 20
-118.18615829186767
 10
78.24989759477599
 20
-118.19886643289396
 10
78.26078988824501
 20
-118.20451773853458
 10
78.28270947188643
 20
-118.21555112973688
 10
78.29373717478407
 20
-118.220933423047
 10
78.3358500158788
 20
-118.24085131349753
 10
78.34700648552953
 20
-118.24596135238507
 10
78.36944104891816
 20
-118.2559059103927
 10
78.38071956507991
 20
-118.26074061676042
 10
78.40562595596849
 20
-118.27105718165623
 10
78.41701972488548
 20
-118.27561364325811
 10
78.43991522119363
 20
-118.28444541076009
 10
78.45141737968736
 20
-118.28872088295475
 10
78.49527973060454
 20
-118.30441508306322
 10
78.50688335020358
 20
-118.30840699046557
 10
78.53018462217499
 20
-118.31610469096029
 10
78.5418827132917
 20
-118.31981062899422
 10
78.5676803732889
 20
-118.32763626359919
 10
78.5794658894318
 20
-118.33105399994658
 10
78.60311680226117
 20
-118.33759908899931
 10
78.61498264427576
 20
-118.34072656494351
 10
78.66017208659918
 20
-118.35204593098385
 10
78.67211110694517
 20
-118.35488126265012
 10
78.69605468351347
 20
-118.36025797256843
 10
78.70805969057207
 20
-118.36279945205916
 10
78.73450017411048
 20
-118.36805879123445
 10
78.74656393651436
 20
-118.37030488765741
 10
78.77074249464681
 20
-118.3745002654758
 10
78.7828577456371
 20
-118.3764496258666
 10
78.82893908033427
 20
-118.383285146156
 10
78.84109852213629
 20
-118.38493659629273
 10
78.86545381356845
 20
-118.38794053497857
 10
78.8776501217894
 20
-118.38929308008946
 10
78.90447879255757
 20
-118.39193547352363
 10
78.91670462059771
 20
-118.39298829888608
 10
78.94117797129988
 20
-118.39479356168808
 10
78.95342595477608
 20
-118.39554603311933
 10
79.01282882483005
 20
-118.39846430899236
 10
79.01895899282188
 20
-118.39872777070407
 10
79.03122204258233
 20
-118.3991794455724
 10
79.03735498206558
 20
-118.39936766085475
 10
79.05084500132752
 20
-118.39969882223984
 10
79.05697978869911
 20
-118.3998117627482
 10
79.06925022971588
 20
-118.39996235127396
 10
79.07538594110439
 20
-118.4
 10
96.991740176483
 20
-118.4
 10
97.04381469033457
 20
-118.40135679794678
 10
97.42718861642477
 20
-118.42134793270188
 10
97.53077279083617
 20
-118.43218023545897
 10
97.90998825229273
 20
-118.49193679548623
 10
97.96121682726222
 20
-118.50138290580425
 10
115.3844132292834
 20
-122.18573199622948
 10
115.43508039582498
 20
-122.19783299322128
 10
115.80602403496492
 20
-122.29670679792072
 10
115.90512607843246
 20
-122.32873498787995
 10
116.26377426219365
 20
-122.46565355111734
 10
116.31194021622142
 20
-122.48549383252004
 10
132.69457146069092
 20
-129.73843618235196
 10
132.70019716751747
 20
-129.7408856301084
 10
132.71147816298256
 20
-129.7457152823833
 10
132.7171335046987
 20
-129.74809550962541
 10
132.7296027767396
 20
-129.75325375954475
 10
132.73528690167697
 20
-129.75556440782114
 10
132.7466830251054
 20
-129.7601157560026
 10
132.7523950772483
 20
-129.76235647733498
 10
132.80789416717607
 20
-129.783735633573
 10
132.8193982832635
 20
-129.78800583561676
 10
132.8425074114959
 20
-129.79626247299313
 10
132.8541128587655
 20
-129.80024906379091
 10
132.87971456989715
 20
-129.8086937192199
 10
132.89141435765873
 20
-129.8123942973975
 10
132.91490078392772
 20
-129.8195070781144
 10
132.92668786466461
 20
-129.82291941458132
 10
132.97159159339716
 20
-129.8353238045792
 10
132.98345886701355
 20
-129.83844584387188
 10
133.0072660104615
 20
-129.84439763261767
 10
133.01920632855956
 20
-129.84722749413743
 10
133.04551248143198
 20
-129.85312207972996
 10
133.05751865160718
 20
-129.85565805887313
 10
133.0815891587382
 20
-129.86043451726695
 10
133.09365394892455
 20
-129.86267508645494
 10
133.13955729676175
 20
-129.87061841084346
 10
133.1516734395776
 20
-129.87256222044056
 10
133.17594932243753
 20
-129.87615184157684
 10
133.18810951957255
 20
-129.8777977207051
 10
133.21486677155298
 20
-129.88108546837933
 10
133.22706369815856
 20
-129.88243242562265
 10
133.25148647401295
 20
-129.88482656178869
 10
133.26371278312055
 20
-129.8858737857908
 10
133.31017367573264
 20
-129.8892795460147
 10
133.32242200266873
 20
-129.89002640596678
 10
133.34693283491296
 20
-129.89121928947912
 10
133.35919580174084
 20
-129.8916653355005
 10
133.38614646586493
 20
-129.89231458244888
 10
133.39841668583384
 20
-129.89245954585823
 10
133.42295652572616
 20
-129.89244830295607
 10
133.43522660771728
 20
-129.89229209643284
 10
133.48179760130958
 20
-129.89112749315936
 10
133.49406015428016
 20
-129.89067021079651
 10
133.51856988319832
 20
-129.88945486856502
 10
133.53081752064423
 20
-129.88869678581247
 10
133.55770204728228
 20
-129.886701279432
 10
133.56992739168737
 20
-129.88564285293035
 10
133.59434796354859
 20
-129.8832263392352
 10
133.60654365082132
 20
-129.88186820654104
 10
133.65277624126873
 20
-129.87614445553635
 10
133.6649349251848
 20
-129.87448743473786
 10
133.68920750868892
 20
-129.8708755711726
 10
133.70132186531157
 20
-129.86892066039712
 10
133.7278813417768
 20
-129.86429961850507
 10
133.73994407386937
 20
-129.86204799531794
 10
133.7640101942366
 20
-129.85724948317846
 10
133.77601403566177
 20
-129.854702503873
 10
133.82146297784212
 20
-129.8444747279886
 10
133.83340069793297
 20
-129.84163392677024
 10
133.8572023777753
 20
-129.83566032609176
 10
133.869066785694
 20
-129.8325274141534
 10
133.8950454297111
 20
-129.82532533990877
 10
133.90682937878262
 20
-129.82190220439932
 10
133.93030927776883
 20
-129.81476790610884
 10
133.94200566978503
 20
-129.81105660899652
 10
133.98623326554522
 20
-129.796423307304
 10
133.99783505503734
 20
-129.79242608413526
 10
134.02093660802979
 20
-129.78414827538353
 10
134.0324368065128
 20
-129.7798675339364
 10
134.05758442953552
 20
-129.77015378725193
 10
134.06897610971745
 20
-129.76559210608596
 10
134.09164366305583
 20
-129.75619072883782
 10
134.10291996301825
 20
-129.75135085573766
 10
134.14550027643068
 20
-129.73245295493246
 10
134.15665440375165
 20
-129.72733780525684
 10
134.1788333493098
 20
-129.71683550825543
 10
134.18985858515856
 20
-129.71144816317994
 10
134.21393300183186
 20
-129.69931629274558
 10
134.22482270501624
 20
-129.69365999740668
 10
134.2464596117757
 20
-129.68208208160362
 10
134.25720722275088
 20
-129.67616024313946
 10
134.2977301821186
 20
-129.65317974033815
 10
134.30832922692628
 20
-129.64699592584228
 10
134.32937196968103
 20
-129.63437028345209
 10
134.33981606384683
 20
-129.62792821782665
 10
134.36258542437594
 20
-129.61349506018752
 10
134.37286827677283
 20
-129.6067986238891
 10
134.39326616171257
 20
-129.5931556711902
 10
134.40338157833173
 20
-129.5862088979036
 10
134.44145692540783
 20
-129.5593671079083
 10
134.4513988131021
 20
-129.5521741821089
 10
134.47110269993695
 20
-129.53754678616824
 10
134.4808650700855
 20
-129.53011204060513
 10
134.50211009307995
 20
-129.51351659496083
 10
134.51168706519567
 20
-129.50584450804706
 10
134.53064948553484
 20
-129.49026790754394
 10
134.54003529080768
 20
-129.48236310065784
 10
134.57529633918298
 20
-129.45191852458134
 10
134.58448532395383
 20
-129.44378575928386
 10
134.60266059566683
 20
-129.42729747961232
 10
134.61164722483662
 20
-129.41894165477552
 10
134.63116330911373
 20
-129.40034374433802
 10
134.63994216947313
 20
-129.39176989319822
 10
134.6572865067366
 20
-129.37440965607004
 10
134.66585231022538
 20
-129.3656229431976
 10
134.69795947672958
 20
-129.33186877894926
 10
134.7063070636294
 20
-129.32287449713013
 10
134.7227786824194
 20
-129.30468412487338
 10
134.730903024456
 20
-129.29548769192672
 10
134.7485022194577
 20
-129.2750664247379
 10
134.75639842283277
 20
-129.26567338024924
 10
134.77195764157423
 20
-129.2466966950668
 10
134.77962094990866
 20
-129.23711269705666
 10
134.80826502497828
 20
-129.20037401568808
 10
134.8156908221806
 20
-129.19060483719994
 10
134.83030015735412
 20
-129.17088755558683
 10
134.83748397040512
 20
-129.16093908120422
 10
134.85299678626015
 20
-129.1388911252333
 10
134.85993428789814
 20
-129.1287693475467
 10
134.87355854433528
 20
-129.10835897016162
 10
134.88024555566614
 20
-129.09806998615534
 10
134.90515068119797
 20
-129.05870060125332
 10
134.91158317421855
 20
-129.04825060862302
 10
134.92418952989163
 20
-129.02719630585372
 10
134.93036362991
 20
-129.01659159928184
 10
134.94364066972193
 20
-128.99312928839714
 10
134.94955265768965
 20
-128.98237625576465
 10
134.96111074278272
 20
-128.96072874927236
 10
134.9667570575381
 20
-128.94983386780638
 10
134.99347312938147
 20
-128.89669754492215
 10
134.99619566702486
 20
-128.89119880320337
 10
135.0015730339804
 20
-128.88016837600293
 10
135.00422788860095
 20
-128.87463663860697
 10
135.00999176336407
 20
-128.86243548967303
 10
135.01257853515264
 20
-128.85687158965453
 10
135.0176835823097
 20
-128.84571251742437
 10
135.02020188170792
 20
-128.8401172926863
 10
146.17274727774836
 20
-103.6492320149659
 10
146.17519672550657
 20
-103.64360630813533
 10
146.18002637777934
 20
-103.63232531267509
 10
146.18240660502218
 20
-103.62666997095724
 10
146.1875648549421
 20
-103.61420069891493
 10
146.189875503217
 20
-103.60851657398125
 10
146.19442685140083
 20
-103.59712045054681
 10
146.19666757272955
 20
-103.59140839841322
 10
146.21804672896968
 20
-103.53590930848003
 10
146.22231693101324
 20
-103.52440519239325
 10
146.23057356838993
 20
-103.50129606415992
 10
146.23456015918782
 20
-103.48969061689012
 10
146.2430048146171
 20
-103.46408890575741
 10
146.24670539279407
 20
-103.45238911799791
 10
146.25381817351067
 20
-103.42890269172992
 10
146.2572305099785
 20
-103.4171156109898
 10
146.269634899975
 20
-103.37221188226228
 10
146.2727569392691
 20
-103.36034460864046
 10
146.27870872801418
 20
-103.33653746519539
 10
146.28153858953408
 20
-103.32459714709664
 10
146.28743317512692
 20
-103.29829099422275
 10
146.28996915426967
 20
-103.2862848240495
 10
146.29474561266406
 20
-103.2622143169157
 10
146.2969861818513
 20
-103.25014952673332
 10
146.30492950624046
 20
-103.20424617889252
 10
146.30687331583732
 20
-103.19213003607803
 10
146.3104629369732
 20
-103.167854153221
 10
146.31210881610184
 20
-103.15569395608294
 10
146.31539656377595
 20
-103.12893670410368
 10
146.31674352101942
 20
-103.11673977749669
 10
146.31913765718525
 20
-103.09231700164433
 10
146.32018488118752
 20
-103.0800906925351
 10
146.32359064141144
 20
-103.0336297999227
 10
146.3243375013634
 20
-103.02138147298812
 10
146.32553038487578
 20
-102.9968706407435
 10
146.32597643089719
 20
-102.9846076739151
 10
146.32662567784556
 20
-102.95765700979123
 10
146.3267706412549
 20
-102.9453867898223
 10
146.32675939835275
 20
-102.92084694992998
 10
146.32660319182952
 20
-102.90857686793888
 10
146.32543858855604
 20
-102.86200587434567
 10
146.32498130619328
 20
-102.84974332137762
 10
146.3237659639617
 20
-102.82523359245776
 10
146.32300788120912
 20
-102.81298595501133
 10
146.32101237482857
 20
-102.78610142837252
 10
146.3199539483271
 20
-102.77387608396965
 10
146.31753743463196
 20
-102.74945551210827
 10
146.31617930193772
 20
-102.73725982483484
 10
146.31045555093297
 20
-102.6910272343869
 10
146.3087985301344
 20
-102.67886855047011
 10
146.30518666656914
 20
-102.6545959669663
 10
146.30323175579375
 20
-102.64248161034416
 10
146.2986107139017
 20
-102.6159221338788
 10
146.29635909071504
 20
-102.60385940178877
 10
146.29156057857486
 20
-102.57979328141825
 10
146.28901359927
 20
-102.56778943999586
 10
146.2787858233851
 20
-102.52234049781335
 10
146.27594502216692
 20
-102.51040277772324
 10
146.26997142148855
 20
-102.48660109788135
 10
146.26683850954964
 20
-102.47473668996065
 10
146.25963643530588
 20
-102.44875804594669
 10
146.25621329979563
 20
-102.43697409687233
 10
146.2490790015057
 20
-102.41349419788803
 10
146.24536770439317
 20
-102.40179780587117
 10
146.23073440270096
 20
-102.35757021011177
 10
146.22673717953217
 20
-102.34596842061944
 10
146.21845937077987
 20
-102.32286686762541
 10
146.21417862933365
 20
-102.31136666914477
 10
146.20446488264867
 20
-102.28621904612073
 10
146.19990320148224
 20
-102.27482736593768
 10
146.19050182423445
 20
-102.2521598126002
 10
146.1856619511341
 20
-102.24088351263737
 10
146.16676405032945
 20
-102.19830319922622
 10
146.1616489006539
 20
-102.18714907190538
 10
146.1511466036521
 20
-102.16497012634632
 10
146.14575925857713
 20
-102.15394489049864
 10
146.1336273881429
 20
-102.12987047382559
 10
146.12797109280262
 20
-102.11898077063849
 10
146.11639317700082
 20
-102.09734386388139
 10
146.11047133853478
 20
-102.08659625290281
 10
146.0874908357345
 20
-102.04607329353698
 10
146.08130702123887
 20
-102.0354742487297
 10
146.0686813788489
 20
-102.01443150597534
 10
146.06223931322316
 20
-102.00398741180908
 10
146.04780615558482
 20
-101.98121805128115
 10
146.0411097192853
 20
-101.97093519888259
 10
146.02746676658694
 20
-101.95053731394373
 10
146.02051999330027
 20
-101.94042189732447
 10
145.9936782033049
 20
-101.90234655024824
 10
145.98648527750595
 20
-101.89240466255457
 10
145.97185788156435
 20
-101.87270077571844
 10
145.96442313600292
 20
-101.86293840557205
 10
145.94782769035663
 20
-101.84169338257507
 10
145.9401556034436
 20
-101.83211641046029
 10
145.92457900294005
 20
-101.81315399012065
 10
145.91667419605517
 20
-101.80376818484926
 10
145.8862296199771
 20
-101.76850713647208
 10
145.8780968546813
 20
-101.7593181517032
 10
145.86160857500917
 20
-101.74114287998952
 10
145.85325275017257
 20
-101.73215625081995
 10
145.8346548397343
 20
-101.712640166542
 10
145.8260809885969
 20
-101.70386130618503
 10
145.8087207514668
 20
-101.68651696891965
 10
145.79993403859498
 20
-101.67795116543144
 10
145.7661798743455
 20
-101.64584399892617
 10
145.75718559252718
 20
-101.63749641202708
 10
145.7389952202696
 20
-101.6210247932363
 10
145.72979878732318
 20
-101.61290045119992
 10
145.70937752013415
 20
-101.59530125619808
 10
145.69998447564603
 20
-101.58740505282344
 10
145.6810077904633
 20
-101.57184583408176
 10
145.67142379245317
 20
-101.56418252574731
 10
145.6346851110869
 20
-101.5355384506795
 10
145.6249159325952
 20
-101.52811265347444
 10
145.605198650984
 20
-101.51350331830238
 10
145.59525017659968
 20
-101.5063195052502
 10
145.57320222062967
 20
-101.49080668939581
 10
145.56308044294337
 20
-101.483869187758
 10
145.54267006556032
 20
-101.47024493132223
 10
145.5323810815502
 20
-101.46355791998886
 10
145.49301169665145
 20
-101.43865279445909
 10
145.48256170401856
 20
-101.43222030143691
 10
145.4615074012498
 20
-101.41961394576418
 10
145.45090269468002
 20
-101.41343984574705
 10
145.42744038379413
 20
-101.4001628059344
 10
145.41668735116215
 20
-101.39425081796695
 10
145.39503984466992
 20
-101.38269273287389
 10
145.38414496320243
 20
-101.37704641811771
 10
145.3310086403166
 20
-101.35033034627355
 10
145.3255098985998
 20
-101.34760780863111
 10
145.31447947139893
 20
-101.3422304416754
 10
145.308947734
 20
-101.33957558705343
 10
145.29674658507034
 20
-101.33381171229237
 10
145.2911826850522
 20
-101.33122494050396
 10
145.28002361282023
 20
-101.32611989334607
 10
145.274428388085
 20
-101.32360159394914
 10
135.87979385784607
 20
-97.16439532062438
 10
135.7928655973937
 20
-97.12073604561039
 10
135.71059060392724
 20
-97.06883729600968
 10
135.63374741730524
 20
-97.0091901717722
 10
135.56306317807338
 20
-96.94235909304204
 10
135.4992067467845
 20
-96.86897645924445
 10
135.44278237480205
 20
-96.78973666490846
 10
135.39432398647818
 20
-96.70538952885111
 10
135.35429012681183
 20
-96.61673319890092
 10
135.32305962239573
 20
-96.52460659930048
 10
135.30092799671115
 20
-96.42988149225604
 10
135.2881046736912
 20
-96.33345422875267
 10
135.28471099601452
 20
-96.23623726669435
 10
135.2907790768813
 20
-96.13915053662984
 10
135.3062514961373
 20
-96.04311273676755
 10
135.33098184362075
 20
-95.94903263965148
 10
135.36473610459134
 20
-95.8578004927604
 10
135.4071948741308
 20
-95.77027959440339
 10
135.45795637956147
 20
-95.68729812462588
 10
135.51654028228236
 20
-95.60964130842787
 10
135.5823922230475
 20
-95.53804398545077
 10
135.65488906767618
 20
-95.47318365644367
 10
135.73334480355646
 20
-95.4156740723076
 10
135.8170170311458
 20
-95.3660594263826
 10
135.9051139890415
 20
-95.32480920493413
 10
135.99680204614558
 20
-95.29231374456651
 10
136.09121359002802
 20
-95.26888053860249
 10
136.18745523684376
 20
-95.25473132738001
 10
136.28461628511542
 20
-95.25
 10
145.72522753762047
 20
-95.25
 10
145.7497576796612
 20
-95.24939781881277
 10
145.7864938030286
 20
-95.24759308879898
 10
145.83529577558946
 20
-95.24278651403486
 10
145.85953482116992
 20
-95.2391909912717
 10
145.90763067218063
 20
-95.22962413168602
 10
145.9314005772724
 20
-95.22367008041554
 10
145.97832711739585
 20
-95.20943507009594
 10
146.00139896481866
 20
-95.20117983108676
 10
146.04670426582132
 20
-95.18241376096407
 10
146.06885586107225
 20
-95.17193683668057
 10
146.1121036081384
 20
-95.14882043426893
 10
146.13312161924568
 20
-95.13622272321933
 10
146.1738953129301
 20
-95.10897861211035
 10
146.19357732495754
 20
-95.09438143713847
 10
146.23148429230022
 20
-95.06327199301569
 10
146.2496407567123
 20
-95.04681593289642
 10
146.28431593289636
 20
-95.01214075671236
 10
146.3007719930157
 20
-94.9939842923002
 10
146.33188143713855
 20
-94.9560773249574
 10
146.34647861211045
 20
-94.93639531292996
 10
146.37372272321917
 20
-94.89562161924597
 10
146.38632043426907
 20
-94.87460360813813
 10
146.40943683668056
 20
-94.83135586107225
 10
146.41991376096408
 20
-94.80920426582128
 10
146.43867983108674
 20
-94.76389896481871
 10
146.44693507009598
 20
-94.74082711739575
 10
146.46117008041554
 20
-94.69390057727249
 10
146.46712413168606
 20
-94.67013067218048
 10
146.47669099127168
 20
-94.62203482117016
 10
146.48028651403496
 20
-94.59779577558893
 10
146.48509308879898
 20
-94.5489938030291
 10
146.48689781881282
 20
-94.51225767966046
 10
146.4875
 20
-94.48772753762088
 10
146.4875
 20
-61.01227246237911
 10
146.48689781881282
 20
-60.987742320339535
 10
146.48509308879898
 20
-60.95100619697092
 10
146.48028651403496
 20
-60.90220422441102
 10
146.47669099127168
 20
-60.87796517882979
 10
146.467124131686
 20
-60.82986932781924
 10
146.45958953193818
 20
-60.79978951950475
 10
146.4419202378678
 20
-60.713166715291344
 10
146.43197052895323
 20
-60.6253218665223
 10
146.42981816927534
 20
-60.53694154342627
 10
146.43547998106217
 20
-60.448716501346205
 10
146.44891171321112
 20
-60.36133628199297
 10
146.4555945081875
 20
-60.32780799047646
 10
146.45780488765746
 20
-60.31593606348558
 10
146.4620002654758
 20
-60.2917575053533
 10
146.4639496258668
 20
-60.27964225436174
 10
146.47078514615612
 20
-60.233560919664995
 10
146.47243659629262
 20
-60.22140147786469
 10
146.47544053497867
 20
-60.19704618643067
 10
146.47679308008938
 20
-60.18484987821134
 10
146.4794354735236
 20
-60.158021207442495
 10
146.48048829888617
 20
-60.145795379401065
 10
146.482293561688
 20
-60.12132202870082
 10
146.4830460331194
 20
-60.10907404522258
 10
146.48596430899227
 20
-60.049671175171135
 10
146.48622777070418
 20
-60.043541007174646
 10
146.4866794455723
 20
-60.03127795742049
 10
146.48686766085478
 20
-60.02514501793348
 10
146.48719882223978
 20
-60.01165499867561
 10
146.4873117627482
 20
-60.00552021130279
 10
146.48746235127396
 20
-59.993249770285715
 10
146.4875
 20
-59.98711405889464
 10
146.4875
 20
-43.84413594110536
 10
146.48746235127396
 20
-43.83800022971428
 10
146.4873117627482
 20
-43.82572978869721
 10
146.48719882223978
 20
-43.81959500132439
 10
146.48686766085478
 20
-43.806104982066515
 10
146.4866794455723
 20
-43.799972042579505
 10
146.48622777070418
 20
-43.78770899282535
 10
146.48596430899227
 20
-43.78157882482886
 10
146.4830460331194
 20
-43.72217595477742
 10
146.482293561688
 20
-43.70992797129918
 10
146.48048829888617
 20
-43.68545462059893
 10
146.4794354735236
 20
-43.6732287925575
 10
146.47679308008938
 20
-43.64640012178866
 10
146.47544053497867
 20
-43.63420381356933
 10
146.47243659629262
 20
-43.60984852213531
 10
146.47078514615612
 20
-43.597689080335
 10
146.4639496258668
 20
-43.55160774563826
 10
146.4620002654758
 20
-43.539492494646694
 10
146.45780488765746
 20
-43.51531393651442
 10
146.45555879123447
 20
-43.503250174110434
 10
146.45029945205937
 20
-43.47680969057311
 10
146.44775797256816
 20
-43.46480468351212
 10
146.44238126265003
 20
-43.44086110694468
 10
146.43954593098388
 20
-43.428922086599236
 10
146.42822656494337
 20
-43.38373264427518
 10
146.42509908899916
 20
-43.37186680226057
 10
146.41855399994617
 20
-43.348215889430264
 10
146.4151362635995
 20
-43.3364303732899
 10
146.40731062899442
 20
-43.31063271329235
 10
146.40360469096044
 20
-43.29893462217545
 10
146.39590699046528
 20
-43.27563335020266
 10
146.39191508306322
 20
-43.2640297306045
 10
146.37622088295484
 20
-43.22016737968759
 10
146.37194541076002
 20
-43.20866522119349
 10
146.3631136432581
 20
-43.18576972488541
 10
146.358557181656
 20
-43.174375955967975
 10
146.348240616761
 20
-43.14946956508127
 10
146.34340591039245
 20
-43.13819104891759
 10
146.33346135238514
 20
-43.11575648552974
 10
146.32835131349756
 20
-43.10460001587891
 10
146.3084334230479
 20
-43.0624871747859
 10
146.30305112973642
 20
-43.05145947188553
 10
146.29201773853504
 20
-43.02953988824589
 10
146.2863664328933
 20
-43.018647594774706
 10
146.27365829186752
 20
-42.99487233515702
 10
146.2677413780299
 20
-42.9841220122237
 10
146.25564573403958
 20
-42.96277021452795
 10
146.24946677613545
 20
-42.95216833772807
 10
146.22551701551637
 20
-42.912210576137255
 10
146.2190797355168
 20
-42.901763531641215
 10
146.20595097820285
 20
-42.88103095823965
 10
146.19925925368622
 20
-42.870745038959065
 10
146.18428192287405
 20
-42.84832987935623
 10
146.1773397846821
 20
-42.83821128113984
 10
146.16320954237338
 20
-42.81814787862153
 10
146.15602117219294
 20
-42.80820269653821
 10
146.12827019069377
 20
-42.7707848295405
 10
146.12083991852901
 20
-42.76101905419431
 10
146.10574223221542
 20
-42.741673157050876
 10
146.09807453378625
 20
-42.73209267098201
 10
146.08097225307117
 20
-42.711253481635126
 10
146.0730717471119
 20
-42.701864055769526
 10
146.05704298844165
 20
-42.68328226996117
 10
146.04891443392012
 20
-42.67408956013607
 10
146.0176294886616
 20
-42.63957194224321
 10
146.00927778191596
 20
-42.630581485804285
 10
145.99235656557374
 20
-42.61280857648172
 10
145.98378673736048
 20
-42.60402578894444
 10
145.9647242110562
 20
-42.58496326264016
 10
145.95594142351825
 20
-42.576393434426215
 10
145.93816851419558
 20
-42.559472218083904
 10
145.9291780577572
 20
-42.551120511338745
 10
145.89466043986363
 20
-42.5198355660796
 10
145.88546773003915
 20
-42.511707011558585
 10
145.86688594423
 20
-42.4956782528877
 10
145.85749651836417
 20
-42.487777746928245
 10
145.83665732901824
 20
-42.470675466213976
 10
145.82707684294945
 20
-42.46300776778482
 10
145.80773094580493
 20
-42.44791008147036
 10
145.7979651704612
 20
-42.44047980930749
 10
145.76054730346044
 20
-42.41272882780605
 10
145.75060212137925
 20
-42.40554045762716
 10
145.73053871885782
 20
-42.391410215316256
 10
145.7204201206449
 20
-42.38446807712667
 10
145.69800496104182
 20
-42.369490746314355
 10
145.68771904175964
 20
-42.36279902179669
 10
145.66698646835954
 20
-42.34967026448369
 10
145.65653942386317
 20
-42.34323298448391
 10
145.61658166227215
 20
-42.31928322386469
 10
145.6059797854715
 20
-42.313104265960135
 10
145.58462798777467
 20
-42.30100862196917
 10
145.57387766484393
 20
-42.29509170813298
 10
145.55010240522395
 20
-42.282383567105995
 10
145.53921011175453
 20
-42.27673226146519
 10
145.51729052811376
 20
-42.265698870263215
 10
145.50626282521554
 20
-42.26031657695282
 10
145.46414998412092
 20
-42.24039868650234
 10
145.45299351447073
 20
-42.23528864761505
 10
145.43055895108176
 20
-42.22534408960726
 10
145.41928043491976
 20
-42.220509383239424
 10
145.39437404403174
 20
-42.21019281834384
 10
145.38298027511445
 20
-42.20563635674184
 10
145.3600847788056
 20
-42.196804589239626
 10
145.348582620313
 20
-42.192529117045396
 10
145.3047202693956
 20
-42.17683491693684
 10
145.29311664979676
 20
-42.172843009534546
 10
145.26981537782547
 20
-42.165145309039865
 10
145.25811728670868
 20
-42.16143937100591
 10
145.2323196267107
 20
-42.15361373640069
 10
145.22053411056925
 20
-42.150196000053704
 10
145.19688319773866
 20
-42.14365091100064
 10
145.18501735572443
 20
-42.14052343505653
 10
145.1398279134012
 20
-42.12920406901625
 10
145.12788889305477
 20
-42.126368737349864
 10
145.10394531648686
 20
-42.120992027431626
 10
145.0919403094281
 20
-42.11845054794087
 10
145.06549982588953
 20
-42.11319120876554
 10
145.0534360634855
 20
-42.11094511234254
 10
145.0292575053531
 20
-42.10674973452417
 10
145.01714225436277
 20
-42.10480037413336
 10
144.97106091966577
 20
-42.09796485384399
 10
144.95890147786434
 20
-42.096313403707335
 10
144.93454618643102
 20
-42.093309465021356
 10
144.9223498782107
 20
-42.091956919910544
 10
144.89552120744148
 20
-42.08931452647628
 10
144.88329537940248
 20
-42.088261701113936
 10
144.8588220286999
 20
-42.08645643831191
 10
144.84657404522346
 20
-42.08570396688064
 10
144.78717117517078
 20
-42.08278569100769
 10
144.7810410071774
 20
-42.08252222929591
 10
144.76877795741822
 20
-42.08207055442763
 10
144.7626450179353
 20
-42.08188233914528
 10
144.74915499867433
 20
-42.081551177760204
 10
144.7430202112994
 20
-42.08143823725178
 10
144.7307497702853
 20
-42.08128764872606
 10
144.72461405889482
 20
-42.08125
 10
130.98121625564184
 20
-42.08125
 10
130.93437725875611
 20
-42.08015245187943
 10
130.58943123388156
 20
-42.06397777360685
 10
130.49616427884288
 20
-42.05521183869635
 10
130.1948921200306
 20
-42.01258133080646
 10
130.1028546740925
 20
-41.995126387030346
 10
129.80689358956528
 20
-41.92449133678292
 10
129.7168933334566
 20
-41.898500561161356
 10
129.4288405493969
 20
-41.80048083113797
 10
129.34166728635168
 20
-41.766182307451245
 10
129.064050629127
 20
-41.641638076312795
 10
128.9804693539135
 20
-41.59933279353691
 10
128.7157250669663
 20
-41.449357007468436
 10
128.636469252625
 20
-41.399416218426545
 10
128.38692061705484
 20
-41.22532499991448
 10
128.3126857782562
 20
-41.16818696332268
 10
128.08052272471278
 20
-40.97150806143433
 10
128.01196031422242
 20
-40.90767419593322
 10
127.79922020502636
 20
-40.69013357945568
 10
127.7369318968384
 20
-40.62016406337832
 10
127.52549593851215
 20
-40.358982972135
 10
127.52157636736726
 20
-40.354201977877445
 10
127.51367844783765
 20
-40.34468886382908
 10
127.50970006171494
 20
-40.33995669858253
 10
127.50088655650002
 20
-40.32960393344482
 10
127.49684996364223
 20
-40.324921320694926
 10
127.48871922718473
 20
-40.31560640811128
 10
127.48462504473514
 20
-40.310974063769436
 10
127.44466377629654
 20
-40.26631949135119
 10
127.43630539473209
 20
-40.25720869418008
 10
127.4193662274012
 20
-40.239196908488964
 10
127.41078511783243
 20
-40.230295575662936
 10
127.39169322506707
 20
-40.2109751273052
 10
127.38289463504569
 20
-40.202288702200065
 10
127.36508569552059
 20
-40.1851363995375
 10
127.35607500558818
 20
-40.176670194103394
 10
127.32147279988624
 20
-40.14495522271078
 10
127.31225552029245
 20
-40.13671441423228
 10
127.29362036424797
 20
-40.120463544323265
 10
127.28420213157392
 20
-40.112453172246624
 10
127.26329553361613
 20
-40.09511263430891
 10
127.25368210733332
 20
-40.087337597165664
 10
127.23426631113678
 20
-40.07202790508209
 10
127.22446357007861
 20
-40.064492957487964
 10
127.18689843116984
 20
-40.03635024282321
 10
127.17691236994362
 20
-40.02905999257635
 10
127.15676341919057
 20
-40.01472892153406
 10
127.14660014450611
 20
-40.007687826792804
 10
127.12408324301687
 20
-39.992496735933685
 10
127.11374896995383
 20
-39.9857091024918
 10
127.0929161433317
 20
-39.97239170227471
 10
127.08241719153963
 20
-39.965861680928775
 10
127.04225638993032
 20
-39.9415663714237
 10
127.03159917976551
 20
-39.93529795543557
 10
127.01013342852704
 20
-39.92302679667063
 10
126.99932447712395
 20
-39.917023819323944
 10
126.97541741753693
 20
-39.90413069727887
 10
126.96446333482021
 20
-39.89839682953359
 10
126.94241715817765
 20
-39.88720192403644
 10
126.93132464282631
 20
-39.88174067228745
 10
126.8889608265477
 20
-39.86153030068699
 10
126.87773666189443
 20
-39.85634500461754
 10
126.85516397861677
 20
-39.84625373198929
 10
126.84381502850077
 20
-39.84134756252923
 10
126.81875154768336
 20
-39.83087846402874
 10
126.80728475225463
 20
-39.82625442141611
 10
126.7842407687967
 20
-39.81729146208045
 10
126.77266314026899
 20
-39.81295237402548
 10
126.72851049600219
 20
-39.79702453505732
 10
126.71682911436525
 20
-39.79297305501352
 10
126.69337018985321
 20
-39.785160329857405
 10
126.681592198546
 20
-39.78139893539991
 10
126.65561733957473
 20
-39.77345621574419
 10
126.64374994111516
 20
-39.76998720705393
 10
126.61993344950234
 20
-39.763343823812974
 10
126.60798390108202
 20
-39.760169322269874
 10
126.56247410469575
 20
-39.74867974077992
 10
126.55044971374426
 20
-39.745801687666216
 10
126.52633390349318
 20
-39.74034389419366
 10
126.51424202320668
 20
-39.7377640495061
 10
126.48760973961002
 20
-39.73242536384949
 10
126.4754577644551
 20
-39.73014530522323
 10
126.45110161607904
 20
-39.72588644975235
 10
126.43889697727545
 20
-39.72390757149711
 10
126.39247497337477
 20
-39.71696857994349
 10
126.3802251343426
 20
-39.715292092189266
 10
126.35568821615452
 20
-39.712242590686884
 10
126.34340066795815
 20
-39.71086951864537
 10
126.31637134083773
 20
-39.70818706276927
 10
126.3040535976013
 20
-39.707118246106226
 10
126.27939592002349
 20
-39.70528555679801
 10
126.26705551433552
 20
-39.70452164911985
 10
126.20720439266456
 20
-39.701559040848224
 10
126.20102787218403
 20
-39.701291573486515
 10
126.18867205531129
 20
-39.70083303098607
 10
126.1824926998841
 20
-39.700641953656465
 10
126.16890062157543
 20
-39.70030575805665
 10
126.16271937594372
 20
-39.70019109997238
 10
126.150355998577
 20
-39.70003822130928
 10
126.14417380776916
 20
-39.7
 10
111.9353186518072
 20
-39.7
 10
111.8837997148656
 20
-39.698672017799844
 10
111.50450176524481
 20
-39.67910500600789
 10
111.40201085778936
 20
-39.66850230147954
 10
111.07136994814472
 20
-39.61696547672272
 10
110.97051413293727
 20
-39.59587263449608
 10
110.64693159100732
 20
-39.51058609397006
 10
110.54878163441512
 20
-39.479227052605346
 10
110.23569287244874
 20
-39.361096266748135
 10
110.14129081327007
 20
-39.31980395902405
 10
109.84201983311738
 20
-39.17008309917125
 10
109.75236791946008
 20
-39.119295917403015
 10
109.4700920222962
 20
-38.93957454049628
 10
109.38614207090704
 20
-38.8798316822108
 10
109.12385812445272
 20
-38.67201785478572
 10
109.04650141546556
 20
-38.603953598167216
 10
108.80699403682941
 20
-38.37025363878465
 10
108.73705185121942
 20
-38.29459060866787
 10
108.46562810908702
 20
-37.968781582879096
 10
108.43319577746959
 20
-37.92992554589402
 10
108.42489193951675
 20
-37.920231515561234
 10
108.40803959138054
 20
-37.90105884315062
 10
108.39949034485663
 20
-37.8915793217039
 10
108.38044980927627
 20
-37.871001304020226
 10
108.37166218962965
 20
-37.86174399918096
 10
108.35385386569541
 20
-37.843457100095534
 10
108.34483279860164
 20
-37.83442713329329
 10
108.30964530091723
 20
-37.80009283918322
 10
108.30030825554434
 20
-37.79121414896081
 10
108.2814088712054
 20
-37.77370067748052
 10
108.27184613989438
 20
-37.765065532648784
 10
108.2505980207155
 20
-37.7463698376614
 10
108.24081595408995
 20
-37.737983972832474
 10
108.22103939236466
 20
-37.721467435120964
 10
108.21104448670899
 20
-37.713336419359614
 10
108.17270928656225
 20
-37.68296252581678
 10
108.16250817950687
 20
-37.67509175894158
 10
108.14190696623751
 20
-37.65961602233374
 10
108.13150643235066
 20
-37.65201073133104
 10
108.10844730023906
 20
-37.635600734194256
 10
108.0978542465304
 20
-37.62826596974881
 10
108.07648309780654
 20
-37.61387213725064
 10
108.06570455913696
 20
-37.60681277038913
 10
108.02444735235508
 20
-37.58054484569325
 10
108.01349048676522
 20
-37.573765564549824
 10
107.99140616359868
 20
-37.560491865669114
 10
107.98027824755965
 20
-37.55399717237474
 10
107.95565291678966
 20
-37.54004709480362
 10
107.94436134036492
 20
-37.533841302492505
 10
107.92162249793066
 20
-37.52172299170015
 10
107.91017475987154
 20
-37.51581022164746
 10
107.8664335661105
 20
-37.49392714719251
 10
107.8548372688759
 20
-37.488311326077095
 10
107.83150430072995
 20
-37.4773805891752
 10
107.81976714543572
 20
-37.47206544647108
 10
107.79383705830466
 20
-37.46072339369761
 10
107.78196683961124
 20
-37.45571245919817
 10
107.75810171728759
 20
-37.445998327835326
 10
107.74610631822388
 20
-37.4412949293092
 10
107.70034552914123
 20
-37.42402903339577
 10
107.68823291586871
 20
-37.41963629437658
 10
107.66389902428114
 20
-37.41116456893923
 10
107.65167724080243
 20
-37.40708540665079
 10
107.6247176919483
 20
-37.39847179501974
 10
107.61239485476635
 20
-37.39470891843925
 10
107.58765682386466
 20
-37.3875020995286
 10
107.57524111659289
 20
-37.38405800758763
 10
107.52794656549058
 20
-37.371592598838475
 10
107.51544623341609
 20
-37.3684695787629
 10
107.49036976653029
 20
-37.36254680743361
 10
107.4777931111404
 20
-37.35974693322527
 10
107.45009032479479
 20
-37.353953211758395
 10
107.43744569826434
 20
-37.351478342817764
 10
107.4120973975974
 20
-37.34685534973954
 10
107.3993931972395
 20
-37.34470712963033
 10
107.3510670010728
 20
-37.337174550840594
 10
107.33831166376365
 20
-37.335354406198626
 10
107.31275885350004
 20
-37.33204346987658
 10
107.2999608500784
 20
-37.33055260946264
 10
107.27180894127875
 20
-37.327640288962
 10
107.25897677091376
 20
-37.32647970285824
 10
107.23328731840806
 20
-37.32448961702137
 10
107.2204295029623
 20
-37.32366007597471
 10
107.15806892075601
 20
-37.32044305292303
 10
107.15163286364898
 20
-37.32015259600821
 10
107.13875760797865
 20
-37.31965463799892
 10
107.13231834260667
 20
-37.319447134320605
 10
107.1181547920568
 20
-37.31908204637163
 10
107.11171338754502
 20
-37.3189575303821
 10
107.09882957571807
 20
-37.31879150762703
 10
107.09238710154963
 20
-37.31875
 10
92.8853186518072
 20
-37.31875
 10
92.83379971486563
 20
-37.31742201779984
 10
92.45450176524494
 20
-37.2978550060079
 10
92.35201085778945
 20
-37.28725230147955
 10
92.0213699481447
 20
-37.2357154767227
 10
91.9205141329373
 20
-37.21462263449608
 10
91.5969315910074
 20
-37.12933609397009
 10
91.49878163441517
 20
-37.09797705260536
 10
91.18569287244881
 20
-36.979846266748154
 10
91.09129081327013
 20
-36.93855395902407
 10
90.79201983311732
 20
-36.78883309917121
 10
90.70236791946009
 20
-36.738045917403
 10
90.42009202229629
 20
-36.558324540496336
 10
90.3361420709071
 20
-36.49858168221084
 10
90.07385812445278
 20
-36.29076785478577
 10
89.9965014154656
 20
-36.22270359816725
 10
89.75699403682941
 20
-35.98900363878464
 10
89.68705185121942
 20
-35.913340608667866
 10
89.41562810908702
 20
-35.587531582879095
 10
89.3831957774696
 20
-35.54867554589402
 10
89.37489193951676
 20
-35.53898151556123
 10
89.35803959138055
 20
-35.51980884315062
 10
89.34949034485663
 20
-35.5103293217039
 10
89.33044980927627
 20
-35.489751304020224
 10
89.32166218962965
 20
-35.48049399918096
 10
89.30385386569542
 20
-35.46220710009553
 10
89.29483279860165
 20
-35.45317713329329
 10
89.25964530091751
 20
-35.4188428391835
 10
89.25030825554404
 20
-35.40996414896054
 10
89.2314088712054
 20
-35.39245067748052
 10
89.22184613989438
 20
-35.38381553264878
 10
89.2005980207155
 20
-35.365119837661396
 10
89.19081595408996
 20
-35.35673397283247
 10
89.17103939236466
 20
-35.34021743512096
 10
89.16104448670899
 20
-35.33208641935961
 10
89.12270928656226
 20
-35.301712525816775
 10
89.11250817950688
 20
-35.29384175894158
 10
89.09190696623752
 20
-35.27836602233374
 10
89.08150643235066
 20
-35.27076073133104
 10
89.05844730023907
 20
-35.254350734194254
 10
89.0478542465304
 20
-35.24701596974881
 10
89.02648309780655
 20
-35.23262213725064
 10
89.01570455913696
 20
-35.22556277038913
 10
88.97444735235509
 20
-35.199294845693245
 10
88.96349048676522
 20
-35.19251556454982
 10
88.94140616359869
 20
-35.17924186566911
 10
88.93027824755966
 20
-35.17274717237474
 10
88.90565291678966
 20
-35.15879709480362
 10
88.89436134036492
 20
-35.1525913024925
 10
88.87162249793066
 20
-35.14047299170015
 10
88.86017475987154
 20
-35.13456022164746
 10
88.8164335661105
 20
-35.11267714719251
 10
88.8048372688759
 20
-35.107061326077094
 10
88.78150430072995
 20
-35.096130589175196
 10
88.76976714543572
 20
-35.090815446471076
 10
88.74383705830466
 20
-35.07947339369761
 10
88.73196683961125
 20
-35.074462459198166
 10
88.70810171728759
 20
-35.064748327835325
 10
88.69610631822388
 20
-35.0600449293092
 10
88.65034552914123
 20
-35.04277903339577
 10
88.63823291586871
 20
-35.03838629437658
 10
88.61389902428114
 20
-35.029914568939226
 10
88.60167724080243
 20
-35.02583540665079
 10
88.57471769194831
 20
-35.017221795019736
 10
88.56239485476635
 20
-35.01345891843925
 10
88.53765682386467
 20
-35.006252099528595
 10
88.5252411165929
 20
-35.00280800758763
 10
88.47794656549058
 20
-34.990342598838474
 10
88.46544623341609
 20
-34.9872195787629
 10
88.4403697665303
 20
-34.98129680743361
 10
88.4277931111404
 20
-34.978496933225266
 10
88.40009032479479
 20
-34.97270321175839
 10
88.38744569826434
 20
-34.97022834281776
 10
88.36209739759741
 20
-34.96560534973954
 10
88.34939319723951
 20
-34.96345712963033
 10
88.30106700107281
 20
-34.95592455084059
 10
88.28831166376365
 20
-34.954104406198624
 10
88.26275885350005
 20
-34.95079346987658
 10
88.24996085007841
 20
-34.94930260946264
 10
88.22180894127875
 20
-34.946390288962
 10
88.20897677091376
 20
-34.945229702858235
 10
88.18328731840806
 20
-34.94323961702137
 10
88.1704295029623
 20
-34.942410075974706
 10
88.10806892075601
 20
-34.93919305292303
 10
88.10163286364899
 20
-34.938902596008205
 10
88.08875760797865
 20
-34.93840463799892
 10
88.08231834260667
 20
-34.9381971343206
 10
88.0681547920568
 20
-34.93783204637163
 10
88.06171338754503
 20
-34.9377075303821
 10
88.04882957571807
 20
-34.93754150762703
 10
88.04238710154964
 20
-34.9375
 10
69.08261289845066
 20
-34.9375
 10
69.07617042428208
 20
-34.93754150762703
 10
69.06328661245558
 20
-34.9377075303821
 10
69.05684520794318
 20
-34.93783204637163
 10
69.04268165739313
 20
-34.93819713432061
 10
69.03624239202092
 20
-34.93840463799894
 10
69.02336713635073
 20
-34.93890259600822
 10
69.0169310792439
 20
-34.93919305292304
 10
68.95457049703691
 20
-34.942410075974756
 10
68.94171268159228
 20
-34.94323961702135
 10
68.91602322908597
 20
-34.94522970285826
 10
68.9031910587214
 20
-34.946390288961986
 10
68.87503914992213
 20
-34.94930260946259
 10
68.86224114649954
 20
-34.950793469876636
 10
68.8366883362362
 20
-34.954104406198645
 10
68.82393299892762
 20
-34.955924550840535
 10
68.77560680276046
 20
-34.963457129630335
 10
68.76290260240273
 20
-34.96560534973952
 10
68.73755430173583
 20
-34.97022834281772
 10
68.72490967520518
 20
-34.97270321175839
 10
68.69720688885948
 20
-34.97849693322528
 10
68.68463023346945
 20
-34.98129680743366
 10
68.65955376658387
 20
-34.9872195787629
 10
68.64705343450933
 20
-34.99034259883849
 10
68.5997588834071
 20
-35.00280800758763
 10
68.58734317613512
 20
-35.00625209952865
 10
68.56260514523352
 20
-35.013458918439284
 10
68.55028230805151
 20
-35.01722179501979
 10
68.52332275919763
 20
-35.02583540665077
 10
68.5111009757188
 20
-35.02991456893925
 10
68.48676708413089
 20
-35.03838629437672
 10
68.47465447085902
 20
-35.04277903339567
 10
68.42889368177603
 20
-35.060044929309235
 10
68.4168982827126
 20
-35.06474832783525
 10
68.39303316038826
 20
-35.074462459198365
 10
68.38116294169521
 20
-35.07947339369767
 10
68.35523285456428
 20
-35.09081544647108
 10
68.34349569926951
 20
-35.096130589175445
 10
68.3201627311245
 20
-35.10706132607691
 10
68.30856643388914
 20
-35.11267714719267
 10
68.26482524012813
 20
-35.134560221647625
 10
68.25337750206953
 20
-35.14047299170006
 10
68.23063865963519
 20
-35.15259130249245
 10
68.21934708321024
 20
-35.15879709480368
 10
68.19472175244069
 20
-35.17274717237455
 10
68.18359383640077
 20
-35.17924186566944
 10
68.1615095132349
 20
-35.19251556454975
 10
68.1505526476443
 20
-35.19929484569362
 10
68.10929544086336
 20
-35.225562770388926
 10
68.0985169021929
 20
-35.23262213725101
 10
68.07714575347003
 20
-35.247015969748524
 10
68.06655269976078
 20
-35.25435073419438
 10
68.04349356764912
 20
-35.27076073133121
 10
68.03309303376221
 20
-35.278366022333955
 10
68.01249182049341
 20
-35.29384175894139
 10
68.0022907134372
 20
-35.30171252581722
 10
67.963955513291
 20
-35.33208641935965
 10
67.9539606076358
 20
-35.340217435120586
 10
67.93418404590966
 20
-35.35673397283281
 10
67.9244019792848
 20
-35.36511983766115
 10
67.90315386010502
 20
-35.38381553264932
 10
67.89359112879477
 20
-35.39245067748037
 10
67.87469174445586
 20
-35.409964148960626
 10
67.86535469908205
 20
-35.418842839183924
 10
67.83034850285624
 20
-35.453000227915304
 10
67.8212433441646
 20
-35.46211656717947
 10
67.80327133330454
 20
-35.48058045727133
 10
67.79440410804293
 20
-35.48992839140344
 10
67.77519258890005
 20
-35.510711295723915
 10
67.76656918580508
 20
-35.52028461674796
 10
67.749572281445
 20
-35.539649886016484
 10
67.74119842732958
 20
-35.5494422362778
 10
67.7110165911871
 20
-35.58567161898706
 10
67.4378960517628
 20
-35.913413785735706
 10
67.3680534226656
 20
-35.98895733005659
 10
67.12849858453426
 20
-36.222703598167364
 10
67.05114187554707
 20
-36.29076785478589
 10
66.78885792909291
 20
-36.49858168221083
 10
66.70490797770374
 20
-36.558324540496315
 10
66.42263208053993
 20
-36.73804591740299
 10
66.33298016688268
 20
-36.78883309917121
 10
66.03370918672987
 20
-36.93855395902407
 10
65.93930712755119
 20
-36.97984626674816
 10
65.62621836558485
 20
-37.09797705260536
 10
65.52806840899262
 20
-37.12933609397008
 10
65.20448586706276
 20
-37.21462263449607
 10
65.10363005185536
 20
-37.23571547672269
 10
64.7729891422106
 20
-37.28725230147954
 10
64.6704982347551
 20
-37.29785500600789
 10
64.29120028513424
 20
-37.31742201779984
 10
64.23968134819268
 20
-37.31875
 10
50.37811659375163
 20
-37.31875
 10
50.37196034010978
 20
-37.318787901254545
 10
50.35964882448652
 20
-37.31893949980836
 10
50.35349350417297
 20
-37.3190531978259
 10
50.33995837807448
 20
-37.31938657947764
 10
50.33380492427438
 20
-37.31957605702085
 10
50.321500874389585
 20
-37.32003076075249
 10
50.31535022000686
 20
-37.32029598909534
 10
50.25574923382913
 20
-37.32323381723537
 10
50.24346040202006
 20
-37.323991332465376
 10
50.21890558242787
 20
-37.32580869138731
 10
50.206639129196304
 20
-37.32686856952815
 10
50.17972176829659
 20
-37.32952863230827
 10
50.16748513205454
 20
-37.33089023064684
 10
50.14304956007837
 20
-37.33391426452267
 10
50.13085016115721
 20
-37.335576757381816
 10
50.084618239469854
 20
-37.34245791378027
 10
50.072463475619074
 20
-37.34442029301969
 10
50.04820641347474
 20
-37.34864366783047
 10
50.03610365537716
 20
-37.3509047434579
 10
50.00957837954339
 20
-37.35619907946302
 10
49.997534966346564
 20
-37.35875748035567
 10
49.97351524331892
 20
-37.364169953388625
 10
49.96153847818241
 20
-37.36702412812502
 10
49.91620739012794
 20
-37.37841857203511
 10
49.904304535796356
 20
-37.38156678983552
 10
49.88058040556464
 20
-37.38815523452512
 10
49.86875867996298
 20
-37.39159558630124
 10
49.84288265420112
 20
-37.39947286645347
 10
49.831149226056716
 20
-37.403203265966376
 10
49.80777822541698
 20
-37.410951703729054
 10
49.79614020991309
 20
-37.4149698888542
 10
49.75214944458942
 20
-37.4307671500866
 10
49.7406138990532
 20
-37.4350706841846
 10
49.71765270837486
 20
-37.44396032317136
 10
49.70622662799336
 20
-37.44854659656709
 10
49.68125072277157
 20
-37.45893044990523
 10
49.669941036351254
 20
-37.46379668146995
 10
49.64744534211622
 20
-37.473805962140254
 10
49.636258907884184
 20
-37.47894920097685
 10
49.59403495983638
 20
-37.49899612362047
 10
49.5829785612772
 20
-37.50441325085472
 10
49.56100292102416
 20
-37.51551789826454
 10
49.550083262769526
 20
-37.52120562893503
 10
49.5262496218028
 20
-37.533995383038864
 10
49.51547332556537
 20
-37.53995026808909
 10
49.49407103557427
 20
-37.55212335076386
 10
49.48344463613013
 20
-37.5583417791349
 10
49.443396870446406
 20
-37.58244400641748
 10
49.43292681167408
 20
-37.58892220723686
 10
49.41214977771288
 20
-37.60213420248512
 10
49.40184240868542
 20
-37.60886824735366
 10
49.37938210132987
 20
-37.62393990437288
 10
49.36924367246542
 20
-37.63092570974648
 10
49.34914228390282
 20
-37.64514457526128
 10
49.339178943173785
 20
-37.652377904927455
 10
49.30169562665274
 20
-37.68030176352256
 10
49.291913415856314
 20
-37.68777823117032
 10
49.27253642345708
 20
-37.70296948273846
 10
49.262941274553604
 20
-37.710684554616684
 10
49.24207205557054
 20
-37.72789199343981
 10
49.23266978708661
 20
-37.73584099110614
 10
49.21406418477663
 20
-37.75196778624274
 10
49.20486049827394
 20
-37.760145889402885
 10
49.17030503514152
 20
-37.79162065491477
 10
49.16130551176175
 20
-37.800022904343685
 10
49.143516422659786
 20
-37.81704613164142
 10
49.13472651973863
 20
-37.825667432192006
 10
49.115650718139506
 20
-37.84484382510553
 10
49.107075765899744
 20
-37.85367894879599
 10
49.09014633288117
 20
-37.87155732278093
 10
49.08179153119712
 20
-37.880600911968294
 10
49.050498939871424
 20
-37.915321433627774
 10
49.04236935511955
 20
-37.924568004252826
 10
49.02634063618349
 20
-37.94325816551275
 10
49.018441198166926
 20
-37.95270211042896
 10
49.00134375561592
 20
-37.97366154052655
 10
48.99367925457626
 20
-37.983297132898954
 10
48.97859012327048
 20
-38.00275375324017
 10
48.97116520698251
 20
-38.01257515001872
 10
48.94343887203424
 20
-38.05020480915291
 10
48.93625804298868
 20
-38.06020605461418
 10
48.9221450941328
 20
-38.080381946992084
 10
48.915212706804525
 20
-38.09055697635278
 10
48.90025938459122
 20
-38.11309624001761
 10
48.89357964279919
 20
-38.12343888311165
 10
48.88047710373235
 20
-38.14428511607198
 10
48.87405405809162
 20
-38.1547891010902
 10
48.85016278890719
 20
-38.194963074667065
 10
48.8440003343706
 20
-38.20562203196357
 10
48.83193998194165
 20
-38.22708804831349
 10
48.82604185543896
 20
-38.23789551426657
 10
48.81337762740708
 20
-38.26179609124995
 10
48.80774740557911
 20
-38.27274551218128
 10
48.79675848908064
 20
-38.29477925160202
 10
48.79139958611018
 20
-38.30586398775104
 10
48.77157501075726
 20
-38.348192785375794
 10
48.76649067629761
 20
-38.35940611492844
 10
48.75659984652941
 20
-38.38195414023377
 10
48.75179316373571
 20
-38.3932892633945
 10
48.74154081074911
 20
-38.418319435388916
 10
48.73701469440752
 20
-38.42976947850666
 10
48.728245939041216
 20
-38.45277710524252
 10
48.724003133801155
 20
-38.464335124979605
 10
48.70843745337495
 20
-38.50840836503683
 10
48.704480532085796
 20
-38.52006735257664
 10
48.69685511748946
 20
-38.543478781642925
 10
48.69318647963935
 20
-38.55523166694285
 10
48.685445399210685
 20
-38.58114876411043
 10
48.68206726947196
 20
-38.59298842018767
 10
48.67560368913374
 20
-38.616746873165226
 10
48.67251811601404
 20
-38.62866612041815
 10
48.658275687044366
 20
-38.68661490474181
 10
48.656843160173636
 20
-38.692602288325034
 10
48.654051948649766
 20
-38.7045941829749
 10
48.65269325077191
 20
-38.7105987508589
 10
48.64978652577246
 20
-38.723822280328314
 10
48.64850186287468
 20
-38.729843122182565
 10
48.64600677864383
 20
-38.74190010993811
 10
48.64479634548886
 20
-38.74793631296637
 10
48.63630386948622
 20
-38.791682042760584
 10
48.613769805751105
 20
-38.88404385839729
 10
48.52640115543532
 20
-39.18021853378431
 10
48.4951979277961
 20
-39.27002303033677
 10
48.38009833537052
 20
-39.55656238753251
 10
48.34050797385749
 20
-39.64299786804496
 10
48.19871776572407
 20
-39.917312024216535
 10
48.151098107384925
 20
-39.99959724254772
 10
47.98389885278247
 20
-40.259206812207644
 10
47.92868030737606
 20
-40.3365980343155
 10
47.73758323493081
 20
-40.57915653921991
 10
47.67526489467331
 20
-40.65095426539344
 10
47.46199723317551
 20
-40.87426934316008
 10
47.393142361700754
 20
-40.939824630439965
 10
47.15963172856634
 20
-41.141877850191264
 10
47.08486266987394
 20
-41.2005981778334
 10
46.833219648395904
 20
-41.379563283761776
 10
46.753212201801595
 20
-41.430917908729754
 10
46.48571126466516
 20
-41.58517732669128
 10
46.40118857659615
 20
-41.62870208077143
 10
46.120247528083844
 20
-41.75686153871099
 10
46.03197355592789
 20
-41.7921630238916
 10
45.74013167862047
 20
-41.89306415395647
 10
45.648904285705356
 20
-41.919823298151485
 10
45.34879938920552
 20
-41.99255410658579
 10
45.25544313331993
 20
-42.01052904756435
 10
44.949787712438564
 20
-42.05443215775486
 10
44.85514639307614
 20
-42.063460429210316
 10
44.50508603932896
 20
-42.080119549914286
  0
LWPOLYLINE
  5
8F
330
17
100
AcDbEntity
  8
GASKET_POCKETS
100
AcDbPolyline
 90
69
 70
1
 10
6.387499999999994
 20
-75.91227431105446
 10
6.394122815357821
 20
-76.04708481465697
 10
6.415730667601962
 20
-76.1927531221441
 10
6.451512463068042
 20
-76.33560205702977
 10
6.50112360350543
 20
-76.47425590598199
 10
6.564086306511461
 20
-76.60737935663934
 10
6.639794206837336
 20
-76.73369035739944
 10
6.7275181960167245
 20
-76.85197246427624
 10
6.82641344407901
 20
-76.96108655592097
 10
6.935527535723795
 20
-77.05998180398332
 10
7.0538096426005445
 20
-77.14770579316264
 10
7.180120643360665
 20
-77.22341369348854
 10
7.313244094017943
 20
-77.28637639649456
 10
7.451897942970308
 20
-77.335987536932
 10
7.59474687785589
 20
-77.37176933239803
 10
7.740415185342945
 20
-77.39337718464216
 10
7.875225688945641
 20
-77.4
 10
11.399774311054346
 20
-77.4
 10
11.534584814657043
 20
-77.39337718464216
 10
11.6802531221441
 20
-77.37176933239803
 10
11.823102057029681
 20
-77.335987536932
 10
11.96175590598204
 20
-77.28637639649456
 10
12.094879356639424
 20
-77.2234136934885
 10
12.221190357399385
 20
-77.1477057931627
 10
12.339472464276247
 20
-77.05998180398328
 10
12.44858655592092
 20
-76.96108655592103
 10
12.54748180398327
 20
-76.85197246427624
 10
12.635205793162653
 20
-76.73369035739944
 10
12.710913693488532
 20
-76.60737935663934
 10
12.77387639649456
 20
-76.47425590598199
 10
12.823487536931946
 20
-76.33560205702977
 10
12.859269332398028
 20
-76.19275312214408
 10
12.880877184642166
 20
-76.04708481465698
 10
12.887499999999994
 20
-75.91227431105447
 10
12.887499999999994
 20
-67.88772568894554
 10
12.880877184642166
 20
-67.75291518534303
 10
12.859269332398028
 20
-67.60724687785593
 10
12.823487536931946
 20
-67.46439794297024
 10
12.77387639649456
 20
-67.32574409401802
 10
12.710913693488532
 20
-67.19262064336067
 10
12.635205793162653
 20
-67.06630964260057
 10
12.54748180398327
 20
-66.94802753572377
 10
12.44858655592092
 20
-66.83891344407898
 10
12.339472464276247
 20
-66.74001819601673
 10
12.221190357399385
 20
-66.65229420683731
 10
12.094879356639424
 20
-66.57658630651152
 10
11.96175590598204
 20
-66.51362360350545
 10
11.823102057029681
 20
-66.46401246306802
 10
11.6802531221441
 20
-66.42823066760198
 10
11.534584814657043
 20
-66.40662281535785
 10
11.399774311054346
 20
-66.4
 10
7.875225688945641
 20
-66.4
 10
7.740415185342947
 20
-66.40662281535785
 10
7.5947468778558855
 20
-66.42823066760198
 10
7.451897942970312
 20
-66.46401246306802
 10
7.313244094017931
 20
-66.51362360350547
 10
7.180120643360671
 20
-66.57658630651147
 10
7.053809642600474
 20
-66.65229420683741
 10
6.935527535723795
 20
-66.7400181960167
 10
6.82641344407906
 20
-66.83891344407898
 10
6.727518196016682
 20
-66.94802753572381
 10
6.639794206837359
 20
-67.06630964260053
 10
6.564086306511467
 20
-67.19262064336066
 10
6.50112360350543
 20
-67.32574409401802
 10
6.451512463068042
 20
-67.46439794297024
 10
6.415730667601962
 20
-67.60724687785591
 10
6.394122815357821
 20
-67.75291518534304
 10
6.387499999999994
 20
-67.88772568894555
 10
6.387499999999994
 20
-75.91227431105446
  0
LWPOLYLINE
  5
90
330
17
100
AcDbEntity
  8
GASKET_POCKETS
100
AcDbPolyline
 90
69
 70
1
 10
26.987725688945556
 20
-37.831250000000004
 10
26.852915185343022
 20
-37.83787281535783
 10
26.70724687785591
 20
-37.85948066760197
 10
26.56439794297025
 20
-37.89526246306805
 10
26.42574409401802
 20
-37.944873603505435
 10
26.29262064336058
 20
-38.00783630651151
 10
26.166309642600577
 20
-38.08354420683733
 10
26.048027535723758
 20
-38.17126819601673
 10
25.93891344407904
 20
-38.270163444079024
 10
25.840018196016715
 20
-38.37927753572379
 10
25.75229420683734
 20
-38.49755964260057
 10
25.676586306511478
 20
-38.62387064336063
 10
25.613623603505445
 20
-38.75699409401798
 10
25.56401246306805
 20
-38.89564794297023
 10
25.52823066760196
 20
-39.03849687785595
 10
25.50662281535783
 20
-39.184165185343026
 10
25.5
 20
-39.318975688945535
 10
25.5
 20
-42.84352431105447
 10
25.50662281535783
 20
-42.97833481465698
 10
25.52823066760196
 20
-43.12400312214406
 10
25.56401246306805
 20
-43.26685205702978
 10
25.613623603505445
 20
-43.405505905982025
 10
25.676586306511478
 20
-43.538629356639376
 10
25.75229420683734
 20
-43.66494035739944
 10
25.840018196016715
 20
-43.78322246427622
 10
25.93891344407904
 20
-43.892336555920984
 10
26.048027535723758
 20
-43.991231803983275
 10
26.166309642600577
 20
-44.07895579316268
 10
26.29262064336058
 20
-44.1546636934885
 10
26.42574409401802
 20
-44.21762639649457
 10
26.56439794297025
 20
-44.26723753693196
 10
26.70724687785591
 20
-44.30301933239804
 10
26.852915185343022
 20
-44.32462718464218
 10
26.987725688945556
 20
-44.331250000000004
 10
35.01227431105444
 20
-44.331250000000004
 10
35.14708481465697
 20
-44.32462718464218
 10
35.292753122144106
 20
-44.30301933239804
 10
35.43560205702975
 20
-44.26723753693196
 10
35.57425590598203
 20
-44.21762639649456
 10
35.70737935663932
 20
-44.15466369348855
 10
35.833690357399455
 20
-44.07895579316265
 10
35.95197246427623
 20
-43.991231803983275
 10
36.061086555920966
 20
-43.89233655592097
 10
36.15998180398327
 20
-43.783222464276236
 10
36.247705793162645
 20
-43.66494035739946
 10
36.32341369348855
 20
-43.538629356639326
 10
36.386376396494555
 20
-43.40550590598203
 10
36.435987536931954
 20
-43.26685205702975
 10
36.47176933239803
 20
-43.12400312214411
 10
36.49337718464218
 20
-42.978334814656975
 10
36.5
 20
-42.843524311054445
 10
36.5
 20
-39.318975688945564
 10
36.49337718464218
 20
-39.18416518534303
 10
36.47176933239803
 20
-39.0384968778559
 10
36.435987536931954
 20
-38.89564794297026
 10
36.386376396494555
 20
-38.756994094017976
 10
36.32341369348855
 20
-38.62387064336068
 10
36.247705793162645
 20
-38.49755964260055
 10
36.15998180398327
 20
-38.37927753572377
 10
36.061086555920966
 20
-38.27016344407904
 10
35.95197246427623
 20
-38.17126819601673
 10
35.833690357399455
 20
-38.08354420683736
 10
35.70737935663932
 20
-38.00783630651146
 10
35.57425590598203
 20
-37.94487360350545
 10
35.43560205702975
 20
-37.89526246306805
 10
35.292753122144106
 20
-37.85948066760197
 10
35.14708481465697
 20
-37.83787281535783
 10
35.01227431105444
 20
-37.831250000000004
 10
26.987725688945556
 20
-37.831250000000004
  0
LWPOLYLINE
  5
91
330
17
100
AcDbEntity
  8
GASKET_POCKETS
100
AcDbPolyline
 90
69
 70
1
 10
74.58772568894553
 20
-30.6875
 10
74.45291518534302
 20
-30.694122815357826
 10
74.30724687785593
 20
-30.715730667601964
 10
74.16439794297021
 20
-30.751512463068053
 10
74.02574409401802
 20
-30.801123603505427
 10
73.89262064336063
 20
-30.864086306511478
 10
73.76630964260059
 20
-30.93979420683732
 10
73.6480275357237
 20
-31.02751819601677
 10
73.53891344407904
 20
-31.126413444079006
 10
73.44001819601674
 20
-31.235527535723744
 10
73.35229420683733
 20
-31.35380964260059
 10
73.27658630651146
 20
-31.480120643360667
 10
73.21362360350545
 20
-31.613244094017926
 10
73.164012463068
 20
-31.75189794297032
 10
73.12823066760197
 20
-31.8947468778559
 10
73.10662281535784
 20
-32.04041518534296
 10
73.1
 20
-32.175225688945645
 10
73.1
 20
-35.699774311054355
 10
73.10662281535784
 20
-35.83458481465704
 10
73.12823066760197
 20
-35.980253122144106
 10
73.164012463068
 20
-36.123102057029676
 10
73.21362360350543
 20
-36.261755905981985
 10
73.27658630651155
 20
-36.39487935663948
 10
73.35229420683731
 20
-36.52119035739941
 10
73.44001819601671
 20
-36.63947246427623
 10
73.53891344407901
 20
-36.748586555920966
 10
73.64802753572371
 20
-36.84748180398324
 10
73.76630964260058
 20
-36.93520579316268
 10
73.89262064336062
 20
-37.01091369348852
 10
74.02574409401805
 20
-37.07387639649458
 10
74.16439794297018
 20
-37.12348753693193
 10
74.30724687785592
 20
-37.15926933239803
 10
74.452915185343
 20
-37.18087718464218
 10
74.58772568894555
 20
-37.1875
 10
82.61227431105443
 20
-37.1875
 10
82.74708481465699
 20
-37.18087718464218
 10
82.89275312214407
 20
-37.15926933239803
 10
83.0356020570298
 20
-37.12348753693193
 10
83.17425590598194
 20
-37.07387639649458
 10
83.30737935663937
 20
-37.01091369348852
 10
83.43369035739941
 20
-36.93520579316268
 10
83.55197246427628
 20
-36.84748180398324
 10
83.66108655592097
 20
-36.748586555920966
 10
83.75998180398328
 20
-36.63947246427623
 10
83.84770579316267
 20
-36.52119035739941
 10
83.92341369348844
 20
-36.39487935663948
 10
83.98637639649456
 20
-36.261755905981985
 10
84.03598753693198
 20
-36.123102057029676
 10
84.07176933239802
 20
-35.980253122144106
 10
84.09337718464215
 20
-35.83458481465704
 10
84.1
 20
-35.699774311054355
 10
84.1
 20
-32.175225688945645
 10
84.09337718464215
 20
-32.04041518534296
 10
84.07176933239802
 20
-31.8947468778559
 10
84.03598753693198
 20
-31.75189794297032
 10
83.98637639649453
 20
-31.613244094017926
 10
83.92341369348853
 20
-31.480120643360667
 10
83.84770579316266
 20
-31.35380964260059
 10
83.75998180398325
 20
-31.235527535723744
 10
83.66108655592095
 20
-31.126413444079006
 10
83.55197246427629
 20
-31.02751819601677
 10
83.4336903573994
 20
-30.93979420683732
 10
83.30737935663936
 20
-30.864086306511478
 10
83.17425590598197
 20
-30.801123603505427
 10
83.03560205702979
 20
-30.751512463068057
 10
82.89275312214406
 20
-30.715730667601964
 10
82.74708481465696
 20
-30.694122815357826
 10
82.61227431105446
 20
-30.6875
 10
74.58772568894553
 20
-30.6875
  0
LWPOLYLINE
  5
92
330
17
100
AcDbEntity
  8
GASKET_POCKETS
100
AcDbPolyline
 90
69
 70
1
 10
112.68772568894556
 20
-35.45
 10
112.55291518534301
 20
-35.456622815357825
 10
112.40724687785593
 20
-35.47823066760197
 10
112.26439794297019
 20
-35.51401246306807
 10
112.12574409401806
 20
-35.56362360350542
 10
111.99262064336062
 20
-35.626586306511484
 10
111.86630964260058
 20
-35.70229420683732
 10
111.74802753572372
 20
-35.79001819601676
 10
111.63891344407902
 20
-35.88891344407904
 10
111.54001819601672
 20
-35.99802753572377
 10
111.45229420683732
 20
-36.11630964260059
 10
111.37658630651156
 20
-36.242620643360524
 10
111.31362360350543
 20
-36.37574409401802
 10
111.26401246306801
 20
-36.51439794297033
 10
111.22823066760198
 20
-36.6572468778559
 10
111.20662281535785
 20
-36.80291518534296
 10
111.2
 20
-36.93772568894565
 10
111.2
 20
-40.46227431105436
 10
111.20662281535785
 20
-40.597084814657045
 10
111.22823066760198
 20
-40.74275312214411
 10
111.26401246306801
 20
-40.88560205702968
 10
111.31362360350543
 20
-41.02425590598199
 10
111.37658630651156
 20
-41.15737935663948
 10
111.45229420683732
 20
-41.283690357399415
 10
111.54001819601672
 20
-41.401972464276234
 10
111.63891344407902
 20
-41.51108655592097
 10
111.74802753572372
 20
-41.609981803983246
 10
111.86630964260058
 20
-41.69770579316268
 10
111.99262064336062
 20
-41.77341369348852
 10
112.12574409401806
 20
-41.836376396494586
 10
112.26439794297019
 20
-41.885987536931935
 10
112.40724687785593
 20
-41.921769332398036
 10
112.55291518534301
 20
-41.94337718464218
 10
112.68772568894556
 20
-41.95
 10
120.71227431105444
 20
-41.95
 10
120.847084814657
 20
-41.94337718464218
 10
120.99275312214408
 20
-41.921769332398036
 10
121.13560205702981
 20
-41.885987536931935
 10
121.27425590598195
 20
-41.836376396494586
 10
121.40737935663938
 20
-41.77341369348852
 10
121.53369035739942
 20
-41.69770579316268
 10
121.65197246427628
 20
-41.609981803983246
 10
121.76108655592098
 20
-41.51108655592097
 10
121.85998180398329
 20
-41.401972464276234
 10
121.94770579316268
 20
-41.283690357399415
 10
122.02341369348845
 20
-41.15737935663948
 10
122.08637639649457
 20
-41.02425590598199
 10
122.13598753693199
 20
-40.88560205702968
 10
122.17176933239803
 20
-40.74275312214411
 10
122.19337718464216
 20
-40.597084814657045
 10
122.2
 20
-40.46227431105436
 10
122.2
 20
-36.93772568894565
 10
122.19337718464216
 20
-36.80291518534296
 10
122.17176933239803
 20
-36.6572468778559
 10
122.13598753693199
 20
-36.51439794297033
 10
122.08637639649457
 20
-36.37574409401802
 10
122.02341369348845
 20
-36.242620643360524
 10
121.94770579316268
 20
-36.11630964260059
 10
121.85998180398329
 20
-35.99802753572377
 10
121.76108655592098
 20
-35.88891344407904
 10
121.65197246427628
 20
-35.79001819601676
 10
121.53369035739942
 20
-35.70229420683732
 10
121.40737935663938
 20
-35.626586306511484
 10
121.27425590598195
 20
-35.56362360350542
 10
121.13560205702981
 20
-35.51401246306807
 10
120.99275312214408
 20
-35.47823066760197
 10
120.847084814657
 20
-35.456622815357825
 10
120.71227431105444
 20
-35.45
 10
112.68772568894556
 20
-35.45
  0
LWPOLYLINE
  5
93
330
17
100
AcDbEntity
  8
GASKET_POCKETS
100
AcDbPolyline
 90
69
 70
1
 10
35.012274311054355
 20
-105.98125
 10
35.14708481465704
 20
-105.97462718464216
 10
35.292753122144106
 20
-105.95301933239803
 10
35.435602057029676
 20
-105.91723753693199
 10
35.574255905981985
 20
-105.86762639649457
 10
35.70737935663948
 20
-105.80466369348845
 10
35.83369035739941
 20
-105.72895579316268
 10
35.95197246427623
 20
-105.64123180398329
 10
36.061086555920966
 20
-105.54233655592098
 10
36.15998180398324
 20
-105.43322246427628
 10
36.24770579316268
 20
-105.31494035739942
 10
36.32341369348852
 20
-105.18862935663938
 10
36.38637639649458
 20
-105.05550590598195
 10
36.43598753693193
 20
-104.91685205702981
 10
36.47176933239803
 20
-104.77400312214408
 10
36.49337718464218
 20
-104.628334814657
 10
36.5
 20
-104.49352431105444
 10
36.5
 20
-100.96897568894556
 10
36.49337718464218
 20
-100.83416518534301
 10
36.47176933239803
 20
-100.68849687785593
 10
36.43598753693193
 20
-100.54564794297019
 10
36.38637639649458
 20
-100.40699409401806
 10
36.32341369348852
 20
-100.27387064336062
 10
36.24770579316268
 20
-100.14755964260058
 10
36.15998180398324
 20
-100.02927753572372
 10
36.061086555920966
 20
-99.92016344407902
 10
35.95197246427623
 20
-99.82126819601672
 10
35.83369035739941
 20
-99.73354420683732
 10
35.70737935663948
 20
-99.65783630651156
 10
35.574255905981985
 20
-99.59487360350543
 10
35.435602057029676
 20
-99.54526246306801
 10
35.292753122144106
 20
-99.50948066760198
 10
35.14708481465704
 20
-99.48787281535785
 10
35.012274311054355
 20
-99.48125
 10
26.98772568894565
 20
-99.48125
 10
26.85291518534295
 20
-99.48787281535785
 10
26.707246877855898
 20
-99.50948066760198
 10
26.56439794297032
 20
-99.54526246306801
 10
26.425744094017926
 20
-99.59487360350546
 10
26.292620643360667
 20
-99.65783630651147
 10
26.166309642600527
 20
-99.73354420683738
 10
26.048027535723737
 20
-99.82126819601676
 10
25.93891344407906
 20
-99.920163444079
 10
25.84001819601677
 20
-100.02927753572371
 10
25.75229420683732
 20
-100.1475596426006
 10
25.676586306511478
 20
-100.27387064336064
 10
25.613623603505427
 20
-100.40699409401803
 10
25.564012463068057
 20
-100.5456479429702
 10
25.528230667601964
 20
-100.68849687785594
 10
25.506622815357826
 20
-100.83416518534304
 10
25.5
 20
-100.96897568894553
 10
25.5
 20
-104.49352431105447
 10
25.506622815357826
 20
-104.62833481465697
 10
25.528230667601964
 20
-104.77400312214407
 10
25.564012463068057
 20
-104.9168520570298
 10
25.613623603505427
 20
-105.05550590598197
 10
25.676586306511478
 20
-105.18862935663937
 10
25.75229420683732
 20
-105.31494035739941
 10
25.84001819601677
 20
-105.4332224642763
 10
25.938913444079006
 20
-105.54233655592095
 10
26.048027535723744
 20
-105.64123180398326
 10
26.16630964260059
 20
-105.72895579316267
 10
26.292620643360667
 20
-105.80466369348854
 10
26.425744094017926
 20
-105.86762639649454
 10
26.56439794297032
 20
-105.91723753693199
 10
26.707246877855898
 20
-105.95301933239803
 10
26.85291518534295
 20
-105.97462718464216
 10
26.98772568894565
 20
-105.98125
 10
35.012274311054355
 20
-105.98125
  0
LWPOLYLINE
  5
94
330
17
100
AcDbEntity
  8
GASKET_POCKETS
100
AcDbPolyline
 90
69
 70
1
 10
92.11227431105435
 20
-122.65
 10
92.24708481465704
 20
-122.64337718464216
 10
92.39275312214411
 20
-122.62176933239803
 10
92.5356020570297
 20
-122.58598753693198
 10
92.67425590598202
 20
-122.53637639649457
 10
92.8073793566393
 20
-122.47341369348855
 10
92.93369035739946
 20
-122.39770579316264
 10
93.05197246427628
 20
-122.30998180398326
 10
93.16108655592097
 20
-122.21108655592099
 10
93.25998180398325
 20
-122.10197246427629
 10
93.34770579316263
 20
-121.98369035739947
 10
93.42341369348854
 20
-121.85737935663931
 10
93.48637639649456
 20
-121.72425590598203
 10
93.53598753693197
 20
-121.58560205702972
 10
93.57176933239802
 20
-121.44275312214413
 10
93.59337718464215
 20
-121.29708481465705
 10
93.6
 20
-121.16227431105436
 10
93.6
 20
-117.63772568894565
 10
93.59337718464215
 20
-117.50291518534296
 10
93.57176933239802
 20
-117.35724687785589
 10
93.53598753693197
 20
-117.2143979429703
 10
93.48637639649456
 20
-117.07574409401798
 10
93.42341369348854
 20
-116.9426206433607
 10
93.34770579316263
 20
-116.81630964260054
 10
93.25998180398325
 20
-116.69802753572372
 10
93.16108655592097
 20
-116.58891344407903
 10
93.05197246427628
 20
-116.49001819601675
 10
92.93369035739946
 20
-116.40229420683737
 10
92.8073793566393
 20
-116.32658630651146
 10
92.67425590598202
 20
-116.26362360350544
 10
92.5356020570297
 20
-116.21401246306803
 10
92.39275312214411
 20
-116.17823066760198
 10
92.24708481465704
 20
-116.15662281535785
 10
92.11227431105435
 20
-116.15
 10
84.08772568894564
 20
-116.15
 10
83.95291518534295
 20
-116.15662281535785
 10
83.80724687785587
 20
-116.17823066760198
 10
83.66439794297028
 20
-116.21401246306803
 10
83.52574409401797
 20
-116.26362360350544
 10
83.39262064336069
 20
-116.32658630651146
 10
83.26630964260058
 20
-116.40229420683734
 10
83.14802753572371
 20
-116.49001819601678
 10
83.03891344407897
 20
-116.58891344407905
 10
82.94001819601674
 20
-116.69802753572372
 10
82.85229420683736
 20
-116.81630964260054
 10
82.77658630651145
 20
-116.9426206433607
 10
82.71362360350543
 20
-117.07574409401798
 10
82.66401246306802
 20
-117.2143979429703
 10
82.62823066760197
 20
-117.35724687785589
 10
82.60662281535784
 20
-117.50291518534296
 10
82.6
 20
-117.63772568894565
 10
82.6
 20
-121.16227431105436
 10
82.60662281535784
 20
-121.29708481465705
 10
82.62823066760197
 20
-121.44275312214413
 10
82.66401246306802
 20
-121.58560205702972
 10
82.71362360350543
 20
-121.72425590598203
 10
82.77658630651145
 20
-121.85737935663931
 10
82.85229420683736
 20
-121.98369035739947
 10
82.94001819601674
 20
-122.10197246427629
 10
83.03891344407901
 20
-122.21108655592099
 10
83.14802753572371
 20
-122.30998180398326
 10
83.26630964260053
 20
-122.39770579316264
 10
83.39262064336069
 20
-122.47341369348855
 10
83.52574409401797
 20
-122.53637639649457
 10
83.66439794297028
 20
-122.58598753693198
 10
83.80724687785587
 20
-122.62176933239803
 10
83.95291518534295
 20
-122.64337718464216
 10
84.08772568894564
 20
-122.65
 10
92.11227431105435
 20
-122.65
  0
LWPOLYLINE
  5
95
330
17
100
AcDbEntity
  8
GASKET_POCKETS
100
AcDbPolyline
 90
69
 70
1
 10
112.18066501908139
 20
-125.85224303701644
 10
112.31392904513477
 20
-125.87365408381176
 10
112.4609161774653
 20
-125.88265063948636
 10
112.60807734323808
 20
-125.87719661591011
 10
112.75399529998015
 20
-125.85734453831148
 10
112.89726477800116
 20
-125.82328559305006
 10
113.036506013909
 20
-125.77534778638712
 10
113.17037803848451
 20
-125.71399278560645
 10
113.2975915909494
 20
-125.63981147290549
 10
113.41692153525115
 20
-125.55351825487736
 10
113.52721865879411
 20
-125.45594418238406
 10
113.62742073998386
 20
-125.34802894708326
 10
113.7165627780024
 20
-125.23081183168345
 10
113.7937862862938
 20
-125.10542170108323
 10
113.85834756025835
 20
-124.97306613078561
 10
113.90962483953518
 20
-124.8350197772853
 10
113.9439949450305
 20
-124.70449610352048
 10
114.67317916358827
 20
-121.25620183460781
 10
114.6945902103836
 20
-121.12293780855443
 10
114.7035867660582
 20
-120.9759506762239
 10
114.69813274248195
 20
-120.82878951045112
 10
114.67828066488332
 20
-120.68287155370905
 10
114.6442217196219
 20
-120.53960207568804
 10
114.59628391295895
 20
-120.40036083978019
 10
114.53492891217829
 20
-120.26648881520468
 10
114.46074759947733
 20
-120.1392752627398
 10
114.3744543814492
 20
-120.01994531843805
 10
114.2768803089559
 20
-119.90964819489508
 10
114.1689650736551
 20
-119.80944611370533
 10
114.05174795825529
 20
-119.7203040756868
 10
113.92635782765507
 20
-119.6430805673954
 10
113.79400225735745
 20
-119.57851929343084
 10
113.65595590385713
 20
-119.52724201415401
 10
113.52543223009226
 20
-119.49287190865869
 10
105.67449641077822
 20
-117.83269500555491
 10
105.54123238472476
 20
-117.81128395875959
 10
105.39424525239424
 20
-117.80228740308499
 10
105.24708408662146
 20
-117.80774142666124
 10
105.10116612987939
 20
-117.82759350425987
 10
104.95789665185838
 20
-117.86165244952129
 10
104.81865541595053
 20
-117.90959025618423
 10
104.68478339137502
 20
-117.9709452569649
 10
104.55756983891014
 20
-118.04512656966585
 10
104.43823989460839
 20
-118.13141978769399
 10
104.32794277106542
 20
-118.22899386018729
 10
104.22774068987567
 20
-118.33690909548808
 10
104.13859865185714
 20
-118.45412621088789
 10
104.06137514356574
 20
-118.57951634148812
 10
103.99681386960118
 20
-118.71187191178574
 10
103.94553659032435
 20
-118.84991826528605
 10
103.91116648482902
 20
-118.98044193905092
 10
103.18198226627125
 20
-122.42873620796347
 10
103.16057121947593
 20
-122.56200023401692
 10
103.15157466380133
 20
-122.70898736634744
 10
103.15702868737758
 20
-122.85614853212023
 10
103.1768807649762
 20
-123.0020664888623
 10
103.21093971023762
 20
-123.14533596688331
 10
103.25887751690057
 20
-123.28457720279116
 10
103.32023251768123
 20
-123.41844922736666
 10
103.39441383038219
 20
-123.54566277983155
 10
103.48070704841032
 20
-123.6649927241333
 10
103.57828112090363
 20
-123.77528984767626
 10
103.68619635620442
 20
-123.87549192886601
 10
103.80341347160423
 20
-123.96463396688455
 10
103.92880360220445
 20
-124.04185747517595
 10
104.06115917250207
 20
-124.1064187491405
 10
104.19920552600239
 20
-124.15769602841733
 10
104.3297291997672
 20
-124.19206613391265
 10
112.18066501908139
 20
-125.85224303701644
  0
LWPOLYLINE
  5
96
330
17
100
AcDbEntity
  8
GASKET_POCKETS
100
AcDbPolyline
 90
69
 70
1
 10
146.07853034238124
 20
-114.36047534718939
 10
146.12704878629853
 20
-114.23452418933554
 10
146.1662604651309
 20
-114.09257842741248
 10
146.19137021134642
 20
-113.94747275650417
 10
146.20213620436274
 20
-113.80060462354444
 10
146.1984547617817
 20
-113.65338844893931
 10
146.18036133790795
 20
-113.50724200492758
 10
146.14803018230427
 20
-113.3635727616568
 10
146.10177266167295
 20
-113.22376433247638
 10
146.0420342612249
 20
-113.08916314898752
 10
145.96939029441236
 20
-112.96106549416677
 10
145.88454036234748
 20
-112.84070501845616
 10
145.78830161625933
 20
-112.72924085903198
 10
145.68160088788218
 20
-112.62774647668198
 10
145.5654657635593
 20
-112.53719931779108
 10
145.44101468802333
 20
-112.45847140099714
 10
145.32042565854692
 20
-112.39784121433495
 10
142.09759489117712
 20
-110.97102488610388
 10
141.97164373332356
 20
-110.92250644218669
 10
141.82969797140055
 20
-110.88329476335434
 10
141.68459230049226
 20
-110.8581850171388
 10
141.53772416753236
 20
-110.8474190241225
 10
141.39050799292735
 20
-110.85110046670351
 10
141.24436154891572
 20
-110.86919389057725
 10
141.10069230564466
 20
-110.90152504618099
 10
140.96088387646452
 20
-110.94778256681225
 10
140.82628269297535
 20
-111.00752096726045
 10
140.69818503815495
 20
-111.08016493407276
 10
140.57782456244422
 20
-111.16501486613771
 10
140.4663604030199
 20
-111.26125361222597
 10
140.36486602067018
 20
-111.36795434060286
 10
140.2743188617792
 20
-111.48408946492587
 10
140.19559094498513
 20
-111.608540540462
 10
140.134960758323
 20
-111.72912956993828
 10
136.88644350737982
 20
-119.06673928011791
 10
136.83792506346268
 20
-119.19269043797138
 10
136.7987133846303
 20
-119.33463619989448
 10
136.77360363841478
 20
-119.47974187080271
 10
136.76283764539846
 20
-119.6266100037625
 10
136.7665190879795
 20
-119.77382617836761
 10
136.7846125118532
 20
-119.9199726223791
 10
136.81694366745702
 20
-120.06364186565037
 10
136.86320118808825
 20
-120.20345029483053
 10
136.92293958853637
 20
-120.3380514783195
 10
136.9955835553487
 20
-120.46614913314001
 10
137.08043348741364
 20
-120.58650960885063
 10
137.17667223350188
 20
-120.69797376827499
 10
137.283372961879
 20
-120.79946815062493
 10
137.39950808620188
 20
-120.89001530951583
 10
137.52395916173782
 20
-120.96874322630975
 10
137.64454819121423
 20
-121.02937341297196
 10
140.8673789585841
 20
-122.45618974120308
 10
140.9933301164377
 20
-122.50470818512025
 10
141.13527587836066
 20
-122.54391986395261
 10
141.28038154926898
 20
-122.56902961016814
 10
141.4272496822288
 20
-122.57979560318444
 10
141.57446585683388
 20
-122.57611416060342
 10
141.72061230084543
 20
-122.5580207367297
 10
141.8642815441167
 20
-122.52568958112592
 10
142.00408997329666
 20
-122.4794320604947
 10
142.13869115678585
 20
-122.41969366004655
 10
142.26678881160618
 20
-122.34704969323424
 10
142.38714928731713
 20
-122.2621997611691
 10
142.49861344674125
 20
-122.16596101508104
 10
142.60010782909103
 20
-122.05926028670412
 10
142.69065498798213
 20
-121.94312516238097
 10
142.76938290477608
 20
-121.81867408684501
 10
142.83001309143845
 20
-121.69808505736829
 10
146.07853034238124
 20
-114.36047534718939
  0
LWPOLYLINE
  5
98
330
17
100
AcDbEntity
  8
PLATE
100
AcDbPolyline
 90
1018
 70
1
 10
74.30971532274553
 20
-31.23055966426779
 10
74.21731656763491
 20
-31.263620467488714
 10
74.128603263174
 20
-31.305578735651643
 10
74.04442976698039
 20
-31.356030387697455
 10
73.96560671583634
 20
-31.414489546637263
 10
73.89289321881344
 20
-31.480393218813454
 10
73.82698954663725
 20
-31.553106715836353
 10
73.76853038769745
 20
-31.6319297669804
 10
73.71807873565164
 20
-31.716103263174002
 10
73.6761204674887
 20
-31.80481656763491
 10
73.64305966426778
 20
-31.897215322745538
 10
73.61921471959677
 20
-31.992409677983872
 10
73.6048152733278
 20
-32.08948285967044
 10
73.6
 20
-32.1875
 10
73.6
 20
-35.6875
 10
69.0793915276536
 20
-35.6875
 10
69.05878737482438
 20
-35.68803110467395
 10
68.9867754472249
 20
-35.69174601596706
 10
68.94580632354955
 20
-35.69598427986676
 10
68.88474824473408
 20
-35.70550137051135
 10
68.84443272339458
 20
-35.71393290149595
 10
68.78467808392881
 20
-35.72968241149739
 10
68.74544418689155
 20
-35.74221769365959
 10
68.68762739003797
 20
-35.76403241356574
 10
68.64989165587663
 20
-35.780538362278534
 10
68.59462653120413
 20
-35.80818668949563
 10
68.55878959279119
 20
-35.828488064345834
 10
68.50666287926617
 20
-35.861676462017996
 10
68.47310521033334
 20
-35.88555772729892
 10
68.42467032702791
 20
-35.923933840731166
 10
68.39374820275073
 20
-35.951141453743
 10
68.34951937330135
 20
-35.994297851281644
 10
68.3215610877956
 20
-36.024542954144636
 10
68.2871683136056
 20
-36.06582702224045
 10
67.98602103163188
 20
-36.42720100467112
 10
67.95890394691232
 20
-36.458091763683036
 10
67.95195155301231
 20
-36.465612821031364
 10
67.92319454499082
 20
-36.495156884832184
 10
67.6208743768277
 20
-36.790146590045325
 10
67.59063347884101
 20
-36.818169889372435
 10
67.58294406640687
 20
-36.824935613354434
 10
67.55129959720384
 20
-36.85136371932212
 10
67.22022951806869
 20
-37.113678440528204
 10
67.18726552423232
 20
-37.13844116102843
 10
67.178920730245
 20
-37.144379721281965
 10
67.14472476297003
 20
-37.167411287410125
 10
66.78841967882244
 20
-37.39426608077101
 10
66.75308256137988
 20
-37.41550532150788
 10
66.74417098087676
 20
-37.42055366950616
 10
66.70778656739353
 20
-37.439944174183864
 10
66.33002929928212
 20
-37.62893056694547
 10
66.29269422546461
 20
-37.646420835074224
 10
66.28331047094434
 20
-37.65052537349881
 10
66.24512389741889
 20
-37.666068951549335
 10
65.84992502001226
 20
-37.815180512324375
 10
65.81098836895947
 20
-37.82873611710638
 10
65.8012320658995
 20
-37.83185326887951
 10
65.76164875167854
 20
-37.84338489718928
 10
65.35320401378382
 20
-37.951038537844084
 10
65.313079168268
 20
-37.9605155620874
 10
65.30305389742026
 20
-37.96261223302141
 10
65.26249409077012
 20
-37.970009482559405
 10
64.84513986989124
 20
-38.03506226555009
 10
64.80425282751011
 20
-38.04036009355116
 10
64.79406502520507
 20
-38.04141402370277
 10
64.75295934162182
 20
-38.04459835932438
 10
64.30795464061609
 20
-38.067555014483624
 10
64.2873539108716
 20
-38.068351759700654
 10
64.28220971655921
 20
-38.06848435945691
 10
64.26159529675044
 20
-38.06875
 10
50.37503835026027
 20
-38.06875
 10
50.355348603834734
 20
-38.06923497517776
 10
50.28652402715268
 20
-38.07262744887775
 10
50.24735326389157
 20
-38.07649843347419
 10
50.18894241448429
 20
-38.085192300730164
 10
50.15034222243755
 20
-38.09289674036872
 10
50.09306951429087
 20
-38.10729283559971
 10
50.05541412589626
 20
-38.11875603502435
 10
49.99983482322192
 20
-38.13871478675329
 10
49.963489310958764
 20
-38.1538256091835
 10
49.9101422602452
 20
-38.179153515463355
 10
49.875458997221955
 20
-38.197765460075814
 10
49.82486140306859
 20
-38.22821696450848
 10
49.792176646733374
 20
-38.25014958677597
 10
49.744819057502966
 20
-38.28542945920486
 10
49.71444968959697
 20
-38.31047012032226
 10
49.67079124150436
 20
-38.35023631911583
 10
49.64303169586298
 20
-38.3781422475537
 10
49.60349566160742
 20
-38.42200923573032
 10
49.57861506959736
 20
-38.452509880927146
 10
49.54358475469381
 20
-38.50005236397235
 10
49.52182433595966
 20
-38.53285201934726
 10
49.49163936255654
 20
-38.58360906848325
 10
49.47321008637396
 20
-38.6183897383386
 10
49.448163100584914
 20
-38.671869259271624
 10
49.433243640493934
 20
-38.708293741790804
 10
49.41357747516669
 20
-38.76397724561075
 10
49.402312476715096
 20
-38.80169240206117
 10
49.385865951118355
 20
-38.868609089285535
 10
49.38163749563535
 20
-38.887845551524016
 10
49.364844849640825
 20
-38.97434642052605
 10
49.35670981347228
 20
-39.011505501465194
 10
49.35446787671709
 20
-39.02069467176693
 10
49.34457566189752
 20
-39.057425043337226
 10
49.23430323298162
 20
-39.43124220453017
 10
49.222676204821276
 20
-39.46746082302794
 10
49.21957176419543
 20
-39.47639556307165
 10
49.20623621024439
 20
-39.512020541815836
 10
49.06096314515617
 20
-39.873676476567695
 10
49.04594921577049
 20
-39.908627271038206
 10
49.04201033072643
 20
-39.91722682427429
 10
49.02535197090169
 20
-39.95142441421373
 10
48.84639131864418
 20
-40.29765029933084
 10
48.82812619126887
 20
-40.331017367402424
 10
48.823388463376105
 20
-40.33920400686282
 10
48.803557864080105
 20
-40.37166511345618
 10
48.59252715854303
 20
-40.69933159007877
 10
48.571175922331456
 20
-40.730813343872825
 10
48.565682173491126
 20
-40.73851307470741
 10
48.54285857337757
 20
-40.768944298599635
 10
48.30166521327536
 20
-41.075089756877254
 10
48.277420851141386
 20
-41.10440164890812
 10
48.27122073654209
 20
-41.11154487718419
 10
48.24561042647006
 20
-41.13967116609216
 10
47.97643443533841
 20
-41.42152851366332
 10
47.9495160796826
 20
-41.448405608717096
 10
47.94266563899231
 20
-41.45492777044403
 10
47.914500097468334
 20
-41.480494905214144
 10
47.61977441954658
 20
-41.73551657753858
 10
47.59042537163118
 20
-41.7597159472865
 10
47.5829865224826
 20
-41.76555809197742
 10
47.55252032344408
 20
-41.788334984343216
 10
47.234908833535
 20
-42.01421597083665
 10
47.20339436440728
 20
-42.03551888954102
 10
47.19543434275661
 20
-42.04062821303536
 10
47.162942854608886
 20
-42.06040899430538
 10
46.825316280675466
 20
-42.25510767215245
 10
46.791921233518416
 20
-42.273321593616615
 10
46.78351198593417
 20
-42.27765191534993
 10
46.74928888263601
 20
-42.29425779714988
 10
46.39469885875804
 20
-42.45601438448954
 10
46.35972507433859
 20
-42.47097468238441
 10
46.35094260771274
 20
-42.47448686279127
 10
46.31529721440743
 20
-42.487767753040885
 10
45.94694869862125
 20
-42.61512021473505
 10
45.91071228710579
 20
-42.62669167057242
 10
45.90163598166606
 20
-42.62935396484894
 10
45.86489047884941
 20
-42.63918982436758
 10
45.48611278516881
 20
-42.73098708659014
 10
45.44894126896481
 20
-42.73906511189354
 10
45.439653160798805
 20
-42.740853456921975
 10
45.402139672294346
 20
-42.74715538440142
 10
45.01635637874329
 20
-42.80256773860601
 10
44.978585732191696
 20
-42.80707932023247
 10
44.96916977176279
 20
-42.80797755207601
 10
44.93122736282442
 20
-42.810688587613924
 10
44.52054347531985
 20
-42.83023273872922
 10
44.50153465758524
 20
-42.83091097682368
 10
44.49678715623421
 20
-42.831023878025896
 10
44.477767586643246
 20
-42.831250000000004
 10
36.0
 20
-42.831250000000004
 10
36.0
 20
-39.331250000000004
 10
35.9951847266722
 20
-39.233232859670444
 10
35.98078528040323
 20
-39.136159677983876
 10
35.956940335732206
 20
-39.04096532274554
 10
35.923879532511286
 20
-38.94856656763491
 10
35.88192126434836
 20
-38.85985326317401
 10
35.83146961230255
 20
-38.7756797669804
 10
35.77301045336274
 20
-38.69685671583636
 10
35.707106781186546
 20
-38.62414321881346
 10
35.63439328416364
 20
-38.55823954663727
 10
35.5555702330196
 20
-38.499780387697456
 10
35.471396736825994
 20
-38.44932873565165
 10
35.38268343236509
 20
-38.40737046748872
 10
35.29028467725446
 20
-38.3743096642678
 10
35.19509032201613
 20
-38.35046471959677
 10
35.09801714032956
 20
-38.336065273327804
 10
35.0
 20
-38.331250000000004
 10
27.0
 20
-38.331250000000004
 10
26.90198285967044
 20
-38.336065273327804
 10
26.804909677983872
 20
-38.35046471959677
 10
26.709715322745538
 20
-38.3743096642678
 10
26.61731656763491
 20
-38.40737046748872
 10
26.528603263174002
 20
-38.44932873565165
 10
26.4444297669804
 20
-38.499780387697456
 10
26.365606715836353
 20
-38.55823954663727
 10
26.292893218813454
 20
-38.62414321881346
 10
26.226989546637263
 20
-38.69685671583636
 10
26.168530387697455
 20
-38.7756797669804
 10
26.118078735651643
 20
-38.85985326317401
 10
26.076120467488714
 20
-38.94856656763491
 10
26.04305966426779
 20
-39.04096532274554
 10
26.019214719596768
 20
-39.136159677983876
 10
26.004815273327804
 20
-39.233232859670444
 10
26.0
 20
-39.331250000000004
 10
26.0
 20
-42.831250000000004
 10
12.397317969903758
 20
-42.831250000000004
 10
12.377693856270993
 20
-42.8317317449498
 10
12.309098101445182
 20
-42.835101638291945
 10
12.270056523396791
 20
-42.83894689810321
 10
12.211836014257615
 20
-42.84758309482135
 10
12.173359333449016
 20
-42.8552365824899
 10
12.116265667280269
 20
-42.8695378013747
 10
12.078724435181552
 20
-42.88092580963038
 10
12.023307455198934
 20
-42.900754322126126
 10
11.987063214397024
 20
-42.91576717822419
 10
11.9338566164119
 20
-42.940932024916165
 10
11.899258418758865
 20
-42.95942514684554
 10
11.848774611395557
 20
-42.98968397650354
 10
11.816155656448089
 20
-43.0114792653907
 10
11.768880826368571
 20
-43.04654066894409
 10
11.738555252494347
 20
-43.071428224242375
 10
11.694944682155501
 20
-43.1109545412083
 10
11.667204541208312
 20
-43.13869468215549
 10
11.627678224242388
 20
-43.18230525249434
 10
11.602790668944008
 20
-43.21263082636868
 10
11.567729265390673
 20
-43.25990565644812
 10
11.545933976503576
 20
-43.29252461139551
 10
11.515675146845508
 20
-43.34300841875891
 10
11.49718202491616
 20
-43.3776066164119
 10
11.47201717822421
 20
-43.43081321439698
 10
11.457004322126096
 20
-43.467057455199
 10
11.437175809630395
 20
-43.522474435181465
 10
11.425787801374655
 20
-43.56001566728038
 10
11.411486582489887
 20
-43.61710933344906
 10
11.403833094821348
 20
-43.65558601425761
 10
11.39519689810321
 20
-43.713806523396734
 10
11.391351638291937
 20
-43.752848101445224
 10
11.387981744949782
 20
-43.82144385627109
 10
11.387499999999994
 20
-43.841067969903634
 10
11.387499999999994
 20
-66.9
 10
7.887499999999994
 20
-66.9
 10
7.789482859670433
 20
-66.90481527332781
 10
7.692409677983865
 20
-66.91921471959678
 10
7.597215322745532
 20
-66.94305966426779
 10
7.5048165676349035
 20
-66.97612046748871
 10
7.416103263173996
 20
-67.01807873565166
 10
7.331929766980392
 20
-67.06853038769746
 10
7.253106715836348
 20
-67.12698954663728
 10
7.180393218813446
 20
-67.19289321881345
 10
7.114489546637257
 20
-67.26560671583636
 10
7.056030387697448
 20
-67.3444297669804
 10
7.005578735651639
 20
-67.42860326317401
 10
6.963620467488707
 20
-67.51731656763492
 10
6.930559664267785
 20
-67.60971532274554
 10
6.9067147195967635
 20
-67.70490967798388
 10
6.892315273327797
 20
-67.80198285967045
 10
6.887499999999994
 20
-67.9
 10
6.887499999999994
 20
-75.9
 10
6.892315273327797
 20
-75.99801714032957
 10
6.9067147195967635
 20
-76.09509032201613
 10
6.930559664267785
 20
-76.19028467725447
 10
6.963620467488707
 20
-76.28268343236509
 10
7.005578735651639
 20
-76.371396736826
 10
7.056030387697449
 20
-76.45557023301961
 10
7.114489546637257
 20
-76.53439328416366
 10
7.180393218813446
 20
-76.60710678118656
 10
7.253106715836348
 20
-76.67301045336275
 10
7.331929766980392
 20
-76.73146961230255
 10
7.416103263173996
 20
-76.78192126434836
 10
7.504816567634904
 20
-76.8238795325113
 10
7.597215322745532
 20
-76.85694033573222
 10
7.692409677983866
 20
-76.88078528040323
 10
7.789482859670433
 20
-76.8951847266722
 10
7.887499999999994
 20
-76.9
 10
11.387499999999994
 20
-76.9
 10
11.387499999999994
 20
-99.97143203009637
 10
11.387981744949782
 20
-99.99105614372891
 10
11.391351638291937
 20
-100.05965189855479
 10
11.39519689810321
 20
-100.09869347660327
 10
11.403833094821348
 20
-100.15691398574239
 10
11.411486582489887
 20
-100.19539066655095
 10
11.425787801374653
 20
-100.25248433271962
 10
11.437175809630398
 20
-100.29002556481855
 10
11.45700432212609
 20
-100.34544254480099
 10
11.472017178224226
 20
-100.38168678560307
 10
11.497182024916139
 20
-100.43489338358806
 10
11.515675146845522
 20
-100.46949158124112
 10
11.54593397650354
 20
-100.51997538860445
 10
11.567729265390685
 20
-100.55259434355192
 10
11.602790668944056
 20
-100.5998691736314
 10
11.627678224242375
 20
-100.63019474750567
 10
11.667204541208381
 20
-100.6738053178446
 10
11.694944682155421
 20
-100.70154545879164
 10
11.738555252494269
 20
-100.74107177575756
 10
11.768880826368656
 20
-100.76595933105598
 10
11.816155656448245
 20
-100.80102073460942
 10
11.848774611395422
 20
-100.82281602349637
 10
11.899258418758803
 20
-100.85307485315442
 10
11.933856616411985
 20
-100.87156797508388
 10
11.987063214396995
 20
-100.89673282177581
 10
12.023307455198918
 20
-100.91174567787388
 10
12.078724435181526
 20
-100.93157419036963
 10
12.11626566728029
 20
-100.94296219862532
 10
12.173359333449163
 20
-100.95726341751013
 10
12.211836014257472
 20
-100.96491690517863
 10
12.270056523396846
 20
-100.9735531018968
 10
12.309098101445096
 20
-100.97739836170805
 10
12.377693856271094
 20
-100.98076825505021
 10
12.397317969903714
 20
-100.98125
 10
26.0
 20
-100.98125
 10
26.0
 20
-104.48125
 10
26.004815273327804
 20
-104.57926714032956
 10
26.019214719596768
 20
-104.67634032201613
 10
26.04305966426779
 20
-104.77153467725446
 10
26.076120467488714
 20
-104.86393343236509
 10
26.118078735651643
 20
-104.952646736826
 10
26.168530387697455
 20
-105.03682023301961
 10
26.226989546637263
 20
-105.11564328416365
 10
26.292893218813454
 20
-105.18835678118656
 10
26.365606715836353
 20
-105.25426045336275
 10
26.4444297669804
 20
-105.31271961230254
 10
26.528603263174002
 20
-105.36317126434835
 10
26.61731656763491
 20
-105.4051295325113
 10
26.709715322745538
 20
-105.43819033573222
 10
26.804909677983872
 20
-105.46203528040323
 10
26.90198285967044
 20
-105.4764347266722
 10
27.0
 20
-105.48125
 10
35.0
 20
-105.48125
 10
35.09801714032956
 20
-105.4764347266722
 10
35.19509032201613
 20
-105.46203528040323
 10
35.29028467725446
 20
-105.43819033573222
 10
35.38268343236509
 20
-105.4051295325113
 10
35.471396736825994
 20
-105.36317126434835
 10
35.5555702330196
 20
-105.31271961230254
 10
35.63439328416364
 20
-105.25426045336275
 10
35.707106781186546
 20
-105.18835678118656
 10
35.77301045336274
 20
-105.11564328416365
 10
35.83146961230255
 20
-105.03682023301961
 10
35.88192126434836
 20
-104.952646736826
 10
35.923879532511286
 20
-104.86393343236509
 10
35.956940335732206
 20
-104.77153467725446
 10
35.98078528040323
 20
-104.67634032201613
 10
35.9951847266722
 20
-104.57926714032956
 10
36.0
 20
-104.48125
 10
36.0
 20
-100.98125
 10
49.599961649739406
 20
-100.98125
 10
49.61965139616565
 20
-100.98076502482223
 10
49.68847597284715
 20
-100.97737255112227
 10
49.72764673610862
 20
-100.97350156652578
 10
49.786057585515714
 20
-100.96480769926984
 10
49.82465777756245
 20
-100.95710325963128
 10
49.88193048570912
 20
-100.9427071644003
 10
49.9195858741036
 20
-100.9312439649757
 10
49.97516517677816
 20
-100.91128521324669
 10
50.01151068904128
 20
-100.89617439081648
 10
50.06485773975478
 20
-100.87084648453666
 10
50.09954100277791
 20
-100.85223453992427
 10
50.15013859693161
 20
-100.82178303549139
 10
50.182823353266464
 20
-100.79985041322415
 10
50.23018094249702
 20
-100.76457054079515
 10
50.26055031040309
 20
-100.73952987967769
 10
50.30420875849548
 20
-100.69976368088432
 10
50.331968304137064
 20
-100.67185775244626
 10
50.371504338392604
 20
-100.62799076426965
 10
50.396384930402604
 20
-100.5974901190729
 10
50.43141524530617
 20
-100.54994763602768
 10
50.45317566404038
 20
-100.51714798065267
 10
50.48336063744343
 20
-100.4663909315168
 10
50.501789913626
 20
-100.43161026166149
 10
50.52683689941511
 20
-100.37813074072832
 10
50.54175635950603
 20
-100.34170625820931
 10
50.56142252483328
 20
-100.28602275438934
 10
50.572687523284905
 20
-100.2483075979388
 10
50.589134048881654
 20
-100.18139091071447
 10
50.59336250436463
 20
-100.16215444847612
 10
50.61015515035918
 20
-100.07565357947392
 10
50.61829018652786
 20
-100.03849449853426
 10
50.62053212328303
 20
-100.02930532823264
 10
50.630424338102465
 20
-99.99257495666285
 10
50.740696767018385
 20
-99.61875779546986
 10
50.75232379517875
 20
-99.58253917697203
 10
50.75542823580457
 20
-99.57360443692839
 10
50.76876378975558
 20
-99.53797945818428
 10
50.91403685484392
 20
-99.1763235234321
 10
50.9290507842296
 20
-99.14137272896158
 10
50.93298966927359
 20
-99.13277317572567
 10
50.94964802909835
 20
-99.0985755857862
 10
51.12860868135586
 20
-98.75234970066911
 10
51.14687380873093
 20
-98.71898263259793
 10
51.15161153662376
 20
-98.71079599313741
 10
51.17144213591999
 20
-98.67833488654368
 10
51.38247284145694
 20
-98.3506684099213
 10
51.4038240776683
 20
-98.31918665612753
 10
51.40931782650866
 20
-98.31148692529288
 10
51.43214142662243
 20
-98.28105570140036
 10
51.673334786724645
 20
-97.97491024312275
 10
51.69757914885855
 20
-97.94559835109196
 10
51.70377926345788
 20
-97.93845512281585
 10
51.72938957352999
 20
-97.9103288339078
 10
51.99856556466161
 20
-97.62847148633668
 10
52.02548392031722
 20
-97.6015943912831
 10
52.0323343610076
 20
-97.59507222955608
 10
52.06049990253177
 20
-97.56950509478578
 10
52.35522558045322
 20
-97.3144834224616
 10
52.384574628368206
 20
-97.29028405271401
 10
52.39201347751732
 20
-97.28444190802267
 10
52.42247967655627
 20
-97.26166501565655
 10
52.74009116646497
 20
-97.0357840291634
 10
52.7716056355924
 20
-97.01448111045922
 10
52.77956565724296
 20
-97.00937178696493
 10
52.81205714539095
 20
-96.98959100569475
 10
53.149683719324464
 20
-96.79489232784762
 10
53.18307876648136
 20
-96.77667840638352
 10
53.19148801406592
 20
-96.77234808465005
 10
53.22571111736421
 20
-96.75574220285003
 10
53.580301141241634
 20
-96.5939856155106
 10
53.61527492566152
 20
-96.57902531761556
 10
53.62405739228788
 20
-96.5755131372085
 10
53.659702785592756
 20
-96.56223224695906
 10
54.028051301378625
 20
-96.43487978526498
 10
54.06428771289426
 20
-96.42330832942757
 10
54.07336401833424
 20
-96.42064603515098
 10
54.11010952115078
 20
-96.41081017563236
 10
54.488887214831095
 20
-96.31901291340989
 10
54.5260587310343
 20
-96.31093488810666
 10
54.535346839200585
 20
-96.30914654307816
 10
54.57286032770575
 20
-96.30284461559857
 10
54.95864362125655
 20
-96.247432261394
 10
54.99641426780924
 20
-96.24292067976742
 10
55.00583022823835
 20
-96.24202244792387
 10
55.043772637175685
 20
-96.23931141238607
 10
55.454456524679465
 20
-96.21976726127082
 10
55.47346534241323
 20
-96.21908902317637
 10
55.47821284376524
 20
-96.21897612197412
 10
55.49723241335704
 20
-96.21875
 10
69.14233150960543
 20
-96.21875
 10
69.16198479345763
 20
-96.2182668207245
 10
69.23068224793812
 20
-96.21488690094702
 10
69.26978124352927
 20
-96.21103021840223
 10
69.32808635400251
 20
-96.20236841370918
 10
69.36661793523045
 20
-96.19469230111548
 10
69.42379119047601
 20
-96.1803489523955
 10
69.46138317281346
 20
-96.16892755491504
 10
69.51687232451164
 20
-96.1490412075456
 10
69.55316159921173
 20
-96.1339848468233
 10
69.60643066614804
 20
-96.1087475871544
 10
69.6410667075874
 20
-96.09020169569808
 10
69.69160115280613
 20
-96.05985729565046
 10
69.72424940428319
 20
-96.0380010120687
 10
69.77945552765564
 20
-95.99697604342971
 10
69.79494187070863
 20
-95.98486579127396
 10
70.04237824280068
 20
-95.78137618391963
 10
70.07265233119877
 20
-95.75767524039712
 10
70.08031875179866
 20
-95.75196509340566
 10
70.11169661795846
 20
-95.72974607750909
 10
70.43856370729154
 20
-95.50988695132571
 10
70.47097287544413
 20
-95.48920118395282
 10
70.4791519694475
 20
-95.484253234402
 10
70.51251758175005
 20
-95.4651484949934
 10
70.85897796883661
 20
-95.2776776182296
 10
70.89322295827489
 20
-95.26019803441014
 10
70.90183920189423
 20
-95.2560579704765
 10
70.93688447029484
 20
-95.2402439161279
 10
71.29973902319402
 20
-95.0868923498001
 10
71.3355036239181
 20
-95.0727803518091
 10
71.34447745682996
 20
-95.06948640184835
 10
71.38087878174183
 20
-95.05710905573727
 10
71.75677698872555
 20
-94.93929281135038
 10
71.79373095900618
 20
-94.92867870598634
 10
71.80297951899482
 20
-94.92626128554046
 10
71.84040077933514
 20
-94.91743493710507
 10
72.22587168670839
 20
-94.8362419015423
 10
72.26367380246715
 20
-94.82922369690266
 10
72.27311169055233
 20
-94.82770512785108
 10
72.3112073473964
 20
-94.82251127747173
 10
72.70269160945018
 20
-94.77869116770843
 10
72.74099281503428
 20
-94.77533366820815
 10
72.75053288402538
 20
-94.77472797265247
 10
72.78895117123598
 20
-94.77321457909507
 10
73.18283391638842
 20
-94.76717201949258
 10
73.22128054767312
 20
-94.76750622747483
 10
73.23083470686701
 20
-94.76781899826217
 10
73.26922087921217
 20
-94.77000003583929
 10
73.66186508886545
 20
-94.80179082194057
 10
73.70010213889813
 20
-94.80581365140924
 10
73.70958216748514
 20
-94.80704200048939
 10
73.74758177627582
 20
-94.81289733002419
 10
74.13536186817157
 20
-94.8822279133514
 10
74.1730362652234
 20
-94.88990221846629
 10
74.18235462689798
 20
-94.89203480355911
 10
74.21961679287918
 20
-94.9015103583458
 10
74.59895209885256
 20
-95.0077405569562
 10
74.63571596659546
 20
-95.01899547502832
 10
74.6447866178456
 20
-95.02201260435567
 10
74.68096727113367
 20
-95.03502088939895
 10
75.04835510014468
 20
-95.17716979917157
 10
75.08386896985984
 20
-95.19190140499248
 10
75.09260815447158
 20
-95.19577521910713
 10
75.12737321161048
 20
-95.21219611902958
 10
75.47942119274862
 20
-95.38895117109745
 10
75.51335713789925
 20
-95.4070234365599
 10
75.52168416034304
 20
-95.41171816559371
 10
75.55471260915084
 20
-95.4314000537522
 10
75.88817001597421
 20
-95.64112913444819
 10
75.920214680199
 20
-95.66237518459636
 10
75.9280526507505
 20
-95.66784747854955
 10
75.9590395144698
 20
-95.69060861711968
 10
76.27082728143134
 20
-95.93137513852172
 10
76.3006847720032
 20
-95.95559879243525
 10
76.30796131672614
 20
-95.96179812146062
 10
76.33662047010478
 20
-95.98742833955937
 10
76.62385962390393
 20
-96.25700912147812
 10
76.65125424393167
 20
-96.28398670375941
 10
76.65790217296143
 20
-96.29085582474309
 10
76.6839689842651
 20
-96.31911845909652
 10
76.94400722759435
 20
-96.61502425738627
 10
76.96868602174054
 20
-96.64450666352423
 10
76.97464394969808
 20
-96.65198214865384
 10
76.9978777242569
 20
-96.68261622888974
 10
77.22831392647848
 20
-97.00211472053115
 10
77.25004901668994
 20
-97.03382971707413
 10
77.25526192950028
 20
-97.04184253951635
 10
77.27544813222396
 20
-97.07456519790041
 10
77.47415450083253
 20
-97.41470621061403
 10
77.49274519051008
 20
-97.44836094890641
 10
77.4971649533899
 20
-97.45683712018568
 10
77.51411718973458
 20
-97.49134620355576
 10
77.6792589178821
 20
-97.84898895698416
 10
77.69453354506558
 20
-97.88427267726146
 10
77.69811934698633
 20
-97.89313393044868
 10
77.71168108407615
 20
-97.92911079022339
 10
77.84173329273743
 20
-98.30095289714244
 10
77.85355081519067
 20
-98.3375397980119
 10
77.85626954571936
 20
-98.34670431042501
 10
77.8663155577337
 20
-98.38381674492867
 10
77.96007737607223
 20
-98.766424704696
 10
77.96832867363351
 20
-98.8039769515094
 10
77.97015522866604
 20
-98.8133601002441
 10
77.97659275314433
 20
-98.85126542217594
 10
78.03319840706568
 20
-99.24110632485271
 10
78.03780728923643
 20
-99.27927716918818
 10
78.03872480280255
 20
-99.28879231250376
 10
78.04149439719113
 20
-99.32714051323234
 10
78.06146075193786
 20
-99.7422260919826
 10
78.06215365068672
 20
-99.76143903151126
 10
78.06226898927876
 20
-99.76623740999626
 10
78.0625
 20
-99.78546145192378
 10
78.0625
 20
-116.64018203009628
 10
78.06298174494978
 20
-116.6598061437289
 10
78.06635163829195
 20
-116.7284018985549
 10
78.0701968981032
 20
-116.76744347660315
 10
78.07883309482138
 20
-116.8256639857425
 10
78.08648658248988
 20
-116.86414066655088
 10
78.10078780137468
 20
-116.92123433271968
 10
78.11217580963036
 20
-116.95877556481845
 10
78.13200432212611
 20
-117.01419254480103
 10
78.14701717822425
 20
-117.05043678560311
 10
78.17218202491613
 20
-117.10364338358801
 10
78.19067514684554
 20
-117.13824158124113
 10
78.22093397650356
 20
-117.18872538860447
 10
78.24272926539071
 20
-117.22134434355193
 10
78.27779066894404
 20
-117.26861917363136
 10
78.30267822424236
 20
-117.29894474750564
 10
78.34220454120839
 20
-117.34255531784461
 10
78.36994468215539
 20
-117.37029545879162
 10
78.41355525249436
 20
-117.40982177575765
 10
78.44388082636864
 20
-117.43470933105597
 10
78.49115565644807
 20
-117.4697707346093
 10
78.52377461139554
 20
-117.49156602349645
 10
78.57425841875887
 20
-117.52182485315447
 10
78.608856616412
 20
-117.54031797508388
 10
78.6620632143969
 20
-117.56548282177576
 10
78.69830745519897
 20
-117.5804956778739
 10
78.75372443518155
 20
-117.60032419036965
 10
78.79126566728033
 20
-117.61171219862533
 10
78.84835933344912
 20
-117.62601341751012
 10
78.88683601425751
 20
-117.63366690517863
 10
78.94505652339686
 20
-117.6423031018968
 10
78.9840981014451
 20
-117.64614836170806
 10
79.0526938562711
 20
-117.64951825505022
 10
79.07231796990372
 20
-117.65
 10
83.1
 20
-117.65
 10
83.1
 20
-121.15
 10
83.1048152733278
 20
-121.24801714032957
 10
83.11921471959677
 20
-121.34509032201613
 10
83.14305966426778
 20
-121.44028467725447
 10
83.1761204674887
 20
-121.53268343236509
 10
83.21807873565164
 20
-121.621396736826
 10
83.26853038769745
 20
-121.70557023301961
 10
83.32698954663725
 20
-121.78439328416366
 10
83.39289321881344
 20
-121.85710678118656
 10
83.46560671583634
 20
-121.92301045336275
 10
83.54442976698039
 20
-121.98146961230255
 10
83.628603263174
 20
-122.03192126434836
 10
83.71731656763491
 20
-122.0738795325113
 10
83.80971532274553
 20
-122.10694033573222
 10
83.90490967798387
 20
-122.13078528040323
 10
84.00198285967043
 20
-122.1451847266722
 10
84.1
 20
-122.15
 10
92.1
 20
-122.15
 10
92.19801714032955
 20
-122.1451847266722
 10
92.29509032201612
 20
-122.13078528040323
 10
92.39028467725446
 20
-122.10694033573222
 10
92.48268343236508
 20
-122.0738795325113
 10
92.57139673682599
 20
-122.03192126434836
 10
92.6555702330196
 20
-121.98146961230255
 10
92.73439328416364
 20
-121.92301045336275
 10
92.80710678118655
 20
-121.85710678118656
 10
92.87301045336274
 20
-121.78439328416366
 10
92.93146961230254
 20
-121.70557023301961
 10
92.98192126434834
 20
-121.621396736826
 10
93.02387953251129
 20
-121.53268343236509
 10
93.05694033573221
 20
-121.44028467725447
 10
93.08078528040322
 20
-121.34509032201613
 10
93.09518472667219
 20
-121.24801714032957
 10
93.1
 20
-121.15
 10
93.1
 20
-117.65
 10
97.01389084753181
 20
-117.65
 10
97.0347277221279
 20
-117.65027140562746
 10
97.03992722217464
 20
-117.65040687825055
 10
97.06074995865983
 20
-117.65122091098051
 10
97.5105396547381
 20
-117.67467531362459
 10
97.55208621846967
 20
-117.67792868325576
 10
97.5623813487193
 20
-117.67900529528092
 10
97.6037021245168
 20
-117.68441776785541
 10
98.04861294277853
 20
-117.75452656541368
 10
98.06915358796928
 20
-117.75803810341802
 10
98.0742686232948
 20
-117.75898127210843
 10
98.09471083807966
 20
-117.76302662235852
 10
104.39780948069598
 20
-119.09589432441174
 10
103.67370405938242
 20
-122.52017108583514
 10
103.65813665534299
 20
-122.61706382337042
 10
103.65214136166092
 20
-122.71501586831728
 10
103.65577591629174
 20
-122.81308388893686
 10
103.66900531648751
 20
-122.91032343658115
 10
103.6917021558924
 20
-123.0057980412498
 10
103.7236478515356
 20
-123.09858823030812
 10
103.76453474890477
 20
-123.1878003835112
 10
103.81396908482716
 20
-123.27257533905536
 10
103.87147477962434
 20
-123.35209666777604
 10
103.93649802201956
 20
-123.42559853580684
 10
104.00841260264326
 20
-123.49237307997845
 10
104.08652594477151
 20
-123.55177722492778
 10
104.1700857742185
 20
-123.6032388762654
 10
104.25828736414826
 20
-123.64626243015708
 10
104.35028128503382
 20
-123.68043354625982
 10
104.44518158512808
 20
-123.7054231380457
 10
112.272099896953
 20
-125.36052124390527
 10
112.36899263448827
 20
-125.3760886479447
 10
112.46694467943513
 20
-125.38208394162676
 10
112.56501270005471
 20
-125.37844938699594
 10
112.662252247699
 20
-125.36521998680017
 10
112.75772685236765
 20
-125.34252314739528
 10
112.85051704142597
 20
-125.31057745175208
 10
112.93972919462905
 20
-125.26969055438292
 10
113.02450415017321
 20
-125.22025621846052
 10
113.10402547889389
 20
-125.16275052366335
 10
113.17752734692469
 20
-125.09772728126812
 10
113.2443018910963
 20
-125.02581270064442
 10
113.30370603604563
 20
-124.94769935851618
 10
113.35516768738324
 20
-124.86413952906918
 10
113.39819124127493
 20
-124.77593793913942
 10
113.43236235737767
 20
-124.68394401825387
 10
113.45735194916355
 20
-124.5890437181596
 10
114.1814573704771
 20
-121.1647669567362
 10
115.56125011331397
 20
-121.45654109620791
 10
115.58158002736315
 20
-121.46111751387674
 10
115.58663900756844
 20
-121.46232576585577
 10
115.60684282675253
 20
-121.46743014578037
 10
116.04204881066705
 20
-121.58343286672569
 10
116.08202342498528
 20
-121.59521130388534
 10
116.09187308060369
 20
-121.598394554504
 10
116.13118010105948
 20
-121.61223866931174
 10
116.55196056262783
 20
-121.7728770298134
 10
116.57133031413744
 20
-121.78056219282035
 10
116.57613955500473
 20
-121.78254319151677
 10
116.59530256671735
 20
-121.79073025363198
 10
133.00099361965138
 20
-129.0538816754314
 10
133.0191328384889
 20
-129.06138545141758
 10
133.08322068411857
 20
-129.08607313668338
 10
133.12047676780585
 20
-129.09836195549528
 10
133.1772094550455
 20
-129.11403402545497
 10
133.21549065538423
 20
-129.1226119354624
 10
133.27348629070843
 20
-129.13264776435514
 10
133.31242393881396
 20
-129.1374321555958
 10
133.371123992551
 20
-129.14173509290328
 10
133.41034309758538
 20
-129.14267988907395
 10
133.46918225612933
 20
-129.14120849515763
 10
133.50830511667206
 20
-129.13830459735476
 10
133.56671672676103
 20
-129.1310730425425
 10
133.6053665682793
 20
-129.1243484168892
 10
133.66278809417685
 20
-129.11142634500712
 10
133.70059269756774
 20
-129.10094575332457
 10
133.7564711385903
 20
-129.08245761098863
 10
133.7930664248569
 20
-129.0683219871041
 10
133.8468636410716
 20
-129.0444458252315
 10
133.88189717760181
 20
-129.0267913029305
 10
133.93309507240681
 20
-128.99775706201262
 10
133.96622946709445
 20
-128.97675366399486
 10
134.0143349767756
 20
-128.94284095964323
 10
134.04525112728442
 20
-128.91869096011465
 10
134.08980096948716
 20
-128.8802263902102
 10
134.11820113638834
 20
-128.85316236686725
 10
134.1587662717778
 20
-128.81051636624576
 10
134.18437694593894
 20
-128.78079896042803
 10
134.2205667100866
 20
-128.73438223338783
 10
134.24314124671528
 20
-128.7022976399585
 10
134.27460711240903
 20
-128.65255720495492
 10
134.29392810637697
 20
-128.61841441608797
 10
134.3247786210487
 20
-128.55705498726357
 10
134.3331634076908
 20
-128.53930581074536
 10
137.8581829774412
 20
-120.57714466905401
 10
137.85818297744123
 20
-120.57714466905402
 10
141.05856659962657
 20
-121.99402316449671
 10
141.15014234472144
 20
-122.02929963776045
 10
141.2447348266037
 20
-122.05543025250564
 10
141.3414330679633
 20
-122.07216335662783
 10
141.43930581187536
 20
-122.0793378011871
 10
141.53741049031328
 20
-122.07688449236035
 10
141.63480230159422
 20
-122.06482705685274
 10
141.73054330933581
 20
-122.04328161435944
 10
141.8237114752961
 20
-122.01245565926962
 10
141.91340953910606
 20
-121.97264606238198
 10
141.99877365937715
 20
-121.92423621187666
 10
142.07898173296644
 20
-121.86769232107757
 10
142.15326131227908
 20
-121.80355893856313
 10
142.22089704436092
 20
-121.73245370386581
 10
142.28123756013858
 20
-121.65506139926586
 10
142.33370174745963
 20
-121.57212735496347
 10
142.3777843475203
 20
-121.48445027114167
 10
145.616363765675
 20
-114.16928770614662
 10
145.65164023893874
 20
-114.07771196105176
 10
145.67777085368394
 20
-113.9831194791695
 10
145.69450395780612
 20
-113.88642123780988
 10
145.7016784023654
 20
-113.78854849389785
 10
145.69922509353864
 20
-113.69044381545993
 10
145.68716765803103
 20
-113.59305200417897
 10
145.66562221553772
 20
-113.49731099643738
 10
145.63479626044793
 20
-113.40414283047707
 10
145.59498666356026
 20
-113.31444476666715
 10
145.54657681305494
 20
-113.22908064639604
 10
145.49003292225586
 20
-113.14887257280675
 10
145.4258995397414
 20
-113.07459299349411
 10
145.3547943050441
 20
-113.00695726141227
 10
145.27740200044414
 20
-112.94661674563461
 10
145.19446795614175
 20
-112.89415255831358
 10
145.10679087231995
 20
-112.8500699582529
 10
141.90640725013463
 20
-111.43319146281023
 10
145.48819277082816
 20
-103.34280985600458
 10
145.4956965468141
 20
-103.32467063716764
 10
145.52038423208012
 20
-103.26058279153749
 10
145.532673050892
 20
-103.22332670785023
 10
145.54834512085156
 20
-103.16659402061102
 10
145.55692303085914
 20
-103.12831282027163
 10
145.56695885975182
 20
-103.07031718494771
 10
145.57174325099248
 20
-103.03137953684217
 10
145.57604618829996
 20
-102.97267948310517
 10
145.57699098447063
 20
-102.93346037807076
 10
145.5755195905543
 20
-102.87462121952677
 10
145.57261569275144
 20
-102.83549835898413
 10
145.56538413793913
 20
-102.77708674889465
 10
145.55865951228597
 20
-102.73843690737726
 10
145.54573744040377
 20
-102.6810153814793
 10
145.53525684872125
 20
-102.64321077808852
 10
145.51676870638528
 20
-102.58733233706573
 10
145.5026330825008
 20
-102.55073705079927
 10
145.47875692062837
 20
-102.49693983458502
 10
145.46110239832694
 20
-102.4619062980539
 10
145.43206815740925
 20
-102.41070840324927
 10
145.41106475939156
 20
-102.37757400856177
 10
145.37715205503991
 20
-102.32946849888056
 10
145.35300205551133
 20
-102.29855234837174
 10
145.31453748560693
 20
-102.25400250616909
 10
145.28747346226402
 20
-102.2256023392679
 10
145.24482746164244
 20
-102.18503720387834
 10
145.2151100558247
 20
-102.15942652971722
 10
145.16869332878446
 20
-102.12323676556952
 10
145.13660873535525
 20
-102.10066222894093
 10
145.0868683003516
 20
-102.06919636324714
 10
145.0527255114848
 20
-102.04987536927925
 10
144.99136608265917
 20
-102.01902485460691
 10
144.97361690614292
 20
-102.01064006796577
 10
129.6831742460985
 20
-95.241233037935
 10
129.66568248459618
 20
-95.23323622142648
 10
129.66133986173517
 20
-95.23118741258557
 10
129.64404539545012
 20
-95.2227724122465
 10
129.2724320746354
 20
-95.03639830593856
 10
129.23847489172257
 20
-95.01833344766125
 10
129.23014262756618
 20
-95.01364037388936
 10
129.19709298523844
 20
-94.99396423306113
 10
128.8634191943137
 20
-94.78428568745537
 10
128.83135349040157
 20
-94.76304374760862
 10
128.82351035235166
 20
-94.75757229871957
 10
128.79250271020337
 20
-94.73481366289923
 10
128.50306442315585
 20
-94.51147323056018
 10
128.48789959670842
 20
-94.50086836366529
 10
128.4694149785738
 20
-94.5
 10
126.9875
 20
-94.5
 10
126.90908628773634
 20
-94.49614778133775
 10
126.83142774238709
 20
-94.48462822432259
 10
126.75527225819643
 20
-94.46555226858577
 10
126.68135325410792
 20
-94.43910362600903
 10
126.6103826105392
 20
-94.40553701147869
 10
126.54304381358432
 20
-94.36517568984203
 10
126.47998537266908
 20
-94.31840836269019
 10
126.42181457505076
 20
-94.26568542494924
 10
126.36909163730981
 20
-94.20751462733092
 10
126.32232431015797
 20
-94.14445618641568
 10
126.28196298852131
 20
-94.0771173894608
 10
126.24839637399097
 20
-94.00614674589208
 10
126.22194773141423
 20
-93.93222774180357
 10
126.20287177567741
 20
-93.85607225761291
 10
126.19135221866225
 20
-93.77841371226366
 10
126.1875
 20
-93.7
 10
126.1875
 20
-61.74130296685668
 10
126.19108542210046
 20
-61.665647034444845
 10
126.20180955027276
 20
-61.590669248163266
 10
126.21957625820149
 20
-61.51704167554188
 10
126.24422629301851
 20
-61.445424281395894
 10
126.2755387027748
 20
-61.37645901219468
 10
126.31323281695545
 20
-61.31076404193912
 10
126.35697076228536
 20
-61.24892823112484
 10
126.406360491275
 20
-61.19150584845857
 10
126.46095929635973
 20
-61.13901160263998
 10
126.52027777813352
 20
-61.09191602874185
 10
126.58378423210758
 20
-61.05064127054289
 10
126.65090941467291
 20
-61.0155572966187
 10
126.68658373770673
 20
-60.99901204975948
 10
126.6875
 20
-60.98036110231275
 10
126.6875
 20
-41.459817969903725
 10
126.6870182550502
 20
-41.4401938562711
 10
126.68364836170805
 20
-41.371598101445095
 10
126.6798031018968
 20
-41.33255652339686
 10
126.67116690517862
 20
-41.27433601425745
 10
126.66351341751015
 20
-41.235859333449206
 10
126.64921219862534
 20
-41.17876566728038
 10
126.6378241903696
 20
-41.14122443518144
 10
126.61799567787385
 20
-41.08580745519884
 10
126.60298282177588
 20
-41.04956321439717
 10
126.57781797508382
 20
-40.99635661641188
 10
126.55932485315446
 20
-40.9617584187589
 10
126.52906602349643
 20
-40.91127461139552
 10
126.50727073460928
 20
-40.87865565644805
 10
126.47220933105608
 20
-40.83138082636879
 10
126.44732177575752
 20
-40.80105525249423
 10
126.40779545879174
 20
-40.75744468215554
 10
126.38005531784451
 20
-40.729704541208314
 10
126.33644474750558
 20
-40.69017822424231
 10
126.30611917363144
 20
-40.6652906689441
 10
126.25884434355194
 20
-40.63022926539072
 10
126.22622538860442
 20
-40.608433976503534
 10
126.17574158124101
 20
-40.578175146845474
 10
126.1411433835882
 20
-40.55968202491621
 10
126.08793678560302
 20
-40.53451717822422
 10
126.05169254480097
 20
-40.519504322126096
 10
125.9962755648185
 20
-40.49967580963039
 10
125.95873433271969
 20
-40.48828780137468
 10
125.90164066655099
 20
-40.47398658248991
 10
125.86316398574237
 20
-40.46633309482135
 10
125.8049434766032
 20
-40.45769689810321
 10
125.76590189855482
 20
-40.453851638291944
 10
125.697306143729
 20
-40.4504817449498
 10
125.67768203009624
 20
-40.45
 10
121.7
 20
-40.45
 10
121.7
 20
-36.95
 10
121.6951847266722
 20
-36.85198285967044
 10
121.68078528040323
 20
-36.754909677983875
 10
121.65694033573222
 20
-36.65971532274554
 10
121.6238795325113
 20
-36.56731656763491
 10
121.58192126434835
 20
-36.47860326317401
 10
121.53146961230254
 20
-36.3944297669804
 10
121.47301045336275
 20
-36.31560671583636
 10
121.40710678118656
 20
-36.24289321881346
 10
121.33439328416365
 20
-36.176989546637266
 10
121.25557023301961
 20
-36.118530387697454
 10
121.171396736826
 20
-36.068078735651646
 10
121.08268343236509
 20
-36.02612046748872
 10
120.99028467725446
 20
-35.9930596642678
 10
120.89509032201613
 20
-35.96921471959677
 10
120.79801714032956
 20
-35.9548152733278
 10
120.7
 20
-35.95
 10
112.7
 20
-35.95
 10
112.60198285967044
 20
-35.9548152733278
 10
112.50490967798387
 20
-35.96921471959677
 10
112.40971532274554
 20
-35.9930596642678
 10
112.31731656763492
 20
-36.02612046748872
 10
112.22860326317401
 20
-36.068078735651646
 10
112.1444297669804
 20
-36.118530387697454
 10
112.06560671583635
 20
-36.176989546637266
 10
111.99289321881345
 20
-36.24289321881346
 10
111.92698954663726
 20
-36.31560671583636
 10
111.86853038769746
 20
-36.3944297669804
 10
111.81807873565165
 20
-36.47860326317401
 10
111.77612046748871
 20
-36.56731656763491
 10
111.74305966426779
 20
-36.65971532274554
 10
111.71921471959678
 20
-36.754909677983875
 10
111.70481527332781
 20
-36.85198285967044
 10
111.7
 20
-36.95
 10
111.7
 20
-40.44018757133604
 10
111.42204065837817
 20
-40.425848359324384
 10
111.38093497479515
 20
-40.422664023702794
 10
111.37074717249008
 20
-40.42161009355118
 10
111.32986013010873
 20
-40.41631226555009
 10
110.91250590922992
 20
-40.35125948255941
 10
110.87194610257993
 20
-40.34386223302145
 10
110.86192083173214
 20
-40.34176556208743
 10
110.82179598621617
 20
-40.33228853784409
 10
110.41335124832146
 20
-40.224634897189276
 10
110.3737679341005
 20
-40.213103268879514
 10
110.36401163104053
 20
-40.20998611710638
 10
110.32507497998772
 20
-40.19643051232437
 10
109.92987610258098
 20
-40.04731895154928
 10
109.89168952905614
 20
-40.03177537349901
 10
109.88230577453612
 20
-40.027670835074545
 10
109.84497070071802
 20
-40.01018056694554
 10
109.46721343260647
 20
-39.821194174183866
 10
109.43082901912324
 20
-39.801803669506164
 10
109.42191743862011
 20
-39.79675532150788
 10
109.38658032117756
 20
-39.77551608077101
 10
109.03027523702997
 20
-39.54866128741013
 10
108.996079269755
 20
-39.525629721281966
 10
108.98773447576768
 20
-39.51969116102843
 10
108.9547704819313
 20
-39.49492844052821
 10
108.62370040279603
 20
-39.23261371932203
 10
108.59205593359296
 20
-39.20618561335429
 10
108.58436652115904
 20
-39.19941988937249
 10
108.55412562317237
 20
-39.17139659004541
 10
108.25180545500916
 20
-38.87640688483217
 10
108.22304844698766
 20
-38.846862821031316
 10
108.21609605308767
 20
-38.839341763683
 10
108.18889931262117
 20
-38.808355403390436
 10
107.88908665263388
 20
-38.448469160933584
 10
107.85332917421078
 20
-38.40563060324533
 10
107.82561878142845
 20
-38.375682656125356
 10
107.78125179724913
 20
-38.33239145374287
 10
107.75032967297206
 20
-38.30518384073114
 10
107.70189478966655
 20
-38.26680772729883
 10
107.66833712073388
 20
-38.242926462018026
 10
107.61621040720867
 20
-38.20973806434575
 10
107.58037346879587
 20
-38.18943668949562
 10
107.52510834412337
 20
-38.161788362278536
 10
107.48737260996192
 20
-38.1452824135657
 10
107.42955581310841
 20
-38.12346769365958
 10
107.39032191607116
 20
-38.11093241149739
 10
107.33056727660536
 20
-38.095182901495946
 10
107.29025175526593
 20
-38.08675137051136
 10
107.22919367645046
 20
-38.07723427986676
 10
107.188224552775
 20
-38.07299601596705
 10
107.11621262517541
 20
-38.069281104673934
 10
107.09560847234665
 20
-38.06875
 10
92.86340470324922
 20
-38.06875
 10
92.84279028344072
 20
-38.06848435945692
 10
92.83764608912881
 20
-38.068351759700676
 10
92.81704535938404
 20
-38.06755501448364
 10
92.37204065837817
 20
-38.04459835932438
 10
92.33093497479516
 20
-38.04141402370279
 10
92.32074717249009
 20
-38.04036009355118
 10
92.27986013010873
 20
-38.03506226555009
 10
91.86250590922992
 20
-37.97000948255941
 10
91.82194610257993
 20
-37.962612233021446
 10
91.81192083173214
 20
-37.96051556208743
 10
91.77179598621618
 20
-37.951038537844084
 10
91.36335124832146
 20
-37.84338489718928
 10
91.3237679341005
 20
-37.83185326887951
 10
91.31401163104053
 20
-37.82873611710638
 10
91.27507497998774
 20
-37.815180512324375
 10
90.87987610258111
 20
-37.666068951549335
 10
90.84168952905566
 20
-37.65052537349881
 10
90.83230577453539
 20
-37.646420835074224
 10
90.79497070071788
 20
-37.62893056694547
 10
90.41721343260647
 20
-37.439944174183864
 10
90.38082901912324
 20
-37.42055366950616
 10
90.37191743862012
 20
-37.41550532150788
 10
90.33658032117756
 20
-37.39426608077101
 10
89.98027523702997
 20
-37.167411287410125
 10
89.946079269755
 20
-37.144379721281965
 10
89.93773447576768
 20
-37.13844116102843
 10
89.90477048193131
 20
-37.113678440528204
 10
89.57370040279604
 20
-36.85136371932202
 10
89.54205593359296
 20
-36.82493561335429
 10
89.53436652115904
 20
-36.81816988937249
 10
89.50412562317237
 20
-36.79014659004541
 10
89.20180545500916
 20
-36.49515688483217
 10
89.17304844698766
 20
-36.465612821031314
 10
89.16609605308767
 20
-36.458091763683
 10
89.13889931262118
 20
-36.427105403390435
 10
88.83908665263388
 20
-36.06721916093358
 10
88.80332917421079
 20
-36.024380603245326
 10
88.77561878142845
 20
-35.994432656125355
 10
88.73125179724913
 20
-35.95114145374287
 10
88.70032967297206
 20
-35.92393384073114
 10
88.65189478966656
 20
-35.88555772729883
 10
88.61833712073388
 20
-35.861676462018025
 10
88.56621040720867
 20
-35.82848806434575
 10
88.53037346879587
 20
-35.80818668949562
 10
88.47510834412337
 20
-35.780538362278534
 10
88.43737260996193
 20
-35.7640324135657
 10
88.37955581310841
 20
-35.742217693659576
 10
88.34032191607116
 20
-35.729682411497386
 10
88.28056727660537
 20
-35.713932901495944
 10
88.24025175526593
 20
-35.70550137051136
 10
88.17919367645047
 20
-35.69598427986676
 10
88.138224552775
 20
-35.69174601596705
 10
88.06621262517541
 20
-35.68803110467393
 10
88.04560847234666
 20
-35.6875
 10
83.6
 20
-35.6875
 10
83.6
 20
-32.1875
 10
83.59518472667219
 20
-32.08948285967044
 10
83.58078528040322
 20
-31.992409677983872
 10
83.55694033573221
 20
-31.897215322745538
 10
83.52387953251129
 20
-31.80481656763491
 10
83.48192126434834
 20
-31.716103263174002
 10
83.43146961230254
 20
-31.6319297669804
 10
83.37301045336274
 20
-31.553106715836353
 10
83.30710678118655
 20
-31.480393218813454
 10
83.23439328416364
 20
-31.414489546637263
 10
83.1555702330196
 20
-31.356030387697455
 10
83.07139673682599
 20
-31.305578735651643
 10
82.98268343236508
 20
-31.263620467488714
 10
82.89028467725446
 20
-31.23055966426779
 10
82.79509032201612
 20
-31.206714719596768
 10
82.69801714032955
 20
-31.192315273327804
 10
82.6
 20
-31.1875
 10
74.6
 20
-31.1875
 10
74.50198285967043
 20
-31.192315273327804
 10
74.40490967798387
 20
-31.20671471959677
 10
74.30971532274553
 20
-31.23055966426779
  0
LWPOLYLINE
  5
9A
330
17
100
AcDbEntity
  8
DAUGHTERBOARD
100
AcDbPolyline
 90
5
 70
1
 10
146.4875
 20
-61.25
 10
146.4875
 20
-94.25
 10
133.4875
 20
-94.25
 10
133.4875
 20
-61.25
 10
146.4875
 20
-61.25
  0
LWPOLYLINE
  5
9C
330
17
100
AcDbEntity
  8
MCU_MODULE
100
AcDbPolyline
 90
5
 70
1
 10
145.2
 20
-43.6
 10
145.2
 20
-60.4
 10
126.0
 20
-60.4
 10
126.0
 20
-43.6
 10
145.2
 20
-43.6
  0
LWPOLYLINE
  5
9E
330
17
100
AcDbEntity
  8
PORTS
100
AcDbPolyline
 90
5
 70
1
 10
151.4875
 20
-68.15
 10
151.4875
 20
-87.35
 10
146.4875
 20
-87.35
 10
146.4875
 20
-68.15
 10
151.4875
 20
-68.15
  0
LWPOLYLINE
  5
9F
330
17
100
AcDbEntity
  8
PORTS
100
AcDbPolyline
 90
5
 70
1
 10
142.0
 20
-35.83125
 10
142.0
 20
-43.83125
 10
132.0
 20
-43.83125
 10
132.0
 20
-35.83125
 10
142.0
 20
-35.83125
  0
LWPOLYLINE
  5
A1
330
17
100
AcDbEntity
  8
JACKSCREWS
100
AcDbPolyline
 90
5
 70
1
 10
151.4875
 20
-63.65
 10
151.4875
 20
-66.85
 10
146.4875
 20
-66.85
 10
146.4875
 20
-63.65
 10
151.4875
 20
-63.65
  0
LWPOLYLINE
  5
A2
330
17
100
AcDbEntity
  8
JACKSCREWS
100
AcDbPolyline
 90
5
 70
1
 10
151.4875
 20
-88.65
 10
151.4875
 20
-91.85
 10
146.4875
 20
-91.85
 10
146.4875
 20
-88.65
 10
151.4875
 20
-88.65
  0
LWPOLYLINE
  5
A4
330
17
100
AcDbEntity
  8
WALL_RELIEF
100
AcDbPolyline
 90
5
 70
1
 10
152.4875
 20
-60.25
 10
152.4875
 20
-95.25
 10
148.0875
 20
-95.25
 10
148.0875
 20
-60.25
 10
152.4875
 20
-60.25
  0
LWPOLYLINE
  5
A6
330
17
100
AcDbEntity
  8
FLOOR_ACCESS
100
AcDbPolyline
 90
97
 70
1
 10
119.648441
 20
-58.640904
 10
119.64522938485791
 20
-58.542799306154784
 10
119.63560829206072
 20
-58.44511471166992
 10
119.61961892060485
 20
-58.34826851697581
 10
119.5973297394336
 20
-58.252675432346216
 10
119.56883619424266
 20
-58.158744802045256
 10
119.53426029876694
 20
-58.066878851452365
 10
119.49375011229904
 20
-57.9774709646715
 10
119.44747910567666
 20
-57.890904
 10
119.39564541845382
 20
-57.80754865047059
 10
119.33847101043686
 20
-57.72776185648692
 10
119.27620071121846
 20
-57.6518852773499
 10
119.20910117177982
 20
-57.580243828220176
 10
119.1374597226501
 20
-57.51314428878153
 10
119.06158314351309
 20
-57.45087398956315
 10
118.9817963495294
 20
-57.39369958154618
 10
118.898441
 20
-57.34186589432334
 10
118.8118740353285
 20
-57.295594887700965
 10
118.72246614854764
 20
-57.255084701233066
 10
118.63060019795475
 20
-57.22050880575734
 10
118.53666956765379
 20
-57.1920152605664
 10
118.4410764830242
 20
-57.169726079395154
 10
118.34423028833008
 20
-57.15373670793928
 10
118.24654569384522
 20
-57.14411561514209
 10
118.148441
 20
-57.140904
 10
118.05033630615479
 20
-57.14411561514209
 10
117.95265171166993
 20
-57.15373670793928
 10
117.8558055169758
 20
-57.169726079395154
 10
117.76021243234622
 20
-57.19201526056639
 10
117.66628180204526
 20
-57.22050880575734
 10
117.57441585145237
 20
-57.255084701233066
 10
117.48500796467151
 20
-57.295594887700965
 10
117.398441
 20
-57.34186589432334
 10
117.3150856504706
 20
-57.39369958154618
 10
117.23529885648692
 20
-57.45087398956315
 10
117.1594222773499
 20
-57.51314428878153
 10
117.08778082822019
 20
-57.580243828220176
 10
117.02068128878155
 20
-57.6518852773499
 10
116.95841098956315
 20
-57.727761856486914
 10
116.90123658154619
 20
-57.80754865047059
 10
116.84940289432335
 20
-57.890904
 10
116.80313188770097
 20
-57.9774709646715
 10
116.76262170123307
 20
-58.066878851452365
 10
116.72804580575735
 20
-58.158744802045256
 10
116.6995522605664
 20
-58.252675432346216
 10
116.67726307939516
 20
-58.34826851697581
 10
116.66127370793929
 20
-58.44511471166992
 10
116.6516526151421
 20
-58.542799306154784
 10
116.648441
 20
-58.640904
 10
116.6516526151421
 20
-58.739008693845214
 10
116.66127370793929
 20
-58.836693288330075
 10
116.67726307939516
 20
-58.93353948302419
 10
116.6995522605664
 20
-59.02913256765378
 10
116.72804580575735
 20
-59.12306319795474
 10
116.76262170123307
 20
-59.21492914854763
 10
116.80313188770097
 20
-59.3043370353285
 10
116.84940289432335
 20
-59.390904
 10
116.90123658154619
 20
-59.474259349529405
 10
116.95841098956315
 20
-59.55404614351308
 10
117.02068128878153
 20
-59.6299227226501
 10
117.08778082822019
 20
-59.70156417177982
 10
117.1594222773499
 20
-59.768663711218466
 10
117.23529885648692
 20
-59.83093401043685
 10
117.3150856504706
 20
-59.88810841845382
 10
117.398441
 20
-59.93994210567666
 10
117.48500796467151
 20
-59.98621311229903
 10
117.57441585145237
 20
-60.02672329876693
 10
117.66628180204526
 20
-60.06129919424266
 10
117.76021243234622
 20
-60.0897927394336
 10
117.8558055169758
 20
-60.112081920604844
 10
117.95265171166993
 20
-60.12807129206072
 10
118.05033630615479
 20
-60.13769238485791
 10
118.148441
 20
-60.140904
 10
118.24654569384522
 20
-60.13769238485791
 10
118.34423028833008
 20
-60.12807129206072
 10
118.44107648302419
 20
-60.112081920604844
 10
118.53666956765379
 20
-60.089792739433605
 10
118.63060019795475
 20
-60.06129919424266
 10
118.72246614854764
 20
-60.02672329876693
 10
118.8118740353285
 20
-59.98621311229903
 10
118.898441
 20
-59.93994210567666
 10
118.9817963495294
 20
-59.88810841845382
 10
119.06158314351309
 20
-59.830934010436856
 10
119.1374597226501
 20
-59.768663711218466
 10
119.20910117177982
 20
-59.70156417177982
 10
119.27620071121846
 20
-59.6299227226501
 10
119.33847101043686
 20
-59.554046143513084
 10
119.39564541845382
 20
-59.474259349529405
 10
119.44747910567666
 20
-59.390904
 10
119.49375011229904
 20
-59.3043370353285
 10
119.53426029876694
 20
-59.21492914854763
 10
119.56883619424266
 20
-59.12306319795474
 10
119.5973297394336
 20
-59.02913256765378
 10
119.61961892060485
 20
-58.93353948302419
 10
119.63560829206072
 20
-58.836693288330075
 10
119.64522938485791
 20
-58.739008693845214
 10
119.648441
 20
-58.640904
  0
LWPOLYLINE
  5
A7
330
17
100
AcDbEntity
  8
FLOOR_ACCESS
100
AcDbPolyline
 90
97
 70
1
 10
113.722439
 20
-58.58187
 10
113.7192273848579
 20
-58.48376530615479
 10
113.70960629206071
 20
-58.386080711669926
 10
113.69361692060484
 20
-58.28923451697581
 10
113.6713277394336
 20
-58.19364143234622
 10
113.64283419424265
 20
-58.09971080204526
 10
113.60825829876693
 20
-58.00784485145237
 10
113.56774811229903
 20
-57.9184369646715
 10
113.52147710567665
 20
-57.83187
 10
113.46964341845381
 20
-57.7485146504706
 10
113.41246901043685
 20
-57.668727856486925
 10
113.35019871121845
 20
-57.5928512773499
 10
113.28309917177981
 20
-57.52120982822018
 10
113.2114577226501
 20
-57.454110288781536
 10
113.13558114351308
 20
-57.39183998956315
 10
113.05579434952939
 20
-57.33466558154618
 10
112.972439
 20
-57.282831894323344
 10
112.88587203532849
 20
-57.23656088770097
 10
112.79646414854763
 20
-57.19605070123307
 10
112.70459819795474
 20
-57.161474805757344
 10
112.61066756765378
 20
-57.1329812605664
 10
112.5150744830242
 20
-57.11069207939516
 10
112.41822828833007
 20
-57.094702707939284
 10
112.32054369384521
 20
-57.085081615142094
 10
112.222439
 20
-57.08187
 10
112.12433430615478
 20
-57.085081615142094
 10
112.02664971166992
 20
-57.094702707939284
 10
111.9298035169758
 20
-57.11069207939516
 10
111.83421043234621
 20
-57.132981260566396
 10
111.74027980204525
 20
-57.161474805757344
 10
111.64841385145236
 20
-57.19605070123307
 10
111.5590059646715
 20
-57.23656088770097
 10
111.472439
 20
-57.282831894323344
 10
111.3890836504706
 20
-57.33466558154618
 10
111.30929685648691
 20
-57.39183998956315
 10
111.2334202773499
 20
-57.454110288781536
 10
111.16177882822018
 20
-57.52120982822018
 10
111.09467928878153
 20
-57.5928512773499
 10
111.03240898956314
 20
-57.66872785648692
 10
110.97523458154618
 20
-57.7485146504706
 10
110.92340089432334
 20
-57.83187
 10
110.87712988770096
 20
-57.9184369646715
 10
110.83661970123306
 20
-58.00784485145237
 10
110.80204380575734
 20
-58.09971080204526
 10
110.7735502605664
 20
-58.19364143234622
 10
110.75126107939515
 20
-58.28923451697581
 10
110.73527170793928
 20
-58.386080711669926
 10
110.72565061514209
 20
-58.48376530615479
 10
110.722439
 20
-58.58187
 10
110.72565061514209
 20
-58.67997469384522
 10
110.73527170793928
 20
-58.77765928833008
 10
110.75126107939515
 20
-58.874505483024194
 10
110.7735502605664
 20
-58.970098567653785
 10
110.80204380575734
 20
-59.064029197954746
 10
110.83661970123306
 20
-59.155895148547636
 10
110.87712988770096
 20
-59.245303035328504
 10
110.92340089432334
 20
-59.33187
 10
110.97523458154618
 20
-59.41522534952941
 10
111.03240898956314
 20
-59.49501214351308
 10
111.09467928878152
 20
-59.5708887226501
 10
111.16177882822018
 20
-59.642530171779825
 10
111.2334202773499
 20
-59.70962971121847
 10
111.30929685648691
 20
-59.77190001043685
 10
111.3890836504706
 20
-59.82907441845382
 10
111.472439
 20
-59.88090810567666
 10
111.5590059646715
 20
-59.92717911229904
 10
111.64841385145236
 20
-59.967689298766935
 10
111.74027980204525
 20
-60.00226519424266
 10
111.83421043234621
 20
-60.0307587394336
 10
111.9298035169758
 20
-60.05304792060485
 10
112.02664971166992
 20
-60.06903729206072
 10
112.12433430615478
 20
-60.07865838485791
 10
112.222439
 20
-60.08187
 10
112.32054369384521
 20
-60.07865838485791
 10
112.41822828833007
 20
-60.06903729206072
 10
112.51507448302418
 20
-60.05304792060485
 10
112.61066756765378
 20
-60.03075873943361
 10
112.70459819795474
 20
-60.00226519424266
 10
112.79646414854763
 20
-59.967689298766935
 10
112.88587203532849
 20
-59.92717911229904
 10
112.972439
 20
-59.88090810567666
 10
113.05579434952939
 20
-59.82907441845382
 10
113.13558114351308
 20
-59.77190001043686
 10
113.2114577226501
 20
-59.70962971121847
 10
113.28309917177981
 20
-59.642530171779825
 10
113.35019871121845
 20
-59.5708887226501
 10
113.41246901043685
 20
-59.49501214351309
 10
113.46964341845381
 20
-59.41522534952941
 10
113.52147710567665
 20
-59.33187
 10
113.56774811229903
 20
-59.245303035328504
 10
113.60825829876693
 20
-59.155895148547636
 10
113.64283419424265
 20
-59.064029197954746
 10
113.6713277394336
 20
-58.970098567653785
 10
113.69361692060484
 20
-58.874505483024194
 10
113.70960629206071
 20
-58.77765928833008
 10
113.7192273848579
 20
-58.67997469384522
 10
113.722439
 20
-58.58187
  0
ENDSEC
  0
SECTION
  2
OBJECTS
  0
DICTIONARY
  5
A
330
0
100
AcDbDictionary
281
1
  3
ACAD_COLOR
350
B
  3
ACAD_GROUP
350
C
  3
ACAD_LAYOUT
350
D
  3
ACAD_MATERIAL
350
E
  3
ACAD_MLEADERSTYLE
350
F
  3
ACAD_MLINESTYLE
350
10
  3
ACAD_PLOTSETTINGS
350
11
  3
ACAD_PLOTSTYLENAME
350
12
  3
ACAD_SCALELIST
350
14
  3
ACAD_TABLESTYLE
350
15
  3
ACAD_VISUALSTYLE
350
16
  3
EZDXF_META
350
2D
  0
DICTIONARY
  5
B
330
A
100
AcDbDictionary
281
1
  0
DICTIONARY
  5
C
330
A
100
AcDbDictionary
281
1
  0
DICTIONARY
  5
D
330
A
100
AcDbDictionary
281
1
  3
Model
350
1A
  3
Layout1
350
1E
  0
DICTIONARY
  5
E
330
A
100
AcDbDictionary
281
1
  3
ByBlock
350
1F
  3
ByLayer
350
20
  3
Global
350
21
  0
DICTIONARY
  5
F
330
A
100
AcDbDictionary
281
1
  3
Standard
350
2C
  0
DICTIONARY
  5
10
330
A
100
AcDbDictionary
281
1
  3
Standard
350
22
  0
DICTIONARY
  5
11
330
A
100
AcDbDictionary
281
1
  0
ACDBDICTIONARYWDFLT
  5
12
330
A
100
AcDbDictionary
281
1
  3
Normal
350
13
100
AcDbDictionaryWithDefault
340
13
  0
ACDBPLACEHOLDER
  5
13
330
12
  0
DICTIONARY
  5
14
330
A
100
AcDbDictionary
281
1
  0
DICTIONARY
  5
15
330
A
100
AcDbDictionary
281
1
  0
DICTIONARY
  5
16
330
A
100
AcDbDictionary
281
1
  3
2dWireframe
350
5A
  3
Basic
350
5B
  3
Brighten
350
5C
  3
ColorChange
350
5D
  3
Conceptual
350
5E
  3
Dim
350
5F
  3
EdgeColorOff
350
60
  3
Facepattern
350
61
  3
Flat
350
62
  3
FlatWithEdges
350
63
  3
Gouraud
350
64
  3
GouraudWithEdges
350
65
  3
Hidden
350
66
  3
JitterOff
350
67
  3
Linepattern
350
68
  3
Modeling
350
69
  3
OverhangOff
350
6A
  3
Realistic
350
6B
  3
Shaded
350
6C
  3
Shaded with edges
350
6D
  3
Shades of Gray
350
6E
  3
Sketchy
350
6F
  3
Thicken
350
70
  3
Wireframe
350
71
  3
X-Ray
350
72
  0
LAYOUT
  5
1A
330
D
100
AcDbPlotSettings
  1

  4
A3
  6

 40
7.5
 41
20.0
 42
7.5
 43
20.0
 44
420.0
 45
297.0
 46
0.0
 47
0.0
 48
0.0
 49
0.0
140
0.0
141
0.0
142
1.0
143
1.0
 70
1024
 72
1
 73
0
 74
5
  7

 75
16
 76
0
 77
2
 78
300
147
1.0
148
0.0
149
0.0
100
AcDbLayout
  1
Model
 70
1
 71
0
 10
0.0
 20
0.0
 11
420.0
 21
297.0
 12
0.0
 22
0.0
 32
0.0
 14
1e+20
 24
1e+20
 34
1e+20
 15
-1e+20
 25
-1e+20
 35
-1e+20
146
0.0
 13
0.0
 23
0.0
 33
0.0
 16
1.0
 26
0.0
 36
0.0
 17
0.0
 27
1.0
 37
0.0
 76
1
330
17
  0
LAYOUT
  5
1E
330
D
100
AcDbPlotSettings
  1

  4
A3
  6

 40
7.5
 41
20.0
 42
7.5
 43
20.0
 44
420.0
 45
297.0
 46
0.0
 47
0.0
 48
0.0
 49
0.0
140
0.0
141
0.0
142
1.0
143
1.0
 70
0
 72
1
 73
0
 74
5
  7

 75
16
 76
0
 77
2
 78
300
147
1.0
148
0.0
149
0.0
100
AcDbLayout
  1
Layout1
 70
1
 71
1
 10
0.0
 20
0.0
 11
420.0
 21
297.0
 12
0.0
 22
0.0
 32
0.0
 14
1e+20
 24
1e+20
 34
1e+20
 15
-1e+20
 25
-1e+20
 35
-1e+20
146
0.0
 13
0.0
 23
0.0
 33
0.0
 16
1.0
 26
0.0
 36
0.0
 17
0.0
 27
1.0
 37
0.0
 76
1
330
1B
  0
MATERIAL
  5
1F
102
{ACAD_REACTORS
330
E
102
}
330
E
100
AcDbMaterial
  1
ByBlock
  2

 70
0
 40
1.0
 71
1
 41
1.0
 91
-1023410177
 42
1.0
 72
1
  3

 73
1
 74
1
 75
1
 44
0.5
 73
0
 45
1.0
 46
1.0
 77
1
  4

 78
1
 79
1
170
1
 48
1.0
171
1
  6

172
1
173
1
174
1
140
1.0
141
1.0
175
1
  7

176
1
177
1
178
1
143
1.0
179
1
  8

270
1
271
1
272
1
145
1.0
146
1.0
273
1
  9

274
1
275
1
276
1
 42
1.0
 72
1
  3

 73
1
 74
1
 75
1
 94
63
  0
MATERIAL
  5
20
102
{ACAD_REACTORS
330
E
102
}
330
E
100
AcDbMaterial
  1
ByLayer
  2

 70
0
 40
1.0
 71
1
 41
1.0
 91
-1023410177
 42
1.0
 72
1
  3

 73
1
 74
1
 75
1
 44
0.5
 73
0
 45
1.0
 46
1.0
 77
1
  4

 78
1
 79
1
170
1
 48
1.0
171
1
  6

172
1
173
1
174
1
140
1.0
141
1.0
175
1
  7

176
1
177
1
178
1
143
1.0
179
1
  8

270
1
271
1
272
1
145
1.0
146
1.0
273
1
  9

274
1
275
1
276
1
 42
1.0
 72
1
  3

 73
1
 74
1
 75
1
 94
63
  0
MATERIAL
  5
21
102
{ACAD_REACTORS
330
E
102
}
330
E
100
AcDbMaterial
  1
Global
  2

 70
0
 40
1.0
 71
1
 41
1.0
 91
-1023410177
 42
1.0
 72
1
  3

 73
1
 74
1
 75
1
 44
0.5
 73
0
 45
1.0
 46
1.0
 77
1
  4

 78
1
 79
1
170
1
 48
1.0
171
1
  6

172
1
173
1
174
1
140
1.0
141
1.0
175
1
  7

176
1
177
1
178
1
143
1.0
179
1
  8

270
1
271
1
272
1
145
1.0
146
1.0
273
1
  9

274
1
275
1
276
1
 42
1.0
 72
1
  3

 73
1
 74
1
 75
1
 94
63
  0
MLINESTYLE
  5
22
102
{ACAD_REACTORS
330
10
102
}
330
10
100
AcDbMlineStyle
  2
Standard
 70
0
  3

 62
256
 51
90.0
 52
90.0
 71
2
 49
0.5
 62
256
  6
BYLAYER
 49
-0.5
 62
256
  6
BYLAYER
  0
MLEADERSTYLE
  5
2C
102
{ACAD_REACTORS
330
F
102
}
330
F
100
AcDbMLeaderStyle
179
2
170
2
171
1
172
0
 90
2
 40
0.0
 41
0.0
173
1
 91
-1056964608
 92
-2
290
1
 42
2.0
291
1
 43
8.0
  3
Standard
 44
4.0
300

342
29
174
1
175
1
176
0
178
1
 93
-1056964608
 45
4.0
292
0
297
0
 46
4.0
 94
-1056964608
 47
1.0
 49
1.0
140
1.0
294
1
141
0.0
177
0
142
1.0
295
0
296
0
143
3.75
271
0
272
9
273
9
  0
DICTIONARY
  5
2D
330
A
100
AcDbDictionary
280
1
281
1
  3
CREATED_BY_EZDXF
350
2E
  3
WRITTEN_BY_EZDXF
350
AA
  0
DICTIONARYVAR
  5
2E
330
2D
100
DictionaryVariables
280
0
  1
1.4.4 @ 2026-09-27T00:22:53.663994+00:00
  0
VISUALSTYLE
  5
5A
102
{ACAD_REACTORS
330
16
102
}
330
16
100
AcDbVisualStyle
  2
2dWireframe
 70
4
 90
0
 40
0.6
 62
7
290
0
291
0
  0
VISUALSTYLE
  5
5B
102
{ACAD_REACTORS
330
16
102
}
330
16
100
AcDbVisualStyle
  2
Basic
 70
7
 90
1
 40
0.6
 62
7
290
0
291
1
  0
VISUALSTYLE
  5
5C
102
{ACAD_REACTORS
330
16
102
}
330
16
100
AcDbVisualStyle
  2
Brighten
 70
12
 90
2
 40
0.6
 62
7
290
0
291
1
  0
VISUALSTYLE
  5
5D
102
{ACAD_REACTORS
330
16
102
}
330
16
100
AcDbVisualStyle
  2
ColorChange
 70
16
 90
2
 40
0.6
 62
8
290
0
291
1
  0
VISUALSTYLE
  5
5E
102
{ACAD_REACTORS
330
16
102
}
330
16
100
AcDbVisualStyle
  2
Conceptual
 70
9
 90
3
 40
0.6
 62
7
290
0
291
0
  0
VISUALSTYLE
  5
5F
102
{ACAD_REACTORS
330
16
102
}
330
16
100
AcDbVisualStyle
  2
Dim
 70
11
 90
2
 40
0.6
 62
7
290
0
291
1
  0
VISUALSTYLE
  5
60
102
{ACAD_REACTORS
330
16
102
}
330
16
100
AcDbVisualStyle
  2
EdgeColorOff
 70
22
 90
2
 40
0.6
 62
7
290
0
291
1
  0
VISUALSTYLE
  5
61
102
{ACAD_REACTORS
330
16
102
}
330
16
100
AcDbVisualStyle
  2
Facepattern
 70
15
 90
2
 40
0.6
 62
7
290
0
291
1
  0
VISUALSTYLE
  5
62
102
{ACAD_REACTORS
330
16
102
}
330
16
100
AcDbVisualStyle
  2
Flat
 70
0
 90
2
 40
0.6
 62
7
290
0
291
1
  0
VISUALSTYLE
  5
63
102
{ACAD_REACTORS
330
16
102
}
330
16
100
AcDbVisualStyle
  2
FlatWithEdges
 70
1
 90
2
 40
0.6
 62
7
290
0
291
1
  0
VISUALSTYLE
  5
64
102
{ACAD_REACTORS
330
16
102
}
330
16
100
AcDbVisualStyle
  2
Gouraud
 70
2
 90
2
 40
0.6
 62
7
290
0
291
1
  0
VISUALSTYLE
  5
65
102
{ACAD_REACTORS
330
16
102
}
330
16
100
AcDbVisualStyle
  2
GouraudWithEdges
 70
3
 90
2
 40
0.6
 62
7
290
0
291
1
  0
VISUALSTYLE
  5
66
102
{ACAD_REACTORS
330
16
102
}
330
16
100
AcDbVisualStyle
  2
Hidden
 70
6
 90
1
 40
0.6
 62
7
290
0
291
0
  0
VISUALSTYLE
  5
67
102
{ACAD_REACTORS
330
16
102
}
330
16
100
AcDbVisualStyle
  2
JitterOff
 70
20
 90
2
 40
0.6
 62
7
290
0
291
1
  0
VISUALSTYLE
  5
68
102
{ACAD_REACTORS
330
16
102
}
330
16
100
AcDbVisualStyle
  2
Linepattern
 70
14
 90
2
 40
0.6
 62
7
290
0
291
1
  0
VISUALSTYLE
  5
69
102
{ACAD_REACTORS
330
16
102
}
330
16
100
AcDbVisualStyle
  2
Modeling
 70
10
 90
2
 40
0.6
 62
7
290
0
291
0
  0
VISUALSTYLE
  5
6A
102
{ACAD_REACTORS
330
16
102
}
330
16
100
AcDbVisualStyle
  2
OverhangOff
 70
21
 90
2
 40
0.6
 62
7
290
0
291
1
  0
VISUALSTYLE
  5
6B
102
{ACAD_REACTORS
330
16
102
}
330
16
100
AcDbVisualStyle
  2
Realistic
 70
8
 90
2
 40
0.6
 62
7
290
0
291
0
  0
VISUALSTYLE
  5
6C
102
{ACAD_REACTORS
330
16
102
}
330
16
100
AcDbVisualStyle
  2
Shaded
 70
27
 90
2
 40
0.6
 62
7
290
0
291
0
  0
VISUALSTYLE
  5
6D
102
{ACAD_REACTORS
330
16
102
}
330
16
100
AcDbVisualStyle
  2
Shaded with edges
 70
26
 90
2
 40
0.6
 62
7
290
0
291
0
  0
VISUALSTYLE
  5
6E
102
{ACAD_REACTORS
330
16
102
}
330
16
100
AcDbVisualStyle
  2
Shades of Gray
 70
23
 90
2
 40
0.6
 62
7
290
0
291
0
  0
VISUALSTYLE
  5
6F
102
{ACAD_REACTORS
330
16
102
}
330
16
100
AcDbVisualStyle
  2
Sketchy
 70
24
 90
1
 40
0.6
 62
7
290
0
291
0
  0
VISUALSTYLE
  5
70
102
{ACAD_REACTORS
330
16
102
}
330
16
100
AcDbVisualStyle
  2
Thicken
 70
13
 90
2
 40
0.6
 62
7
290
0
291
1
  0
VISUALSTYLE
  5
71
102
{ACAD_REACTORS
330
16
102
}
330
16
100
AcDbVisualStyle
  2
Wireframe
 70
5
 90
0
 40
0.6
 62
7
290
0
291
0
  0
VISUALSTYLE
  5
72
102
{ACAD_REACTORS
330
16
102
}
330
16
100
AcDbVisualStyle
  2
X-Ray
 70
25
 90
2
 40
0.5
 62
7
290
0
291
0
  0
DICTIONARYVAR
  5
AA
330
2D
100
DictionaryVariables
280
0
  1
1.4.4 @ 2026-09-27T00:22:53.688604+00:00
  0
ENDSEC
  0
EOF
